user_id,product_id,timestamp,event_type
U0445,P0282,2025-09-26 19:11:44.183106,wishlist
U0162,P0270,2025-04-11 19:11:44.183237,view
U1410,P0384,2025-10-08 19:11:44.183312,view
U0053,P0262,2025-04-29 19:11:44.183367,view
U1615,P0192,2026-01-24 19:11:44.183420,wishlist
U0244,P0315,2026-03-12 19:11:44.183468,view
U0786,P0468,2025-05-25 19:11:44.183511,view
U1561,P0401,2025-08-08 19:11:44.183553,view
U0618,P0065,2025-06-18 19:11:44.183594,view
U1430,P0342,2025-12-22 19:11:44.183637,view
U1264,P0211,2026-01-15 19:11:44.183679,view
U0853,P0435,2025-07-14 19:11:44.183726,view
U0360,P0306,2025-12-27 19:11:44.183768,cart
U0888,P0352,2025-11-26 19:11:44.183810,purchase
U0532,P0258,2026-03-08 19:11:44.183850,view
U1796,P0004,2026-01-08 19:11:44.183907,wishlist
U1995,P0282,2025-08-07 19:11:44.183948,purchase
U1772,P0292,2025-11-18 19:11:44.183986,view
U1344,P0119,2025-05-03 19:11:44.184026,purchase
U1755,P0243,2025-07-29 19:11:44.184065,view
U1877,P0092,2025-09-12 19:11:44.184104,purchase
U0987,P0223,2025-11-02 19:11:44.184141,view
U0654,P0232,2025-08-02 19:11:44.184179,wishlist
U0324,P0241,2025-06-16 19:11:44.184218,cart
U1007,P0066,2026-01-02 19:11:44.184256,purchase
U0124,P0381,2025-10-01 19:11:44.184295,view
U1718,P0096,2025-04-14 19:11:44.184339,wishlist
U0928,P0009,2025-09-09 19:11:44.184381,view
U1732,P0368,2025-05-27 19:11:44.184420,view
U1522,P0300,2026-02-19 19:11:44.184459,view
U1004,P0222,2025-12-19 19:11:44.184499,cart
U1236,P0102,2025-12-29 19:11:44.184538,purchase
U1468,P0366,2025-08-14 19:11:44.184575,cart
U0792,P0186,2025-05-25 19:11:44.184613,cart
U1665,P0208,2025-11-20 19:11:44.184651,purchase
U1148,P0393,2025-12-24 19:11:44.184687,view
U0976,P0288,2025-12-31 19:11:44.184724,view
U0726,P0124,2025-11-10 19:11:44.184761,cart
U0084,P0234,2025-07-30 19:11:44.184797,view
U0664,P0035,2025-09-03 19:11:44.184834,view
U1940,P0464,2025-04-17 19:11:44.184871,purchase
U0063,P0486,2026-03-12 19:11:44.184907,purchase
U1600,P0417,2026-02-28 19:11:44.184943,view
U1100,P0360,2025-10-06 19:11:44.184979,view
U0232,P0298,2025-10-22 19:11:44.185015,cart
U0390,P0045,2025-11-23 19:11:44.185051,purchase
U1561,P0078,2026-03-25 19:11:44.185088,view
U1960,P0148,2025-12-08 19:11:44.185123,wishlist
U0817,P0280,2025-12-09 19:11:44.185163,cart
U1854,P0051,2026-02-08 19:11:44.185201,view
U1567,P0462,2025-11-06 19:11:44.185238,view
U1541,P0457,2025-10-07 19:11:44.185273,view
U0518,P0242,2026-02-03 19:11:44.185308,view
U1940,P0374,2025-10-10 19:11:44.185345,view
U1958,P0081,2025-09-04 19:11:44.185381,view
U1568,P0248,2025-09-03 19:11:44.185417,view
U0688,P0332,2026-04-02 19:11:44.185453,cart
U0968,P0269,2025-11-15 19:11:44.185496,view
U0413,P0157,2026-01-17 19:11:44.185537,view
U0658,P0103,2026-04-04 19:11:44.185575,wishlist
U1769,P0224,2025-09-01 19:11:44.185614,cart
U1266,P0409,2025-12-06 19:11:44.185651,purchase
U0573,P0333,2025-12-16 19:11:44.185688,cart
U0178,P0497,2025-04-17 19:11:44.185728,view
U1485,P0388,2025-04-14 19:11:44.185767,view
U0016,P0389,2025-07-24 19:11:44.185806,view
U1414,P0280,2025-11-27 19:11:44.185842,cart
U1581,P0345,2026-02-13 19:11:44.185878,cart
U0356,P0330,2026-02-17 19:11:44.185925,view
U0222,P0227,2025-07-09 19:11:44.185968,cart
U1367,P0323,2026-02-26 19:11:44.186016,view
U1895,P0291,2025-05-20 19:11:44.186055,view
U1953,P0140,2025-06-03 19:11:44.186092,cart
U0203,P0150,2025-06-17 19:11:44.186130,view
U0413,P0173,2025-04-29 19:11:44.186167,view
U0884,P0213,2026-01-16 19:11:44.186207,view
U1889,P0217,2025-09-08 19:11:44.186245,view
U1988,P0197,2025-06-27 19:11:44.186282,view
U0939,P0243,2025-09-11 19:11:44.186319,wishlist
U0673,P0393,2025-12-07 19:11:44.186358,purchase
U0209,P0338,2025-08-25 19:11:44.186398,cart
U1360,P0298,2026-01-13 19:11:44.186435,wishlist
U0392,P0017,2025-09-23 19:11:44.186473,view
U1567,P0440,2025-10-31 19:11:44.186509,cart
U0452,P0244,2026-02-24 19:11:44.186547,view
U0180,P0297,2025-11-03 19:11:44.186584,view
U1440,P0488,2025-05-25 19:11:44.186621,view
U1006,P0189,2025-06-17 19:11:44.186660,purchase
U1422,P0385,2025-10-02 19:11:44.186698,view
U1830,P0056,2025-10-15 19:11:44.186735,cart
U1722,P0148,2025-06-29 19:11:44.186773,view
U0280,P0126,2025-09-21 19:11:44.186812,view
U1364,P0481,2025-12-31 19:11:44.186850,cart
U0127,P0166,2025-12-13 19:11:44.186889,wishlist
U0100,P0463,2025-08-08 19:11:44.186928,view
U0729,P0093,2025-05-28 19:11:44.186966,view
U0628,P0249,2025-08-19 19:11:44.187002,view
U1767,P0224,2025-07-17 19:11:44.187039,view
U0213,P0200,2025-06-07 19:11:44.187075,cart
U1773,P0276,2025-08-14 19:11:44.187111,view
U0351,P0102,2026-01-14 19:11:44.187148,view
U1772,P0046,2025-08-15 19:11:44.187185,view
U0990,P0230,2025-04-30 19:11:44.187220,view
U1970,P0421,2025-07-21 19:11:44.187256,cart
U1617,P0272,2025-05-17 19:11:44.187293,view
U1409,P0054,2025-07-27 19:11:44.187330,view
U1738,P0124,2025-10-07 19:11:44.187366,purchase
U0621,P0303,2025-05-25 19:11:44.187405,view
U0717,P0083,2025-08-21 19:11:44.187443,view
U1115,P0005,2025-04-22 19:11:44.187481,view
U1960,P0039,2025-12-04 19:11:44.187517,view
U1220,P0104,2026-02-02 19:11:44.187552,wishlist
U0549,P0429,2026-01-14 19:11:44.187589,view
U0667,P0018,2025-04-15 19:11:44.187625,cart
U0115,P0025,2025-12-13 19:11:44.187678,view
U1431,P0440,2025-04-07 19:11:44.187734,view
U1034,P0215,2026-01-22 19:11:44.187791,view
U1235,P0481,2026-01-15 19:11:44.187839,purchase
U0225,P0285,2025-10-14 19:11:44.187879,view
U0828,P0016,2025-08-10 19:11:44.187928,view
U1029,P0135,2025-04-17 19:11:44.187974,view
U0118,P0153,2025-05-29 19:11:44.188016,view
U1790,P0107,2025-04-13 19:11:44.188054,view
U0727,P0091,2025-11-16 19:11:44.188092,view
U0872,P0274,2025-12-20 19:11:44.188130,cart
U0079,P0052,2026-02-15 19:11:44.188168,cart
U1786,P0094,2025-06-20 19:11:44.188207,cart
U0324,P0188,2025-07-26 19:11:44.188247,view
U1009,P0462,2025-10-31 19:11:44.188284,cart
U0182,P0159,2025-04-07 19:11:44.188322,view
U0209,P0263,2026-03-09 19:11:44.188358,view
U0886,P0457,2025-07-05 19:11:44.188394,wishlist
U0441,P0344,2025-08-11 19:11:44.188431,view
U0985,P0014,2025-05-19 19:11:44.188468,wishlist
U1691,P0442,2025-08-20 19:11:44.188504,purchase
U0120,P0094,2025-12-25 19:11:44.188541,view
U1012,P0254,2025-04-12 19:11:44.188578,view
U0968,P0013,2025-04-19 19:11:44.188615,view
U0276,P0104,2025-11-30 19:11:44.188651,wishlist
U0974,P0203,2026-02-22 19:11:44.188687,purchase
U1025,P0022,2026-01-01 19:11:44.188724,view
U1988,P0479,2025-07-14 19:11:44.188761,view
U1524,P0096,2025-10-20 19:11:44.188797,view
U1622,P0312,2025-10-15 19:11:44.188832,view
U0112,P0417,2026-03-13 19:11:44.188869,view
U0507,P0022,2025-08-10 19:11:44.188907,wishlist
U0085,P0146,2025-10-01 19:11:44.188943,view
U1741,P0466,2025-12-29 19:11:44.188981,view
U0881,P0024,2025-11-17 19:11:44.189018,view
U0901,P0311,2025-05-08 19:11:44.189055,view
U2000,P0342,2025-11-01 19:11:44.189092,wishlist
U0037,P0164,2026-03-07 19:11:44.189130,purchase
U0825,P0444,2025-05-23 19:11:44.189166,view
U1343,P0379,2026-02-27 19:11:44.189203,view
U0359,P0395,2025-06-13 19:11:44.189245,view
U0208,P0023,2025-07-26 19:11:44.189281,view
U0708,P0408,2025-08-23 19:11:44.189317,purchase
U1351,P0046,2026-03-12 19:11:44.189355,view
U0818,P0430,2025-05-13 19:11:44.189392,view
U1704,P0211,2025-10-19 19:11:44.189431,view
U0033,P0072,2025-10-05 19:11:44.189467,view
U0752,P0090,2025-06-13 19:11:44.189502,cart
U0692,P0064,2025-09-03 19:11:44.189539,view
U0365,P0350,2025-06-29 19:11:44.189576,view
U0709,P0216,2025-07-21 19:11:44.189614,cart
U1973,P0011,2025-04-16 19:11:44.189649,wishlist
U1409,P0139,2025-06-23 19:11:44.189684,wishlist
U0360,P0277,2025-12-28 19:11:44.189720,cart
U1754,P0145,2025-05-07 19:11:44.189757,view
U1918,P0475,2025-12-27 19:11:44.189793,cart
U1545,P0066,2025-05-08 19:11:44.189829,view
U1362,P0004,2026-01-28 19:11:44.189865,view
U1907,P0005,2025-04-26 19:11:44.189909,wishlist
U0568,P0066,2025-08-29 19:11:44.189948,view
U0717,P0302,2025-10-07 19:11:44.189986,view
U1656,P0250,2025-11-14 19:11:44.190023,purchase
U1062,P0277,2025-11-26 19:11:44.190059,purchase
U0273,P0348,2025-05-27 19:11:44.190096,cart
U1296,P0163,2025-10-08 19:11:44.190132,view
U0280,P0273,2025-12-03 19:11:44.190169,view
U1144,P0198,2026-04-01 19:11:44.190205,view
U0985,P0442,2026-03-23 19:11:44.190241,view
U0810,P0326,2026-01-01 19:11:44.190278,wishlist
U0821,P0127,2025-06-27 19:11:44.190315,purchase
U0194,P0087,2025-06-01 19:11:44.190352,cart
U1033,P0435,2025-09-06 19:11:44.190389,view
U0842,P0158,2026-02-04 19:11:44.190427,view
U1897,P0441,2025-05-15 19:11:44.190464,view
U1553,P0048,2026-02-12 19:11:44.190501,view
U1580,P0322,2025-08-31 19:11:44.190537,view
U1735,P0104,2025-06-07 19:11:44.190576,view
U0471,P0338,2025-11-21 19:11:44.190613,view
U1350,P0149,2025-06-14 19:11:44.190650,wishlist
U1029,P0334,2026-03-13 19:11:44.190687,view
U0543,P0352,2025-10-27 19:11:44.190723,cart
U1600,P0455,2026-03-05 19:11:44.190758,view
U0995,P0237,2025-11-18 19:11:44.190796,purchase
U1467,P0401,2025-08-02 19:11:44.190833,view
U1675,P0474,2025-07-04 19:11:44.190870,view
U1713,P0144,2026-02-16 19:11:44.190908,view
U1191,P0276,2025-07-27 19:11:44.190945,cart
U1982,P0154,2026-03-23 19:11:44.190984,view
U0134,P0298,2025-04-14 19:11:44.191021,view
U1810,P0462,2025-10-11 19:11:44.191057,purchase
U1824,P0435,2025-05-23 19:11:44.191094,cart
U0187,P0124,2025-05-06 19:11:44.191132,view
U0077,P0421,2025-06-15 19:11:44.191170,view
U1019,P0213,2026-03-14 19:11:44.191207,purchase
U1034,P0471,2025-04-18 19:11:44.191244,view
U1591,P0394,2025-11-06 19:11:44.191282,view
U0827,P0022,2025-07-13 19:11:44.191318,cart
U1418,P0154,2025-12-18 19:11:44.191357,purchase
U0133,P0015,2025-08-19 19:11:44.191393,view
U1049,P0013,2025-04-23 19:11:44.191430,cart
U1172,P0011,2026-04-02 19:11:44.191467,wishlist
U0001,P0044,2026-01-24 19:11:44.191504,wishlist
U0778,P0094,2025-07-21 19:11:44.191540,view
U0120,P0180,2025-10-22 19:11:44.191576,cart
U1857,P0176,2025-05-26 19:11:44.191612,view
U0494,P0440,2025-05-09 19:11:44.191648,view
U0969,P0226,2025-08-10 19:11:44.191684,cart
U1183,P0147,2025-12-16 19:11:44.191720,cart
U1803,P0367,2025-06-26 19:11:44.191759,view
U1814,P0364,2025-11-28 19:11:44.191796,cart
U0216,P0137,2025-06-13 19:11:44.191833,cart
U1026,P0137,2025-11-12 19:11:44.191869,view
U1768,P0463,2025-09-20 19:11:44.191912,wishlist
U1059,P0036,2025-04-30 19:11:44.191951,view
U0927,P0224,2026-01-23 19:11:44.191988,view
U0382,P0127,2025-08-31 19:11:44.192024,view
U0013,P0292,2025-09-17 19:11:44.192059,view
U1859,P0166,2025-09-08 19:11:44.192097,view
U1919,P0091,2025-04-13 19:11:44.192152,cart
U0982,P0365,2026-02-27 19:11:44.192210,view
U1017,P0011,2025-04-25 19:11:44.192257,cart
U0189,P0423,2026-03-31 19:11:44.192297,view
U0327,P0274,2026-01-05 19:11:44.192335,cart
U1075,P0174,2025-10-13 19:11:44.192372,cart
U0964,P0099,2025-10-26 19:11:44.192430,cart
U0208,P0153,2025-05-14 19:11:44.192476,view
U0056,P0134,2025-09-22 19:11:44.192516,cart
U0843,P0425,2025-06-11 19:11:44.192554,purchase
U0495,P0328,2025-11-23 19:11:44.192591,view
U1122,P0366,2026-01-10 19:11:44.192628,cart
U1459,P0102,2025-07-01 19:11:44.192665,view
U0312,P0293,2025-09-28 19:11:44.192702,view
U0729,P0417,2026-03-30 19:11:44.192761,view
U1998,P0029,2026-01-04 19:11:44.192810,view
U1109,P0475,2025-09-28 19:11:44.192852,view
U1227,P0273,2025-07-16 19:11:44.192891,view
U0225,P0320,2026-02-14 19:11:44.192930,cart
U1087,P0314,2026-01-14 19:11:44.192969,view
U1975,P0238,2025-07-29 19:11:44.193007,cart
U1195,P0088,2025-12-07 19:11:44.193044,cart
U0729,P0135,2026-02-13 19:11:44.193086,view
U0071,P0248,2025-10-21 19:11:44.193142,view
U0136,P0279,2025-04-28 19:11:44.193185,cart
U0163,P0053,2026-02-09 19:11:44.193225,view
U0009,P0250,2025-06-21 19:11:44.193263,cart
U0291,P0301,2025-11-08 19:11:44.193302,cart
U0452,P0293,2025-12-22 19:11:44.193340,view
U1685,P0452,2025-11-25 19:11:44.193377,view
U0301,P0233,2026-03-23 19:11:44.193412,view
U0565,P0105,2025-05-09 19:11:44.193449,cart
U0543,P0357,2025-12-02 19:11:44.193487,cart
U1184,P0209,2025-07-12 19:11:44.193524,view
U1566,P0295,2025-06-21 19:11:44.193559,cart
U0904,P0377,2026-01-28 19:11:44.193598,view
U0352,P0304,2025-12-25 19:11:44.193633,view
U0536,P0367,2025-11-14 19:11:44.193669,view
U1005,P0028,2025-05-10 19:11:44.193706,cart
U0083,P0242,2026-04-04 19:11:44.193744,view
U1742,P0127,2026-01-05 19:11:44.193781,view
U1269,P0384,2026-02-05 19:11:44.193817,view
U1697,P0446,2026-01-29 19:11:44.193852,view
U1290,P0389,2025-12-22 19:11:44.193888,purchase
U1876,P0285,2025-04-09 19:11:44.193937,cart
U0862,P0148,2026-01-08 19:11:44.193975,view
U0812,P0484,2026-03-13 19:11:44.194011,view
U1736,P0346,2025-12-06 19:11:44.194047,view
U0845,P0166,2025-05-08 19:11:44.194082,view
U0802,P0194,2025-09-06 19:11:44.194119,view
U1958,P0414,2025-10-23 19:11:44.194155,view
U0650,P0441,2025-12-24 19:11:44.194191,purchase
U1590,P0311,2025-06-13 19:11:44.194232,cart
U0127,P0268,2026-01-25 19:11:44.194271,cart
U0342,P0396,2026-01-17 19:11:44.194311,cart
U0605,P0168,2025-06-28 19:11:44.194348,cart
U1102,P0464,2025-12-04 19:11:44.194385,view
U1783,P0034,2025-07-02 19:11:44.194423,view
U1873,P0168,2025-11-10 19:11:44.194459,view
U0359,P0082,2025-06-13 19:11:44.194495,view
U0937,P0022,2025-04-07 19:11:44.194531,cart
U1679,P0058,2025-07-22 19:11:44.194568,wishlist
U0668,P0373,2025-07-03 19:11:44.194604,view
U1019,P0190,2025-07-01 19:11:44.194640,purchase
U1177,P0221,2026-03-04 19:11:44.194677,view
U1241,P0239,2025-06-03 19:11:44.194712,wishlist
U1578,P0461,2025-07-13 19:11:44.194748,view
U0316,P0300,2025-07-10 19:11:44.194784,purchase
U1779,P0078,2026-01-28 19:11:44.194820,cart
U0007,P0202,2025-07-29 19:11:44.194858,view
U0769,P0001,2026-01-14 19:11:44.194895,view
U1606,P0208,2025-07-12 19:11:44.194952,purchase
U0440,P0050,2026-01-10 19:11:44.194993,wishlist
U0353,P0009,2025-09-20 19:11:44.195031,view
U1744,P0207,2025-04-06 19:11:44.195068,cart
U1574,P0153,2025-06-07 19:11:44.195107,view
U1446,P0410,2025-09-23 19:11:44.195146,cart
U0855,P0212,2026-01-02 19:11:44.195184,purchase
U0756,P0168,2025-12-02 19:11:44.195220,view
U1201,P0364,2025-11-13 19:11:44.195257,wishlist
U1327,P0172,2025-11-03 19:11:44.195294,cart
U1881,P0056,2025-10-31 19:11:44.195330,view
U0966,P0246,2025-10-31 19:11:44.195366,cart
U0053,P0055,2025-04-20 19:11:44.195403,view
U1671,P0026,2025-05-27 19:11:44.195440,view
U0012,P0351,2025-11-20 19:11:44.195481,view
U0751,P0227,2025-08-19 19:11:44.195519,view
U0224,P0253,2025-08-21 19:11:44.195554,cart
U1591,P0185,2025-09-28 19:11:44.195591,purchase
U1299,P0156,2025-09-26 19:11:44.195686,view
U1965,P0237,2025-09-20 19:11:44.195729,view
U1668,P0316,2025-08-06 19:11:44.195769,view
U0369,P0057,2025-08-11 19:11:44.195812,view
U1262,P0232,2025-08-19 19:11:44.195851,view
U1159,P0165,2025-06-24 19:11:44.195889,view
U0717,P0418,2025-12-08 19:11:44.195936,cart
U1675,P0438,2026-02-19 19:11:44.195978,cart
U1841,P0052,2025-05-12 19:11:44.196017,purchase
U0875,P0167,2025-12-14 19:11:44.196056,view
U1137,P0089,2025-11-29 19:11:44.196095,wishlist
U0405,P0172,2026-03-23 19:11:44.196133,view
U1856,P0315,2025-07-03 19:11:44.196171,view
U0884,P0102,2025-04-24 19:11:44.196211,view
U1428,P0197,2025-08-25 19:11:44.196253,view
U0823,P0325,2025-06-17 19:11:44.196291,view
U0148,P0325,2025-04-07 19:11:44.196330,purchase
U0247,P0006,2025-12-23 19:11:44.196368,view
U1732,P0022,2025-09-11 19:11:44.196405,purchase
U0449,P0070,2026-03-25 19:11:44.196441,view
U0417,P0121,2026-03-08 19:11:44.196478,view
U1956,P0118,2025-09-22 19:11:44.196516,view
U0196,P0256,2026-02-17 19:11:44.196552,cart
U0436,P0433,2025-05-21 19:11:44.196589,view
U1914,P0095,2026-02-08 19:11:44.196626,view
U0668,P0241,2025-04-12 19:11:44.196661,view
U1503,P0080,2025-07-29 19:11:44.196696,view
U0713,P0249,2025-05-15 19:11:44.196733,cart
U1739,P0443,2025-09-10 19:11:44.196773,view
U1937,P0473,2025-12-19 19:11:44.196810,view
U1002,P0417,2025-05-18 19:11:44.196848,cart
U1224,P0427,2025-05-25 19:11:44.196886,wishlist
U0845,P0408,2026-02-15 19:11:44.196924,wishlist
U0251,P0402,2025-11-06 19:11:44.196960,view
U1398,P0287,2025-09-15 19:11:44.196998,view
U1244,P0212,2025-11-18 19:11:44.197033,view
U0930,P0488,2026-03-30 19:11:44.197069,cart
U0244,P0019,2025-04-06 19:11:44.197105,view
U1511,P0351,2025-10-04 19:11:44.197143,view
U1913,P0419,2026-01-20 19:11:44.197180,view
U1747,P0266,2025-11-08 19:11:44.197218,view
U0438,P0173,2025-05-16 19:11:44.197253,view
U0145,P0341,2025-07-26 19:11:44.197289,view
U1644,P0327,2025-06-19 19:11:44.197326,wishlist
U1724,P0220,2025-04-11 19:11:44.197363,view
U0288,P0310,2025-06-13 19:11:44.197403,purchase
U0585,P0141,2026-02-16 19:11:44.197440,view
U0629,P0480,2025-09-12 19:11:44.197476,cart
U1689,P0439,2026-01-27 19:11:44.197512,view
U0006,P0090,2026-03-04 19:11:44.197549,view
U0987,P0253,2026-01-01 19:11:44.197584,cart
U1310,P0455,2025-06-18 19:11:44.197621,view
U1809,P0427,2025-07-16 19:11:44.197658,cart
U1926,P0165,2025-07-24 19:11:44.197696,view
U1694,P0445,2025-06-24 19:11:44.197733,view
U1639,P0111,2025-12-12 19:11:44.197770,view
U1822,P0249,2025-06-18 19:11:44.197806,cart
U0011,P0381,2025-10-13 19:11:44.197846,view
U0686,P0157,2025-06-21 19:11:44.197883,cart
U1117,P0347,2025-06-06 19:11:44.197929,view
U1487,P0252,2026-02-19 19:11:44.197972,view
U1559,P0206,2026-03-19 19:11:44.198011,view
U0186,P0135,2026-02-04 19:11:44.198048,view
U1303,P0480,2025-11-02 19:11:44.198086,view
U0784,P0249,2025-11-13 19:11:44.198123,view
U1413,P0330,2025-06-03 19:11:44.198162,view
U1051,P0345,2025-06-27 19:11:44.198201,view
U0895,P0278,2025-11-25 19:11:44.198238,view
U1495,P0256,2026-04-01 19:11:44.198276,view
U0485,P0180,2025-09-11 19:11:44.198314,wishlist
U0116,P0238,2025-07-15 19:11:44.198352,view
U1834,P0298,2025-04-10 19:11:44.198389,cart
U0493,P0367,2026-02-17 19:11:44.198425,view
U1127,P0016,2025-06-05 19:11:44.198461,cart
U0798,P0400,2025-11-13 19:11:44.198498,cart
U0182,P0314,2025-12-18 19:11:44.198535,view
U1197,P0046,2026-01-16 19:11:44.198571,view
U1293,P0332,2025-10-08 19:11:44.198606,view
U0702,P0050,2025-08-15 19:11:44.198645,view
U1979,P0218,2025-12-16 19:11:44.198683,wishlist
U0693,P0070,2025-10-06 19:11:44.198723,cart
U0214,P0379,2025-08-17 19:11:44.198760,view
U0930,P0463,2025-05-21 19:11:44.198798,view
U0075,P0126,2026-02-24 19:11:44.198835,view
U1944,P0296,2025-07-25 19:11:44.198872,view
U0130,P0190,2026-02-12 19:11:44.198909,view
U1425,P0250,2025-11-11 19:11:44.198945,cart
U0703,P0118,2025-10-28 19:11:44.198982,wishlist
U0049,P0127,2025-11-11 19:11:44.199019,view
U1209,P0081,2025-08-02 19:11:44.199060,cart
U0841,P0359,2025-10-16 19:11:44.199096,view
U1963,P0285,2025-11-24 19:11:44.199132,view
U0037,P0143,2025-08-13 19:11:44.199174,view
U0771,P0260,2025-10-11 19:11:44.199210,purchase
U0665,P0380,2025-09-12 19:11:44.199247,view
U1936,P0117,2025-09-22 19:11:44.199283,wishlist
U1499,P0394,2026-02-17 19:11:44.199318,view
U0722,P0290,2025-11-21 19:11:44.199354,view
U1004,P0302,2025-09-09 19:11:44.199391,view
U1794,P0304,2025-07-29 19:11:44.199427,view
U1454,P0205,2025-11-26 19:11:44.199464,view
U1105,P0079,2026-01-01 19:11:44.199500,purchase
U1627,P0153,2025-10-22 19:11:44.199537,wishlist
U1223,P0170,2025-07-15 19:11:44.199573,purchase
U0894,P0344,2025-11-28 19:11:44.199608,view
U1588,P0252,2026-04-03 19:11:44.199643,view
U1438,P0226,2026-01-07 19:11:44.199680,view
U0400,P0033,2025-10-13 19:11:44.199715,view
U0888,P0298,2025-09-19 19:11:44.199750,view
U1504,P0217,2025-10-21 19:11:44.199790,view
U1473,P0210,2025-07-04 19:11:44.199826,purchase
U1874,P0179,2026-03-20 19:11:44.199861,view
U0485,P0118,2026-03-08 19:11:44.199896,view
U1107,P0163,2025-12-28 19:11:44.199945,cart
U0528,P0437,2025-08-11 19:11:44.199985,view
U0801,P0072,2025-09-27 19:11:44.200022,view
U1598,P0264,2025-12-22 19:11:44.200059,wishlist
U0984,P0079,2026-01-30 19:11:44.200101,purchase
U1939,P0013,2025-04-05 19:11:44.200138,view
U1237,P0254,2025-05-01 19:11:44.200175,purchase
U0644,P0436,2025-09-01 19:11:44.200214,wishlist
U1765,P0074,2025-12-25 19:11:44.200252,wishlist
U0277,P0210,2026-02-22 19:11:44.200290,cart
U1034,P0055,2025-05-22 19:11:44.200329,view
U1357,P0327,2025-04-27 19:11:44.200366,purchase
U0783,P0256,2025-09-09 19:11:44.200403,wishlist
U1042,P0386,2025-05-16 19:11:44.200439,view
U0220,P0274,2025-12-16 19:11:44.200476,view
U0168,P0391,2025-08-29 19:11:44.200512,cart
U1346,P0013,2026-02-26 19:11:44.200549,view
U1195,P0497,2026-03-15 19:11:44.200585,purchase
U1076,P0172,2026-01-14 19:11:44.200620,view
U0465,P0185,2025-06-14 19:11:44.200655,view
U0473,P0302,2025-11-04 19:11:44.200692,cart
U0566,P0312,2026-02-17 19:11:44.200731,view
U0257,P0485,2025-08-24 19:11:44.200766,wishlist
U1591,P0215,2025-04-07 19:11:44.200802,purchase
U0784,P0042,2025-06-14 19:11:44.200839,view
U0886,P0368,2025-05-16 19:11:44.200875,view
U0002,P0019,2025-10-24 19:11:44.200912,view
U0429,P0191,2025-04-17 19:11:44.200948,view
U1624,P0308,2026-03-06 19:11:44.200983,cart
U0940,P0157,2025-06-12 19:11:44.201018,view
U0047,P0253,2025-08-24 19:11:44.201054,view
U1362,P0497,2025-08-29 19:11:44.201089,view
U1929,P0093,2025-10-02 19:11:44.201123,view
U0667,P0041,2025-07-01 19:11:44.201158,view
U0123,P0103,2025-08-06 19:11:44.201194,view
U1666,P0245,2026-03-01 19:11:44.201229,view
U1048,P0140,2025-08-18 19:11:44.201264,view
U0207,P0283,2025-06-27 19:11:44.201300,purchase
U0820,P0303,2025-06-24 19:11:44.201336,purchase
U1409,P0326,2025-11-27 19:11:44.201373,view
U1957,P0190,2025-10-30 19:11:44.201410,cart
U1028,P0080,2025-10-27 19:11:44.201446,view
U0024,P0008,2025-07-23 19:11:44.201486,view
U0722,P0468,2025-06-30 19:11:44.201523,wishlist
U0485,P0071,2025-07-13 19:11:44.201560,view
U1543,P0417,2025-09-16 19:11:44.201596,view
U1076,P0094,2025-06-08 19:11:44.201631,view
U0706,P0250,2025-09-09 19:11:44.201667,view
U0775,P0048,2025-04-30 19:11:44.201703,view
U0309,P0256,2026-02-08 19:11:44.201739,view
U0808,P0492,2025-05-30 19:11:44.201776,purchase
U0050,P0094,2026-01-03 19:11:44.201813,view
U0191,P0173,2025-10-08 19:11:44.201849,view
U0603,P0163,2025-09-29 19:11:44.201885,view
U0788,P0190,2025-12-02 19:11:44.201925,view
U0164,P0105,2025-12-17 19:11:44.201970,purchase
U1652,P0136,2025-07-17 19:11:44.202007,purchase
U0552,P0087,2026-02-03 19:11:44.202043,wishlist
U1336,P0409,2026-02-23 19:11:44.202078,cart
U0103,P0081,2025-05-19 19:11:44.202114,cart
U0216,P0461,2026-02-12 19:11:44.202158,wishlist
U0197,P0330,2025-11-02 19:11:44.202196,view
U0525,P0370,2026-01-15 19:11:44.202233,view
U0770,P0465,2025-08-24 19:11:44.202269,purchase
U1647,P0396,2025-09-24 19:11:44.202306,view
U0543,P0422,2025-05-21 19:11:44.202343,view
U1175,P0414,2025-11-19 19:11:44.202400,view
U0083,P0293,2025-06-24 19:11:44.202441,cart
U0953,P0281,2025-10-25 19:11:44.202486,view
U1977,P0227,2025-09-06 19:11:44.202527,view
U1860,P0196,2025-12-23 19:11:44.202566,cart
U0162,P0224,2026-01-10 19:11:44.202603,view
U0637,P0423,2025-05-06 19:11:44.202641,view
U1488,P0325,2025-11-03 19:11:44.202682,view
U1089,P0214,2025-07-04 19:11:44.202720,cart
U1800,P0277,2025-06-14 19:11:44.202758,view
U1333,P0426,2025-10-27 19:11:44.202795,view
U1220,P0125,2026-03-18 19:11:44.202832,purchase
U1957,P0216,2025-11-14 19:11:44.202868,view
U1049,P0456,2025-10-10 19:11:44.202904,view
U1603,P0483,2025-06-23 19:11:44.202940,wishlist
U0771,P0075,2025-08-24 19:11:44.202978,purchase
U1536,P0161,2026-03-25 19:11:44.203014,purchase
U0524,P0272,2026-03-15 19:11:44.203050,view
U0691,P0070,2025-09-08 19:11:44.203085,view
U1844,P0453,2025-05-01 19:11:44.203120,cart
U1950,P0268,2025-12-27 19:11:44.203158,wishlist
U1137,P0125,2025-12-25 19:11:44.203197,cart
U0733,P0378,2026-02-14 19:11:44.203233,view
U1758,P0476,2025-12-28 19:11:44.203270,purchase
U0644,P0436,2025-07-07 19:11:44.203307,view
U0425,P0224,2025-11-14 19:11:44.203344,view
U0574,P0053,2025-05-19 19:11:44.203382,cart
U0885,P0166,2026-01-06 19:11:44.203421,view
U0508,P0056,2026-03-16 19:11:44.203457,view
U0834,P0173,2025-07-20 19:11:44.203493,view
U1458,P0189,2025-04-18 19:11:44.203532,view
U1387,P0429,2025-12-23 19:11:44.203571,view
U1173,P0074,2025-10-10 19:11:44.203608,view
U1595,P0118,2025-12-10 19:11:44.203644,view
U0558,P0101,2025-12-11 19:11:44.203687,view
U0417,P0051,2025-12-12 19:11:44.203744,cart
U1015,P0191,2025-09-05 19:11:44.203800,view
U0252,P0106,2026-04-05 19:11:44.203857,view
U1893,P0162,2025-04-12 19:11:44.203915,view
U0591,P0474,2026-02-05 19:11:44.203986,cart
U0739,P0410,2025-08-10 19:11:44.204030,wishlist
U0107,P0003,2025-09-16 19:11:44.204071,wishlist
U0513,P0082,2025-11-01 19:11:44.204109,view
U1699,P0019,2025-07-30 19:11:44.204146,view
U0039,P0366,2025-09-28 19:11:44.204183,purchase
U0808,P0148,2025-04-19 19:11:44.204221,view
U1790,P0267,2025-07-25 19:11:44.204258,view
U0667,P0062,2026-01-12 19:11:44.204295,view
U0245,P0320,2025-06-04 19:11:44.204331,view
U1034,P0258,2025-11-08 19:11:44.204368,view
U1216,P0297,2025-12-03 19:11:44.204405,purchase
U1553,P0280,2026-02-12 19:11:44.204442,view
U1378,P0324,2025-12-28 19:11:44.204478,view
U0241,P0320,2026-01-28 19:11:44.204515,wishlist
U1366,P0253,2025-09-16 19:11:44.204554,view
U1253,P0108,2025-12-16 19:11:44.204590,view
U1652,P0442,2025-11-04 19:11:44.204626,wishlist
U1657,P0319,2026-02-10 19:11:44.204662,view
U0024,P0108,2025-12-23 19:11:44.204702,view
U1021,P0314,2025-04-17 19:11:44.204740,wishlist
U1165,P0027,2025-06-06 19:11:44.204777,wishlist
U1600,P0175,2025-07-04 19:11:44.204814,view
U0326,P0410,2026-03-21 19:11:44.204851,cart
U0662,P0289,2025-05-31 19:11:44.204891,view
U1487,P0259,2026-03-15 19:11:44.204927,view
U0827,P0120,2025-04-09 19:11:44.204963,view
U1449,P0149,2025-10-03 19:11:44.204999,view
U0001,P0144,2025-11-02 19:11:44.205035,view
U1024,P0292,2026-04-02 19:11:44.205070,view
U0921,P0436,2025-07-14 19:11:44.205106,view
U1597,P0437,2025-06-18 19:11:44.205142,cart
U0180,P0471,2026-03-08 19:11:44.205178,view
U1747,P0169,2026-01-17 19:11:44.205214,cart
U0671,P0124,2026-03-03 19:11:44.205248,view
U1420,P0370,2025-08-12 19:11:44.205283,view
U1315,P0419,2025-10-27 19:11:44.205319,view
U1328,P0106,2025-06-22 19:11:44.205355,cart
U0597,P0426,2026-03-02 19:11:44.205390,view
U1437,P0445,2025-08-13 19:11:44.205426,wishlist
U1798,P0371,2025-09-28 19:11:44.205467,wishlist
U0239,P0232,2025-08-25 19:11:44.205503,view
U0027,P0295,2025-11-11 19:11:44.205538,wishlist
U0720,P0295,2025-05-08 19:11:44.205573,cart
U1751,P0459,2025-10-07 19:11:44.205608,view
U0819,P0019,2025-10-08 19:11:44.205643,purchase
U0726,P0116,2025-12-28 19:11:44.205678,cart
U0197,P0107,2025-04-07 19:11:44.205713,wishlist
U0486,P0229,2025-11-29 19:11:44.205748,wishlist
U1962,P0392,2025-04-19 19:11:44.205784,view
U1786,P0160,2025-08-17 19:11:44.205819,cart
U0892,P0197,2026-01-03 19:11:44.205854,view
U1171,P0113,2025-04-10 19:11:44.205892,view
U0529,P0236,2025-11-19 19:11:44.205927,cart
U1885,P0194,2026-03-08 19:11:44.205976,wishlist
U1163,P0417,2026-03-05 19:11:44.206012,cart
U1822,P0271,2025-09-08 19:11:44.206049,view
U1107,P0035,2025-07-06 19:11:44.206084,cart
U1067,P0046,2025-09-06 19:11:44.206120,view
U1589,P0200,2025-06-24 19:11:44.206155,view
U1120,P0396,2025-06-12 19:11:44.206191,view
U1739,P0091,2025-08-24 19:11:44.206228,view
U1740,P0137,2026-03-31 19:11:44.206263,cart
U1484,P0135,2025-08-03 19:11:44.206298,view
U1238,P0410,2025-05-23 19:11:44.206333,view
U1743,P0452,2025-11-11 19:11:44.206369,purchase
U1272,P0240,2025-06-14 19:11:44.206406,view
U0293,P0485,2026-01-03 19:11:44.206441,view
U0565,P0406,2026-02-15 19:11:44.206478,view
U1060,P0029,2025-08-08 19:11:44.206513,view
U1676,P0164,2026-03-11 19:11:44.206548,view
U1322,P0102,2025-12-01 19:11:44.206584,cart
U0200,P0460,2025-07-10 19:11:44.206622,view
U0636,P0423,2026-03-30 19:11:44.206658,view
U0854,P0150,2025-05-29 19:11:44.206694,view
U1457,P0467,2025-10-28 19:11:44.206729,view
U1386,P0012,2025-04-24 19:11:44.206764,view
U0795,P0205,2025-10-03 19:11:44.206799,purchase
U0490,P0422,2025-09-13 19:11:44.206835,view
U0321,P0214,2025-12-18 19:11:44.206872,cart
U1575,P0044,2026-04-04 19:11:44.206907,view
U1357,P0323,2025-08-04 19:11:44.206943,view
U1121,P0443,2026-01-18 19:11:44.206979,view
U0522,P0081,2025-04-10 19:11:44.207014,view
U0575,P0304,2026-03-10 19:11:44.207050,cart
U0092,P0054,2025-06-19 19:11:44.207086,view
U1534,P0092,2025-11-02 19:11:44.207121,view
U0183,P0220,2025-07-14 19:11:44.207156,view
U1001,P0317,2025-08-22 19:11:44.207192,view
U1679,P0047,2025-12-14 19:11:44.207229,cart
U0738,P0106,2026-02-17 19:11:44.207264,cart
U0537,P0468,2025-06-25 19:11:44.207301,view
U0494,P0329,2025-04-07 19:11:44.207337,purchase
U0714,P0004,2025-08-04 19:11:44.207374,view
U1851,P0134,2025-10-06 19:11:44.207409,view
U1039,P0194,2025-05-23 19:11:44.207446,view
U0215,P0031,2025-10-12 19:11:44.207482,view
U0650,P0404,2025-09-02 19:11:44.207518,view
U0006,P0080,2025-04-05 19:11:44.207553,view
U0411,P0415,2025-04-19 19:11:44.207590,cart
U0108,P0275,2025-07-28 19:11:44.207626,view
U1743,P0228,2025-07-03 19:11:44.207664,cart
U0252,P0313,2025-11-18 19:11:44.207700,view
U0038,P0160,2025-09-04 19:11:44.207736,view
U0661,P0410,2026-01-21 19:11:44.207770,view
U1080,P0220,2025-08-19 19:11:44.207806,purchase
U0189,P0152,2025-06-13 19:11:44.207840,cart
U0868,P0097,2025-12-03 19:11:44.207877,wishlist
U1381,P0185,2026-02-09 19:11:44.207914,view
U1638,P0066,2025-07-24 19:11:44.207959,wishlist
U0127,P0376,2025-04-21 19:11:44.207999,view
U1998,P0094,2025-04-26 19:11:44.208035,view
U0633,P0380,2025-07-23 19:11:44.208072,cart
U0554,P0074,2026-03-29 19:11:44.208109,view
U1313,P0428,2025-10-05 19:11:44.208145,view
U1730,P0070,2025-07-07 19:11:44.208181,view
U0280,P0098,2025-04-14 19:11:44.208218,view
U0617,P0316,2025-05-15 19:11:44.208253,view
U1367,P0219,2026-02-28 19:11:44.208288,view
U0408,P0044,2025-06-06 19:11:44.208324,view
U0214,P0420,2026-02-08 19:11:44.208362,cart
U1121,P0386,2025-09-19 19:11:44.208399,view
U0110,P0210,2026-02-12 19:11:44.208435,view
U0767,P0110,2026-02-22 19:11:44.208473,cart
U1307,P0309,2026-02-25 19:11:44.208508,purchase
U0381,P0348,2025-04-24 19:11:44.208550,cart
U0798,P0471,2025-12-15 19:11:44.208586,cart
U1283,P0460,2025-11-10 19:11:44.208624,view
U1011,P0367,2026-02-22 19:11:44.208662,view
U0758,P0371,2025-08-03 19:11:44.208698,cart
U0156,P0421,2025-09-16 19:11:44.208734,purchase
U0140,P0326,2026-02-08 19:11:44.208769,cart
U0053,P0251,2025-06-15 19:11:44.208808,view
U0566,P0341,2025-05-15 19:11:44.208845,view
U1154,P0021,2025-12-24 19:11:44.208882,cart
U0610,P0398,2025-05-17 19:11:44.208918,view
U1113,P0150,2025-08-08 19:11:44.208954,view
U1257,P0319,2025-04-18 19:11:44.208988,view
U0536,P0233,2025-04-11 19:11:44.209024,wishlist
U0006,P0069,2026-01-16 19:11:44.209059,view
U0780,P0430,2025-07-03 19:11:44.209094,cart
U0789,P0157,2025-12-24 19:11:44.209130,cart
U1657,P0112,2025-07-12 19:11:44.209166,view
U0051,P0020,2025-09-04 19:11:44.209201,view
U1140,P0432,2026-02-28 19:11:44.209238,cart
U0466,P0162,2026-02-03 19:11:44.209274,purchase
U0333,P0370,2025-09-22 19:11:44.209312,view
U0367,P0194,2025-05-20 19:11:44.209348,view
U1846,P0484,2025-12-22 19:11:44.209385,view
U0277,P0274,2025-06-09 19:11:44.209422,view
U1711,P0370,2025-12-01 19:11:44.209458,wishlist
U0348,P0482,2026-02-04 19:11:44.209493,view
U0526,P0023,2026-04-05 19:11:44.209528,wishlist
U1317,P0281,2025-11-06 19:11:44.209565,view
U1537,P0036,2025-10-06 19:11:44.209602,view
U1992,P0128,2025-09-23 19:11:44.209638,cart
U1821,P0358,2025-12-12 19:11:44.209674,view
U0661,P0087,2025-12-25 19:11:44.209709,purchase
U1634,P0028,2025-04-22 19:11:44.209745,view
U1138,P0235,2025-11-04 19:11:44.209783,view
U0323,P0225,2026-03-13 19:11:44.209820,cart
U1734,P0249,2026-01-24 19:11:44.209856,wishlist
U0839,P0089,2025-11-21 19:11:44.209892,wishlist
U0798,P0053,2025-11-28 19:11:44.209927,purchase
U0644,P0175,2025-06-27 19:11:44.209973,view
U0874,P0165,2025-04-11 19:11:44.210012,cart
U1715,P0356,2025-12-12 19:11:44.210050,wishlist
U1344,P0068,2025-09-04 19:11:44.210088,view
U0990,P0349,2025-09-03 19:11:44.210124,cart
U1658,P0247,2026-02-19 19:11:44.210161,view
U1087,P0116,2026-01-31 19:11:44.210196,view
U0738,P0038,2026-02-04 19:11:44.210232,view
U0030,P0394,2025-10-16 19:11:44.210268,view
U1576,P0085,2025-05-17 19:11:44.210302,cart
U1302,P0404,2025-11-14 19:11:44.210336,view
U0571,P0144,2025-11-07 19:11:44.210371,cart
U1164,P0398,2025-09-22 19:11:44.210406,cart
U1746,P0245,2026-03-04 19:11:44.210440,view
U1667,P0390,2025-11-06 19:11:44.210473,wishlist
U1323,P0048,2025-09-24 19:11:44.210507,view
U1827,P0433,2025-11-24 19:11:44.210541,view
U1314,P0271,2025-07-03 19:11:44.210575,cart
U0010,P0080,2025-12-27 19:11:44.210611,wishlist
U1158,P0184,2026-03-24 19:11:44.210646,wishlist
U1559,P0401,2026-03-13 19:11:44.210680,view
U0507,P0302,2026-01-01 19:11:44.210714,view
U0455,P0305,2025-06-30 19:11:44.210749,cart
U1864,P0358,2025-11-13 19:11:44.210784,wishlist
U0298,P0361,2025-06-14 19:11:44.210818,cart
U0664,P0286,2025-11-23 19:11:44.210853,view
U1854,P0126,2026-02-01 19:11:44.210887,purchase
U0828,P0161,2025-06-25 19:11:44.210923,purchase
U0446,P0059,2025-04-08 19:11:44.210959,view
U1893,P0122,2025-07-16 19:11:44.210994,purchase
U0297,P0026,2025-05-05 19:11:44.211027,view
U0291,P0278,2025-11-14 19:11:44.211068,cart
U0973,P0041,2025-04-07 19:11:44.211104,purchase
U1402,P0473,2026-03-12 19:11:44.211140,view
U0258,P0446,2026-01-07 19:11:44.211177,wishlist
U0223,P0287,2025-05-07 19:11:44.211213,view
U0856,P0408,2025-10-13 19:11:44.211248,wishlist
U0469,P0401,2025-06-11 19:11:44.211283,purchase
U1734,P0257,2025-11-26 19:11:44.211317,wishlist
U1000,P0087,2026-03-12 19:11:44.211351,purchase
U0017,P0198,2025-07-02 19:11:44.211385,view
U1456,P0442,2026-01-14 19:11:44.211419,view
U1086,P0160,2025-05-16 19:11:44.211453,view
U1537,P0183,2025-04-12 19:11:44.211486,wishlist
U0574,P0418,2026-03-19 19:11:44.211519,view
U1959,P0500,2026-01-11 19:11:44.211553,purchase
U1468,P0370,2025-09-26 19:11:44.211592,view
U1142,P0152,2026-02-20 19:11:44.211631,view
U0418,P0230,2025-06-07 19:11:44.211667,view
U0417,P0252,2025-04-30 19:11:44.211702,view
U1687,P0301,2026-02-23 19:11:44.211738,view
U0076,P0348,2025-08-14 19:11:44.211772,view
U0396,P0230,2025-09-14 19:11:44.211806,cart
U0937,P0253,2025-06-23 19:11:44.211841,view
U0753,P0056,2026-01-27 19:11:44.211876,cart
U1425,P0047,2026-02-26 19:11:44.211909,purchase
U0301,P0190,2026-02-20 19:11:44.211943,wishlist
U0625,P0224,2025-09-06 19:11:44.211987,view
U1403,P0447,2025-07-09 19:11:44.212025,view
U1734,P0321,2025-04-30 19:11:44.212062,view
U0056,P0019,2025-05-27 19:11:44.212098,view
U0090,P0058,2025-06-13 19:11:44.212133,cart
U1636,P0166,2025-10-10 19:11:44.212169,purchase
U0460,P0058,2026-02-18 19:11:44.212205,wishlist
U0691,P0178,2026-01-05 19:11:44.212244,view
U1277,P0426,2025-04-08 19:11:44.212279,cart
U1529,P0420,2026-02-27 19:11:44.212315,view
U1744,P0175,2025-09-06 19:11:44.212350,view
U0265,P0487,2025-08-27 19:11:44.212384,view
U1949,P0348,2025-06-25 19:11:44.212419,cart
U0881,P0073,2025-10-30 19:11:44.212455,cart
U1182,P0274,2025-10-26 19:11:44.212490,view
U0054,P0204,2025-07-01 19:11:44.212525,purchase
U1389,P0374,2026-01-04 19:11:44.212559,wishlist
U0091,P0286,2025-09-16 19:11:44.212593,view
U0013,P0392,2026-02-16 19:11:44.212627,view
U1097,P0493,2026-01-21 19:11:44.212662,view
U0719,P0278,2025-07-08 19:11:44.212695,view
U1937,P0326,2025-05-13 19:11:44.212729,cart
U0994,P0165,2025-10-09 19:11:44.212762,wishlist
U0130,P0336,2025-12-24 19:11:44.212796,cart
U1884,P0248,2025-10-29 19:11:44.212832,cart
U0351,P0300,2025-09-02 19:11:44.212867,cart
U0903,P0021,2025-12-25 19:11:44.212900,purchase
U0386,P0422,2026-01-22 19:11:44.212933,view
U1006,P0478,2025-11-12 19:11:44.212966,cart
U1247,P0339,2025-08-07 19:11:44.212999,view
U0778,P0084,2025-12-02 19:11:44.213033,view
U0103,P0296,2025-05-13 19:11:44.213068,cart
U1241,P0334,2025-06-12 19:11:44.213104,view
U0193,P0117,2025-08-15 19:11:44.213139,view
U1407,P0463,2025-06-01 19:11:44.213177,cart
U1193,P0457,2025-07-13 19:11:44.213213,view
U0361,P0338,2026-03-06 19:11:44.213248,wishlist
U1625,P0290,2025-08-30 19:11:44.213283,wishlist
U1336,P0336,2025-04-09 19:11:44.213319,view
U1133,P0425,2026-02-25 19:11:44.213354,view
U0732,P0407,2025-07-11 19:11:44.213388,view
U0113,P0181,2025-05-10 19:11:44.213424,view
U0715,P0391,2025-09-18 19:11:44.213459,view
U0320,P0137,2026-03-16 19:11:44.213494,view
U1734,P0115,2025-12-11 19:11:44.213529,view
U1939,P0303,2026-02-22 19:11:44.213563,view
U1853,P0213,2025-08-27 19:11:44.213597,wishlist
U1038,P0485,2026-01-01 19:11:44.213634,view
U1388,P0335,2025-09-27 19:11:44.213669,view
U0557,P0051,2025-12-14 19:11:44.213702,cart
U0102,P0116,2025-06-30 19:11:44.213736,view
U0560,P0370,2025-04-27 19:11:44.213770,view
U0026,P0458,2025-07-29 19:11:44.213805,view
U0088,P0019,2025-10-01 19:11:44.213844,view
U1357,P0302,2025-10-17 19:11:44.213880,view
U1221,P0006,2025-12-19 19:11:44.213915,wishlist
U1591,P0498,2025-07-31 19:11:44.213951,purchase
U1590,P0028,2025-04-21 19:11:44.213993,view
U1684,P0352,2025-08-08 19:11:44.214028,view
U1952,P0021,2025-12-02 19:11:44.214062,view
U1158,P0292,2025-12-29 19:11:44.214094,view
U0001,P0424,2025-11-14 19:11:44.214129,cart
U1489,P0457,2025-11-18 19:11:44.214163,cart
U0734,P0426,2025-06-16 19:11:44.214197,view
U0030,P0189,2025-11-21 19:11:44.214232,view
U1449,P0221,2025-09-23 19:11:44.214268,view
U0114,P0471,2025-12-28 19:11:44.214302,wishlist
U1337,P0088,2025-10-31 19:11:44.214336,view
U1450,P0372,2025-10-12 19:11:44.214370,purchase
U1256,P0135,2025-05-23 19:11:44.214403,view
U1926,P0157,2026-03-20 19:11:44.214438,view
U1508,P0145,2025-12-18 19:11:44.214472,view
U0199,P0244,2025-11-29 19:11:44.214506,cart
U0628,P0496,2026-03-13 19:11:44.214542,view
U1053,P0485,2025-07-12 19:11:44.214578,cart
U1748,P0410,2025-10-22 19:11:44.214616,purchase
U1114,P0026,2026-02-17 19:11:44.214649,cart
U1739,P0097,2025-11-06 19:11:44.214684,cart
U1417,P0281,2025-10-02 19:11:44.214919,view
U0172,P0008,2026-02-08 19:11:44.214969,view
U0839,P0226,2026-04-01 19:11:44.215009,purchase
U0265,P0069,2025-11-05 19:11:44.215046,view
U0344,P0482,2025-04-14 19:11:44.215081,view
U0971,P0094,2026-01-21 19:11:44.215118,view
U0942,P0413,2025-06-02 19:11:44.215154,view
U1144,P0336,2025-12-09 19:11:44.215191,cart
U1333,P0386,2025-04-11 19:11:44.215226,view
U1141,P0247,2025-09-03 19:11:44.215261,view
U1771,P0268,2025-09-08 19:11:44.215296,view
U1682,P0140,2025-11-15 19:11:44.215330,purchase
U1341,P0275,2025-05-23 19:11:44.215367,view
U0653,P0241,2026-02-07 19:11:44.215405,view
U1140,P0160,2025-11-06 19:11:44.215441,view
U1998,P0171,2025-10-11 19:11:44.215475,cart
U0338,P0148,2025-07-27 19:11:44.215510,view
U0847,P0157,2025-09-16 19:11:44.215544,view
U0081,P0192,2026-02-06 19:11:44.215578,purchase
U1355,P0473,2026-02-01 19:11:44.215617,view
U0411,P0164,2025-11-12 19:11:44.215652,view
U1616,P0162,2025-08-30 19:11:44.215686,view
U0699,P0411,2025-12-18 19:11:44.215720,view
U1784,P0415,2025-09-14 19:11:44.215758,view
U0408,P0017,2026-01-25 19:11:44.215792,view
U0459,P0133,2026-02-14 19:11:44.215827,purchase
U0563,P0081,2026-02-27 19:11:44.215861,purchase
U1792,P0465,2025-09-01 19:11:44.215894,view
U0554,P0446,2025-11-13 19:11:44.215929,wishlist
U1058,P0299,2025-05-10 19:11:44.215965,cart
U1126,P0342,2025-08-26 19:11:44.216015,view
U1954,P0365,2025-10-20 19:11:44.216050,view
U1077,P0293,2025-11-09 19:11:44.216086,wishlist
U0986,P0181,2025-12-16 19:11:44.216120,wishlist
U0549,P0358,2026-01-15 19:11:44.216155,view
U1933,P0432,2025-08-21 19:11:44.216190,view
U0411,P0421,2025-11-02 19:11:44.216223,cart
U0733,P0178,2025-12-02 19:11:44.216258,cart
U0035,P0101,2025-12-03 19:11:44.216297,wishlist
U0912,P0285,2025-10-11 19:11:44.216333,cart
U1040,P0408,2025-12-02 19:11:44.216367,view
U0092,P0031,2025-10-27 19:11:44.216402,view
U0811,P0452,2025-10-28 19:11:44.216435,view
U1965,P0335,2026-03-10 19:11:44.216469,view
U0037,P0312,2026-03-28 19:11:44.216503,view
U0404,P0071,2025-05-29 19:11:44.216537,purchase
U0239,P0037,2026-03-02 19:11:44.216573,purchase
U0773,P0142,2025-11-29 19:11:44.216607,view
U1622,P0078,2025-10-17 19:11:44.216644,view
U0704,P0386,2025-11-08 19:11:44.216678,view
U1439,P0038,2026-02-09 19:11:44.216712,view
U1168,P0235,2025-12-09 19:11:44.216748,view
U1147,P0228,2025-05-01 19:11:44.216782,wishlist
U0077,P0018,2025-08-18 19:11:44.216818,view
U0811,P0409,2026-01-28 19:11:44.216852,purchase
U1189,P0175,2026-03-26 19:11:44.216886,view
U0295,P0104,2025-06-18 19:11:44.216920,cart
U1238,P0073,2025-06-17 19:11:44.216956,view
U0853,P0086,2026-03-21 19:11:44.216992,wishlist
U0233,P0072,2025-12-06 19:11:44.217025,view
U0615,P0473,2025-09-25 19:11:44.217059,wishlist
U0289,P0211,2026-01-12 19:11:44.217096,cart
U0074,P0058,2025-06-17 19:11:44.217131,wishlist
U1490,P0275,2025-06-02 19:11:44.217166,view
U1278,P0250,2025-10-08 19:11:44.217200,view
U1803,P0484,2026-02-25 19:11:44.217234,view
U1664,P0168,2025-09-13 19:11:44.217269,purchase
U1238,P0411,2025-07-15 19:11:44.217303,view
U0079,P0344,2025-09-16 19:11:44.217337,wishlist
U0247,P0143,2025-11-29 19:11:44.217371,view
U0777,P0009,2026-03-01 19:11:44.217405,view
U0616,P0081,2025-09-11 19:11:44.217439,cart
U0202,P0468,2025-08-17 19:11:44.217473,wishlist
U1437,P0306,2025-09-27 19:11:44.217508,view
U1652,P0039,2025-06-19 19:11:44.217541,cart
U0426,P0467,2026-03-16 19:11:44.217575,view
U1107,P0142,2025-11-16 19:11:44.217609,cart
U1189,P0163,2025-04-13 19:11:44.217643,view
U1088,P0144,2025-08-19 19:11:44.217676,view
U0527,P0466,2025-08-06 19:11:44.217710,cart
U1847,P0460,2025-06-02 19:11:44.217743,view
U0747,P0435,2025-11-09 19:11:44.217779,cart
U1220,P0025,2025-11-16 19:11:44.217813,cart
U1497,P0211,2025-11-14 19:11:44.217850,view
U0648,P0133,2026-03-12 19:11:44.217884,view
U1205,P0450,2025-09-01 19:11:44.217916,view
U0528,P0304,2025-11-08 19:11:44.217949,purchase
U0892,P0300,2025-11-12 19:11:44.217993,view
U0344,P0058,2025-07-10 19:11:44.218030,purchase
U0604,P0367,2026-01-02 19:11:44.218065,view
U0173,P0033,2026-03-09 19:11:44.218100,view
U0356,P0266,2026-01-20 19:11:44.218134,view
U1541,P0042,2025-12-21 19:11:44.218167,cart
U1706,P0010,2025-12-03 19:11:44.218201,view
U1574,P0176,2025-09-22 19:11:44.218234,wishlist
U0102,P0343,2025-04-07 19:11:44.218268,cart
U0686,P0388,2025-08-25 19:11:44.218302,cart
U1864,P0166,2026-03-26 19:11:44.218336,wishlist
U1875,P0127,2026-03-27 19:11:44.218368,purchase
U0327,P0396,2026-01-25 19:11:44.218402,view
U1264,P0250,2026-01-09 19:11:44.218441,view
U1706,P0090,2025-09-21 19:11:44.218476,purchase
U1871,P0158,2025-07-23 19:11:44.218511,view
U0310,P0428,2026-01-30 19:11:44.218545,view
U0487,P0333,2025-09-28 19:11:44.218577,wishlist
U1433,P0243,2025-05-02 19:11:44.218611,wishlist
U0175,P0152,2025-10-07 19:11:44.218643,purchase
U1299,P0173,2025-08-13 19:11:44.218676,view
U1292,P0098,2025-08-28 19:11:44.218708,view
U0744,P0377,2026-03-22 19:11:44.218739,view
U0021,P0055,2026-01-05 19:11:44.218772,wishlist
U1466,P0165,2026-01-27 19:11:44.218804,view
U1884,P0411,2025-05-15 19:11:44.218838,wishlist
U1946,P0300,2025-09-24 19:11:44.218872,view
U0498,P0135,2025-10-17 19:11:44.218907,cart
U1006,P0081,2025-12-08 19:11:44.218940,view
U1997,P0208,2025-10-01 19:11:44.218973,cart
U1097,P0345,2026-02-26 19:11:44.219008,purchase
U1445,P0396,2026-02-18 19:11:44.219043,view
U1215,P0347,2025-08-17 19:11:44.219077,view
U1229,P0016,2026-01-02 19:11:44.219111,cart
U0203,P0244,2025-06-26 19:11:44.219146,purchase
U0316,P0188,2025-10-05 19:11:44.219180,cart
U0793,P0339,2025-11-13 19:11:44.219214,view
U0687,P0435,2025-10-25 19:11:44.219247,view
U0270,P0417,2026-03-02 19:11:44.219281,view
U1878,P0006,2025-09-12 19:11:44.219314,view
U1533,P0098,2025-08-22 19:11:44.219347,view
U0885,P0462,2026-02-11 19:11:44.219380,view
U1286,P0440,2025-05-13 19:11:44.219414,purchase
U0858,P0255,2026-01-06 19:11:44.219449,cart
U1195,P0244,2026-01-06 19:11:44.219483,view
U0449,P0061,2025-12-27 19:11:44.219516,view
U0648,P0084,2025-12-15 19:11:44.219549,view
U0014,P0334,2025-08-29 19:11:44.219582,view
U0535,P0379,2025-11-25 19:11:44.219619,view
U1937,P0452,2026-01-15 19:11:44.219942,cart
U1406,P0431,2025-12-15 19:11:44.220011,view
U1316,P0383,2025-04-14 19:11:44.220055,view
U1357,P0272,2025-05-07 19:11:44.220097,view
U1464,P0268,2025-11-17 19:11:44.220136,cart
U1389,P0356,2025-07-04 19:11:44.220176,cart
U0953,P0390,2025-08-10 19:11:44.220226,cart
U0799,P0188,2025-11-07 19:11:44.220267,view
U0498,P0370,2025-04-18 19:11:44.220305,purchase
U0584,P0344,2026-02-10 19:11:44.220342,view
U0581,P0351,2026-01-09 19:11:44.220384,cart
U0533,P0064,2025-11-16 19:11:44.220422,cart
U0635,P0180,2025-11-14 19:11:44.220459,view
U0659,P0491,2026-03-28 19:11:44.220495,view
U1317,P0392,2025-11-23 19:11:44.220533,wishlist
U0687,P0226,2026-03-03 19:11:44.220570,cart
U0820,P0476,2025-09-29 19:11:44.220606,view
U0224,P0036,2025-10-20 19:11:44.220642,view
U0329,P0229,2025-06-29 19:11:44.220678,cart
U0999,P0106,2026-02-16 19:11:44.220714,view
U1197,P0364,2025-06-13 19:11:44.220748,view
U0558,P0416,2025-09-04 19:11:44.220783,view
U0462,P0449,2025-05-15 19:11:44.220819,wishlist
U0746,P0181,2025-04-18 19:11:44.220854,view
U1081,P0054,2026-01-01 19:11:44.220891,view
U1075,P0383,2026-01-12 19:11:44.220926,purchase
U0163,P0155,2025-10-30 19:11:44.220982,view
U1488,P0457,2026-04-03 19:11:44.221018,purchase
U1551,P0218,2025-07-21 19:11:44.221054,wishlist
U0594,P0008,2025-05-22 19:11:44.221095,cart
U0379,P0258,2025-09-04 19:11:44.221133,view
U0801,P0489,2025-06-19 19:11:44.221168,view
U0743,P0138,2025-05-02 19:11:44.221203,view
U0610,P0070,2026-01-29 19:11:44.221238,view
U1248,P0083,2026-01-19 19:11:44.221272,view
U0120,P0481,2025-05-16 19:11:44.221307,view
U0797,P0352,2026-03-10 19:11:44.221341,view
U0784,P0002,2025-05-25 19:11:44.221376,purchase
U1998,P0474,2025-10-02 19:11:44.221413,purchase
U0775,P0238,2026-01-28 19:11:44.221454,view
U0337,P0294,2025-05-09 19:11:44.221491,view
U1315,P0286,2026-03-22 19:11:44.221531,view
U1371,P0418,2025-05-12 19:11:44.221566,view
U0679,P0017,2025-06-01 19:11:44.221601,view
U0361,P0352,2025-08-27 19:11:44.221635,view
U1940,P0157,2025-05-23 19:11:44.221671,purchase
U1616,P0143,2025-11-19 19:11:44.221706,cart
U0619,P0261,2025-08-19 19:11:44.221741,cart
U0324,P0040,2025-09-04 19:11:44.221776,wishlist
U0813,P0327,2025-06-17 19:11:44.221810,view
U0445,P0270,2025-07-31 19:11:44.221845,cart
U1179,P0397,2025-05-05 19:11:44.221879,view
U0374,P0138,2025-07-02 19:11:44.221914,view
U1463,P0134,2025-11-08 19:11:44.221947,view
U0222,P0485,2025-11-27 19:11:44.221982,cart
U1805,P0383,2025-05-13 19:11:44.222018,wishlist
U1545,P0248,2025-08-01 19:11:44.222055,view
U0108,P0125,2025-09-26 19:11:44.222092,view
U0136,P0447,2026-02-21 19:11:44.222126,view
U1724,P0180,2025-12-10 19:11:44.222160,view
U1502,P0440,2025-05-01 19:11:44.222195,view
U0208,P0462,2026-03-31 19:11:44.222239,view
U1646,P0271,2025-08-29 19:11:44.222276,view
U1459,P0473,2026-01-26 19:11:44.222310,cart
U1229,P0255,2025-05-22 19:11:44.222346,view
U0898,P0249,2025-12-30 19:11:44.222382,cart
U1864,P0156,2025-09-01 19:11:44.222417,view
U0127,P0330,2026-01-29 19:11:44.222452,view
U0779,P0471,2026-03-13 19:11:44.222486,wishlist
U0438,P0086,2025-07-05 19:11:44.222520,cart
U1109,P0346,2025-04-21 19:11:44.222555,view
U0695,P0362,2025-06-23 19:11:44.222590,view
U0246,P0456,2026-02-27 19:11:44.222625,cart
U1445,P0275,2025-04-20 19:11:44.222659,view
U1589,P0312,2025-08-25 19:11:44.222695,purchase
U1279,P0094,2025-06-16 19:11:44.222730,purchase
U1156,P0137,2025-09-23 19:11:44.222763,cart
U0755,P0494,2025-04-15 19:11:44.222800,cart
U1431,P0174,2025-08-09 19:11:44.222835,view
U1336,P0329,2025-06-02 19:11:44.222870,cart
U0520,P0143,2026-01-28 19:11:44.222905,view
U1273,P0090,2025-06-16 19:11:44.222940,wishlist
U0450,P0132,2026-03-02 19:11:44.222975,purchase
U1210,P0038,2025-06-25 19:11:44.223009,view
U1464,P0328,2025-05-26 19:11:44.223044,view
U1759,P0456,2025-10-10 19:11:44.223077,view
U1201,P0156,2025-05-22 19:11:44.223111,wishlist
U0200,P0028,2025-06-14 19:11:44.223146,view
U0017,P0018,2025-09-26 19:11:44.223181,cart
U1692,P0160,2025-04-09 19:11:44.223218,view
U1846,P0360,2025-11-16 19:11:44.223253,view
U1384,P0443,2025-08-04 19:11:44.223287,cart
U1467,P0059,2025-07-04 19:11:44.223320,view
U0434,P0077,2025-04-14 19:11:44.223356,view
U1242,P0108,2025-08-20 19:11:44.223392,cart
U1922,P0454,2025-12-03 19:11:44.223429,view
U1575,P0024,2025-10-05 19:11:44.223464,view
U1295,P0039,2025-11-25 19:11:44.223498,cart
U0411,P0233,2025-04-16 19:11:44.223531,purchase
U1332,P0224,2025-09-03 19:11:44.223565,view
U0302,P0057,2025-11-07 19:11:44.223599,wishlist
U1403,P0327,2025-09-13 19:11:44.223637,view
U1342,P0479,2025-04-05 19:11:44.223672,view
U1677,P0208,2025-11-14 19:11:44.223707,view
U0312,P0399,2026-01-03 19:11:44.223741,view
U0229,P0114,2025-10-28 19:11:44.223775,cart
U0638,P0034,2025-05-07 19:11:44.223810,view
U0641,P0107,2025-04-28 19:11:44.223844,view
U1428,P0150,2025-08-12 19:11:44.223878,view
U0985,P0034,2026-02-13 19:11:44.223911,view
U0700,P0388,2025-07-26 19:11:44.223944,view
U1417,P0079,2025-09-25 19:11:44.223978,cart
U0751,P0222,2025-06-01 19:11:44.224012,view
U0372,P0277,2025-05-07 19:11:44.224046,view
U1599,P0394,2025-04-06 19:11:44.224080,view
U0605,P0002,2026-02-04 19:11:44.224112,purchase
U0571,P0121,2025-10-22 19:11:44.224149,view
U0742,P0481,2026-01-13 19:11:44.224184,view
U1520,P0148,2025-12-15 19:11:44.224217,wishlist
U1442,P0130,2025-08-01 19:11:44.224262,view
U0629,P0383,2025-08-17 19:11:44.224296,view
U1467,P0242,2026-02-25 19:11:44.224330,view
U1024,P0243,2025-09-08 19:11:44.224363,view
U0692,P0472,2025-06-11 19:11:44.224397,wishlist
U0613,P0077,2025-05-02 19:11:44.224430,wishlist
U1941,P0106,2026-03-14 19:11:44.224464,view
U0557,P0058,2025-07-16 19:11:44.224498,cart
U1882,P0356,2025-12-04 19:11:44.224536,cart
U0057,P0487,2025-06-08 19:11:44.224571,view
U1799,P0376,2025-12-13 19:11:44.224607,view
U0671,P0046,2026-01-29 19:11:44.224641,view
U0519,P0145,2025-12-09 19:11:44.224676,view
U0737,P0489,2025-08-07 19:11:44.224710,view
U0470,P0482,2025-10-30 19:11:44.224748,view
U0468,P0278,2025-06-27 19:11:44.224783,view
U1464,P0287,2025-04-14 19:11:44.224818,cart
U0463,P0402,2025-10-06 19:11:44.224853,view
U1571,P0165,2025-05-18 19:11:44.224890,view
U0547,P0022,2025-08-08 19:11:44.224925,view
U1192,P0076,2025-09-23 19:11:44.224959,wishlist
U0898,P0046,2025-06-20 19:11:44.224994,wishlist
U1509,P0264,2025-11-21 19:11:44.225030,wishlist
U0500,P0190,2025-09-07 19:11:44.225065,wishlist
U0022,P0013,2025-08-03 19:11:44.225099,view
U0451,P0379,2025-12-24 19:11:44.225133,view
U1287,P0437,2025-11-14 19:11:44.225169,view
U1208,P0221,2025-12-14 19:11:44.225204,view
U0086,P0138,2025-10-18 19:11:44.225239,view
U0612,P0069,2025-12-22 19:11:44.225273,purchase
U0945,P0249,2026-01-07 19:11:44.225308,cart
U1246,P0341,2025-09-27 19:11:44.225345,view
U1490,P0126,2025-10-27 19:11:44.225379,view
U1711,P0376,2025-07-26 19:11:44.225414,cart
U0996,P0365,2025-08-01 19:11:44.225450,cart
U0601,P0164,2025-08-05 19:11:44.225485,view
U0203,P0430,2025-11-26 19:11:44.225519,view
U0261,P0294,2026-03-10 19:11:44.225554,view
U1218,P0275,2026-03-22 19:11:44.225591,view
U0795,P0209,2025-10-27 19:11:44.225677,view
U1167,P0341,2025-04-05 19:11:44.225718,view
U0190,P0105,2025-10-31 19:11:44.225754,cart
U0397,P0041,2025-09-10 19:11:44.225790,view
U0165,P0486,2025-06-12 19:11:44.225826,view
U1085,P0243,2025-06-22 19:11:44.225863,cart
U1639,P0339,2025-06-18 19:11:44.225900,view
U1209,P0369,2025-10-25 19:11:44.225936,view
U0551,P0394,2025-09-01 19:11:44.225971,view
U0316,P0402,2025-06-09 19:11:44.226010,view
U0697,P0193,2026-01-11 19:11:44.226047,cart
U1787,P0151,2025-12-27 19:11:44.226087,wishlist
U1265,P0159,2026-03-25 19:11:44.226124,wishlist
U0379,P0094,2025-12-23 19:11:44.226161,purchase
U1494,P0398,2025-05-11 19:11:44.226196,view
U1097,P0002,2025-09-27 19:11:44.226254,purchase
U1079,P0336,2025-04-28 19:11:44.226292,view
U0158,P0360,2025-05-11 19:11:44.226329,view
U1447,P0495,2026-03-10 19:11:44.226367,view
U1096,P0268,2026-02-27 19:11:44.226402,view
U0406,P0384,2025-08-27 19:11:44.226439,view
U0258,P0290,2025-06-21 19:11:44.226476,view
U1006,P0378,2025-06-25 19:11:44.226512,view
U1453,P0435,2026-03-11 19:11:44.226549,wishlist
U0763,P0370,2025-04-08 19:11:44.226585,view
U1089,P0069,2025-08-04 19:11:44.226621,view
U0871,P0382,2026-03-17 19:11:44.226656,view
U0356,P0216,2025-09-16 19:11:44.226694,view
U0873,P0211,2025-12-27 19:11:44.226730,view
U0191,P0461,2025-08-07 19:11:44.226767,cart
U0164,P0255,2025-10-10 19:11:44.226804,cart
U0127,P0107,2025-08-20 19:11:44.226843,view
U0494,P0398,2025-12-20 19:11:44.226879,view
U1908,P0170,2025-09-05 19:11:44.226913,wishlist
U1294,P0411,2025-11-06 19:11:44.226948,view
U1066,P0212,2025-07-14 19:11:44.226983,wishlist
U1945,P0143,2026-02-02 19:11:44.227018,view
U0381,P0105,2026-02-12 19:11:44.227053,view
U1044,P0371,2025-10-12 19:11:44.227087,view
U1308,P0436,2025-05-16 19:11:44.227124,view
U0969,P0144,2026-02-06 19:11:44.227162,wishlist
U1193,P0198,2025-10-17 19:11:44.227200,view
U1162,P0100,2025-10-25 19:11:44.227238,cart
U1066,P0301,2025-08-05 19:11:44.227276,wishlist
U1036,P0230,2025-10-17 19:11:44.227311,cart
U0454,P0009,2025-07-04 19:11:44.227346,view
U1824,P0321,2025-05-03 19:11:44.227382,view
U0648,P0377,2026-03-15 19:11:44.227416,view
U1888,P0204,2025-06-24 19:11:44.227451,view
U1512,P0459,2025-04-10 19:11:44.227487,cart
U1148,P0321,2025-10-31 19:11:44.227522,purchase
U0205,P0484,2026-03-01 19:11:44.227558,view
U0684,P0220,2026-02-27 19:11:44.227593,cart
U1520,P0114,2026-03-19 19:11:44.227628,view
U1141,P0499,2025-04-19 19:11:44.227662,view
U0972,P0117,2026-02-01 19:11:44.227697,view
U0696,P0251,2026-02-04 19:11:44.227732,view
U1317,P0021,2025-08-21 19:11:44.227768,cart
U0929,P0410,2025-07-29 19:11:44.227802,view
U1089,P0221,2025-07-04 19:11:44.227840,cart
U1077,P0120,2026-02-19 19:11:44.227877,view
U1032,P0260,2025-10-19 19:11:44.227915,view
U1352,P0117,2025-06-26 19:11:44.227952,view
U0721,P0217,2026-03-14 19:11:44.227991,purchase
U1343,P0322,2026-01-16 19:11:44.228027,view
U1767,P0076,2025-07-27 19:11:44.228062,view
U0211,P0020,2025-06-13 19:11:44.228096,purchase
U0656,P0086,2025-06-19 19:11:44.228134,view
U1331,P0463,2025-05-22 19:11:44.228168,view
U1835,P0132,2025-12-31 19:11:44.228203,view
U1269,P0380,2026-03-08 19:11:44.228247,cart
U0663,P0249,2025-08-25 19:11:44.228284,cart
U0130,P0465,2025-06-27 19:11:44.228320,view
U1874,P0056,2026-03-29 19:11:44.228355,cart
U1443,P0124,2026-02-07 19:11:44.228395,view
U1010,P0125,2025-08-03 19:11:44.228430,purchase
U1867,P0197,2025-06-22 19:11:44.228465,view
U0455,P0410,2025-11-14 19:11:44.228499,view
U0942,P0069,2025-10-24 19:11:44.228533,view
U1723,P0404,2025-06-28 19:11:44.228568,view
U1347,P0226,2025-11-18 19:11:44.228604,purchase
U1602,P0390,2026-02-02 19:11:44.228638,view
U0305,P0162,2025-08-02 19:11:44.228672,wishlist
U1448,P0104,2025-11-30 19:11:44.228706,cart
U0717,P0057,2026-01-28 19:11:44.228741,view
U1863,P0492,2025-08-02 19:11:44.228775,view
U1094,P0394,2025-08-08 19:11:44.228809,wishlist
U1401,P0118,2025-08-28 19:11:44.228844,view
U0031,P0400,2026-03-02 19:11:44.228878,view
U1114,P0318,2025-07-22 19:11:44.228913,view
U1614,P0190,2026-03-23 19:11:44.228948,wishlist
U0481,P0451,2025-12-12 19:11:44.228982,view
U1825,P0015,2026-01-29 19:11:44.229018,view
U0567,P0071,2026-01-31 19:11:44.229052,view
U1937,P0068,2025-08-21 19:11:44.229086,view
U1560,P0421,2025-11-12 19:11:44.229119,view
U1775,P0470,2026-01-16 19:11:44.229153,view
U0414,P0485,2026-03-10 19:11:44.229187,wishlist
U1610,P0482,2026-03-27 19:11:44.229221,view
U0403,P0257,2026-02-12 19:11:44.229258,view
U0105,P0306,2025-11-19 19:11:44.229292,view
U0747,P0123,2025-11-28 19:11:44.229327,view
U0373,P0248,2025-11-01 19:11:44.229368,view
U1286,P0496,2026-02-02 19:11:44.229403,view
U0243,P0043,2025-11-19 19:11:44.229438,cart
U0919,P0135,2025-12-16 19:11:44.229474,cart
U1395,P0070,2025-09-09 19:11:44.229511,view
U0416,P0270,2025-09-18 19:11:44.229547,view
U1845,P0359,2026-03-02 19:11:44.229582,wishlist
U1449,P0241,2025-12-16 19:11:44.229616,cart
U1513,P0032,2025-10-16 19:11:44.229651,view
U0136,P0332,2025-09-02 19:11:44.229685,view
U0866,P0469,2025-07-23 19:11:44.229721,view
U1155,P0483,2025-05-26 19:11:44.229761,view
U0911,P0201,2026-03-10 19:11:44.229798,view
U0426,P0311,2025-05-03 19:11:44.229833,view
U0952,P0063,2026-01-19 19:11:44.229868,cart
U1892,P0397,2025-04-05 19:11:44.229903,view
U0322,P0329,2026-01-01 19:11:44.229937,view
U1462,P0322,2026-03-24 19:11:44.229972,wishlist
U1026,P0431,2025-11-02 19:11:44.230007,view
U1113,P0422,2025-04-11 19:11:44.230042,view
U1962,P0408,2026-03-02 19:11:44.230076,purchase
U1698,P0020,2025-07-04 19:11:44.230111,wishlist
U1368,P0420,2025-07-19 19:11:44.230144,cart
U0215,P0099,2026-01-08 19:11:44.230178,wishlist
U1481,P0013,2025-08-23 19:11:44.230213,purchase
U1947,P0381,2025-08-21 19:11:44.230259,view
U1959,P0252,2025-09-15 19:11:44.230297,view
U0158,P0316,2025-10-23 19:11:44.230334,view
U1255,P0333,2025-12-03 19:11:44.230370,view
U0503,P0165,2025-12-26 19:11:44.230404,view
U1162,P0428,2025-09-08 19:11:44.230439,view
U1897,P0099,2025-11-30 19:11:44.230473,view
U0686,P0170,2025-10-22 19:11:44.230508,cart
U1385,P0294,2025-09-20 19:11:44.230544,view
U0854,P0131,2025-05-14 19:11:44.230578,view
U1587,P0037,2025-07-06 19:11:44.230614,view
U1292,P0360,2025-12-17 19:11:44.230652,cart
U0188,P0060,2025-11-15 19:11:44.230689,view
U1599,P0016,2025-12-04 19:11:44.230723,wishlist
U1757,P0052,2026-02-23 19:11:44.230760,view
U1216,P0063,2025-06-03 19:11:44.230795,view
U0849,P0445,2025-10-30 19:11:44.230830,view
U1114,P0084,2025-09-03 19:11:44.230866,view
U1658,P0431,2026-02-02 19:11:44.230901,view
U0297,P0410,2025-09-22 19:11:44.230935,view
U1663,P0418,2026-02-19 19:11:44.230969,wishlist
U0855,P0482,2025-04-30 19:11:44.231004,cart
U0081,P0052,2025-04-20 19:11:44.231040,view
U0186,P0413,2025-07-30 19:11:44.231076,purchase
U1144,P0028,2025-10-08 19:11:44.231111,view
U0442,P0121,2026-01-05 19:11:44.231148,view
U0055,P0412,2026-03-30 19:11:44.231183,view
U0796,P0064,2025-09-28 19:11:44.231219,wishlist
U0927,P0489,2026-01-31 19:11:44.231252,view
U0553,P0137,2025-10-23 19:11:44.231287,purchase
U1264,P0065,2026-01-09 19:11:44.231321,view
U0824,P0116,2025-12-06 19:11:44.231356,view
U1355,P0107,2025-09-02 19:11:44.231390,view
U0868,P0269,2026-02-09 19:11:44.231424,purchase
U0296,P0205,2025-09-07 19:11:44.231459,view
U1921,P0438,2026-02-19 19:11:44.231492,view
U1664,P0014,2025-11-28 19:11:44.231529,cart
U1718,P0326,2025-06-05 19:11:44.231562,view
U0133,P0360,2026-03-14 19:11:44.231597,view
U0577,P0039,2026-03-02 19:11:44.231631,view
U0170,P0384,2025-11-22 19:11:44.231667,view
U0833,P0349,2025-05-25 19:11:44.231702,cart
U0862,P0205,2025-10-07 19:11:44.231738,view
U0313,P0130,2025-11-03 19:11:44.231776,cart
U1229,P0288,2025-12-30 19:11:44.231812,view
U1382,P0478,2025-12-31 19:11:44.231850,view
U1023,P0267,2026-01-19 19:11:44.231885,wishlist
U1655,P0248,2025-09-11 19:11:44.231919,purchase
U1094,P0055,2025-08-30 19:11:44.231955,view
U0038,P0143,2025-06-19 19:11:44.231988,wishlist
U0561,P0124,2025-09-16 19:11:44.232022,purchase
U0402,P0020,2025-08-04 19:11:44.232056,view
U1635,P0207,2026-02-12 19:11:44.232090,view
U0992,P0135,2025-08-15 19:11:44.232123,cart
U1650,P0330,2026-03-15 19:11:44.232157,cart
U1011,P0083,2025-11-27 19:11:44.232190,view
U0753,P0351,2025-10-24 19:11:44.232225,cart
U0070,P0425,2025-08-03 19:11:44.232272,cart
U0280,P0380,2025-10-03 19:11:44.232308,wishlist
U0521,P0446,2025-08-31 19:11:44.232342,cart
U0620,P0027,2025-12-07 19:11:44.232376,view
U0514,P0453,2025-11-21 19:11:44.232410,wishlist
U0954,P0236,2026-02-11 19:11:44.232445,cart
U1935,P0399,2025-07-24 19:11:44.232480,wishlist
U1668,P0243,2025-06-11 19:11:44.232519,cart
U1739,P0314,2025-04-12 19:11:44.232555,cart
U0596,P0444,2025-09-09 19:11:44.232591,view
U1804,P0324,2026-02-02 19:11:44.232626,view
U0578,P0015,2026-04-02 19:11:44.232661,view
U1717,P0410,2026-03-28 19:11:44.232695,purchase
U1554,P0338,2025-06-15 19:11:44.232730,view
U1132,P0186,2025-11-17 19:11:44.232764,view
U1624,P0215,2025-07-06 19:11:44.232799,cart
U0409,P0196,2025-04-08 19:11:44.232834,view
U1425,P0094,2025-12-05 19:11:44.232873,view
U1099,P0045,2025-08-11 19:11:44.232907,view
U1105,P0478,2025-05-24 19:11:44.232945,view
U1140,P0303,2025-12-17 19:11:44.232979,purchase
U0283,P0454,2026-02-02 19:11:44.233013,view
U0294,P0294,2026-04-04 19:11:44.233046,view
U0536,P0124,2026-04-05 19:11:44.233079,purchase
U1501,P0265,2025-04-09 19:11:44.233114,view
U0125,P0223,2025-09-07 19:11:44.233150,view
U1259,P0049,2025-12-28 19:11:44.233183,view
U0368,P0335,2025-04-15 19:11:44.233218,view
U0070,P0445,2025-11-19 19:11:44.233257,cart
U1221,P0196,2026-01-13 19:11:44.233292,wishlist
U1627,P0036,2025-04-16 19:11:44.233327,cart
U1659,P0241,2025-08-16 19:11:44.233363,view
U1808,P0322,2025-10-17 19:11:44.233396,view
U0543,P0450,2025-10-05 19:11:44.233431,cart
U0933,P0416,2025-04-15 19:11:44.233465,view
U0349,P0120,2025-05-26 19:11:44.233502,cart
U1061,P0202,2025-07-16 19:11:44.233537,view
U1793,P0210,2025-06-08 19:11:44.233572,view
U1942,P0285,2025-08-23 19:11:44.233606,view
U0040,P0032,2026-01-14 19:11:44.233641,cart
U0236,P0252,2026-03-18 19:11:44.233676,purchase
U0147,P0354,2025-10-13 19:11:44.233711,view
U0171,P0167,2026-01-10 19:11:44.233746,cart
U1042,P0184,2025-10-20 19:11:44.233781,purchase
U0239,P0112,2026-03-05 19:11:44.233814,view
U0801,P0127,2025-07-09 19:11:44.233848,view
U0089,P0362,2026-01-01 19:11:44.233882,view
U1462,P0029,2025-04-16 19:11:44.233916,view
U0938,P0259,2025-04-12 19:11:44.233949,cart
U1512,P0310,2025-09-16 19:11:44.233987,view
U0162,P0273,2026-01-04 19:11:44.234021,wishlist
U1505,P0073,2025-12-24 19:11:44.234056,view
U0661,P0045,2025-11-14 19:11:44.234090,view
U0219,P0485,2025-06-12 19:11:44.234123,view
U1807,P0359,2025-09-20 19:11:44.234156,cart
U1473,P0475,2025-11-25 19:11:44.234190,view
U0109,P0207,2026-03-24 19:11:44.234223,cart
U0169,P0237,2025-07-06 19:11:44.234265,view
U0037,P0242,2025-07-04 19:11:44.234301,purchase
U1114,P0499,2026-02-13 19:11:44.234335,view
U0604,P0191,2026-01-28 19:11:44.234369,view
U1916,P0391,2025-04-17 19:11:44.234403,view
U1474,P0342,2025-08-01 19:11:44.234438,view
U1660,P0428,2026-01-23 19:11:44.234471,view
U1016,P0389,2025-05-15 19:11:44.234504,cart
U0331,P0047,2025-11-14 19:11:44.234539,view
U1026,P0370,2025-07-29 19:11:44.234573,wishlist
U0260,P0374,2025-05-09 19:11:44.234607,view
U1527,P0059,2025-08-25 19:11:44.234642,view
U0274,P0351,2025-06-05 19:11:44.234676,view
U0587,P0120,2025-10-22 19:11:44.234716,cart
U0480,P0236,2026-01-19 19:11:44.234750,view
U1203,P0008,2025-07-28 19:11:44.234785,view
U0466,P0392,2025-10-12 19:11:44.234819,cart
U0285,P0495,2025-07-12 19:11:44.234854,view
U0333,P0188,2025-07-25 19:11:44.234889,view
U0831,P0215,2025-07-30 19:11:44.234923,purchase
U0375,P0439,2026-02-09 19:11:44.234957,cart
U0233,P0404,2025-06-15 19:11:44.234991,view
U0746,P0438,2025-12-02 19:11:44.235025,cart
U1360,P0423,2026-01-09 19:11:44.235059,view
U0848,P0373,2025-04-22 19:11:44.235096,purchase
U1376,P0317,2025-06-29 19:11:44.235131,view
U0083,P0199,2025-12-17 19:11:44.235168,view
U1496,P0190,2025-05-03 19:11:44.235202,view
U1867,P0337,2025-06-26 19:11:44.235237,cart
U0314,P0357,2025-07-16 19:11:44.235272,cart
U0850,P0377,2025-09-02 19:11:44.235305,purchase
U0215,P0223,2026-03-08 19:11:44.235339,wishlist
U1991,P0317,2025-04-14 19:11:44.235391,wishlist
U1241,P0470,2025-04-13 19:11:44.235425,cart
U1786,P0121,2025-06-12 19:11:44.235459,view
U0552,P0091,2025-06-04 19:11:44.235493,view
U0342,P0326,2026-01-06 19:11:44.235528,cart
U1565,P0282,2026-01-24 19:11:44.235562,view
U1875,P0296,2025-05-19 19:11:44.235596,purchase
U0297,P0114,2025-11-26 19:11:44.235630,view
U0208,P0349,2026-04-04 19:11:44.235663,view
U1933,P0141,2025-08-13 19:11:44.235711,view
U1019,P0358,2025-07-28 19:11:44.235781,view
U0309,P0030,2025-05-17 19:11:44.235843,wishlist
U1221,P0106,2025-09-19 19:11:44.235905,view
U1157,P0377,2026-01-16 19:11:44.235961,cart
U1843,P0382,2026-03-25 19:11:44.236002,view
U1595,P0218,2025-12-31 19:11:44.236039,view
U1333,P0022,2025-08-04 19:11:44.236075,cart
U0802,P0366,2025-10-25 19:11:44.236112,view
U1585,P0365,2025-07-23 19:11:44.236148,view
U0977,P0127,2025-04-06 19:11:44.236184,view
U0702,P0053,2025-12-30 19:11:44.236219,view
U1105,P0191,2025-05-13 19:11:44.236265,cart
U0091,P0222,2026-04-03 19:11:44.236304,wishlist
U0804,P0347,2025-05-09 19:11:44.236340,view
U1746,P0166,2025-12-14 19:11:44.236384,view
U1554,P0157,2025-08-16 19:11:44.236423,view
U1283,P0162,2025-09-06 19:11:44.236459,cart
U1536,P0198,2025-07-31 19:11:44.236495,view
U0384,P0488,2025-12-17 19:11:44.236532,view
U0879,P0280,2025-05-15 19:11:44.236568,view
U0820,P0429,2025-09-11 19:11:44.236605,view
U1610,P0407,2025-06-25 19:11:44.236640,cart
U0645,P0063,2026-01-22 19:11:44.236677,wishlist
U1570,P0263,2025-09-07 19:11:44.236716,view
U0746,P0012,2025-12-29 19:11:44.236753,purchase
U0414,P0133,2025-05-06 19:11:44.236790,view
U0036,P0493,2026-03-20 19:11:44.236826,cart
U1256,P0427,2026-03-26 19:11:44.236861,view
U0357,P0005,2025-06-12 19:11:44.236897,purchase
U0226,P0206,2025-12-22 19:11:44.236932,view
U1793,P0490,2025-08-19 19:11:44.236967,view
U1124,P0301,2025-08-14 19:11:44.237001,view
U0484,P0445,2025-04-14 19:11:44.237035,view
U0616,P0440,2025-11-29 19:11:44.237070,purchase
U0227,P0282,2026-03-24 19:11:44.237103,view
U1899,P0137,2025-04-20 19:11:44.237140,cart
U0992,P0419,2025-12-20 19:11:44.237174,cart
U1260,P0455,2026-03-17 19:11:44.237209,view
U1643,P0418,2026-03-19 19:11:44.237243,view
U0461,P0158,2025-12-27 19:11:44.237277,view
U1529,P0006,2025-06-16 19:11:44.237314,cart
U1841,P0307,2025-06-26 19:11:44.237349,cart
U1887,P0436,2025-05-02 19:11:44.237383,cart
U0216,P0049,2025-11-08 19:11:44.237418,view
U1565,P0116,2025-11-23 19:11:44.237453,purchase
U0938,P0062,2026-02-04 19:11:44.237491,view
U0937,P0085,2025-08-22 19:11:44.237527,view
U1389,P0181,2025-05-25 19:11:44.237561,cart
U0313,P0328,2025-12-12 19:11:44.237595,cart
U0729,P0089,2025-10-22 19:11:44.237629,view
U0304,P0397,2025-11-16 19:11:44.237663,view
U1357,P0371,2025-05-27 19:11:44.237696,wishlist
U0571,P0238,2025-05-19 19:11:44.237731,view
U1469,P0360,2025-05-30 19:11:44.237764,purchase
U0032,P0288,2025-10-12 19:11:44.237799,view
U0295,P0467,2026-03-19 19:11:44.237833,purchase
U0465,P0357,2025-05-19 19:11:44.237867,view
U1320,P0034,2025-12-04 19:11:44.237901,wishlist
U1612,P0062,2025-06-14 19:11:44.237934,view
U1604,P0035,2025-07-31 19:11:44.237968,cart
U1288,P0009,2025-10-24 19:11:44.238002,cart
U0882,P0204,2025-04-28 19:11:44.238035,wishlist
U1397,P0387,2025-05-25 19:11:44.238069,purchase
U0487,P0018,2025-05-29 19:11:44.238104,view
U0345,P0016,2026-02-01 19:11:44.238138,view
U0806,P0057,2025-07-15 19:11:44.238172,cart
U1249,P0285,2025-11-11 19:11:44.238206,view
U0163,P0229,2026-03-31 19:11:44.238240,view
U1957,P0220,2025-09-26 19:11:44.238282,purchase
U0556,P0459,2025-12-31 19:11:44.238318,view
U0139,P0433,2026-03-19 19:11:44.238354,view
U1251,P0406,2025-11-19 19:11:44.238389,view
U0654,P0070,2025-06-29 19:11:44.238424,cart
U1617,P0095,2025-10-04 19:11:44.238462,view
U0275,P0331,2026-03-02 19:11:44.238496,view
U0728,P0003,2026-01-11 19:11:44.238530,purchase
U1635,P0301,2025-11-21 19:11:44.238563,cart
U0898,P0011,2025-10-11 19:11:44.238600,view
U1111,P0135,2025-12-27 19:11:44.238633,purchase
U1142,P0468,2025-12-17 19:11:44.238666,view
U1661,P0442,2025-04-10 19:11:44.238699,view
U1598,P0094,2025-10-21 19:11:44.238732,view
U1024,P0255,2025-06-24 19:11:44.238764,view
U0112,P0285,2025-04-06 19:11:44.238797,view
U1327,P0216,2025-09-17 19:11:44.238831,wishlist
U1322,P0213,2025-07-09 19:11:44.238883,view
U0232,P0148,2025-04-11 19:11:44.238917,wishlist
U0605,P0285,2025-06-07 19:11:44.238952,view
U1092,P0310,2025-08-09 19:11:44.238986,view
U0165,P0329,2025-10-22 19:11:44.239020,view
U0231,P0054,2025-08-31 19:11:44.239053,view
U1854,P0488,2025-06-10 19:11:44.239085,purchase
U1473,P0476,2025-10-13 19:11:44.239120,cart
U1159,P0161,2025-11-29 19:11:44.239154,view
U1704,P0016,2026-01-05 19:11:44.239187,view
U0693,P0309,2025-07-19 19:11:44.239222,cart
U1686,P0163,2026-03-27 19:11:44.239258,view
U1989,P0423,2025-10-30 19:11:44.239293,view
U0395,P0025,2026-02-10 19:11:44.239328,view
U1105,P0251,2025-12-07 19:11:44.239367,view
U1041,P0023,2026-01-12 19:11:44.239403,view
U1461,P0428,2025-06-26 19:11:44.239436,view
U0533,P0392,2025-07-03 19:11:44.239475,view
U1431,P0023,2025-04-25 19:11:44.239509,view
U1608,P0193,2025-11-24 19:11:44.239542,view
U1326,P0496,2026-03-08 19:11:44.239576,wishlist
U1606,P0308,2025-11-05 19:11:44.239609,view
U0664,P0487,2025-04-05 19:11:44.239643,purchase
U0045,P0087,2025-07-27 19:11:44.239677,wishlist
U1644,P0370,2025-09-12 19:11:44.239713,view
U0395,P0137,2025-09-13 19:11:44.239746,cart
U1666,P0065,2025-09-11 19:11:44.239779,view
U0357,P0476,2026-01-16 19:11:44.239812,view
U1871,P0198,2025-11-24 19:11:44.239845,view
U1961,P0499,2025-06-22 19:11:44.239879,wishlist
U0098,P0428,2026-03-24 19:11:44.239915,view
U1217,P0003,2026-03-05 19:11:44.239950,view
U1805,P0423,2026-03-24 19:11:44.239982,view
U1010,P0337,2025-12-29 19:11:44.240016,view
U0611,P0015,2025-11-11 19:11:44.240048,cart
U0880,P0493,2025-09-21 19:11:44.240080,view
U0070,P0372,2025-12-27 19:11:44.240113,view
U1549,P0093,2025-06-24 19:11:44.240145,cart
U0746,P0305,2025-07-03 19:11:44.240178,view
U0913,P0168,2025-07-18 19:11:44.240213,view
U0497,P0137,2025-10-19 19:11:44.240246,cart
U1837,P0154,2026-01-14 19:11:44.240286,cart
U0653,P0436,2026-02-09 19:11:44.240321,view
U1013,P0267,2025-09-23 19:11:44.240356,view
U0322,P0226,2025-04-24 19:11:44.240389,cart
U0965,P0439,2025-09-16 19:11:44.240423,purchase
U0126,P0114,2025-07-28 19:11:44.240457,view
U0481,P0080,2026-03-16 19:11:44.240490,cart
U1159,P0097,2025-07-06 19:11:44.240522,view
U0325,P0043,2025-04-15 19:11:44.240555,purchase
U1454,P0387,2025-09-07 19:11:44.240587,view
U0273,P0216,2025-10-11 19:11:44.240620,view
U1226,P0448,2025-10-19 19:11:44.240652,view
U1999,P0024,2026-02-20 19:11:44.240685,view
U0480,P0385,2025-09-07 19:11:44.240717,purchase
U1876,P0172,2025-07-20 19:11:44.240751,view
U1422,P0416,2025-09-19 19:11:44.240785,view
U1013,P0184,2025-08-07 19:11:44.240819,wishlist
U0668,P0097,2025-12-03 19:11:44.240852,view
U0572,P0467,2025-06-08 19:11:44.240886,cart
U1966,P0239,2025-10-07 19:11:44.240920,view
U1055,P0064,2025-12-12 19:11:44.240954,view
U1611,P0025,2025-11-10 19:11:44.240988,view
U1513,P0295,2025-05-06 19:11:44.241021,view
U1129,P0398,2025-04-21 19:11:44.241054,wishlist
U1889,P0178,2025-06-02 19:11:44.241087,wishlist
U1863,P0206,2025-12-24 19:11:44.241121,view
U1142,P0114,2026-03-19 19:11:44.241154,purchase
U1152,P0218,2026-01-09 19:11:44.241187,view
U0266,P0409,2025-04-19 19:11:44.241220,cart
U0393,P0174,2026-01-27 19:11:44.241254,cart
U0178,P0271,2025-07-15 19:11:44.241288,view
U0261,P0241,2025-09-19 19:11:44.241322,wishlist
U1982,P0146,2025-10-26 19:11:44.241357,view
U1197,P0162,2025-09-03 19:11:44.241390,view
U0320,P0073,2025-05-09 19:11:44.241425,view
U0603,P0495,2025-04-29 19:11:44.241459,purchase
U0438,P0208,2025-10-04 19:11:44.241492,cart
U1889,P0421,2025-09-16 19:11:44.241528,purchase
U0256,P0144,2025-10-30 19:11:44.241564,view
U0800,P0325,2025-10-16 19:11:44.241599,view
U0500,P0482,2026-02-20 19:11:44.241634,view
U0427,P0445,2025-11-20 19:11:44.241670,wishlist
U1066,P0202,2025-08-27 19:11:44.241704,cart
U0340,P0445,2026-03-20 19:11:44.241738,view
U0552,P0415,2025-06-02 19:11:44.241802,purchase
U1723,P0481,2026-02-18 19:11:44.241837,view
U0325,P0429,2025-07-26 19:11:44.241871,view
U0939,P0313,2025-09-19 19:11:44.241905,view
U0042,P0146,2025-12-07 19:11:44.241939,view
U0183,P0418,2026-03-28 19:11:44.241972,view
U1393,P0226,2025-12-07 19:11:44.242006,view
U1293,P0170,2025-12-18 19:11:44.242039,view
U0114,P0022,2025-09-14 19:11:44.242072,view
U0537,P0307,2025-12-10 19:11:44.242106,view
U0866,P0342,2025-06-03 19:11:44.242140,view
U0582,P0166,2025-12-21 19:11:44.242173,cart
U1949,P0139,2025-08-21 19:11:44.242207,cart
U1765,P0475,2025-10-05 19:11:44.242240,view
U0536,P0017,2025-12-07 19:11:44.242286,view
U1921,P0136,2026-02-28 19:11:44.242321,cart
U1448,P0079,2025-09-29 19:11:44.242354,view
U0566,P0450,2026-01-22 19:11:44.242388,view
U1560,P0157,2025-12-09 19:11:44.242422,view
U1333,P0023,2025-08-04 19:11:44.242454,purchase
U0872,P0053,2025-09-08 19:11:44.242487,view
U1288,P0164,2025-04-10 19:11:44.242519,cart
U1904,P0048,2026-03-26 19:11:44.242554,cart
U2000,P0199,2025-10-29 19:11:44.242587,view
U1515,P0457,2025-04-13 19:11:44.242621,view
U0164,P0428,2025-10-15 19:11:44.242654,cart
U1633,P0437,2026-03-03 19:11:44.242686,view
U1325,P0213,2025-07-14 19:11:44.242719,wishlist
U0690,P0379,2025-08-09 19:11:44.242751,view
U0893,P0155,2026-02-09 19:11:44.242784,view
U1126,P0206,2025-12-02 19:11:44.242817,view
U1652,P0238,2026-03-15 19:11:44.242849,purchase
U0549,P0417,2025-08-31 19:11:44.242881,wishlist
U0222,P0274,2026-01-10 19:11:44.242915,view
U0784,P0327,2025-04-15 19:11:44.242951,view
U0579,P0116,2026-01-21 19:11:44.242984,cart
U1863,P0396,2025-11-27 19:11:44.243017,purchase
U0433,P0189,2026-02-28 19:11:44.243049,view
U0224,P0423,2025-12-20 19:11:44.243095,view
U1623,P0345,2026-02-26 19:11:44.243156,wishlist
U1276,P0053,2025-11-23 19:11:44.243197,cart
U1265,P0089,2025-04-05 19:11:44.243234,wishlist
U0160,P0370,2025-11-16 19:11:44.243273,cart
U0732,P0152,2025-06-17 19:11:44.243309,view
U1332,P0153,2025-07-26 19:11:44.243345,view
U1928,P0483,2025-11-05 19:11:44.243381,view
U0105,P0433,2025-09-15 19:11:44.243417,purchase
U0812,P0131,2026-01-14 19:11:44.243452,view
U1424,P0372,2025-12-02 19:11:44.243487,cart
U1398,P0390,2025-06-26 19:11:44.243522,view
U0964,P0111,2025-10-23 19:11:44.243557,view
U1192,P0090,2026-02-04 19:11:44.243591,view
U1984,P0025,2025-12-20 19:11:44.243625,cart
U0904,P0417,2026-03-21 19:11:44.243658,wishlist
U0659,P0179,2025-11-15 19:11:44.243693,view
U0204,P0376,2025-07-17 19:11:44.243728,view
U0417,P0320,2026-03-14 19:11:44.243762,purchase
U1687,P0409,2026-02-23 19:11:44.243796,view
U0673,P0006,2025-06-10 19:11:44.243832,view
U1657,P0097,2025-12-19 19:11:44.243866,purchase
U0664,P0121,2025-07-29 19:11:44.243899,view
U1699,P0320,2025-05-12 19:11:44.243931,view
U0690,P0043,2025-12-06 19:11:44.243968,wishlist
U0877,P0127,2025-06-14 19:11:44.244001,wishlist
U0524,P0411,2025-06-01 19:11:44.244035,purchase
U0341,P0193,2025-12-31 19:11:44.244069,view
U1507,P0446,2026-01-04 19:11:44.244107,view
U1766,P0413,2025-07-21 19:11:44.244141,view
U1726,P0340,2025-04-23 19:11:44.244175,view
U1505,P0107,2025-10-26 19:11:44.244208,view
U1757,P0173,2025-05-23 19:11:44.244241,view
U0782,P0302,2025-11-07 19:11:44.244286,purchase
U1397,P0203,2026-03-30 19:11:44.244324,view
U0332,P0088,2025-10-24 19:11:44.244359,view
U0859,P0165,2025-08-30 19:11:44.244393,purchase
U0137,P0083,2026-03-23 19:11:44.244426,view
U1835,P0121,2026-01-27 19:11:44.244461,view
U1224,P0372,2025-06-27 19:11:44.244494,view
U0411,P0487,2025-11-15 19:11:44.244528,view
U0934,P0116,2025-10-27 19:11:44.244562,wishlist
U0390,P0251,2025-06-10 19:11:44.244596,view
U0790,P0305,2026-02-19 19:11:44.244630,view
U1382,P0010,2025-04-11 19:11:44.244664,view
U0197,P0047,2026-02-16 19:11:44.244697,view
U1473,P0471,2025-12-24 19:11:44.244731,cart
U1731,P0376,2025-05-20 19:11:44.244765,view
U0085,P0142,2025-08-30 19:11:44.244802,cart
U1328,P0360,2025-09-22 19:11:44.244835,view
U1857,P0090,2026-04-02 19:11:44.244867,view
U0962,P0371,2025-04-09 19:11:44.244900,view
U1851,P0112,2025-09-25 19:11:44.244935,view
U1533,P0215,2026-02-05 19:11:44.244971,view
U1111,P0459,2025-11-27 19:11:44.245006,view
U1312,P0001,2025-10-12 19:11:44.245042,view
U0048,P0159,2026-01-06 19:11:44.245078,view
U1978,P0331,2025-07-24 19:11:44.245112,view
U0179,P0096,2025-05-17 19:11:44.245147,purchase
U0684,P0117,2025-06-20 19:11:44.245182,view
U1201,P0321,2025-12-18 19:11:44.245220,purchase
U1722,P0249,2025-06-13 19:11:44.245257,cart
U0668,P0224,2025-10-03 19:11:44.245292,purchase
U1332,P0242,2026-03-28 19:11:44.245325,wishlist
U0644,P0256,2026-02-20 19:11:44.245360,wishlist
U0073,P0188,2026-01-21 19:11:44.245393,cart
U1564,P0304,2026-01-20 19:11:44.245426,wishlist
U1679,P0280,2026-02-09 19:11:44.245461,wishlist
U1622,P0390,2025-07-31 19:11:44.245495,purchase
U0956,P0488,2025-08-21 19:11:44.245529,view
U0945,P0472,2025-12-25 19:11:44.245564,view
U0640,P0155,2025-04-14 19:11:44.245599,view
U0163,P0324,2025-04-14 19:11:44.245634,purchase
U0210,P0106,2025-12-21 19:11:44.245668,cart
U1738,P0353,2025-07-17 19:11:44.245703,view
U1141,P0080,2025-09-21 19:11:44.245738,view
U0581,P0203,2025-10-28 19:11:44.245774,view
U0868,P0238,2026-02-15 19:11:44.245807,view
U1589,P0453,2025-05-16 19:11:44.245841,cart
U1538,P0347,2026-02-08 19:11:44.245876,view
U1693,P0355,2025-11-04 19:11:44.245910,cart
U0498,P0113,2025-04-23 19:11:44.245943,view
U0596,P0329,2025-08-08 19:11:44.245977,view
U1947,P0106,2025-06-26 19:11:44.246011,purchase
U1065,P0256,2026-01-30 19:11:44.246045,wishlist
U1159,P0313,2026-02-11 19:11:44.246078,view
U1645,P0252,2025-05-09 19:11:44.246112,view
U0656,P0253,2025-05-13 19:11:44.246145,cart
U0118,P0360,2025-11-24 19:11:44.246178,view
U1910,P0097,2025-11-01 19:11:44.246212,view
U1090,P0499,2025-07-14 19:11:44.246245,view
U1808,P0238,2025-09-29 19:11:44.246290,view
U0469,P0246,2026-02-24 19:11:44.246328,wishlist
U0114,P0297,2025-12-28 19:11:44.246362,cart
U0713,P0468,2026-01-08 19:11:44.246396,cart
U0344,P0271,2025-06-22 19:11:44.246430,view
U0650,P0293,2025-09-21 19:11:44.246464,purchase
U0391,P0311,2025-04-08 19:11:44.246498,wishlist
U1352,P0256,2025-12-10 19:11:44.246531,view
U0727,P0472,2025-06-28 19:11:44.246564,view
U0640,P0499,2025-04-28 19:11:44.246598,view
U0711,P0191,2025-05-20 19:11:44.246631,purchase
U0126,P0276,2025-05-01 19:11:44.246664,purchase
U0783,P0395,2025-10-16 19:11:44.246697,cart
U0229,P0447,2025-08-22 19:11:44.246731,cart
U1394,P0255,2026-03-20 19:11:44.246765,view
U1253,P0218,2025-04-23 19:11:44.246798,cart
U1968,P0238,2025-06-07 19:11:44.246833,view
U0327,P0176,2026-01-31 19:11:44.246873,cart
U1868,P0405,2025-11-18 19:11:44.246906,view
U0889,P0041,2025-04-21 19:11:44.246941,view
U1348,P0371,2025-09-18 19:11:44.246979,view
U0590,P0131,2026-03-26 19:11:44.247014,view
U0425,P0104,2025-08-21 19:11:44.247047,view
U0762,P0102,2025-05-28 19:11:44.247080,view
U0092,P0016,2025-04-11 19:11:44.247114,view
U1496,P0024,2026-03-18 19:11:44.247149,cart
U0408,P0026,2025-06-03 19:11:44.247183,view
U0163,P0089,2025-06-08 19:11:44.247218,view
U1792,P0137,2025-05-12 19:11:44.247252,purchase
U0912,P0127,2025-12-27 19:11:44.247287,view
U0758,P0173,2025-08-22 19:11:44.247320,view
U1367,P0255,2025-04-10 19:11:44.247355,wishlist
U0732,P0185,2026-02-16 19:11:44.247392,view
U0206,P0032,2025-12-08 19:11:44.247426,cart
U0687,P0386,2025-12-25 19:11:44.247460,view
U1740,P0233,2025-04-22 19:11:44.247494,purchase
U1629,P0180,2025-05-13 19:11:44.247527,cart
U1668,P0105,2025-05-25 19:11:44.247567,wishlist
U0861,P0109,2025-04-25 19:11:44.247600,view
U0258,P0160,2025-09-02 19:11:44.247633,purchase
U1840,P0105,2025-06-17 19:11:44.247665,view
U0533,P0492,2026-01-20 19:11:44.247699,view
U0159,P0238,2026-01-15 19:11:44.247732,cart
U0263,P0237,2025-11-13 19:11:44.247767,view
U0168,P0440,2026-02-21 19:11:44.247800,purchase
U0638,P0462,2026-03-13 19:11:44.247834,cart
U0240,P0183,2025-09-06 19:11:44.247869,view
U0755,P0417,2025-08-29 19:11:44.247902,view
U0536,P0254,2026-01-28 19:11:44.247936,view
U0343,P0446,2025-11-07 19:11:44.247971,wishlist
U0996,P0027,2025-04-08 19:11:44.248008,view
U0461,P0457,2026-01-12 19:11:44.248042,view
U1870,P0086,2025-05-26 19:11:44.248076,view
U1108,P0297,2025-04-10 19:11:44.248111,cart
U1296,P0271,2025-04-22 19:11:44.248145,cart
U1822,P0266,2026-02-06 19:11:44.248180,view
U0137,P0135,2025-08-28 19:11:44.248215,view
U1191,P0446,2025-06-05 19:11:44.248250,cart
U1095,P0259,2025-05-01 19:11:44.248292,view
U0417,P0105,2025-08-09 19:11:44.248328,view
U1033,P0042,2025-04-25 19:11:44.248363,view
U1667,P0308,2025-11-11 19:11:44.248397,purchase
U1964,P0404,2025-08-31 19:11:44.248430,view
U1479,P0086,2025-04-10 19:11:44.248462,view
U1632,P0235,2025-04-15 19:11:44.248497,view
U1214,P0495,2026-01-21 19:11:44.248531,view
U1200,P0213,2025-08-10 19:11:44.248563,purchase
U0703,P0481,2025-12-20 19:11:44.248597,view
U1954,P0485,2025-11-23 19:11:44.248630,cart
U0710,P0037,2025-11-21 19:11:44.248663,view
U1014,P0465,2025-07-23 19:11:44.248697,view
U1175,P0446,2025-06-04 19:11:44.248730,view
U0258,P0241,2025-07-11 19:11:44.248764,wishlist
U1839,P0046,2025-08-01 19:11:44.248797,view
U1202,P0367,2025-07-17 19:11:44.248830,purchase
U1897,P0282,2025-05-06 19:11:44.248870,cart
U0830,P0043,2025-06-21 19:11:44.248904,wishlist
U1754,P0330,2026-01-31 19:11:44.248936,view
U1105,P0185,2025-08-22 19:11:44.248968,view
U1420,P0122,2025-09-20 19:11:44.249000,wishlist
U1153,P0011,2025-04-09 19:11:44.249032,cart
U0090,P0143,2025-06-29 19:11:44.249064,view
U0292,P0161,2025-05-23 19:11:44.249096,purchase
U0774,P0376,2025-10-02 19:11:44.249128,view
U0315,P0146,2026-03-28 19:11:44.249159,view
U1318,P0149,2025-04-26 19:11:44.249190,purchase
U1103,P0460,2026-01-16 19:11:44.249221,cart
U1760,P0071,2025-06-22 19:11:44.249254,view
U0249,P0476,2025-04-12 19:11:44.249287,purchase
U1260,P0192,2025-09-27 19:11:44.249320,view
U0058,P0166,2026-03-05 19:11:44.249353,cart
U1739,P0406,2025-12-10 19:11:44.249385,view
U0097,P0273,2025-10-16 19:11:44.249417,view
U1944,P0476,2025-07-17 19:11:44.249450,view
U1550,P0183,2025-12-23 19:11:44.249482,view
U0805,P0461,2025-07-20 19:11:44.249514,wishlist
U0495,P0431,2025-11-15 19:11:44.249553,view
U1718,P0102,2025-11-28 19:11:44.249586,view
U0874,P0118,2026-01-01 19:11:44.249618,view
U1017,P0075,2025-11-10 19:11:44.249651,view
U1632,P0006,2025-07-23 19:11:44.249683,view
U0347,P0028,2025-08-08 19:11:44.249717,view
U0666,P0466,2025-05-18 19:11:44.249749,wishlist
U0725,P0058,2025-10-26 19:11:44.249783,cart
U0731,P0299,2025-08-23 19:11:44.249815,view
U1238,P0191,2025-05-07 19:11:44.249848,wishlist
U1781,P0096,2025-11-06 19:11:44.249880,view
U0745,P0022,2026-03-02 19:11:44.249912,view
U1608,P0274,2025-09-30 19:11:44.249944,cart
U1081,P0368,2025-10-30 19:11:44.249977,purchase
U1840,P0115,2025-12-15 19:11:44.250011,view
U1177,P0482,2025-08-04 19:11:44.250043,view
U1663,P0230,2025-08-02 19:11:44.250076,view
U1185,P0263,2025-06-23 19:11:44.250110,cart
U0667,P0163,2025-11-21 19:11:44.250142,view
U0641,P0295,2025-04-29 19:11:44.250174,view
U1396,P0061,2025-04-10 19:11:44.250206,cart
U1648,P0035,2026-01-11 19:11:44.250239,view
U0716,P0434,2025-11-21 19:11:44.250271,cart
U1523,P0162,2025-12-09 19:11:44.250318,view
U0436,P0499,2025-04-15 19:11:44.250353,cart
U1150,P0412,2026-02-25 19:11:44.250390,purchase
U0269,P0299,2025-11-23 19:11:44.250423,view
U1706,P0187,2025-10-16 19:11:44.250457,view
U1095,P0380,2025-09-03 19:11:44.250490,cart
U1701,P0154,2025-10-27 19:11:44.250523,cart
U0202,P0091,2025-10-07 19:11:44.250566,view
U0472,P0405,2025-07-26 19:11:44.250601,purchase
U1959,P0084,2026-02-03 19:11:44.250634,view
U1797,P0480,2025-04-05 19:11:44.250668,view
U1523,P0372,2025-05-11 19:11:44.250701,view
U0332,P0267,2025-04-17 19:11:44.250734,view
U0755,P0302,2025-05-22 19:11:44.250766,wishlist
U1675,P0132,2025-10-03 19:11:44.250799,view
U1447,P0231,2025-05-19 19:11:44.250831,view
U0583,P0251,2025-09-15 19:11:44.250863,view
U0782,P0107,2025-05-23 19:11:44.250894,cart
U1398,P0174,2025-09-30 19:11:44.250929,view
U0964,P0128,2025-07-25 19:11:44.250962,view
U0253,P0169,2026-01-15 19:11:44.250993,view
U0843,P0128,2026-02-03 19:11:44.251027,view
U0297,P0339,2026-03-07 19:11:44.251060,wishlist
U0878,P0379,2026-03-23 19:11:44.251093,cart
U0206,P0236,2025-11-07 19:11:44.251125,view
U0953,P0375,2025-10-08 19:11:44.251158,cart
U1561,P0236,2025-04-08 19:11:44.251190,cart
U0807,P0100,2026-03-16 19:11:44.251223,cart
U0742,P0163,2025-09-02 19:11:44.251256,view
U1026,P0168,2026-01-16 19:11:44.251288,view
U0108,P0391,2025-11-22 19:11:44.251321,view
U0488,P0260,2025-06-06 19:11:44.251354,view
U1006,P0062,2025-05-13 19:11:44.251387,view
U1790,P0293,2026-01-23 19:11:44.251421,purchase
U1190,P0005,2025-10-04 19:11:44.251455,view
U1936,P0444,2026-02-11 19:11:44.251488,view
U0015,P0048,2026-01-25 19:11:44.251522,wishlist
U0953,P0235,2025-09-14 19:11:44.251554,view
U0477,P0261,2025-12-06 19:11:44.251587,wishlist
U1387,P0368,2026-01-05 19:11:44.251639,cart
U0476,P0171,2025-09-30 19:11:44.251698,view
U1148,P0077,2025-09-26 19:11:44.251752,view
U0759,P0453,2025-09-03 19:11:44.251809,view
U1822,P0417,2026-01-08 19:11:44.251862,view
U0963,P0049,2026-02-22 19:11:44.251913,purchase
U0618,P0342,2025-09-07 19:11:44.251967,view
U0162,P0239,2026-03-06 19:11:44.252019,wishlist
U0867,P0030,2026-01-04 19:11:44.252072,view
U1888,P0128,2026-03-04 19:11:44.252125,purchase
U0653,P0380,2025-06-29 19:11:44.252181,view
U1205,P0090,2025-11-16 19:11:44.252235,cart
U1004,P0044,2025-08-26 19:11:44.252305,view
U0954,P0388,2026-04-05 19:11:44.252360,view
U1313,P0482,2025-05-16 19:11:44.252419,view
U0589,P0458,2025-11-04 19:11:44.252471,purchase
U0318,P0127,2025-08-16 19:11:44.252521,view
U0818,P0035,2025-12-02 19:11:44.252578,view
U1011,P0250,2025-07-16 19:11:44.252628,view
U0970,P0409,2025-08-19 19:11:44.252681,view
U0006,P0387,2025-07-01 19:11:44.252734,view
U1054,P0374,2025-07-09 19:11:44.252798,view
U1145,P0297,2025-09-22 19:11:44.252852,cart
U1909,P0329,2025-04-21 19:11:44.252907,cart
U0785,P0483,2025-12-14 19:11:44.252965,view
U1500,P0347,2026-02-26 19:11:44.253016,view
U0982,P0470,2025-07-12 19:11:44.253065,cart
U1479,P0322,2025-05-04 19:11:44.253123,view
U0410,P0155,2026-02-03 19:11:44.253177,view
U0662,P0175,2026-03-23 19:11:44.253224,cart
U1730,P0438,2025-08-13 19:11:44.253271,view
U0689,P0051,2025-06-20 19:11:44.253324,purchase
U0696,P0298,2025-09-01 19:11:44.253377,view
U0984,P0344,2025-04-30 19:11:44.253432,view
U1603,P0482,2025-10-02 19:11:44.253481,view
U0348,P0067,2025-12-10 19:11:44.253530,cart
U1570,P0092,2026-01-29 19:11:44.253588,cart
U0375,P0044,2025-10-19 19:11:44.253638,view
U0666,P0291,2025-12-04 19:11:44.253690,cart
U1077,P0480,2026-03-25 19:11:44.253738,cart
U0966,P0333,2025-04-28 19:11:44.253786,cart
U1723,P0247,2025-09-19 19:11:44.253835,cart
U1305,P0087,2025-12-23 19:11:44.253886,view
U0188,P0056,2026-02-22 19:11:44.253937,view
U1819,P0372,2025-06-29 19:11:44.253988,view
U0800,P0063,2026-02-03 19:11:44.254040,purchase
U0346,P0353,2025-08-30 19:11:44.254093,view
U1107,P0436,2025-06-27 19:11:44.254148,wishlist
U0654,P0014,2025-05-21 19:11:44.254196,view
U1625,P0127,2025-09-10 19:11:44.254233,cart
U0904,P0490,2025-11-25 19:11:44.254269,view
U1429,P0236,2026-02-25 19:11:44.254317,cart
U0392,P0082,2025-08-13 19:11:44.254354,wishlist
U0796,P0105,2026-03-19 19:11:44.254389,view
U1669,P0094,2025-08-25 19:11:44.254423,wishlist
U0202,P0415,2025-11-08 19:11:44.254459,view
U1104,P0373,2025-05-06 19:11:44.254495,view
U1687,P0121,2026-03-19 19:11:44.254530,view
U1060,P0404,2025-07-29 19:11:44.254564,cart
U1223,P0209,2025-07-10 19:11:44.254599,view
U1071,P0402,2026-02-26 19:11:44.254632,view
U0404,P0375,2025-05-17 19:11:44.254665,purchase
U0330,P0401,2025-10-21 19:11:44.254698,cart
U0803,P0488,2025-08-30 19:11:44.254733,view
U1238,P0372,2026-03-03 19:11:44.254766,view
U0249,P0172,2026-01-31 19:11:44.254807,purchase
U0409,P0329,2025-08-28 19:11:44.254848,view
U0121,P0321,2025-05-01 19:11:44.254888,view
U1550,P0059,2025-08-29 19:11:44.254923,view
U0480,P0459,2026-02-09 19:11:44.254958,view
U1082,P0312,2025-09-29 19:11:44.254991,cart
U0593,P0280,2026-02-22 19:11:44.255025,view
U1404,P0362,2026-03-06 19:11:44.255059,view
U1792,P0250,2025-05-02 19:11:44.255092,view
U1670,P0053,2025-07-29 19:11:44.255127,view
U0274,P0445,2026-02-04 19:11:44.255160,view
U1395,P0471,2025-04-30 19:11:44.255194,view
U0017,P0374,2025-05-13 19:11:44.255228,view
U1431,P0145,2025-11-09 19:11:44.255262,view
U1332,P0203,2025-07-03 19:11:44.255296,purchase
U0609,P0007,2025-11-20 19:11:44.255330,purchase
U1212,P0173,2026-04-04 19:11:44.255363,cart
U1745,P0433,2025-07-30 19:11:44.255397,purchase
U1205,P0011,2025-05-12 19:11:44.255434,view
U0069,P0349,2026-03-26 19:11:44.255468,wishlist
U0276,P0404,2025-11-16 19:11:44.255502,wishlist
U0787,P0244,2026-03-07 19:11:44.255535,view
U1866,P0088,2026-03-11 19:11:44.255568,cart
U1773,P0463,2025-07-12 19:11:44.255624,wishlist
U0365,P0400,2026-01-13 19:11:44.255662,view
U1056,P0486,2025-04-09 19:11:44.255698,cart
U1261,P0469,2025-09-28 19:11:44.255733,cart
U0976,P0499,2025-11-20 19:11:44.255767,view
U0603,P0323,2025-12-02 19:11:44.255801,purchase
U1595,P0248,2025-08-07 19:11:44.255834,wishlist
U0833,P0317,2025-04-13 19:11:44.255869,view
U1601,P0130,2026-02-01 19:11:44.255911,wishlist
U0113,P0459,2025-06-22 19:11:44.255945,cart
U0005,P0488,2026-02-05 19:11:44.255979,view
U0931,P0241,2025-12-14 19:11:44.256013,purchase
U0468,P0262,2025-10-07 19:11:44.256046,cart
U0855,P0094,2025-05-30 19:11:44.256080,cart
U0767,P0105,2026-03-14 19:11:44.256112,view
U0323,P0177,2026-03-28 19:11:44.256147,view
U1331,P0429,2025-11-02 19:11:44.256181,purchase
U1481,P0055,2026-02-22 19:11:44.256215,view
U1587,P0499,2025-10-01 19:11:44.256249,view
U1749,P0047,2025-10-01 19:11:44.256284,view
U0312,P0024,2025-04-27 19:11:44.256326,view
U1802,P0142,2025-08-04 19:11:44.256362,view
U0584,P0412,2026-01-13 19:11:44.256396,wishlist
U1301,P0411,2025-11-21 19:11:44.256430,view
U0524,P0089,2025-06-16 19:11:44.256464,cart
U0253,P0077,2025-05-27 19:11:44.256500,cart
U0557,P0010,2025-06-17 19:11:44.256534,view
U0889,P0426,2025-07-11 19:11:44.256575,cart
U1966,P0218,2025-10-22 19:11:44.256615,view
U1785,P0015,2025-07-05 19:11:44.256651,purchase
U0770,P0499,2026-01-27 19:11:44.256686,view
U1707,P0204,2025-06-14 19:11:44.256721,view
U0822,P0372,2025-09-17 19:11:44.256755,view
U0734,P0495,2026-01-23 19:11:44.256788,view
U1468,P0436,2025-05-21 19:11:44.256821,view
U1760,P0420,2025-11-06 19:11:44.256854,view
U1479,P0117,2026-02-24 19:11:44.256888,view
U0805,P0111,2026-02-12 19:11:44.256921,view
U1838,P0129,2025-10-19 19:11:44.256954,view
U0751,P0398,2026-04-03 19:11:44.256988,view
U1938,P0321,2026-01-17 19:11:44.257043,view
U1626,P0311,2026-02-12 19:11:44.257078,view
U0034,P0076,2025-10-25 19:11:44.257113,cart
U0700,P0360,2026-03-09 19:11:44.257149,view
U0970,P0262,2025-04-17 19:11:44.257183,view
U0036,P0252,2025-08-16 19:11:44.257218,view
U1175,P0419,2025-04-26 19:11:44.257253,view
U0671,P0116,2026-01-01 19:11:44.257289,view
U0041,P0386,2026-01-16 19:11:44.257323,cart
U1363,P0034,2025-11-04 19:11:44.257358,view
U0584,P0500,2025-11-06 19:11:44.257391,wishlist
U0079,P0340,2025-11-28 19:11:44.257425,cart
U1589,P0427,2025-08-07 19:11:44.257457,view
U0310,P0100,2025-04-09 19:11:44.257490,purchase
U0600,P0296,2025-05-22 19:11:44.257523,cart
U0362,P0058,2025-11-29 19:11:44.257560,cart
U0579,P0116,2025-09-14 19:11:44.257593,view
U0396,P0055,2025-12-28 19:11:44.257628,view
U1694,P0114,2025-12-28 19:11:44.257662,view
U1397,P0227,2025-08-31 19:11:44.257695,cart
U0183,P0308,2026-03-30 19:11:44.257729,view
U0650,P0401,2025-10-27 19:11:44.257762,view
U0670,P0197,2025-04-10 19:11:44.257796,view
U1419,P0470,2025-12-29 19:11:44.257829,view
U0740,P0146,2025-11-21 19:11:44.257868,purchase
U1506,P0208,2026-03-23 19:11:44.257901,view
U1486,P0085,2026-01-20 19:11:44.257935,cart
U1683,P0033,2026-02-21 19:11:44.257968,view
U1212,P0066,2025-04-09 19:11:44.258001,view
U1931,P0265,2025-06-13 19:11:44.258036,view
U0053,P0433,2025-10-19 19:11:44.258071,view
U1385,P0100,2025-08-22 19:11:44.258104,cart
U0246,P0318,2025-07-21 19:11:44.258139,view
U0242,P0015,2025-05-14 19:11:44.258171,view
U0510,P0309,2025-05-06 19:11:44.258204,view
U1333,P0474,2025-05-08 19:11:44.258237,view
U1216,P0324,2025-12-28 19:11:44.258279,wishlist
U0282,P0406,2025-08-12 19:11:44.258322,cart
U1962,P0025,2026-04-02 19:11:44.258358,view
U0845,P0264,2026-02-08 19:11:44.258392,view
U1649,P0393,2025-06-01 19:11:44.258425,wishlist
U1752,P0328,2025-09-17 19:11:44.258457,purchase
U1538,P0266,2025-11-28 19:11:44.258490,purchase
U1584,P0238,2025-12-04 19:11:44.258522,cart
U0927,P0422,2026-01-22 19:11:44.258554,cart
U0839,P0171,2025-04-07 19:11:44.258586,view
U0514,P0175,2025-08-18 19:11:44.258619,wishlist
U1843,P0391,2025-07-05 19:11:44.258651,wishlist
U0353,P0409,2025-06-24 19:11:44.258684,view
U0132,P0394,2025-07-14 19:11:44.258716,wishlist
U0301,P0391,2026-04-03 19:11:44.258748,view
U1397,P0371,2025-08-04 19:11:44.258781,view
U1810,P0433,2025-12-18 19:11:44.258814,view
U1771,P0213,2025-09-16 19:11:44.258846,view
U1844,P0418,2025-09-24 19:11:44.258878,view
U0853,P0340,2026-02-14 19:11:44.258910,view
U0219,P0173,2025-05-12 19:11:44.258942,wishlist
U0039,P0413,2025-08-24 19:11:44.258974,view
U0298,P0272,2025-04-17 19:11:44.259006,cart
U0420,P0161,2025-11-03 19:11:44.259037,view
U0072,P0161,2025-12-24 19:11:44.259069,view
U0177,P0143,2025-07-10 19:11:44.259100,view
U0583,P0187,2025-05-28 19:11:44.259131,view
U0195,P0036,2025-06-12 19:11:44.259164,view
U0217,P0234,2025-07-06 19:11:44.259195,view
U0876,P0391,2026-02-12 19:11:44.259227,view
U1074,P0491,2025-05-21 19:11:44.259257,view
U0574,P0337,2025-11-01 19:11:44.259288,view
U0456,P0253,2026-03-07 19:11:44.259319,view
U1764,P0133,2026-03-30 19:11:44.259349,wishlist
U0863,P0482,2025-07-14 19:11:44.259379,wishlist
U1422,P0040,2026-02-25 19:11:44.259410,view
U1463,P0324,2025-05-21 19:11:44.259442,view
U1019,P0092,2025-04-26 19:11:44.259472,wishlist
U1718,P0478,2025-07-09 19:11:44.259503,cart
U0115,P0005,2026-01-27 19:11:44.259535,view
U1842,P0164,2025-07-28 19:11:44.259566,view
U1045,P0487,2026-02-21 19:11:44.259597,view
U0035,P0222,2025-11-10 19:11:44.259627,view
U1982,P0148,2025-05-31 19:11:44.259656,view
U0351,P0426,2025-12-31 19:11:44.259686,view
U1953,P0106,2025-07-26 19:11:44.259717,wishlist
U0562,P0062,2025-11-13 19:11:44.259748,view
U1377,P0262,2025-12-29 19:11:44.259778,view
U0066,P0474,2025-05-16 19:11:44.259808,wishlist
U0560,P0320,2025-05-26 19:11:44.259840,view
U0620,P0369,2025-06-17 19:11:44.259870,view
U1294,P0189,2025-12-03 19:11:44.259902,view
U1267,P0260,2025-08-15 19:11:44.259935,view
U1976,P0183,2026-03-27 19:11:44.259967,view
U1602,P0455,2025-07-02 19:11:44.259999,view
U1748,P0233,2026-01-24 19:11:44.260031,view
U0892,P0180,2025-12-22 19:11:44.260062,view
U0465,P0463,2026-03-04 19:11:44.260092,cart
U1809,P0277,2025-09-26 19:11:44.260123,cart
U0392,P0435,2025-05-16 19:11:44.260154,cart
U1593,P0252,2025-06-29 19:11:44.260185,cart
U0101,P0048,2026-01-08 19:11:44.260215,cart
U0776,P0179,2025-07-07 19:11:44.260245,view
U0656,P0342,2025-05-05 19:11:44.260276,view
U1005,P0253,2025-12-12 19:11:44.260306,view
U0973,P0471,2026-02-08 19:11:44.260346,cart
U0955,P0204,2025-12-09 19:11:44.260379,purchase
U1210,P0208,2026-03-30 19:11:44.260412,view
U0441,P0449,2025-07-16 19:11:44.260443,cart
U0674,P0013,2025-07-25 19:11:44.260474,view
U0348,P0280,2025-04-29 19:11:44.260505,wishlist
U0794,P0308,2025-10-24 19:11:44.260538,cart
U1891,P0461,2025-12-01 19:11:44.260570,view
U0944,P0149,2025-10-15 19:11:44.260603,purchase
U0323,P0068,2026-02-25 19:11:44.260641,purchase
U0674,P0137,2026-03-14 19:11:44.260674,view
U1453,P0053,2025-06-20 19:11:44.260706,view
U1362,P0297,2025-12-22 19:11:44.260738,view
U1086,P0404,2025-06-03 19:11:44.260770,cart
U0640,P0166,2025-09-11 19:11:44.260802,view
U1694,P0032,2025-12-04 19:11:44.260833,purchase
U0158,P0362,2025-12-23 19:11:44.260865,view
U1272,P0397,2025-09-25 19:11:44.260898,view
U0998,P0105,2025-07-11 19:11:44.260931,view
U1918,P0410,2026-02-12 19:11:44.260963,cart
U1970,P0322,2025-05-09 19:11:44.260995,purchase
U0700,P0183,2025-08-08 19:11:44.261028,view
U1160,P0472,2026-02-25 19:11:44.261060,view
U0345,P0460,2025-04-24 19:11:44.261093,wishlist
U0874,P0120,2025-04-19 19:11:44.261125,cart
U1358,P0202,2025-04-16 19:11:44.261158,view
U0501,P0318,2026-02-05 19:11:44.261194,cart
U1383,P0188,2026-02-26 19:11:44.261227,view
U1762,P0462,2025-05-18 19:11:44.261259,view
U1002,P0433,2025-11-15 19:11:44.261292,view
U0368,P0073,2026-01-13 19:11:44.261325,wishlist
U1045,P0076,2025-08-06 19:11:44.261357,view
U0680,P0487,2026-02-07 19:11:44.261390,view
U1185,P0192,2026-03-05 19:11:44.261423,view
U1343,P0245,2025-12-23 19:11:44.261456,wishlist
U0924,P0099,2025-07-12 19:11:44.261488,view
U0716,P0349,2025-04-08 19:11:44.261522,view
U0530,P0409,2025-09-15 19:11:44.261555,view
U0751,P0249,2025-10-08 19:11:44.261588,view
U1551,P0228,2025-05-12 19:11:44.261621,wishlist
U0156,P0382,2026-01-26 19:11:44.261654,cart
U0555,P0072,2025-08-13 19:11:44.261688,purchase
U1780,P0126,2026-02-18 19:11:44.261721,wishlist
U0434,P0066,2025-04-06 19:11:44.261752,wishlist
U0733,P0381,2026-01-27 19:11:44.261786,view
U1977,P0259,2025-05-14 19:11:44.261819,view
U0611,P0218,2026-03-23 19:11:44.261852,view
U0402,P0068,2025-06-18 19:11:44.261885,view
U0432,P0403,2026-03-16 19:11:44.261919,view
U1953,P0149,2025-08-10 19:11:44.261951,view
U1231,P0218,2025-08-14 19:11:44.261982,view
U1529,P0048,2025-08-30 19:11:44.262013,view
U1090,P0444,2025-10-08 19:11:44.262045,view
U0994,P0116,2025-05-08 19:11:44.262078,view
U0178,P0082,2025-04-17 19:11:44.262110,view
U0115,P0096,2026-03-31 19:11:44.262143,cart
U0456,P0200,2025-08-27 19:11:44.262176,cart
U0685,P0164,2025-06-26 19:11:44.262207,view
U1562,P0448,2025-10-20 19:11:44.262244,cart
U1611,P0016,2025-04-14 19:11:44.262278,cart
U1329,P0257,2025-05-04 19:11:44.262311,view
U0864,P0260,2025-09-01 19:11:44.262354,view
U1761,P0186,2025-11-15 19:11:44.262388,wishlist
U1528,P0111,2025-06-24 19:11:44.262420,view
U1565,P0242,2025-08-06 19:11:44.262453,view
U1206,P0366,2025-07-13 19:11:44.262486,view
U1554,P0107,2025-06-25 19:11:44.262519,view
U1724,P0223,2025-07-11 19:11:44.262552,view
U0864,P0325,2026-02-19 19:11:44.262584,view
U0394,P0036,2025-07-28 19:11:44.262616,view
U1726,P0271,2025-09-02 19:11:44.262650,view
U0877,P0168,2025-08-06 19:11:44.262682,view
U0184,P0309,2026-03-20 19:11:44.262714,view
U0802,P0269,2025-11-08 19:11:44.262746,wishlist
U1200,P0182,2025-09-16 19:11:44.262780,cart
U1258,P0259,2026-02-27 19:11:44.262814,cart
U0194,P0332,2026-03-17 19:11:44.262848,view
U0553,P0072,2026-01-24 19:11:44.262880,view
U0192,P0031,2025-05-03 19:11:44.262912,view
U0916,P0132,2025-12-08 19:11:44.262945,cart
U1019,P0075,2025-12-28 19:11:44.262978,view
U0926,P0255,2025-04-15 19:11:44.263009,view
U0522,P0406,2025-04-28 19:11:44.263041,view
U0630,P0411,2025-10-28 19:11:44.263074,view
U1770,P0260,2025-09-18 19:11:44.263106,view
U1953,P0181,2025-04-25 19:11:44.263139,cart
U1001,P0286,2025-10-22 19:11:44.263171,view
U1170,P0254,2026-04-03 19:11:44.263202,wishlist
U1883,P0237,2025-09-08 19:11:44.263233,cart
U0731,P0394,2025-11-28 19:11:44.263265,view
U0952,P0310,2025-07-21 19:11:44.263300,cart
U0055,P0301,2025-05-04 19:11:44.263332,view
U1849,P0090,2025-06-24 19:11:44.263364,purchase
U1576,P0475,2026-03-21 19:11:44.263399,purchase
U0399,P0078,2025-12-19 19:11:44.263431,view
U0819,P0099,2025-07-29 19:11:44.263463,view
U0250,P0083,2025-06-16 19:11:44.263495,wishlist
U1808,P0344,2025-07-15 19:11:44.263528,view
U1431,P0332,2025-07-27 19:11:44.263562,view
U1060,P0128,2025-09-28 19:11:44.263596,view
U1684,P0125,2025-07-10 19:11:44.263629,view
U1860,P0349,2026-02-26 19:11:44.263661,view
U1724,P0033,2025-07-07 19:11:44.263694,view
U0782,P0216,2025-08-13 19:11:44.263726,view
U0988,P0058,2025-04-26 19:11:44.263758,view
U1671,P0365,2026-02-06 19:11:44.263791,view
U0178,P0196,2025-12-20 19:11:44.263825,purchase
U0598,P0184,2025-04-20 19:11:44.263857,cart
U0684,P0153,2025-11-14 19:11:44.263889,wishlist
U0968,P0182,2025-06-17 19:11:44.263920,cart
U0391,P0241,2026-01-16 19:11:44.263952,view
U1024,P0473,2025-12-03 19:11:44.263985,view
U0244,P0065,2025-10-20 19:11:44.264019,purchase
U0914,P0164,2025-09-13 19:11:44.264051,view
U0549,P0180,2025-09-22 19:11:44.264082,view
U1467,P0494,2026-02-16 19:11:44.264115,view
U0975,P0304,2025-05-25 19:11:44.264147,view
U0416,P0334,2026-03-26 19:11:44.264180,cart
U1585,P0246,2025-04-13 19:11:44.264213,cart
U0330,P0154,2025-05-22 19:11:44.264247,view
U0906,P0393,2025-06-16 19:11:44.264280,view
U1105,P0422,2026-01-02 19:11:44.264316,wishlist
U0438,P0310,2025-10-17 19:11:44.264363,cart
U0555,P0348,2025-07-28 19:11:44.264396,view
U0998,P0437,2026-02-04 19:11:44.264429,purchase
U1698,P0403,2025-06-27 19:11:44.264462,wishlist
U0690,P0269,2025-09-21 19:11:44.264497,view
U0553,P0421,2026-01-21 19:11:44.264531,purchase
U0108,P0246,2026-03-22 19:11:44.264565,view
U1687,P0390,2025-04-18 19:11:44.264597,view
U1077,P0298,2025-07-11 19:11:44.264632,cart
U1525,P0162,2025-04-25 19:11:44.264665,wishlist
U0160,P0342,2025-08-17 19:11:44.264698,view
U1430,P0238,2025-09-15 19:11:44.264735,view
U1519,P0463,2026-01-03 19:11:44.264769,view
U0146,P0132,2026-01-21 19:11:44.264802,cart
U1612,P0185,2025-05-11 19:11:44.264835,cart
U1982,P0066,2025-07-14 19:11:44.264868,cart
U1786,P0061,2026-01-29 19:11:44.264900,view
U0945,P0125,2025-05-17 19:11:44.264932,view
U0102,P0492,2026-03-24 19:11:44.264966,view
U1357,P0337,2025-09-03 19:11:44.264999,purchase
U1521,P0331,2026-03-14 19:11:44.265033,view
U0818,P0438,2025-04-06 19:11:44.265065,view
U1882,P0455,2025-11-30 19:11:44.265097,view
U0242,P0462,2025-10-21 19:11:44.265130,view
U0280,P0037,2026-01-02 19:11:44.265163,view
U0247,P0323,2025-11-02 19:11:44.265195,cart
U1326,P0211,2025-12-30 19:11:44.265227,purchase
U0024,P0238,2025-09-17 19:11:44.265259,cart
U0203,P0030,2025-09-01 19:11:44.265291,purchase
U1811,P0464,2025-05-11 19:11:44.265324,cart
U0846,P0299,2026-03-14 19:11:44.265357,purchase
U1327,P0201,2025-11-30 19:11:44.265392,cart
U0754,P0202,2026-01-07 19:11:44.265425,wishlist
U1311,P0213,2025-11-11 19:11:44.265457,view
U1313,P0059,2025-06-11 19:11:44.265490,view
U1391,P0132,2025-05-02 19:11:44.265522,view
U1360,P0087,2025-05-30 19:11:44.265553,view
U1448,P0063,2025-05-08 19:11:44.265585,cart
U0521,P0038,2025-06-23 19:11:44.265617,view
U1536,P0032,2025-12-05 19:11:44.265649,cart
U1666,P0480,2026-02-12 19:11:44.265682,cart
U1132,P0405,2026-02-25 19:11:44.265715,view
U1466,P0241,2025-09-30 19:11:44.265748,view
U0449,P0308,2025-04-05 19:11:44.265781,view
U0427,P0308,2026-01-19 19:11:44.265816,wishlist
U1225,P0176,2025-08-10 19:11:44.265850,cart
U0104,P0389,2026-04-02 19:11:44.265882,view
U0080,P0384,2026-03-14 19:11:44.265914,cart
U1340,P0497,2025-10-10 19:11:44.265946,view
U0170,P0487,2025-09-23 19:11:44.265978,view
U0893,P0095,2025-05-18 19:11:44.266018,view
U1700,P0230,2025-10-26 19:11:44.266051,cart
U1131,P0008,2025-11-21 19:11:44.266084,view
U1247,P0132,2026-01-09 19:11:44.266116,view
U1600,P0486,2025-10-23 19:11:44.266148,view
U1604,P0340,2025-12-10 19:11:44.266180,view
U1895,P0144,2025-05-24 19:11:44.266215,wishlist
U1339,P0447,2025-11-11 19:11:44.266248,view
U0518,P0383,2025-08-17 19:11:44.266281,cart
U0781,P0361,2025-07-12 19:11:44.266315,view
U1912,P0263,2025-12-25 19:11:44.266356,purchase
U0373,P0321,2025-11-14 19:11:44.266393,view
U1991,P0212,2025-12-16 19:11:44.266427,view
U1686,P0351,2025-04-07 19:11:44.266461,view
U0758,P0052,2025-08-29 19:11:44.266493,view
U0660,P0096,2025-08-21 19:11:44.266524,view
U1921,P0430,2025-05-20 19:11:44.266557,purchase
U0695,P0292,2026-01-30 19:11:44.266590,view
U0702,P0061,2026-03-27 19:11:44.266621,view
U1688,P0476,2025-10-17 19:11:44.266654,view
U0175,P0136,2025-10-18 19:11:44.266687,wishlist
U1830,P0481,2025-09-19 19:11:44.266719,view
U0929,P0494,2026-01-02 19:11:44.266750,view
U0543,P0320,2025-08-05 19:11:44.266781,view
U1511,P0409,2025-04-06 19:11:44.266812,view
U1060,P0124,2025-08-15 19:11:44.266844,view
U1072,P0464,2025-09-06 19:11:44.266875,view
U0054,P0494,2025-12-25 19:11:44.266907,view
U1333,P0451,2026-02-23 19:11:44.266939,view
U1927,P0393,2025-05-20 19:11:44.266971,view
U0164,P0169,2025-10-31 19:11:44.267004,purchase
U0130,P0230,2025-07-28 19:11:44.267036,cart
U0183,P0285,2025-09-16 19:11:44.267068,view
U1400,P0387,2025-06-28 19:11:44.267100,cart
U1590,P0080,2025-08-24 19:11:44.267135,wishlist
U0473,P0108,2025-06-30 19:11:44.267167,cart
U1193,P0311,2025-10-16 19:11:44.267200,cart
U1064,P0081,2026-02-04 19:11:44.267232,view
U1626,P0419,2026-04-01 19:11:44.267265,view
U1941,P0107,2025-10-09 19:11:44.267297,view
U0869,P0425,2025-11-18 19:11:44.267330,view
U0300,P0277,2025-08-20 19:11:44.267361,view
U0339,P0182,2026-02-27 19:11:44.267394,cart
U0664,P0390,2026-04-01 19:11:44.267426,view
U1907,P0054,2025-12-10 19:11:44.267458,purchase
U0411,P0240,2025-06-06 19:11:44.267494,purchase
U1703,P0451,2026-02-04 19:11:44.267526,view
U0739,P0080,2026-02-27 19:11:44.267558,cart
U1675,P0150,2025-09-07 19:11:44.267590,view
U1841,P0369,2025-11-13 19:11:44.267634,purchase
U0793,P0140,2025-10-27 19:11:44.267730,view
U0734,P0148,2026-02-24 19:11:44.267916,view
U1048,P0280,2026-03-25 19:11:44.267976,view
U0266,P0317,2025-07-23 19:11:44.268018,view
U0567,P0222,2025-07-17 19:11:44.268057,view
U1290,P0139,2025-09-17 19:11:44.268097,view
U1451,P0116,2025-06-08 19:11:44.268133,view
U0542,P0277,2026-03-30 19:11:44.268169,view
U0625,P0163,2025-12-24 19:11:44.268205,cart
U1139,P0052,2026-02-11 19:11:44.268242,view
U0890,P0289,2025-10-18 19:11:44.268279,cart
U1131,P0295,2026-03-04 19:11:44.268315,purchase
U1365,P0250,2025-07-20 19:11:44.268360,view
U0335,P0411,2025-10-13 19:11:44.268396,view
U0501,P0110,2025-07-19 19:11:44.268431,view
U1272,P0369,2026-01-11 19:11:44.268466,view
U0245,P0081,2025-07-22 19:11:44.268500,cart
U0243,P0265,2025-10-21 19:11:44.268534,view
U0830,P0395,2026-01-26 19:11:44.268568,wishlist
U1755,P0048,2025-08-06 19:11:44.268603,cart
U0344,P0285,2025-12-05 19:11:44.268642,view
U1307,P0473,2025-12-27 19:11:44.268679,view
U0779,P0050,2025-12-23 19:11:44.268714,wishlist
U0151,P0014,2025-06-24 19:11:44.268750,wishlist
U0190,P0497,2025-11-21 19:11:44.268785,view
U1392,P0280,2025-11-05 19:11:44.268818,view
U1402,P0384,2026-02-15 19:11:44.268854,view
U1417,P0089,2025-09-05 19:11:44.268888,view
U0767,P0102,2025-10-06 19:11:44.268926,view
U0537,P0077,2025-06-06 19:11:44.268959,view
U0637,P0446,2025-11-15 19:11:44.268992,view
U1041,P0310,2025-11-08 19:11:44.269024,view
U0188,P0276,2025-05-08 19:11:44.269058,view
U0796,P0396,2026-02-25 19:11:44.269092,wishlist
U1762,P0299,2026-04-01 19:11:44.269124,view
U1026,P0174,2026-01-28 19:11:44.269158,wishlist
U0666,P0343,2025-08-21 19:11:44.269191,wishlist
U0557,P0045,2025-09-12 19:11:44.269224,view
U0391,P0450,2025-12-03 19:11:44.269257,view
U1032,P0485,2026-03-28 19:11:44.269291,view
U0003,P0475,2025-10-15 19:11:44.269325,view
U1395,P0234,2025-12-07 19:11:44.269363,view
U1168,P0127,2026-02-26 19:11:44.269396,view
U0283,P0252,2025-10-15 19:11:44.269429,purchase
U1980,P0323,2025-07-29 19:11:44.269482,purchase
U0192,P0263,2025-07-30 19:11:44.269518,view
U0377,P0137,2025-07-25 19:11:44.269552,view
U1344,P0312,2025-12-19 19:11:44.269587,cart
U0091,P0447,2025-05-19 19:11:44.269621,cart
U0656,P0239,2025-12-14 19:11:44.269655,purchase
U0236,P0123,2025-09-20 19:11:44.269689,view
U1240,P0086,2025-11-19 19:11:44.269721,purchase
U0470,P0079,2026-01-23 19:11:44.269754,cart
U1924,P0052,2026-01-22 19:11:44.269786,cart
U1938,P0080,2025-12-22 19:11:44.269819,cart
U0133,P0013,2026-04-04 19:11:44.269852,view
U1413,P0285,2025-05-13 19:11:44.269886,view
U1781,P0220,2025-12-19 19:11:44.269919,view
U0034,P0364,2025-07-06 19:11:44.269954,view
U0740,P0308,2025-08-29 19:11:44.269989,view
U0830,P0067,2025-05-29 19:11:44.270023,view
U1558,P0391,2025-08-17 19:11:44.270057,view
U1004,P0005,2025-11-02 19:11:44.270090,view
U0135,P0042,2026-03-12 19:11:44.270127,view
U1811,P0489,2025-04-12 19:11:44.270160,cart
U1112,P0362,2025-06-01 19:11:44.270195,cart
U1757,P0181,2026-02-28 19:11:44.270230,cart
U0848,P0291,2025-08-27 19:11:44.270265,view
U0103,P0405,2026-01-01 19:11:44.270299,view
U0379,P0029,2025-12-04 19:11:44.270332,wishlist
U0479,P0449,2026-03-05 19:11:44.270366,view
U1150,P0308,2025-04-19 19:11:44.270399,view
U1555,P0416,2025-09-23 19:11:44.270433,view
U0098,P0294,2025-05-12 19:11:44.270466,cart
U1029,P0404,2025-08-22 19:11:44.270500,view
U0195,P0452,2025-11-10 19:11:44.270532,view
U0794,P0408,2025-05-07 19:11:44.270568,view
U1482,P0250,2025-07-26 19:11:44.270602,view
U1561,P0220,2025-12-18 19:11:44.270635,cart
U1156,P0468,2025-08-14 19:11:44.270668,cart
U0588,P0184,2025-10-02 19:11:44.270703,view
U1473,P0241,2025-05-15 19:11:44.270736,view
U1477,P0402,2025-06-06 19:11:44.270769,view
U1690,P0341,2025-11-07 19:11:44.270804,cart
U1788,P0061,2025-05-09 19:11:44.270838,wishlist
U0326,P0393,2025-08-15 19:11:44.270872,wishlist
U0543,P0367,2025-11-24 19:11:44.270905,view
U1499,P0191,2025-07-10 19:11:44.270937,view
U0692,P0234,2025-05-28 19:11:44.270969,purchase
U0222,P0263,2025-08-05 19:11:44.271002,view
U0114,P0009,2025-09-05 19:11:44.271038,view
U1559,P0338,2025-12-13 19:11:44.271070,view
U0814,P0192,2025-09-17 19:11:44.271103,cart
U0287,P0351,2026-01-02 19:11:44.271136,view
U1747,P0160,2025-05-03 19:11:44.271170,view
U1786,P0230,2025-11-15 19:11:44.271204,purchase
U0332,P0278,2025-08-27 19:11:44.271237,cart
U0938,P0271,2025-11-11 19:11:44.271270,view
U1292,P0111,2025-10-31 19:11:44.271302,view
U0722,P0024,2025-07-03 19:11:44.271335,view
U1112,P0382,2025-10-18 19:11:44.271369,view
U0556,P0146,2025-08-18 19:11:44.271401,view
U1271,P0152,2025-08-15 19:11:44.271433,cart
U1034,P0366,2025-04-09 19:11:44.271474,cart
U1358,P0076,2026-03-05 19:11:44.271508,view
U0252,P0094,2025-05-12 19:11:44.271541,cart
U0178,P0141,2025-08-08 19:11:44.271573,view
U0168,P0346,2025-09-03 19:11:44.271606,cart
U1035,P0258,2026-02-24 19:11:44.271638,view
U1580,P0214,2025-10-05 19:11:44.271671,purchase
U1254,P0451,2026-03-09 19:11:44.271703,wishlist
U0317,P0034,2025-07-10 19:11:44.271735,wishlist
U1359,P0162,2025-06-03 19:11:44.271766,cart
U0103,P0035,2025-12-12 19:11:44.271798,view
U1782,P0275,2025-05-18 19:11:44.271832,cart
U1802,P0166,2026-01-22 19:11:44.271869,view
U1625,P0318,2026-01-24 19:11:44.271904,view
U1002,P0471,2025-06-01 19:11:44.271937,view
U1198,P0473,2025-08-09 19:11:44.271970,wishlist
U0099,P0429,2026-01-24 19:11:44.272002,cart
U0329,P0058,2025-11-16 19:11:44.272034,view
U0955,P0253,2025-06-13 19:11:44.272067,purchase
U1052,P0094,2026-03-11 19:11:44.272103,view
U0969,P0047,2025-10-24 19:11:44.272135,cart
U1181,P0361,2026-03-26 19:11:44.272167,view
U1158,P0219,2025-05-05 19:11:44.272199,view
U1030,P0488,2025-06-14 19:11:44.272234,cart
U1468,P0419,2025-12-15 19:11:44.272270,view
U1355,P0380,2025-08-04 19:11:44.272303,view
U0190,P0010,2025-09-13 19:11:44.272335,view
U1339,P0002,2025-08-10 19:11:44.272367,cart
U1265,P0500,2025-05-25 19:11:44.272400,cart
U1865,P0199,2026-02-08 19:11:44.272437,view
U1538,P0499,2025-07-19 19:11:44.272469,view
U0700,P0493,2026-03-20 19:11:44.272502,wishlist
U1740,P0042,2025-09-30 19:11:44.272536,view
U0730,P0335,2025-08-14 19:11:44.272570,view
U0173,P0281,2025-07-12 19:11:44.272603,view
U1136,P0344,2026-04-03 19:11:44.272637,view
U0815,P0462,2026-02-16 19:11:44.272669,wishlist
U0276,P0458,2025-05-23 19:11:44.272701,view
U1112,P0175,2025-07-22 19:11:44.272734,view
U1877,P0236,2026-03-12 19:11:44.272765,wishlist
U0734,P0234,2025-10-31 19:11:44.272797,view
U1056,P0304,2026-03-13 19:11:44.272829,view
U1788,P0445,2025-05-25 19:11:44.272861,view
U1851,P0100,2025-11-29 19:11:44.272893,view
U0472,P0058,2025-09-30 19:11:44.272928,cart
U1052,P0171,2025-07-23 19:11:44.272960,purchase
U0496,P0414,2025-08-30 19:11:44.272992,view
U1366,P0035,2025-09-24 19:11:44.273023,view
U0900,P0130,2025-05-27 19:11:44.273056,view
U1321,P0236,2025-04-18 19:11:44.273087,wishlist
U1091,P0335,2025-10-10 19:11:44.273122,view
U1061,P0124,2025-06-24 19:11:44.273153,cart
U0061,P0078,2025-12-10 19:11:44.273185,view
U1689,P0360,2025-08-10 19:11:44.273217,view
U0918,P0171,2025-12-25 19:11:44.273249,view
U0258,P0155,2025-09-09 19:11:44.273282,view
U0827,P0300,2025-11-20 19:11:44.273314,view
U0132,P0378,2025-05-13 19:11:44.273347,view
U0489,P0387,2026-01-21 19:11:44.273379,view
U1253,P0013,2026-01-08 19:11:44.273411,view
U1233,P0481,2026-03-10 19:11:44.273442,wishlist
U1835,P0378,2026-02-05 19:11:44.273484,cart
U1121,P0211,2025-12-29 19:11:44.273520,view
U1057,P0132,2026-02-03 19:11:44.273553,view
U0724,P0019,2025-09-05 19:11:44.273586,view
U1515,P0374,2026-03-05 19:11:44.273618,view
U0236,P0073,2026-01-30 19:11:44.273651,view
U1022,P0405,2026-02-18 19:11:44.273683,view
U1647,P0085,2025-09-25 19:11:44.273715,cart
U0261,P0323,2026-02-15 19:11:44.273748,view
U0750,P0166,2025-10-24 19:11:44.273803,cart
U1681,P0397,2025-06-08 19:11:44.273838,cart
U1136,P0465,2025-11-09 19:11:44.273871,wishlist
U1956,P0074,2025-04-19 19:11:44.273904,view
U0542,P0132,2025-07-08 19:11:44.273953,view
U0278,P0480,2026-01-15 19:11:44.273988,view
U1895,P0367,2025-05-07 19:11:44.274020,wishlist
U0308,P0492,2026-01-03 19:11:44.274053,view
U1277,P0106,2026-02-01 19:11:44.274085,view
U1628,P0433,2025-12-09 19:11:44.274117,view
U1754,P0393,2026-02-20 19:11:44.274148,view
U0716,P0400,2025-08-25 19:11:44.274184,cart
U0368,P0069,2025-10-15 19:11:44.274216,view
U1133,P0075,2025-04-19 19:11:44.274248,view
U1664,P0058,2025-06-16 19:11:44.274280,cart
U1145,P0093,2025-12-27 19:11:44.274313,view
U1579,P0421,2025-07-18 19:11:44.274345,view
U1774,P0148,2026-02-19 19:11:44.274377,cart
U1602,P0011,2025-04-19 19:11:44.274410,view
U0657,P0140,2026-01-28 19:11:44.274442,view
U1416,P0395,2025-08-07 19:11:44.274474,view
U1272,P0213,2026-01-21 19:11:44.274507,view
U1028,P0402,2025-08-05 19:11:44.274538,view
U0151,P0404,2025-10-15 19:11:44.274569,view
U0143,P0200,2025-09-01 19:11:44.274601,view
U0593,P0068,2025-08-07 19:11:44.274634,view
U0183,P0199,2025-11-10 19:11:44.274666,view
U0504,P0229,2026-03-18 19:11:44.274698,wishlist
U1702,P0185,2025-04-10 19:11:44.274730,view
U0301,P0223,2026-02-27 19:11:44.274762,view
U1882,P0175,2025-07-10 19:11:44.274794,cart
U0084,P0459,2025-06-13 19:11:44.274826,purchase
U1065,P0099,2025-12-06 19:11:44.274859,view
U0830,P0287,2026-04-02 19:11:44.274893,view
U1734,P0429,2025-08-01 19:11:44.274929,purchase
U0545,P0327,2025-10-08 19:11:44.274962,view
U0199,P0473,2025-12-31 19:11:44.274994,view
U0169,P0141,2026-01-26 19:11:44.275026,view
U0781,P0293,2025-08-08 19:11:44.275063,view
U0733,P0485,2025-11-30 19:11:44.275095,purchase
U1196,P0447,2025-12-12 19:11:44.275193,view
U1037,P0052,2025-08-29 19:11:44.275236,view
U1402,P0187,2025-08-20 19:11:44.275271,view
U0151,P0201,2025-06-14 19:11:44.275305,view
U1485,P0448,2025-04-29 19:11:44.275343,view
U0494,P0403,2025-10-17 19:11:44.275378,cart
U1176,P0305,2025-12-14 19:11:44.275411,view
U1200,P0022,2025-10-24 19:11:44.275445,wishlist
U1782,P0283,2025-12-22 19:11:44.275488,wishlist
U0623,P0131,2026-01-04 19:11:44.275522,wishlist
U0997,P0124,2026-03-30 19:11:44.275556,cart
U1445,P0059,2025-09-01 19:11:44.275590,cart
U0897,P0289,2025-11-13 19:11:44.275623,cart
U1070,P0200,2025-10-14 19:11:44.275657,view
U0459,P0077,2025-12-18 19:11:44.275690,cart
U1102,P0439,2025-07-17 19:11:44.275724,purchase
U0899,P0486,2025-10-21 19:11:44.275758,view
U0568,P0369,2025-04-22 19:11:44.275795,view
U0732,P0247,2025-09-09 19:11:44.275829,purchase
U0033,P0005,2026-01-09 19:11:44.275862,cart
U0258,P0216,2025-11-30 19:11:44.275894,view
U0547,P0175,2025-09-12 19:11:44.275927,purchase
U1272,P0485,2025-09-08 19:11:44.275959,view
U1092,P0251,2026-01-25 19:11:44.275990,view
U0227,P0165,2025-06-20 19:11:44.276022,cart
U0216,P0406,2025-09-20 19:11:44.276058,view
U1585,P0480,2025-12-11 19:11:44.276092,view
U0900,P0134,2026-03-20 19:11:44.276128,cart
U1959,P0279,2026-03-19 19:11:44.276164,view
U0224,P0137,2025-08-13 19:11:44.276198,view
U1534,P0106,2026-02-25 19:11:44.276232,cart
U0005,P0482,2025-12-18 19:11:44.276267,purchase
U1620,P0281,2025-11-16 19:11:44.276302,cart
U1754,P0483,2025-09-04 19:11:44.276336,view
U0008,P0065,2025-04-21 19:11:44.276371,purchase
U0302,P0175,2026-02-17 19:11:44.276405,view
U1277,P0347,2025-12-29 19:11:44.276439,view
U1796,P0478,2025-09-21 19:11:44.276472,view
U1954,P0336,2025-08-16 19:11:44.276509,view
U1568,P0251,2025-07-17 19:11:44.276546,view
U1929,P0048,2025-07-11 19:11:44.276582,cart
U0359,P0408,2025-08-15 19:11:44.276617,view
U0897,P0356,2025-05-12 19:11:44.276650,view
U1300,P0116,2025-12-14 19:11:44.276683,view
U1016,P0304,2025-06-26 19:11:44.276940,cart
U1932,P0304,2026-02-17 19:11:44.276984,view
U1499,P0175,2025-05-02 19:11:44.277021,view
U1049,P0222,2025-12-26 19:11:44.277059,view
U1687,P0060,2025-08-09 19:11:44.277095,view
U1818,P0245,2025-08-14 19:11:44.277130,view
U1820,P0167,2025-10-16 19:11:44.277163,view
U0479,P0391,2025-06-30 19:11:44.277199,view
U0730,P0495,2025-12-09 19:11:44.277235,cart
U1477,P0452,2025-09-06 19:11:44.277270,purchase
U0229,P0150,2025-06-22 19:11:44.277306,purchase
U1527,P0041,2025-07-10 19:11:44.277344,view
U0683,P0359,2025-06-15 19:11:44.277380,purchase
U0838,P0291,2025-09-08 19:11:44.277415,view
U0432,P0046,2025-04-13 19:11:44.277450,view
U0461,P0284,2025-09-27 19:11:44.277496,cart
U0821,P0146,2025-05-25 19:11:44.277532,purchase
U0415,P0192,2026-02-10 19:11:44.277571,cart
U0772,P0350,2025-09-24 19:11:44.277609,view
U1545,P0263,2026-01-02 19:11:44.277691,wishlist
U1747,P0102,2025-05-31 19:11:44.277730,view
U0011,P0381,2025-09-14 19:11:44.277765,cart
U1570,P0218,2026-01-11 19:11:44.277801,cart
U1001,P0099,2025-10-13 19:11:44.277835,view
U1558,P0021,2025-10-01 19:11:44.277869,view
U1701,P0430,2025-06-08 19:11:44.277904,view
U1355,P0494,2026-02-02 19:11:44.277937,cart
U0464,P0034,2025-08-23 19:11:44.277974,view
U1748,P0258,2025-06-14 19:11:44.278008,view
U0634,P0280,2025-09-16 19:11:44.278040,view
U0486,P0253,2025-04-24 19:11:44.278073,view
U1700,P0191,2025-07-07 19:11:44.278107,view
U1371,P0319,2025-06-29 19:11:44.278141,view
U1325,P0392,2025-11-23 19:11:44.278174,view
U1078,P0010,2025-07-15 19:11:44.278207,view
U0941,P0498,2026-01-17 19:11:44.278241,view
U1448,P0100,2026-01-03 19:11:44.278274,cart
U0340,P0115,2025-06-29 19:11:44.278308,cart
U1725,P0216,2025-06-07 19:11:44.278342,cart
U0829,P0459,2025-10-21 19:11:44.278383,cart
U1201,P0430,2025-12-21 19:11:44.278416,view
U1135,P0379,2026-02-06 19:11:44.278450,view
U1252,P0431,2025-08-03 19:11:44.278482,view
U0251,P0467,2025-06-17 19:11:44.278516,view
U0195,P0405,2026-03-01 19:11:44.278550,view
U1984,P0025,2026-03-04 19:11:44.278585,view
U1325,P0129,2025-08-13 19:11:44.278619,cart
U1043,P0333,2025-11-19 19:11:44.278653,view
U1590,P0224,2025-08-19 19:11:44.278688,view
U0756,P0176,2025-09-24 19:11:44.278722,view
U0839,P0064,2025-09-14 19:11:44.278757,view
U1113,P0264,2025-12-10 19:11:44.278791,view
U1587,P0173,2025-09-21 19:11:44.278825,view
U0214,P0250,2025-09-15 19:11:44.278858,purchase
U0442,P0004,2025-08-29 19:11:44.278890,wishlist
U1634,P0393,2025-11-10 19:11:44.278927,view
U0141,P0407,2025-09-17 19:11:44.278960,wishlist
U0032,P0475,2025-04-24 19:11:44.278992,view
U1045,P0444,2025-12-06 19:11:44.279025,view
U1716,P0394,2026-03-29 19:11:44.279058,wishlist
U0662,P0276,2026-02-19 19:11:44.279091,view
U0832,P0045,2026-04-01 19:11:44.279123,view
U0136,P0092,2025-05-28 19:11:44.279155,view
U1052,P0238,2025-05-03 19:11:44.279188,purchase
U1912,P0152,2025-10-14 19:11:44.279221,view
U1277,P0200,2025-10-17 19:11:44.279254,view
U0762,P0376,2025-12-30 19:11:44.279287,purchase
U1644,P0194,2025-12-11 19:11:44.279322,purchase
U0154,P0089,2026-02-10 19:11:44.279355,cart
U0440,P0213,2025-10-07 19:11:44.279388,view
U0055,P0159,2025-05-12 19:11:44.279420,cart
U1776,P0085,2025-11-23 19:11:44.279454,purchase
U1589,P0105,2025-07-04 19:11:44.279495,purchase
U1749,P0058,2025-06-10 19:11:44.279531,view
U1904,P0433,2025-10-17 19:11:44.279564,wishlist
U0783,P0218,2025-11-27 19:11:44.279596,cart
U0412,P0233,2025-09-06 19:11:44.279629,view
U0826,P0356,2025-06-01 19:11:44.279661,view
U1721,P0029,2025-10-04 19:11:44.279695,cart
U0342,P0396,2025-11-09 19:11:44.279727,view
U1737,P0123,2025-05-30 19:11:44.279761,cart
U0193,P0195,2025-06-10 19:11:44.279795,view
U0548,P0144,2025-06-30 19:11:44.279827,wishlist
U1110,P0053,2025-10-01 19:11:44.279860,view
U1315,P0331,2025-12-20 19:11:44.279894,cart
U0306,P0326,2025-04-10 19:11:44.279927,view
U1394,P0261,2026-01-22 19:11:44.279961,view
U0975,P0085,2025-11-27 19:11:44.279995,purchase
U1557,P0446,2025-04-22 19:11:44.280028,purchase
U0140,P0202,2025-07-19 19:11:44.280061,view
U0500,P0032,2025-06-06 19:11:44.280095,view
U0725,P0352,2025-08-03 19:11:44.280129,wishlist
U1229,P0285,2025-04-08 19:11:44.280160,view
U1736,P0331,2026-01-22 19:11:44.280192,view
U1125,P0429,2026-01-10 19:11:44.280225,purchase
U1764,P0393,2025-12-27 19:11:44.280258,cart
U0099,P0421,2026-02-06 19:11:44.280292,cart
U1369,P0066,2025-10-07 19:11:44.280323,view
U0508,P0083,2026-03-17 19:11:44.280355,view
U1302,P0400,2025-12-25 19:11:44.280387,view
U1555,P0435,2025-11-01 19:11:44.280419,view
U0996,P0293,2025-12-06 19:11:44.280450,view
U0023,P0347,2025-09-27 19:11:44.280481,view
U1961,P0430,2026-03-05 19:11:44.280513,wishlist
U0651,P0159,2026-03-30 19:11:44.280544,cart
U0072,P0221,2025-11-26 19:11:44.280575,purchase
U0275,P0389,2025-09-02 19:11:44.280608,view
U0025,P0357,2025-08-31 19:11:44.280641,view
U0912,P0118,2025-11-07 19:11:44.280673,view
U0710,P0231,2025-05-03 19:11:44.280705,view
U1367,P0491,2025-05-30 19:11:44.280738,wishlist
U1387,P0331,2025-09-07 19:11:44.280771,purchase
U0538,P0291,2025-07-10 19:11:44.280803,wishlist
U0981,P0292,2025-06-22 19:11:44.280837,wishlist
U1535,P0215,2026-01-06 19:11:44.280870,view
U1731,P0151,2025-09-09 19:11:44.280904,view
U1833,P0151,2026-02-16 19:11:44.280936,view
U0691,P0487,2025-04-07 19:11:44.280970,view
U0883,P0292,2025-04-20 19:11:44.281004,view
U0523,P0049,2025-08-16 19:11:44.281044,view
U1000,P0481,2026-02-22 19:11:44.281076,view
U0517,P0189,2025-12-04 19:11:44.281108,view
U0780,P0024,2025-04-07 19:11:44.281138,cart
U0171,P0470,2025-08-23 19:11:44.281170,view
U0350,P0431,2025-10-28 19:11:44.281204,wishlist
U0275,P0023,2025-09-25 19:11:44.281235,view
U0505,P0207,2025-05-14 19:11:44.281267,view
U1094,P0476,2025-12-19 19:11:44.281298,view
U0467,P0086,2025-06-26 19:11:44.281330,view
U0801,P0429,2025-06-08 19:11:44.281361,cart
U0218,P0209,2025-11-23 19:11:44.281394,view
U0838,P0268,2025-06-10 19:11:44.281427,view
U1389,P0256,2025-08-04 19:11:44.281459,purchase
U1777,P0032,2026-04-04 19:11:44.281499,view
U0516,P0032,2025-10-12 19:11:44.281532,cart
U1883,P0459,2025-05-04 19:11:44.281565,view
U0469,P0405,2025-05-24 19:11:44.281598,cart
U0287,P0170,2025-06-25 19:11:44.281631,wishlist
U1465,P0471,2025-10-03 19:11:44.281663,cart
U1052,P0408,2025-05-13 19:11:44.281695,view
U0774,P0200,2025-07-10 19:11:44.281727,view
U0827,P0423,2025-05-16 19:11:44.281758,view
U1495,P0030,2025-12-07 19:11:44.281790,view
U0735,P0349,2025-04-20 19:11:44.281821,view
U1814,P0410,2025-10-14 19:11:44.281852,purchase
U1392,P0057,2025-07-07 19:11:44.281885,purchase
U1531,P0131,2026-03-30 19:11:44.281917,view
U0197,P0336,2026-03-26 19:11:44.281949,view
U1429,P0279,2025-12-11 19:11:44.281980,view
U1654,P0075,2025-11-09 19:11:44.282012,view
U1125,P0440,2025-05-08 19:11:44.282048,cart
U1364,P0297,2025-12-09 19:11:44.282082,view
U0683,P0166,2025-06-16 19:11:44.282113,view
U1730,P0231,2026-03-15 19:11:44.282144,view
U1835,P0051,2026-03-05 19:11:44.282181,view
U1422,P0194,2025-09-18 19:11:44.282213,purchase
U0628,P0228,2025-05-26 19:11:44.282245,view
U1457,P0285,2026-03-09 19:11:44.282276,view
U0495,P0291,2025-07-31 19:11:44.282306,view
U1039,P0443,2025-07-07 19:11:44.282337,view
U0125,P0364,2025-08-17 19:11:44.282369,view
U1851,P0403,2025-05-12 19:11:44.282400,cart
U1122,P0123,2025-11-11 19:11:44.282433,wishlist
U1872,P0038,2026-03-22 19:11:44.282466,cart
U1021,P0406,2025-06-16 19:11:44.282499,cart
U0112,P0412,2025-06-11 19:11:44.282531,purchase
U1120,P0153,2025-08-17 19:11:44.282563,view
U1406,P0008,2025-10-10 19:11:44.282595,view
U1429,P0101,2025-12-10 19:11:44.282626,view
U1907,P0129,2025-05-02 19:11:44.282658,view
U0776,P0386,2025-09-29 19:11:44.282689,wishlist
U0264,P0223,2025-05-11 19:11:44.282721,view
U1273,P0110,2025-09-14 19:11:44.282753,view
U1358,P0423,2025-10-31 19:11:44.282784,view
U0444,P0238,2025-09-04 19:11:44.282815,cart
U1547,P0048,2026-03-31 19:11:44.282846,cart
U1552,P0359,2025-04-21 19:11:44.282877,view
U0336,P0017,2025-06-16 19:11:44.282910,view
U1141,P0475,2025-06-18 19:11:44.282941,cart
U0373,P0362,2025-05-12 19:11:44.282973,cart
U1074,P0382,2025-06-02 19:11:44.283004,cart
U1928,P0029,2026-01-27 19:11:44.283034,view
U0277,P0497,2026-03-29 19:11:44.283069,view
U0064,P0277,2025-07-03 19:11:44.283105,view
U0509,P0358,2025-09-09 19:11:44.283136,view
U1099,P0171,2025-11-23 19:11:44.283167,view
U0147,P0440,2026-01-04 19:11:44.283198,cart
U0080,P0366,2025-11-15 19:11:44.283232,view
U0291,P0011,2025-05-28 19:11:44.283264,cart
U1883,P0211,2025-10-18 19:11:44.283298,wishlist
U1510,P0053,2025-06-23 19:11:44.283330,view
U1910,P0015,2025-09-18 19:11:44.283362,view
U1364,P0355,2025-05-09 19:11:44.283393,wishlist
U0833,P0029,2025-10-11 19:11:44.283425,view
U1765,P0083,2025-07-13 19:11:44.283456,view
U0420,P0082,2025-08-16 19:11:44.283495,cart
U1784,P0160,2025-12-09 19:11:44.283528,cart
U0536,P0190,2026-01-01 19:11:44.283560,view
U0777,P0047,2025-11-25 19:11:44.283592,cart
U0597,P0267,2025-09-01 19:11:44.283626,view
U1394,P0229,2026-01-03 19:11:44.283675,view
U1556,P0150,2026-03-17 19:11:44.283732,view
U1138,P0043,2025-10-15 19:11:44.283779,view
U0055,P0118,2025-10-20 19:11:44.283829,view
U1825,P0482,2026-01-30 19:11:44.283870,view
U1795,P0225,2026-02-13 19:11:44.283906,cart
U1536,P0499,2025-11-25 19:11:44.283941,view
U0011,P0086,2026-01-04 19:11:44.283974,view
U1633,P0457,2025-10-20 19:11:44.284008,wishlist
U1770,P0364,2025-12-26 19:11:44.284041,view
U1624,P0273,2025-11-20 19:11:44.284079,view
U0290,P0260,2025-07-22 19:11:44.284113,view
U0771,P0315,2025-10-02 19:11:44.284146,view
U0567,P0069,2026-03-06 19:11:44.284178,purchase
U1919,P0195,2025-09-09 19:11:44.284213,view
U0264,P0334,2025-10-16 19:11:44.284245,wishlist
U1631,P0187,2026-01-19 19:11:44.284276,purchase
U0942,P0315,2026-02-01 19:11:44.284308,purchase
U0883,P0492,2025-12-02 19:11:44.284341,view
U1701,P0180,2025-10-27 19:11:44.284373,view
U0277,P0103,2025-09-01 19:11:44.284406,view
U0335,P0104,2025-10-25 19:11:44.284437,view
U1617,P0477,2025-04-08 19:11:44.284468,view
U1691,P0155,2025-05-13 19:11:44.284500,purchase
U1722,P0072,2025-04-19 19:11:44.284531,view
U0537,P0017,2025-08-05 19:11:44.284563,view
U1913,P0050,2025-10-28 19:11:44.284595,view
U0710,P0034,2025-09-23 19:11:44.284629,view
U0467,P0273,2025-06-19 19:11:44.284663,purchase
U0059,P0049,2025-09-20 19:11:44.284696,cart
U0845,P0455,2025-09-23 19:11:44.284729,purchase
U0840,P0174,2025-06-13 19:11:44.284763,cart
U0516,P0139,2025-06-15 19:11:44.284795,view
U1111,P0235,2025-08-11 19:11:44.284829,view
U1495,P0407,2026-03-08 19:11:44.284861,view
U1692,P0413,2025-04-06 19:11:44.284893,view
U0271,P0082,2025-05-23 19:11:44.284924,view
U1944,P0074,2025-08-15 19:11:44.284956,view
U0518,P0172,2026-01-03 19:11:44.284988,purchase
U1609,P0460,2026-01-26 19:11:44.285019,view
U1870,P0484,2025-11-01 19:11:44.285052,cart
U0430,P0137,2025-12-21 19:11:44.285085,cart
U1471,P0226,2026-01-28 19:11:44.285117,purchase
U0642,P0121,2025-11-26 19:11:44.285148,purchase
U0370,P0070,2025-07-17 19:11:44.285181,view
U1237,P0103,2025-09-18 19:11:44.285213,view
U0926,P0443,2026-01-09 19:11:44.285248,view
U0205,P0143,2025-04-26 19:11:44.285280,view
U1663,P0198,2025-07-18 19:11:44.285312,view
U1411,P0039,2025-09-10 19:11:44.285344,wishlist
U0627,P0087,2026-04-01 19:11:44.285374,view
U0993,P0187,2025-09-11 19:11:44.285405,purchase
U0935,P0195,2025-09-22 19:11:44.285436,view
U1486,P0026,2026-03-18 19:11:44.285466,view
U1703,P0061,2025-07-15 19:11:44.285508,view
U0184,P0226,2025-05-09 19:11:44.285546,view
U0441,P0057,2025-12-04 19:11:44.285579,cart
U0325,P0250,2025-10-17 19:11:44.285612,view
U0267,P0044,2025-08-29 19:11:44.285693,view
U0628,P0098,2025-05-21 19:11:44.285729,wishlist
U1906,P0442,2025-08-08 19:11:44.285764,cart
U0137,P0183,2026-03-17 19:11:44.285797,cart
U1295,P0430,2025-07-24 19:11:44.285830,view
U0039,P0121,2025-09-05 19:11:44.285864,cart
U0722,P0494,2025-08-14 19:11:44.285898,view
U0932,P0332,2026-01-22 19:11:44.285930,purchase
U0073,P0305,2025-09-21 19:11:44.285963,view
U0374,P0200,2026-01-05 19:11:44.285995,view
U1311,P0382,2025-07-08 19:11:44.286028,purchase
U0949,P0247,2025-09-18 19:11:44.286060,purchase
U1375,P0159,2025-11-17 19:11:44.286093,purchase
U0404,P0459,2025-07-20 19:11:44.286129,wishlist
U0513,P0248,2025-04-21 19:11:44.286163,view
U0063,P0460,2025-10-22 19:11:44.286200,cart
U1001,P0239,2026-02-01 19:11:44.286235,view
U0864,P0181,2025-06-12 19:11:44.286268,cart
U0851,P0112,2025-06-14 19:11:44.286301,cart
U0885,P0483,2026-03-12 19:11:44.286337,view
U1280,P0474,2025-12-12 19:11:44.286370,wishlist
U1522,P0182,2025-09-29 19:11:44.286403,cart
U1554,P0496,2025-09-04 19:11:44.286435,view
U1589,P0210,2025-05-07 19:11:44.286467,view
U1387,P0111,2025-11-13 19:11:44.286500,view
U0725,P0235,2025-05-06 19:11:44.286532,purchase
U1650,P0024,2026-03-29 19:11:44.286565,view
U1445,P0160,2025-07-07 19:11:44.286598,cart
U0681,P0317,2025-09-01 19:11:44.286631,cart
U0971,P0306,2025-09-03 19:11:44.286663,cart
U0942,P0198,2025-05-18 19:11:44.286695,view
U1015,P0179,2025-11-21 19:11:44.286728,cart
U1839,P0071,2025-07-28 19:11:44.286760,view
U1718,P0384,2025-11-17 19:11:44.286793,purchase
U0791,P0236,2025-10-08 19:11:44.286825,view
U0892,P0403,2025-07-10 19:11:44.286858,view
U0478,P0221,2026-03-06 19:11:44.286894,view
U1798,P0346,2025-05-10 19:11:44.286926,view
U0787,P0289,2025-12-31 19:11:44.286958,view
U0538,P0426,2026-03-21 19:11:44.286990,wishlist
U1211,P0500,2026-03-30 19:11:44.287022,cart
U0431,P0401,2025-04-24 19:11:44.287053,cart
U0284,P0471,2025-11-07 19:11:44.287086,purchase
U0006,P0013,2025-09-13 19:11:44.287119,wishlist
U1438,P0486,2025-04-18 19:11:44.287151,view
U1267,P0418,2025-12-11 19:11:44.287183,cart
U1728,P0462,2025-06-11 19:11:44.287216,view
U1570,P0047,2026-03-25 19:11:44.287251,view
U0567,P0321,2025-12-13 19:11:44.287286,wishlist
U1475,P0205,2025-12-11 19:11:44.287319,purchase
U1824,P0391,2025-08-11 19:11:44.287355,purchase
U0671,P0013,2026-02-08 19:11:44.287391,view
U0866,P0103,2025-04-19 19:11:44.287422,view
U1557,P0293,2026-01-06 19:11:44.287455,wishlist
U0790,P0183,2025-04-22 19:11:44.287487,wishlist
U0047,P0308,2025-05-12 19:11:44.287531,view
U1515,P0394,2025-11-10 19:11:44.287566,view
U0366,P0352,2025-07-12 19:11:44.287599,cart
U1218,P0226,2025-11-16 19:11:44.287632,wishlist
U1618,P0299,2025-09-03 19:11:44.287664,cart
U0023,P0457,2025-07-18 19:11:44.287696,cart
U1620,P0464,2025-08-31 19:11:44.287731,view
U1630,P0481,2026-01-23 19:11:44.287764,view
U0223,P0412,2025-08-03 19:11:44.287797,view
U0056,P0454,2025-07-08 19:11:44.287829,cart
U0091,P0054,2026-02-02 19:11:44.287861,view
U0054,P0264,2025-07-13 19:11:44.287894,view
U1317,P0093,2026-03-10 19:11:44.287926,view
U1782,P0235,2026-01-24 19:11:44.287957,wishlist
U0516,P0144,2026-03-19 19:11:44.287988,view
U1180,P0229,2025-04-13 19:11:44.288020,view
U1614,P0364,2026-01-23 19:11:44.288051,view
U1090,P0466,2026-01-18 19:11:44.288082,view
U0208,P0195,2025-10-01 19:11:44.288112,view
U1254,P0476,2025-06-22 19:11:44.288142,view
U0888,P0421,2025-08-21 19:11:44.288173,view
U1429,P0422,2025-10-26 19:11:44.288205,view
U0057,P0325,2025-09-24 19:11:44.288235,view
U0365,P0404,2025-09-09 19:11:44.288270,wishlist
U0324,P0145,2025-11-03 19:11:44.288302,view
U0293,P0184,2025-07-24 19:11:44.288335,view
U0504,P0310,2025-08-30 19:11:44.288368,purchase
U0056,P0259,2025-06-30 19:11:44.288401,cart
U0452,P0221,2025-07-17 19:11:44.288436,purchase
U0969,P0431,2026-01-18 19:11:44.288469,cart
U1702,P0047,2025-06-18 19:11:44.288503,cart
U1800,P0362,2025-04-25 19:11:44.288536,cart
U0306,P0440,2025-12-03 19:11:44.288569,cart
U0985,P0298,2025-12-27 19:11:44.288602,view
U0643,P0423,2025-12-23 19:11:44.288634,purchase
U1300,P0236,2026-03-06 19:11:44.288667,cart
U1364,P0321,2026-01-19 19:11:44.288700,cart
U1277,P0325,2026-03-17 19:11:44.288732,view
U0821,P0067,2025-08-28 19:11:44.288765,view
U0572,P0153,2025-09-09 19:11:44.288797,view
U0832,P0071,2025-09-23 19:11:44.288829,cart
U0820,P0173,2025-12-21 19:11:44.288861,view
U1543,P0464,2025-11-25 19:11:44.288892,view
U1033,P0126,2025-12-11 19:11:44.288925,view
U1867,P0377,2025-12-13 19:11:44.288957,wishlist
U0252,P0487,2025-07-08 19:11:44.288993,view
U0414,P0357,2025-11-16 19:11:44.289025,cart
U1779,P0423,2025-05-02 19:11:44.289058,view
U0805,P0442,2025-11-12 19:11:44.289091,cart
U1472,P0203,2025-10-27 19:11:44.289123,cart
U0932,P0224,2025-10-09 19:11:44.289155,purchase
U0028,P0228,2025-04-15 19:11:44.289187,view
U0139,P0221,2025-08-06 19:11:44.289220,view
U1803,P0014,2026-02-15 19:11:44.289253,wishlist
U1892,P0379,2025-10-04 19:11:44.289285,view
U1473,P0296,2026-02-20 19:11:44.289317,cart
U0015,P0124,2025-10-03 19:11:44.289349,view
U1926,P0111,2025-12-22 19:11:44.289380,wishlist
U0417,P0023,2025-07-01 19:11:44.289412,purchase
U0518,P0490,2026-04-05 19:11:44.289445,purchase
U1092,P0120,2025-09-17 19:11:44.289483,purchase
U0192,P0217,2026-03-06 19:11:44.289526,view
U0117,P0107,2025-12-16 19:11:44.289561,view
U1107,P0490,2025-05-30 19:11:44.289594,cart
U0785,P0476,2025-06-23 19:11:44.289627,view
U1883,P0018,2025-06-10 19:11:44.289659,view
U1821,P0371,2025-09-02 19:11:44.289694,cart
U1827,P0117,2025-10-03 19:11:44.289726,view
U0265,P0481,2025-05-05 19:11:44.289758,view
U1425,P0117,2026-03-24 19:11:44.289790,view
U1425,P0112,2025-08-25 19:11:44.289821,view
U0583,P0255,2025-05-01 19:11:44.289853,view
U1581,P0180,2025-11-07 19:11:44.289886,view
U1235,P0477,2025-09-01 19:11:44.289918,view
U1983,P0489,2026-01-28 19:11:44.289950,view
U0975,P0461,2026-02-05 19:11:44.289982,view
U1965,P0396,2025-05-02 19:11:44.290014,view
U1287,P0114,2025-07-09 19:11:44.290046,view
U1704,P0500,2025-08-29 19:11:44.290077,view
U1187,P0309,2025-07-23 19:11:44.290108,view
U0097,P0024,2025-05-03 19:11:44.290140,cart
U1891,P0051,2025-05-25 19:11:44.290171,view
U1301,P0304,2025-08-10 19:11:44.290202,wishlist
U0842,P0446,2026-02-15 19:11:44.290235,view
U0996,P0007,2025-10-02 19:11:44.290267,purchase
U1274,P0153,2025-08-03 19:11:44.290298,cart
U0836,P0095,2026-01-22 19:11:44.290329,cart
U0302,P0036,2025-06-12 19:11:44.290363,view
U0620,P0385,2025-05-18 19:11:44.290395,cart
U0728,P0304,2025-11-27 19:11:44.290426,view
U1048,P0335,2025-04-29 19:11:44.290457,view
U1926,P0165,2026-01-13 19:11:44.290492,cart
U1348,P0393,2025-10-17 19:11:44.290523,wishlist
U1805,P0027,2025-12-19 19:11:44.290554,wishlist
U0476,P0073,2025-09-20 19:11:44.290585,purchase
U0662,P0274,2025-07-26 19:11:44.290619,view
U0690,P0384,2025-11-17 19:11:44.290649,view
U1609,P0254,2025-04-12 19:11:44.290680,view
U0778,P0396,2026-01-13 19:11:44.290711,view
U0310,P0181,2025-05-12 19:11:44.290743,cart
U0856,P0454,2025-10-18 19:11:44.290775,view
U0593,P0466,2026-04-04 19:11:44.290806,wishlist
U0982,P0299,2026-02-03 19:11:44.290837,cart
U1777,P0495,2025-06-09 19:11:44.290869,view
U0499,P0053,2025-12-11 19:11:44.290900,view
U0044,P0234,2025-12-31 19:11:44.290931,cart
U1079,P0059,2025-09-16 19:11:44.290961,cart
U0726,P0287,2025-05-14 19:11:44.291014,view
U1920,P0192,2026-01-23 19:11:44.291045,view
U0796,P0424,2025-09-26 19:11:44.291076,wishlist
U0410,P0178,2025-09-24 19:11:44.291108,view
U0343,P0199,2025-05-15 19:11:44.291140,view
U1273,P0019,2026-02-02 19:11:44.291171,cart
U1456,P0101,2026-01-01 19:11:44.291202,view
U0251,P0033,2025-10-27 19:11:44.291234,wishlist
U0187,P0044,2025-08-15 19:11:44.291265,cart
U0151,P0061,2025-08-22 19:11:44.291297,cart
U1062,P0431,2026-03-31 19:11:44.291328,purchase
U0208,P0247,2025-05-10 19:11:44.291360,view
U1488,P0396,2025-11-08 19:11:44.291392,cart
U0136,P0109,2026-01-27 19:11:44.291424,view
U0919,P0124,2026-03-07 19:11:44.291455,purchase
U1478,P0158,2025-11-29 19:11:44.291491,cart
U0439,P0416,2025-10-11 19:11:44.291534,view
U0164,P0043,2025-09-07 19:11:44.291569,view
U1366,P0384,2025-07-06 19:11:44.291601,view
U0860,P0222,2025-07-13 19:11:44.291634,wishlist
U0798,P0338,2025-08-28 19:11:44.291669,cart
U1265,P0310,2025-12-15 19:11:44.291701,view
U0916,P0431,2026-03-07 19:11:44.291733,purchase
U0233,P0274,2025-12-04 19:11:44.291766,cart
U0321,P0235,2025-11-29 19:11:44.291846,view
U1033,P0222,2025-07-18 19:11:44.291887,cart
U0711,P0027,2025-09-15 19:11:44.291921,view
U0236,P0487,2025-12-12 19:11:44.291954,view
U0494,P0278,2025-12-26 19:11:44.292000,cart
U1406,P0402,2025-04-25 19:11:44.292053,view
U0874,P0019,2025-10-24 19:11:44.292093,purchase
U1018,P0110,2026-02-04 19:11:44.292130,view
U1491,P0104,2025-10-26 19:11:44.292164,wishlist
U0658,P0205,2025-11-04 19:11:44.292198,cart
U1389,P0348,2025-06-01 19:11:44.292242,view
U1638,P0103,2025-09-27 19:11:44.292287,wishlist
U1663,P0232,2025-05-12 19:11:44.292322,purchase
U1804,P0052,2026-02-08 19:11:44.292356,view
U0944,P0222,2026-01-01 19:11:44.292389,cart
U0576,P0196,2025-10-17 19:11:44.292423,wishlist
U1226,P0417,2026-01-06 19:11:44.292456,wishlist
U0478,P0358,2025-08-14 19:11:44.292490,view
U1980,P0448,2025-05-07 19:11:44.292523,view
U0614,P0277,2025-10-13 19:11:44.292556,purchase
U1060,P0302,2025-08-11 19:11:44.292598,wishlist
U0760,P0308,2026-03-14 19:11:44.292632,view
U1847,P0349,2025-07-12 19:11:44.292666,purchase
U0511,P0061,2025-06-13 19:11:44.292700,view
U0449,P0328,2025-07-29 19:11:44.292737,purchase
U1025,P0269,2026-03-01 19:11:44.292769,cart
U0139,P0120,2026-02-08 19:11:44.292802,view
U1285,P0046,2025-10-30 19:11:44.292835,view
U0295,P0324,2025-07-27 19:11:44.292868,view
U0108,P0020,2025-08-14 19:11:44.292901,purchase
U0233,P0288,2025-04-29 19:11:44.292934,wishlist
U1434,P0142,2025-10-08 19:11:44.292967,wishlist
U0036,P0305,2026-03-03 19:11:44.292998,cart
U0921,P0391,2025-06-29 19:11:44.293031,cart
U0831,P0005,2025-05-19 19:11:44.293064,view
U0210,P0448,2026-02-27 19:11:44.293097,cart
U1094,P0500,2026-01-18 19:11:44.293131,view
U1223,P0399,2025-09-14 19:11:44.293185,wishlist
U0285,P0425,2025-05-29 19:11:44.293241,cart
U1582,P0024,2026-03-20 19:11:44.293302,purchase
U1403,P0138,2025-04-20 19:11:44.293365,view
U0230,P0472,2025-09-28 19:11:44.293428,view
U1754,P0025,2026-03-30 19:11:44.293486,cart
U1515,P0117,2025-07-01 19:11:44.293564,view
U1009,P0255,2026-02-15 19:11:44.293629,cart
U1938,P0294,2026-01-12 19:11:44.293671,view
U0354,P0038,2026-02-10 19:11:44.293709,cart
U0790,P0101,2026-02-24 19:11:44.293745,cart
U0560,P0383,2026-01-25 19:11:44.293781,wishlist
U1698,P0404,2026-02-11 19:11:44.293815,cart
U1076,P0468,2026-01-12 19:11:44.293849,view
U0635,P0002,2026-01-30 19:11:44.293888,purchase
U1668,P0088,2025-09-06 19:11:44.293922,view
U0407,P0363,2025-09-25 19:11:44.293955,view
U0635,P0338,2025-08-12 19:11:44.293988,view
U0085,P0401,2025-07-29 19:11:44.294022,cart
U1076,P0430,2025-09-26 19:11:44.294055,purchase
U1589,P0378,2025-09-15 19:11:44.294088,purchase
U1526,P0368,2025-10-19 19:11:44.294121,cart
U0264,P0412,2025-04-11 19:11:44.294155,view
U0254,P0044,2025-12-23 19:11:44.294188,wishlist
U1153,P0252,2025-08-08 19:11:44.294221,cart
U1808,P0023,2025-11-02 19:11:44.294254,cart
U1225,P0303,2025-06-02 19:11:44.294287,purchase
U1673,P0018,2025-09-05 19:11:44.294320,view
U0542,P0253,2025-07-31 19:11:44.294353,view
U0017,P0077,2026-02-05 19:11:44.294386,view
U0372,P0329,2025-07-28 19:11:44.294421,cart
U1628,P0249,2025-09-17 19:11:44.294454,view
U1848,P0185,2025-10-07 19:11:44.294486,view
U0955,P0124,2025-04-05 19:11:44.294518,view
U0752,P0272,2025-12-25 19:11:44.294552,view
U1786,P0379,2025-09-23 19:11:44.294584,view
U0942,P0245,2025-09-16 19:11:44.294616,view
U0648,P0365,2025-04-21 19:11:44.294650,view
U1679,P0205,2025-04-28 19:11:44.294684,cart
U1939,P0393,2025-10-30 19:11:44.294717,cart
U0516,P0161,2026-01-14 19:11:44.294750,cart
U1113,P0450,2025-11-21 19:11:44.294782,view
U0289,P0365,2025-11-30 19:11:44.294814,view
U1848,P0279,2025-07-18 19:11:44.294846,view
U1208,P0184,2025-05-16 19:11:44.294878,view
U0093,P0481,2026-01-30 19:11:44.294909,view
U0228,P0285,2025-08-28 19:11:44.294944,view
U0356,P0498,2025-04-10 19:11:44.294979,cart
U1520,P0373,2025-10-24 19:11:44.295013,view
U0175,P0086,2026-01-02 19:11:44.295046,view
U1608,P0308,2025-05-16 19:11:44.295078,view
U1331,P0473,2025-09-04 19:11:44.295110,view
U0608,P0168,2026-02-03 19:11:44.295142,view
U0589,P0095,2026-01-08 19:11:44.295174,view
U0602,P0028,2025-11-11 19:11:44.295207,view
U0906,P0005,2025-10-17 19:11:44.295239,cart
U0835,P0202,2026-01-04 19:11:44.295270,view
U0871,P0306,2025-06-30 19:11:44.295302,cart
U1984,P0100,2026-02-23 19:11:44.295335,view
U1624,P0105,2026-01-07 19:11:44.295367,view
U0471,P0068,2025-12-31 19:11:44.295398,purchase
U0454,P0110,2025-08-16 19:11:44.295430,view
U0221,P0051,2025-08-29 19:11:44.295462,cart
U1414,P0482,2025-07-25 19:11:44.295493,cart
U0879,P0073,2025-08-17 19:11:44.295535,view
U1117,P0119,2025-04-10 19:11:44.295570,view
U0496,P0498,2026-01-06 19:11:44.295606,wishlist
U1704,P0254,2025-11-12 19:11:44.295639,cart
U1547,P0168,2026-04-04 19:11:44.295673,view
U1799,P0115,2025-09-17 19:11:44.295714,cart
U0509,P0076,2025-12-12 19:11:44.295749,view
U1002,P0137,2025-08-24 19:11:44.295782,wishlist
U0657,P0217,2026-02-01 19:11:44.295815,view
U1372,P0068,2025-09-07 19:11:44.295847,view
U1519,P0417,2026-02-21 19:11:44.295880,view
U1737,P0450,2025-10-29 19:11:44.295913,cart
U0200,P0212,2026-02-12 19:11:44.295947,view
U1396,P0393,2026-02-01 19:11:44.295979,view
U0200,P0368,2025-07-05 19:11:44.296012,view
U1928,P0099,2025-10-20 19:11:44.296045,view
U0899,P0401,2025-04-30 19:11:44.296079,view
U0680,P0111,2026-01-28 19:11:44.296111,view
U0028,P0465,2025-06-28 19:11:44.296146,cart
U0104,P0451,2025-05-01 19:11:44.296178,wishlist
U0183,P0072,2025-12-18 19:11:44.296210,view
U0214,P0480,2025-11-06 19:11:44.296242,cart
U1055,P0188,2025-05-14 19:11:44.296276,view
U1351,P0295,2025-12-22 19:11:44.296310,view
U0934,P0459,2025-07-24 19:11:44.296342,view
U0711,P0383,2026-03-04 19:11:44.296376,cart
U1194,P0330,2025-11-14 19:11:44.296408,view
U0492,P0106,2025-11-15 19:11:44.296439,view
U0259,P0301,2026-02-15 19:11:44.296471,cart
U1900,P0119,2025-07-19 19:11:44.296504,view
U0835,P0311,2025-06-20 19:11:44.296537,view
U1898,P0423,2025-10-18 19:11:44.296569,view
U1178,P0464,2025-06-26 19:11:44.296602,view
U0305,P0154,2025-07-03 19:11:44.296635,view
U1235,P0219,2025-04-09 19:11:44.296668,view
U0243,P0012,2025-04-09 19:11:44.296700,view
U0694,P0092,2025-08-03 19:11:44.296731,cart
U0583,P0188,2026-02-23 19:11:44.296763,view
U0165,P0062,2025-08-14 19:11:44.296795,cart
U0316,P0177,2025-06-22 19:11:44.296826,purchase
U1417,P0277,2025-09-24 19:11:44.296858,view
U1807,P0380,2025-04-22 19:11:44.296891,view
U1553,P0300,2026-03-27 19:11:44.296924,purchase
U1341,P0351,2025-10-05 19:11:44.296957,view
U1682,P0383,2026-03-25 19:11:44.296990,view
U0116,P0033,2025-11-02 19:11:44.297023,view
U1751,P0448,2025-05-22 19:11:44.297058,cart
U1990,P0034,2025-05-05 19:11:44.297090,wishlist
U1733,P0106,2025-09-24 19:11:44.297122,view
U1922,P0496,2026-03-24 19:11:44.297153,wishlist
U1507,P0421,2025-09-11 19:11:44.297189,wishlist
U0511,P0341,2025-11-06 19:11:44.297222,view
U1414,P0458,2025-12-27 19:11:44.297254,view
U1647,P0002,2025-07-15 19:11:44.297286,view
U0470,P0164,2026-01-21 19:11:44.297318,cart
U1591,P0198,2025-05-22 19:11:44.297350,view
U0625,P0153,2025-12-16 19:11:44.297383,wishlist
U1531,P0296,2025-07-19 19:11:44.297416,purchase
U0381,P0193,2026-01-26 19:11:44.297449,view
U0385,P0465,2025-12-03 19:11:44.297481,purchase
U1946,P0296,2025-11-20 19:11:44.297512,view
U0497,P0378,2025-11-05 19:11:44.297558,view
U1784,P0139,2025-07-20 19:11:44.297592,view
U1358,P0282,2026-03-25 19:11:44.297624,view
U0188,P0224,2025-10-12 19:11:44.297656,purchase
U0316,P0097,2026-01-14 19:11:44.297688,view
U0001,P0127,2025-04-06 19:11:44.297722,cart
U1097,P0410,2025-08-11 19:11:44.297754,view
U0646,P0388,2025-05-08 19:11:44.297786,view
U0817,P0480,2025-05-23 19:11:44.297819,cart
U1083,P0316,2025-06-18 19:11:44.297850,view
U0604,P0478,2026-03-10 19:11:44.297881,cart
U0530,P0246,2026-04-03 19:11:44.297913,wishlist
U1139,P0121,2025-10-01 19:11:44.297945,view
U0778,P0243,2025-09-08 19:11:44.297979,view
U0348,P0135,2025-07-01 19:11:44.298010,view
U0191,P0258,2026-01-15 19:11:44.298042,view
U1188,P0442,2025-07-31 19:11:44.298075,cart
U1703,P0424,2025-11-09 19:11:44.298107,view
U1806,P0274,2025-06-10 19:11:44.298138,view
U1200,P0027,2025-07-17 19:11:44.298171,cart
U1941,P0375,2026-01-06 19:11:44.298204,wishlist
U0802,P0236,2026-02-15 19:11:44.298240,wishlist
U0022,P0096,2025-10-29 19:11:44.298273,view
U1208,P0106,2025-09-06 19:11:44.298305,view
U1767,P0097,2025-07-31 19:11:44.298336,view
U0680,P0237,2025-08-26 19:11:44.298367,view
U1024,P0421,2025-07-24 19:11:44.298399,view
U1961,P0053,2025-08-02 19:11:44.298431,view
U0363,P0211,2025-05-25 19:11:44.298466,cart
U0474,P0006,2026-03-14 19:11:44.298498,view
U1994,P0330,2025-06-17 19:11:44.298530,view
U1865,P0036,2025-07-22 19:11:44.298562,cart
U1996,P0378,2025-05-26 19:11:44.298595,view
U1949,P0365,2026-04-04 19:11:44.298627,cart
U1328,P0493,2025-12-28 19:11:44.298660,view
U0800,P0229,2025-10-29 19:11:44.298692,view
U0625,P0020,2026-04-03 19:11:44.298724,view
U0121,P0074,2025-09-18 19:11:44.298757,view
U0793,P0399,2026-01-05 19:11:44.298790,view
U0618,P0291,2025-05-18 19:11:44.298822,wishlist
U1528,P0468,2025-08-02 19:11:44.298854,view
U0039,P0311,2025-10-03 19:11:44.298886,view
U1070,P0499,2025-04-05 19:11:44.298918,view
U0967,P0290,2025-04-18 19:11:44.298951,wishlist
U0933,P0472,2025-05-11 19:11:44.298983,purchase
U0066,P0076,2025-10-20 19:11:44.299017,view
U0846,P0193,2025-06-04 19:11:44.299051,purchase
U0082,P0200,2025-11-24 19:11:44.299084,wishlist
U0916,P0108,2025-08-07 19:11:44.299121,cart
U1630,P0294,2025-10-02 19:11:44.299154,view
U0889,P0093,2025-12-26 19:11:44.299187,view
U1002,P0310,2026-03-18 19:11:44.299220,cart
U0882,P0132,2025-05-14 19:11:44.299255,wishlist
U0242,P0166,2025-07-02 19:11:44.299288,view
U0676,P0359,2026-01-22 19:11:44.299322,view
U0028,P0058,2025-12-23 19:11:44.299355,purchase
U0852,P0268,2025-11-28 19:11:44.299387,view
U0438,P0342,2025-04-08 19:11:44.299419,cart
U1009,P0152,2025-05-29 19:11:44.299452,wishlist
U0684,P0248,2025-07-31 19:11:44.299486,view
U1601,P0434,2025-12-08 19:11:44.299520,view
U1927,P0225,2026-01-17 19:11:44.299561,view
U0194,P0300,2025-09-25 19:11:44.299595,view
U1796,P0064,2025-06-29 19:11:44.299693,view
U1430,P0155,2025-06-19 19:11:44.299746,cart
U0079,P0408,2025-10-20 19:11:44.299824,view
U0993,P0341,2025-06-03 19:11:44.299884,view
U0776,P0011,2025-05-25 19:11:44.299928,view
U1349,P0117,2026-01-05 19:11:44.299964,purchase
U1134,P0432,2025-09-20 19:11:44.300000,view
U0446,P0346,2025-04-19 19:11:44.300035,purchase
U1312,P0103,2025-06-02 19:11:44.300070,wishlist
U1087,P0092,2026-03-29 19:11:44.300107,view
U0397,P0340,2025-10-08 19:11:44.300142,cart
U0076,P0034,2025-05-07 19:11:44.300176,wishlist
U0121,P0322,2025-09-25 19:11:44.300210,view
U0191,P0116,2025-05-01 19:11:44.300242,cart
U0995,P0099,2025-08-08 19:11:44.300275,view
U0161,P0394,2026-03-23 19:11:44.300310,view
U1598,P0133,2025-10-17 19:11:44.300344,purchase
U1993,P0395,2025-05-15 19:11:44.300378,view
U0708,P0498,2025-06-04 19:11:44.300414,view
U1852,P0260,2025-10-24 19:11:44.300449,purchase
U1038,P0320,2025-08-30 19:11:44.300484,view
U1385,P0484,2025-06-19 19:11:44.300525,view
U0896,P0145,2025-09-08 19:11:44.300559,view
U1185,P0304,2025-07-30 19:11:44.300593,view
U1789,P0245,2025-07-12 19:11:44.300627,view
U1271,P0317,2025-09-08 19:11:44.300662,view
U1708,P0500,2025-08-28 19:11:44.300695,wishlist
U1884,P0059,2026-01-26 19:11:44.300730,view
U0150,P0136,2025-05-27 19:11:44.300763,cart
U0194,P0289,2025-09-13 19:11:44.300796,view
U1591,P0273,2025-06-26 19:11:44.300829,view
U0953,P0454,2025-04-11 19:11:44.300862,wishlist
U0041,P0021,2025-04-20 19:11:44.300895,view
U1608,P0202,2026-01-20 19:11:44.300928,view
U0189,P0150,2025-12-20 19:11:44.300961,view
U1746,P0266,2025-08-01 19:11:44.300998,cart
U0843,P0060,2026-02-21 19:11:44.301031,view
U1005,P0225,2025-08-25 19:11:44.301065,wishlist
U0369,P0281,2025-06-15 19:11:44.301097,wishlist
U1813,P0426,2025-10-10 19:11:44.301130,cart
U1284,P0138,2025-07-15 19:11:44.301163,view
U1882,P0417,2025-12-22 19:11:44.301196,purchase
U1816,P0004,2026-02-18 19:11:44.301231,view
U0880,P0474,2025-04-21 19:11:44.301264,view
U0447,P0281,2025-05-09 19:11:44.301297,cart
U0222,P0418,2025-07-30 19:11:44.301331,view
U0413,P0206,2026-04-05 19:11:44.301364,purchase
U0436,P0297,2025-05-10 19:11:44.301397,view
U0161,P0251,2025-06-15 19:11:44.301432,view
U1425,P0200,2025-08-04 19:11:44.301465,cart
U0285,P0315,2025-09-03 19:11:44.301500,wishlist
U0215,P0295,2025-08-12 19:11:44.301541,wishlist
U1215,P0013,2025-06-19 19:11:44.301578,cart
U0975,P0128,2025-10-05 19:11:44.301614,cart
U0685,P0346,2025-10-21 19:11:44.301647,view
U1904,P0322,2025-07-03 19:11:44.301680,cart
U0450,P0220,2026-01-31 19:11:44.301714,wishlist
U1378,P0327,2025-04-06 19:11:44.301746,view
U0584,P0338,2026-01-21 19:11:44.301779,view
U0788,P0086,2025-08-20 19:11:44.301813,view
U1999,P0263,2025-10-17 19:11:44.301845,view
U1426,P0339,2025-06-27 19:11:44.301878,view
U0574,P0218,2025-04-21 19:11:44.301912,view
U0587,P0416,2026-03-18 19:11:44.301944,view
U1155,P0145,2025-06-04 19:11:44.301977,cart
U0616,P0231,2025-12-16 19:11:44.302009,view
U0747,P0483,2025-09-21 19:11:44.302040,purchase
U0613,P0118,2025-04-23 19:11:44.302071,cart
U0915,P0056,2025-10-02 19:11:44.302103,wishlist
U1796,P0046,2025-05-08 19:11:44.302134,view
U1907,P0460,2025-07-10 19:11:44.302166,view
U0485,P0290,2025-07-26 19:11:44.302198,purchase
U0143,P0452,2025-11-07 19:11:44.302230,view
U1835,P0387,2025-12-18 19:11:44.302262,cart
U0936,P0382,2025-04-05 19:11:44.302295,cart
U1254,P0025,2025-04-10 19:11:44.302328,cart
U0171,P0183,2026-01-03 19:11:44.302361,view
U1174,P0075,2025-11-04 19:11:44.302393,wishlist
U1708,P0421,2026-01-22 19:11:44.302425,purchase
U0668,P0090,2025-07-24 19:11:44.302457,view
U0205,P0431,2026-01-04 19:11:44.302489,cart
U1682,P0371,2026-01-29 19:11:44.302520,view
U1196,P0115,2025-08-12 19:11:44.302551,view
U1382,P0185,2025-10-30 19:11:44.302582,view
U1375,P0168,2025-12-01 19:11:44.302613,view
U0012,P0425,2025-07-18 19:11:44.302648,view
U1381,P0255,2025-06-25 19:11:44.302683,view
U0854,P0385,2025-07-28 19:11:44.302716,view
U0114,P0178,2025-06-17 19:11:44.302749,view
U1734,P0216,2025-12-03 19:11:44.302781,wishlist
U1043,P0168,2025-09-07 19:11:44.302813,view
U0628,P0325,2025-06-05 19:11:44.302844,view
U0225,P0456,2025-04-10 19:11:44.302877,view
U1583,P0437,2025-12-14 19:11:44.302908,view
U1131,P0361,2025-05-06 19:11:44.302941,view
U0459,P0150,2025-05-30 19:11:44.302972,view
U1788,P0112,2025-09-19 19:11:44.303003,view
U1946,P0302,2026-03-09 19:11:44.303034,wishlist
U0455,P0250,2026-01-17 19:11:44.303065,cart
U1095,P0106,2025-04-19 19:11:44.303096,cart
U0034,P0378,2025-07-30 19:11:44.303127,purchase
U0746,P0491,2025-09-13 19:11:44.303159,cart
U1828,P0422,2026-02-26 19:11:44.303192,view
U0961,P0323,2025-11-01 19:11:44.303223,view
U0774,P0005,2025-12-01 19:11:44.303256,view
U1682,P0135,2025-04-23 19:11:44.303286,wishlist
U0627,P0385,2026-01-14 19:11:44.303317,view
U0946,P0196,2026-03-04 19:11:44.303349,view
U1313,P0073,2025-09-18 19:11:44.303380,cart
U0119,P0268,2026-03-07 19:11:44.303413,view
U0328,P0284,2025-08-07 19:11:44.303444,view
U1123,P0339,2025-04-19 19:11:44.303475,cart
U0975,P0132,2025-09-09 19:11:44.303507,view
U1187,P0040,2026-03-09 19:11:44.303546,view
U1401,P0106,2025-06-27 19:11:44.303585,view
U1887,P0182,2025-09-17 19:11:44.303618,cart
U1283,P0101,2025-09-30 19:11:44.303653,view
U1043,P0193,2025-07-15 19:11:44.303686,purchase
U0764,P0049,2025-11-11 19:11:44.303718,cart
U1127,P0109,2026-02-22 19:11:44.303750,wishlist
U0964,P0193,2025-09-23 19:11:44.303782,view
U1477,P0254,2025-04-28 19:11:44.303814,cart
U1914,P0393,2025-08-22 19:11:44.303847,view
U0140,P0053,2026-02-24 19:11:44.303879,view
U1662,P0217,2025-11-16 19:11:44.303911,view
U1840,P0331,2026-01-21 19:11:44.303942,cart
U1764,P0192,2025-08-01 19:11:44.303975,purchase
U0840,P0052,2025-09-28 19:11:44.304006,purchase
U1133,P0430,2026-02-07 19:11:44.304038,wishlist
U0674,P0023,2025-04-09 19:11:44.304071,view
U0584,P0393,2025-08-03 19:11:44.304103,view
U0072,P0254,2025-11-20 19:11:44.304134,view
U0530,P0369,2025-08-15 19:11:44.304165,view
U0256,P0176,2025-04-08 19:11:44.304198,view
U1170,P0109,2025-04-24 19:11:44.304230,purchase
U0895,P0223,2025-09-08 19:11:44.304265,view
U1613,P0023,2025-06-11 19:11:44.304297,cart
U0890,P0003,2025-05-13 19:11:44.304334,view
U0673,P0126,2025-04-22 19:11:44.304366,purchase
U0824,P0262,2026-02-14 19:11:44.304399,view
U1524,P0250,2025-05-13 19:11:44.304432,view
U0791,P0143,2025-09-04 19:11:44.304465,cart
U0448,P0323,2026-02-06 19:11:44.304498,cart
U0612,P0297,2026-02-19 19:11:44.304529,view
U1318,P0477,2025-08-17 19:11:44.304562,cart
U0469,P0005,2025-11-24 19:11:44.304594,view
U1484,P0060,2025-12-17 19:11:44.304626,wishlist
U1037,P0456,2025-10-05 19:11:44.304658,view
U0917,P0080,2026-02-13 19:11:44.304692,cart
U0503,P0364,2025-11-09 19:11:44.304725,view
U0112,P0396,2025-11-13 19:11:44.304758,view
U1015,P0271,2025-05-15 19:11:44.304790,view
U1932,P0265,2025-05-12 19:11:44.304821,cart
U0196,P0486,2025-04-28 19:11:44.304854,view
U0568,P0500,2025-09-01 19:11:44.304886,view
U0258,P0062,2025-11-09 19:11:44.304918,wishlist
U0435,P0455,2025-08-31 19:11:44.304949,view
U0658,P0012,2026-01-02 19:11:44.304982,view
U1132,P0448,2025-10-13 19:11:44.305013,view
U1293,P0017,2025-08-31 19:11:44.305045,view
U0649,P0391,2025-12-27 19:11:44.305077,view
U0023,P0450,2025-09-25 19:11:44.305108,view
U0944,P0116,2025-04-16 19:11:44.305139,cart
U1471,P0289,2025-05-23 19:11:44.305172,cart
U0308,P0055,2026-03-18 19:11:44.305204,view
U0589,P0122,2026-02-16 19:11:44.305236,view
U1176,P0218,2026-04-02 19:11:44.305266,view
U1722,P0460,2025-07-09 19:11:44.305298,view
U1484,P0427,2026-02-21 19:11:44.305329,view
U1014,P0445,2025-08-01 19:11:44.305360,view
U0298,P0166,2025-06-25 19:11:44.305391,view
U1247,P0147,2025-11-08 19:11:44.305421,cart
U1018,P0467,2026-03-02 19:11:44.305453,view
U0553,P0398,2025-08-19 19:11:44.305484,cart
U0643,P0185,2025-12-15 19:11:44.305515,view
U1418,P0382,2025-05-11 19:11:44.305555,view
U1047,P0317,2025-05-06 19:11:44.305590,cart
U0848,P0159,2026-02-18 19:11:44.305625,view
U0611,P0160,2025-04-12 19:11:44.305658,cart
U1753,P0273,2026-01-11 19:11:44.305691,view
U1266,P0395,2025-10-20 19:11:44.305726,cart
U1101,P0141,2025-07-13 19:11:44.305758,view
U1958,P0123,2026-03-14 19:11:44.305790,view
U0532,P0128,2025-08-25 19:11:44.305821,view
U0069,P0090,2025-12-23 19:11:44.305852,cart
U0180,P0196,2025-05-07 19:11:44.305883,view
U0223,P0096,2025-06-22 19:11:44.305917,cart
U0649,P0005,2025-10-31 19:11:44.305949,wishlist
U1933,P0011,2025-08-27 19:11:44.305980,view
U1551,P0078,2025-05-15 19:11:44.306016,cart
U0813,P0096,2025-09-19 19:11:44.306049,cart
U1165,P0124,2025-09-29 19:11:44.306080,view
U0724,P0020,2025-10-20 19:11:44.306112,cart
U1782,P0485,2025-07-12 19:11:44.306143,view
U0203,P0218,2025-12-22 19:11:44.306175,wishlist
U1609,P0117,2025-10-28 19:11:44.306206,view
U1871,P0351,2025-11-12 19:11:44.306238,view
U0144,P0430,2025-05-25 19:11:44.306269,view
U1982,P0087,2025-11-27 19:11:44.306301,view
U0192,P0333,2026-01-14 19:11:44.306332,view
U0972,P0341,2026-01-15 19:11:44.306363,wishlist
U0998,P0184,2025-04-15 19:11:44.306394,view
U0744,P0413,2025-04-28 19:11:44.306426,view
U1877,P0149,2025-04-17 19:11:44.306458,view
U1210,P0191,2025-04-18 19:11:44.306489,cart
U0214,P0386,2025-07-22 19:11:44.306520,view
U0719,P0269,2025-05-01 19:11:44.306554,view
U0016,P0117,2025-08-20 19:11:44.306586,wishlist
U1287,P0249,2025-06-19 19:11:44.306617,purchase
U1884,P0133,2025-11-03 19:11:44.306648,view
U0050,P0184,2025-11-07 19:11:44.306680,view
U1012,P0351,2025-04-05 19:11:44.306711,view
U1742,P0348,2025-12-07 19:11:44.306746,cart
U1233,P0256,2025-06-03 19:11:44.306779,cart
U0394,P0024,2026-03-16 19:11:44.306811,view
U1141,P0466,2026-01-19 19:11:44.306843,purchase
U1090,P0287,2025-07-18 19:11:44.306874,view
U0271,P0227,2025-11-25 19:11:44.306906,purchase
U0608,P0246,2026-03-27 19:11:44.306937,view
U0821,P0030,2025-10-17 19:11:44.306969,wishlist
U0732,P0183,2025-10-23 19:11:44.307001,view
U1111,P0430,2025-10-24 19:11:44.307037,cart
U0199,P0269,2025-09-16 19:11:44.307070,view
U0751,P0100,2025-12-18 19:11:44.307102,wishlist
U0357,P0043,2025-08-29 19:11:44.307133,view
U0716,P0482,2025-10-01 19:11:44.307164,view
U0819,P0271,2025-05-28 19:11:44.307195,view
U0233,P0093,2025-04-05 19:11:44.307228,view
U1916,P0281,2026-03-11 19:11:44.307260,wishlist
U0106,P0156,2025-10-31 19:11:44.307291,purchase
U0830,P0234,2026-01-11 19:11:44.307322,view
U1039,P0443,2025-05-14 19:11:44.307353,cart
U1861,P0266,2026-01-01 19:11:44.307383,cart
U1165,P0262,2026-03-24 19:11:44.307413,view
U0224,P0168,2025-07-17 19:11:44.307445,purchase
U1422,P0204,2025-07-06 19:11:44.307476,wishlist
U1653,P0109,2025-11-18 19:11:44.307507,view
U1456,P0491,2025-10-02 19:11:44.307537,wishlist
U1587,P0041,2025-07-21 19:11:44.307577,view
U1142,P0371,2025-08-03 19:11:44.307614,view
U1371,P0113,2025-06-12 19:11:44.307651,view
U1802,P0450,2026-03-16 19:11:44.307686,wishlist
U1742,P0360,2026-01-29 19:11:44.307719,cart
U1278,P0101,2025-07-14 19:11:44.307753,view
U1038,P0145,2026-01-30 19:11:44.307785,purchase
U1720,P0471,2025-09-16 19:11:44.307815,view
U1279,P0033,2026-03-26 19:11:44.307846,view
U1784,P0473,2026-01-29 19:11:44.307877,view
U0477,P0425,2025-09-06 19:11:44.307907,cart
U0388,P0483,2025-08-02 19:11:44.307939,view
U1739,P0294,2025-11-24 19:11:44.307970,wishlist
U1529,P0430,2025-08-27 19:11:44.308019,view
U0091,P0189,2026-01-17 19:11:44.308050,view
U1479,P0346,2025-06-13 19:11:44.308081,view
U1686,P0455,2025-06-02 19:11:44.308113,cart
U1917,P0268,2026-01-20 19:11:44.308144,view
U0866,P0242,2025-04-20 19:11:44.308175,view
U0497,P0214,2025-05-22 19:11:44.308207,purchase
U1376,P0088,2026-03-18 19:11:44.308238,view
U0275,P0108,2025-08-04 19:11:44.308269,purchase
U1908,P0437,2025-05-24 19:11:44.308300,view
U0172,P0095,2025-09-16 19:11:44.308332,view
U0620,P0372,2025-08-22 19:11:44.308365,view
U0134,P0243,2025-12-09 19:11:44.308397,view
U0190,P0346,2025-07-20 19:11:44.308428,purchase
U0352,P0416,2025-06-29 19:11:44.308535,view
U0347,P0196,2025-12-25 19:11:44.308579,view
U1195,P0089,2025-05-11 19:11:44.308615,view
U1459,P0439,2025-08-18 19:11:44.308663,view
U0600,P0334,2025-06-18 19:11:44.308700,cart
U0155,P0423,2025-12-19 19:11:44.308733,cart
U0343,P0228,2025-11-13 19:11:44.308764,view
U1180,P0149,2025-10-07 19:11:44.308796,view
U1184,P0140,2026-02-13 19:11:44.308836,wishlist
U1932,P0344,2025-05-31 19:11:44.308950,view
U1294,P0050,2026-02-25 19:11:44.309021,view
U0600,P0283,2025-04-07 19:11:44.309062,view
U1584,P0282,2025-06-18 19:11:44.309098,view
U0839,P0244,2025-06-20 19:11:44.309133,view
U1066,P0315,2026-03-30 19:11:44.309168,purchase
U1038,P0457,2025-09-27 19:11:44.309203,purchase
U0649,P0380,2025-11-15 19:11:44.309239,cart
U1978,P0007,2025-10-25 19:11:44.309275,purchase
U1823,P0472,2026-01-07 19:11:44.309309,wishlist
U1636,P0122,2025-08-06 19:11:44.309344,view
U0451,P0210,2025-07-04 19:11:44.309377,cart
U0739,P0145,2025-10-26 19:11:44.309412,view
U1284,P0439,2025-10-13 19:11:44.309466,purchase
U1331,P0403,2025-05-09 19:11:44.309526,cart
U1161,P0040,2025-07-09 19:11:44.309601,view
U0667,P0045,2025-09-08 19:11:44.309663,wishlist
U1194,P0240,2025-08-31 19:11:44.309722,view
U0555,P0396,2026-01-26 19:11:44.309780,view
U0148,P0485,2025-10-10 19:11:44.309840,view
U1246,P0443,2025-09-03 19:11:44.309901,view
U1679,P0323,2025-06-27 19:11:44.309941,view
U0468,P0384,2025-09-03 19:11:44.309978,cart
U1257,P0114,2025-11-21 19:11:44.310014,cart
U1553,P0324,2025-10-06 19:11:44.310048,view
U0453,P0246,2025-10-14 19:11:44.310082,view
U0359,P0098,2025-09-08 19:11:44.310116,view
U1297,P0366,2025-07-31 19:11:44.310150,view
U1834,P0487,2025-11-25 19:11:44.310184,view
U0937,P0210,2025-04-11 19:11:44.310218,view
U0613,P0123,2025-12-16 19:11:44.310253,view
U1401,P0245,2025-06-28 19:11:44.310296,cart
U1845,P0472,2025-04-14 19:11:44.310333,cart
U0368,P0291,2025-11-22 19:11:44.310371,view
U1327,P0313,2025-11-17 19:11:44.310406,view
U0722,P0014,2025-11-13 19:11:44.310439,view
U0489,P0047,2025-11-05 19:11:44.310472,cart
U1994,P0095,2025-06-17 19:11:44.310505,view
U0829,P0104,2025-04-28 19:11:44.310539,view
U1969,P0365,2026-03-08 19:11:44.310572,view
U1180,P0343,2025-05-27 19:11:44.310608,view
U1795,P0221,2025-08-16 19:11:44.310640,view
U1505,P0279,2025-05-12 19:11:44.310671,view
U0082,P0114,2025-08-08 19:11:44.310703,view
U1052,P0030,2025-12-24 19:11:44.310735,view
U0120,P0329,2025-10-08 19:11:44.310767,wishlist
U0648,P0359,2025-04-20 19:11:44.310800,view
U0028,P0457,2026-02-18 19:11:44.310835,cart
U0737,P0106,2025-09-20 19:11:44.310867,purchase
U0053,P0474,2026-01-31 19:11:44.310900,view
U0544,P0126,2026-02-05 19:11:44.310934,wishlist
U1570,P0473,2025-11-13 19:11:44.310967,view
U1723,P0107,2025-08-16 19:11:44.311004,view
U0724,P0268,2025-05-04 19:11:44.311037,view
U0501,P0198,2025-09-18 19:11:44.311070,purchase
U0587,P0403,2025-06-19 19:11:44.311103,cart
U1399,P0179,2025-07-31 19:11:44.311136,view
U1808,P0457,2025-09-28 19:11:44.311168,purchase
U0812,P0169,2025-12-29 19:11:44.311200,view
U0892,P0130,2026-02-09 19:11:44.311232,view
U1191,P0472,2025-06-08 19:11:44.311264,cart
U1684,P0294,2026-03-06 19:11:44.311295,cart
U0392,P0419,2026-04-01 19:11:44.311326,purchase
U1104,P0371,2026-01-19 19:11:44.311357,view
U1883,P0013,2025-08-20 19:11:44.311389,view
U0023,P0028,2025-11-21 19:11:44.311421,cart
U0968,P0246,2026-02-22 19:11:44.311452,wishlist
U1013,P0393,2025-11-10 19:11:44.311483,view
U1712,P0032,2025-04-28 19:11:44.311516,view
U0560,P0021,2025-05-14 19:11:44.311552,wishlist
U1652,P0360,2025-07-27 19:11:44.311600,cart
U1674,P0284,2025-12-05 19:11:44.311634,view
U0426,P0308,2025-12-11 19:11:44.311666,cart
U0389,P0364,2025-12-31 19:11:44.311700,cart
U0813,P0435,2025-06-06 19:11:44.311732,view
U0398,P0036,2026-02-05 19:11:44.311764,purchase
U0766,P0011,2025-04-13 19:11:44.311796,view
U1308,P0121,2025-12-12 19:11:44.311828,view
U0750,P0272,2025-10-26 19:11:44.311861,cart
U1754,P0069,2025-11-03 19:11:44.311893,view
U1938,P0414,2025-04-06 19:11:44.311924,view
U0935,P0031,2025-12-31 19:11:44.311957,wishlist
U1838,P0230,2025-06-24 19:11:44.311989,cart
U0615,P0173,2025-08-29 19:11:44.312021,cart
U1170,P0490,2025-06-10 19:11:44.312056,view
U0421,P0089,2025-05-15 19:11:44.312091,view
U0655,P0338,2025-12-05 19:11:44.312124,cart
U0720,P0317,2025-09-18 19:11:44.312156,cart
U1658,P0155,2025-08-22 19:11:44.312188,cart
U0522,P0155,2026-01-06 19:11:44.312221,view
U1617,P0410,2025-07-13 19:11:44.312253,view
U0310,P0287,2026-03-08 19:11:44.312286,cart
U1049,P0474,2025-06-29 19:11:44.312319,view
U1898,P0408,2025-07-07 19:11:44.312351,view
U0124,P0145,2025-07-18 19:11:44.312383,purchase
U0910,P0138,2025-10-06 19:11:44.312418,wishlist
U1395,P0105,2025-10-02 19:11:44.312450,view
U0848,P0409,2025-06-20 19:11:44.312482,view
U1520,P0458,2026-03-29 19:11:44.312514,view
U1845,P0469,2026-02-21 19:11:44.312545,view
U0178,P0297,2025-11-23 19:11:44.312575,cart
U0124,P0447,2025-05-11 19:11:44.312606,view
U0822,P0103,2025-12-11 19:11:44.312638,view
U0914,P0461,2025-08-31 19:11:44.312670,cart
U0629,P0229,2025-08-12 19:11:44.312703,view
U0990,P0183,2025-06-03 19:11:44.312736,wishlist
U1541,P0424,2026-03-18 19:11:44.312769,view
U0842,P0393,2025-11-07 19:11:44.312801,view
U0543,P0168,2026-03-11 19:11:44.312832,view
U1476,P0483,2025-08-23 19:11:44.312864,view
U0440,P0025,2025-09-24 19:11:44.312898,cart
U0574,P0420,2025-11-08 19:11:44.312931,cart
U1985,P0355,2025-12-24 19:11:44.312962,view
U1758,P0101,2025-10-01 19:11:44.312994,view
U1645,P0252,2025-12-03 19:11:44.313026,cart
U1881,P0177,2025-08-15 19:11:44.313058,view
U0425,P0135,2025-10-21 19:11:44.313093,purchase
U1786,P0037,2025-05-08 19:11:44.313126,view
U0481,P0048,2025-09-10 19:11:44.313160,wishlist
U1190,P0010,2026-03-26 19:11:44.313192,cart
U0839,P0251,2025-11-29 19:11:44.313224,cart
U1614,P0301,2025-10-19 19:11:44.313257,view
U1239,P0160,2025-10-07 19:11:44.313288,view
U0872,P0097,2025-05-12 19:11:44.313320,view
U1806,P0123,2025-10-07 19:11:44.313354,view
U0193,P0012,2026-01-20 19:11:44.313386,view
U1788,P0332,2025-06-07 19:11:44.313419,view
U0884,P0292,2026-01-09 19:11:44.313452,view
U1785,P0315,2026-02-16 19:11:44.313487,view
U0287,P0148,2025-06-10 19:11:44.313520,view
U1459,P0106,2025-04-28 19:11:44.313552,view
U1357,P0445,2026-02-28 19:11:44.313593,wishlist
U1728,P0209,2025-11-16 19:11:44.313627,view
U0486,P0228,2025-04-23 19:11:44.313660,view
U0377,P0243,2025-08-20 19:11:44.313692,purchase
U1596,P0466,2025-09-25 19:11:44.313724,view
U0687,P0147,2025-06-14 19:11:44.313756,view
U1375,P0475,2025-12-04 19:11:44.313788,view
U1865,P0169,2025-09-14 19:11:44.313823,view
U0887,P0297,2025-07-02 19:11:44.313855,view
U1932,P0346,2025-04-16 19:11:44.313889,cart
U1922,P0269,2025-09-17 19:11:44.313920,view
U0721,P0448,2025-11-20 19:11:44.313951,view
U0224,P0355,2025-10-20 19:11:44.313983,wishlist
U0122,P0238,2025-06-27 19:11:44.314015,view
U1962,P0263,2025-10-04 19:11:44.314047,view
U1538,P0408,2025-09-24 19:11:44.314078,view
U1788,P0099,2025-07-08 19:11:44.314110,view
U0759,P0148,2025-12-30 19:11:44.314142,cart
U1982,P0325,2026-01-29 19:11:44.314174,purchase
U1840,P0470,2025-11-28 19:11:44.314206,view
U1189,P0456,2026-04-05 19:11:44.314238,view
U1618,P0030,2026-02-01 19:11:44.314270,cart
U1150,P0297,2025-05-29 19:11:44.314302,view
U0192,P0017,2026-03-05 19:11:44.314335,cart
U1054,P0442,2025-07-02 19:11:44.314367,view
U1436,P0251,2026-02-02 19:11:44.314399,purchase
U1060,P0155,2025-05-29 19:11:44.314430,view
U1602,P0169,2026-01-30 19:11:44.314462,view
U0671,P0405,2025-11-11 19:11:44.314494,purchase
U0234,P0275,2026-03-08 19:11:44.314529,view
U0048,P0389,2026-03-09 19:11:44.314562,cart
U0798,P0320,2025-11-30 19:11:44.314595,view
U1746,P0395,2025-11-18 19:11:44.314627,wishlist
U0582,P0484,2025-09-01 19:11:44.314660,view
U1673,P0344,2025-08-19 19:11:44.314692,cart
U0239,P0393,2025-04-11 19:11:44.314724,purchase
U1078,P0355,2025-09-25 19:11:44.314756,view
U1615,P0147,2025-07-22 19:11:44.314788,cart
U1327,P0415,2025-09-18 19:11:44.314820,view
U1783,P0208,2025-07-15 19:11:44.314854,view
U1016,P0441,2025-10-08 19:11:44.314886,view
U0527,P0072,2026-02-23 19:11:44.314917,cart
U0314,P0363,2026-03-12 19:11:44.314948,view
U1454,P0330,2026-03-05 19:11:44.314979,purchase
U0323,P0122,2026-01-01 19:11:44.315012,cart
U0315,P0208,2025-05-22 19:11:44.315045,cart
U1710,P0186,2026-03-30 19:11:44.315077,view
U1978,P0105,2025-11-12 19:11:44.315108,view
U1093,P0319,2026-03-10 19:11:44.315139,cart
U1058,P0078,2025-12-10 19:11:44.315170,cart
U0501,P0068,2025-08-23 19:11:44.315202,purchase
U0892,P0044,2025-05-04 19:11:44.315234,wishlist
U1987,P0025,2025-05-26 19:11:44.315267,view
U0269,P0312,2025-09-19 19:11:44.315297,view
U1172,P0326,2026-01-23 19:11:44.315328,cart
U0270,P0263,2025-12-12 19:11:44.315359,view
U1998,P0246,2026-02-04 19:11:44.315390,view
U0890,P0103,2025-04-10 19:11:44.315421,cart
U1205,P0499,2026-02-23 19:11:44.315453,view
U1052,P0316,2025-09-03 19:11:44.315484,view
U0420,P0290,2025-05-21 19:11:44.315517,view
U0652,P0273,2025-08-06 19:11:44.315552,view
U0144,P0284,2025-11-10 19:11:44.315591,wishlist
U0101,P0175,2025-08-27 19:11:44.315625,view
U1288,P0335,2025-08-21 19:11:44.315694,view
U0149,P0442,2025-07-18 19:11:44.315745,view
U1542,P0356,2025-10-01 19:11:44.315865,view
U0782,P0281,2025-09-19 19:11:44.315922,purchase
U1722,P0395,2025-04-28 19:11:44.315962,purchase
U0178,P0477,2025-05-25 19:11:44.316000,cart
U0669,P0056,2025-05-31 19:11:44.316041,cart
U0352,P0393,2025-12-05 19:11:44.316076,view
U1128,P0446,2025-11-28 19:11:44.316112,view
U0935,P0027,2026-02-20 19:11:44.316164,view
U0899,P0386,2025-06-06 19:11:44.316202,view
U1164,P0457,2025-05-24 19:11:44.316238,view
U1479,P0378,2025-11-16 19:11:44.316273,purchase
U1323,P0485,2025-09-12 19:11:44.316312,cart
U1864,P0483,2025-06-01 19:11:44.316347,view
U0873,P0037,2025-04-07 19:11:44.316381,purchase
U1496,P0072,2026-01-24 19:11:44.316420,view
U0709,P0019,2025-12-12 19:11:44.316454,view
U0140,P0119,2026-03-14 19:11:44.316488,cart
U1610,P0395,2025-08-22 19:11:44.316522,cart
U0407,P0214,2026-02-12 19:11:44.316557,view
U1414,P0253,2026-01-30 19:11:44.316590,cart
U0715,P0132,2025-10-11 19:11:44.316623,view
U1117,P0321,2025-05-20 19:11:44.316656,view
U0621,P0174,2025-05-28 19:11:44.316690,cart
U1442,P0398,2025-05-05 19:11:44.316723,view
U1415,P0355,2025-08-22 19:11:44.316756,view
U0558,P0256,2025-08-12 19:11:44.316788,purchase
U0501,P0173,2025-06-06 19:11:44.316824,cart
U0779,P0246,2025-05-14 19:11:44.316858,view
U0382,P0445,2025-04-30 19:11:44.316891,view
U1894,P0114,2025-05-01 19:11:44.316924,view
U1431,P0228,2025-06-12 19:11:44.316955,view
U1819,P0478,2025-08-15 19:11:44.316986,wishlist
U1423,P0053,2025-07-12 19:11:44.317020,cart
U1534,P0121,2025-06-25 19:11:44.317053,cart
U0108,P0287,2026-03-31 19:11:44.317086,view
U0105,P0088,2025-09-07 19:11:44.317119,view
U0424,P0296,2025-12-22 19:11:44.317150,purchase
U0590,P0200,2026-01-08 19:11:44.317182,view
U1783,P0070,2026-01-10 19:11:44.317214,cart
U1642,P0022,2025-05-07 19:11:44.317246,wishlist
U1865,P0431,2025-12-26 19:11:44.317278,view
U1388,P0349,2025-12-23 19:11:44.317309,purchase
U0488,P0346,2026-03-25 19:11:44.317341,cart
U1541,P0133,2025-12-12 19:11:44.317373,cart
U1155,P0119,2025-05-31 19:11:44.317405,view
U0548,P0183,2025-12-14 19:11:44.317438,view
U0887,P0157,2026-03-23 19:11:44.317469,view
U0252,P0307,2025-09-12 19:11:44.317502,view
U0557,P0469,2026-01-16 19:11:44.317535,cart
U0938,P0213,2026-02-01 19:11:44.317567,view
U1495,P0103,2025-12-24 19:11:44.317599,view
U1847,P0199,2025-06-03 19:11:44.317630,view
U0869,P0231,2025-07-26 19:11:44.317662,purchase
U1188,P0210,2025-09-03 19:11:44.317694,view
U1423,P0068,2025-11-04 19:11:44.317725,cart
U0898,P0021,2026-02-25 19:11:44.317756,view
U1795,P0423,2025-12-12 19:11:44.317787,cart
U0279,P0316,2025-11-15 19:11:44.317819,view
U0511,P0124,2026-01-27 19:11:44.317853,view
U1284,P0344,2025-07-14 19:11:44.317890,view
U1527,P0051,2025-05-29 19:11:44.317923,view
U1043,P0008,2025-11-27 19:11:44.317956,purchase
U1651,P0486,2026-02-07 19:11:44.317990,wishlist
U1376,P0410,2025-04-19 19:11:44.318024,cart
U0362,P0182,2025-06-05 19:11:44.318060,view
U1445,P0035,2025-05-01 19:11:44.318093,view
U0761,P0074,2025-07-30 19:11:44.318125,wishlist
U1094,P0363,2025-12-30 19:11:44.318166,view
U1592,P0179,2025-04-13 19:11:44.318201,view
U0537,P0282,2025-12-14 19:11:44.318234,wishlist
U0972,P0405,2026-02-03 19:11:44.318267,view
U1956,P0029,2025-08-03 19:11:44.318299,view
U1378,P0052,2025-07-13 19:11:44.318331,view
U1552,P0175,2025-12-14 19:11:44.318363,cart
U1616,P0058,2026-03-17 19:11:44.318395,purchase
U1093,P0383,2026-03-02 19:11:44.318428,cart
U1899,P0314,2025-08-29 19:11:44.318460,purchase
U1556,P0423,2025-07-16 19:11:44.318492,cart
U1078,P0028,2025-09-04 19:11:44.318525,view
U0388,P0472,2025-08-28 19:11:44.318555,cart
U0443,P0434,2026-03-05 19:11:44.318586,purchase
U1822,P0268,2025-08-01 19:11:44.318618,view
U0014,P0255,2025-05-09 19:11:44.318649,view
U0198,P0191,2025-08-13 19:11:44.318682,purchase
U0711,P0416,2025-11-27 19:11:44.318714,view
U1422,P0129,2025-10-23 19:11:44.318746,view
U1737,P0114,2025-12-14 19:11:44.318777,purchase
U0165,P0437,2025-04-07 19:11:44.318809,view
U1761,P0017,2025-08-22 19:11:44.318842,wishlist
U0944,P0197,2025-08-09 19:11:44.318875,purchase
U0975,P0488,2025-05-13 19:11:44.318912,view
U1797,P0465,2025-04-09 19:11:44.318945,view
U1034,P0326,2025-07-30 19:11:44.318976,view
U0963,P0354,2026-02-11 19:11:44.319007,cart
U1015,P0072,2025-10-05 19:11:44.319037,view
U1047,P0092,2025-10-17 19:11:44.319068,view
U0086,P0222,2025-07-19 19:11:44.319102,view
U0977,P0184,2025-05-28 19:11:44.319133,purchase
U1373,P0366,2025-06-11 19:11:44.319167,view
U1923,P0366,2025-07-12 19:11:44.319198,view
U0134,P0254,2025-06-29 19:11:44.319229,wishlist
U1292,P0282,2026-02-01 19:11:44.319260,wishlist
U1764,P0137,2025-07-25 19:11:44.319292,cart
U0736,P0103,2026-03-13 19:11:44.319323,purchase
U0405,P0466,2025-05-07 19:11:44.319354,cart
U0304,P0491,2025-05-07 19:11:44.319384,purchase
U0955,P0343,2026-03-13 19:11:44.319416,view
U0630,P0047,2025-08-11 19:11:44.319448,view
U0564,P0066,2025-08-23 19:11:44.319478,view
U1281,P0060,2026-03-22 19:11:44.319509,view
U1810,P0170,2025-04-26 19:11:44.319540,cart
U0944,P0307,2025-12-03 19:11:44.319571,view
U0810,P0437,2025-11-03 19:11:44.319602,purchase
U0135,P0111,2025-06-27 19:11:44.319634,cart
U1487,P0481,2025-06-18 19:11:44.319665,view
U1349,P0271,2025-09-30 19:11:44.319700,view
U0930,P0291,2025-10-22 19:11:44.319731,view
U1085,P0422,2025-08-21 19:11:44.319762,view
U0965,P0414,2025-05-08 19:11:44.319793,view
U0819,P0242,2025-11-06 19:11:44.319822,cart
U0444,P0301,2025-07-10 19:11:44.319852,view
U0548,P0028,2026-04-03 19:11:44.319882,view
U1195,P0441,2025-07-21 19:11:44.319916,view
U1935,P0349,2025-05-27 19:11:44.319947,view
U0051,P0476,2025-05-04 19:11:44.319978,cart
U1121,P0248,2025-07-19 19:11:44.320008,view
U0505,P0499,2026-01-02 19:11:44.320041,view
U0313,P0454,2025-12-17 19:11:44.320073,view
U0056,P0379,2025-11-25 19:11:44.320104,cart
U1650,P0154,2025-06-07 19:11:44.320135,view
U1696,P0289,2026-01-26 19:11:44.320176,cart
U1721,P0056,2025-10-01 19:11:44.320213,wishlist
U0337,P0223,2026-02-06 19:11:44.320246,view
U0860,P0073,2026-03-05 19:11:44.320278,view
U0550,P0029,2025-06-26 19:11:44.320310,view
U1075,P0485,2025-08-22 19:11:44.320343,purchase
U1089,P0269,2025-09-27 19:11:44.320374,view
U1038,P0408,2025-09-13 19:11:44.320406,view
U0644,P0134,2026-03-05 19:11:44.320438,view
U1842,P0166,2026-01-31 19:11:44.320469,cart
U1922,P0214,2025-08-21 19:11:44.320501,view
U0274,P0261,2025-05-18 19:11:44.320532,view
U0299,P0426,2025-05-15 19:11:44.320565,cart
U1999,P0480,2025-10-07 19:11:44.320598,wishlist
U1015,P0382,2025-06-15 19:11:44.320630,purchase
U0120,P0221,2026-01-29 19:11:44.320662,wishlist
U0558,P0297,2025-09-19 19:11:44.320695,view
U0612,P0250,2025-08-12 19:11:44.320727,view
U0205,P0112,2025-05-23 19:11:44.320759,cart
U0314,P0065,2025-11-26 19:11:44.320792,cart
U1378,P0103,2025-06-02 19:11:44.320823,cart
U1768,P0443,2025-11-29 19:11:44.320855,view
U0435,P0196,2025-07-11 19:11:44.320888,cart
U1328,P0175,2025-06-03 19:11:44.320927,purchase
U0319,P0245,2025-08-09 19:11:44.320961,cart
U1756,P0487,2025-04-09 19:11:44.320993,wishlist
U0007,P0302,2025-09-21 19:11:44.321025,view
U1076,P0292,2025-07-06 19:11:44.321057,view
U1069,P0444,2026-04-04 19:11:44.321088,cart
U0479,P0194,2025-11-22 19:11:44.321120,view
U1232,P0456,2026-02-16 19:11:44.321152,cart
U1253,P0162,2025-09-14 19:11:44.321186,purchase
U0357,P0214,2025-12-05 19:11:44.321217,view
U0370,P0226,2025-04-21 19:11:44.321248,view
U0812,P0116,2025-11-12 19:11:44.321280,view
U1581,P0246,2025-11-06 19:11:44.321314,view
U0827,P0306,2026-02-13 19:11:44.321348,cart
U1702,P0073,2025-08-03 19:11:44.321381,cart
U1670,P0253,2026-02-06 19:11:44.321412,purchase
U0826,P0481,2025-11-20 19:11:44.321443,wishlist
U0032,P0071,2025-08-28 19:11:44.321476,view
U0023,P0293,2025-10-18 19:11:44.321509,view
U0932,P0031,2025-12-27 19:11:44.321541,view
U1643,P0394,2025-07-15 19:11:44.321573,view
U1164,P0156,2025-08-14 19:11:44.321609,view
U1163,P0234,2025-09-21 19:11:44.321639,view
U1519,P0369,2026-03-26 19:11:44.321672,view
U1065,P0182,2026-03-20 19:11:44.321705,view
U0079,P0405,2025-12-21 19:11:44.321738,wishlist
U1698,P0312,2025-10-02 19:11:44.321774,view
U1431,P0063,2025-11-13 19:11:44.321806,cart
U0955,P0230,2025-10-28 19:11:44.321838,cart
U0751,P0419,2025-05-18 19:11:44.321871,cart
U1899,P0429,2025-09-04 19:11:44.321904,cart
U1535,P0056,2025-11-10 19:11:44.321936,cart
U0608,P0257,2025-05-26 19:11:44.321972,purchase
U1716,P0416,2025-09-01 19:11:44.322004,view
U0254,P0120,2026-01-22 19:11:44.322036,wishlist
U1125,P0353,2026-01-25 19:11:44.322066,view
U0410,P0090,2025-06-28 19:11:44.322097,view
U1287,P0385,2026-03-16 19:11:44.322128,wishlist
U1050,P0042,2025-11-13 19:11:44.322167,cart
U1496,P0426,2025-10-11 19:11:44.322200,wishlist
U0203,P0085,2025-07-26 19:11:44.322233,cart
U0322,P0435,2025-09-18 19:11:44.322265,view
U1670,P0306,2025-12-30 19:11:44.322297,view
U1621,P0416,2025-12-11 19:11:44.322329,wishlist
U1570,P0309,2026-02-17 19:11:44.322362,cart
U0204,P0138,2026-02-16 19:11:44.322394,view
U1225,P0095,2025-10-14 19:11:44.322425,purchase
U1567,P0310,2025-06-25 19:11:44.322458,view
U1877,P0398,2025-04-23 19:11:44.322490,view
U1800,P0345,2025-05-29 19:11:44.322523,view
U0403,P0212,2025-09-28 19:11:44.322556,view
U0359,P0372,2025-06-26 19:11:44.322587,cart
U0124,P0481,2025-05-06 19:11:44.322620,view
U0433,P0111,2025-10-15 19:11:44.322652,view
U1514,P0438,2025-04-19 19:11:44.322684,view
U1389,P0498,2025-08-05 19:11:44.322716,view
U1680,P0076,2025-08-06 19:11:44.322748,purchase
U0517,P0154,2025-08-05 19:11:44.322779,purchase
U1711,P0467,2025-12-18 19:11:44.322812,purchase
U1854,P0159,2025-06-07 19:11:44.322843,view
U1446,P0387,2026-02-21 19:11:44.322877,cart
U1413,P0132,2026-02-21 19:11:44.322908,view
U1134,P0131,2025-05-03 19:11:44.322942,view
U1329,P0111,2025-05-05 19:11:44.322977,view
U1429,P0262,2025-12-29 19:11:44.323013,view
U0140,P0173,2025-04-15 19:11:44.323050,view
U1527,P0003,2025-11-26 19:11:44.323082,view
U1486,P0494,2025-09-26 19:11:44.323115,view
U1012,P0297,2025-09-16 19:11:44.323147,view
U1943,P0409,2025-12-11 19:11:44.323180,cart
U0197,P0446,2026-03-19 19:11:44.323213,view
U1794,P0044,2025-10-07 19:11:44.323245,cart
U0464,P0207,2026-01-31 19:11:44.323278,cart
U1831,P0463,2025-12-25 19:11:44.323311,purchase
U0522,P0062,2025-10-07 19:11:44.323343,view
U0956,P0043,2025-10-14 19:11:44.323374,view
U0872,P0349,2025-06-22 19:11:44.323406,purchase
U1577,P0292,2025-11-15 19:11:44.323439,view
U0274,P0170,2025-04-06 19:11:44.323470,view
U0522,P0056,2025-09-20 19:11:44.323502,cart
U1197,P0251,2026-01-22 19:11:44.323534,view
U0877,P0046,2025-12-17 19:11:44.323567,cart
U0779,P0111,2026-02-23 19:11:44.323602,view
U1877,P0469,2025-04-07 19:11:44.323635,view
U1824,P0091,2026-03-24 19:11:44.323669,purchase
U0180,P0481,2026-02-18 19:11:44.323702,wishlist
U0485,P0037,2025-10-06 19:11:44.323734,wishlist
U1932,P0274,2026-03-27 19:11:44.323766,cart
U1859,P0491,2025-04-23 19:11:44.323798,cart
U1733,P0259,2025-06-09 19:11:44.323830,view
U1329,P0144,2025-09-03 19:11:44.323861,view
U1766,P0026,2025-12-13 19:11:44.323892,purchase
U1265,P0091,2025-12-26 19:11:44.323923,cart
U0013,P0438,2025-08-17 19:11:44.323955,cart
U1844,P0329,2025-12-09 19:11:44.323989,wishlist
U0734,P0204,2025-09-11 19:11:44.324021,view
U0821,P0452,2026-01-22 19:11:44.324056,view
U0071,P0269,2025-12-28 19:11:44.324088,view
U1997,P0147,2025-04-08 19:11:44.324122,view
U0188,P0368,2025-09-28 19:11:44.324154,view
U0408,P0475,2025-07-03 19:11:44.324196,cart
U1453,P0031,2025-12-23 19:11:44.324231,wishlist
U0390,P0022,2026-01-11 19:11:44.324264,view
U0744,P0155,2026-01-04 19:11:44.324298,view
U0122,P0237,2025-08-21 19:11:44.324331,view
U1028,P0022,2025-08-26 19:11:44.324363,view
U1480,P0303,2025-06-22 19:11:44.324397,view
U1050,P0079,2025-07-15 19:11:44.324430,purchase
U0981,P0406,2025-04-13 19:11:44.324462,cart
U0661,P0312,2025-11-05 19:11:44.324494,wishlist
U0867,P0406,2025-12-06 19:11:44.324525,view
U0545,P0101,2025-08-04 19:11:44.324557,view
U0284,P0115,2026-01-14 19:11:44.324589,view
U0971,P0355,2026-01-31 19:11:44.324621,cart
U0291,P0477,2025-09-04 19:11:44.324653,view
U0266,P0044,2026-01-28 19:11:44.324693,cart
U1500,P0199,2025-07-14 19:11:44.324725,view
U1782,P0267,2025-09-12 19:11:44.324757,view
U0773,P0296,2026-02-27 19:11:44.324790,purchase
U1978,P0344,2026-02-20 19:11:44.324823,cart
U1173,P0012,2026-02-19 19:11:44.324855,purchase
U1008,P0300,2025-11-17 19:11:44.324888,view
U1930,P0005,2026-02-19 19:11:44.324921,wishlist
U1315,P0013,2025-05-15 19:11:44.324975,view
U1523,P0344,2025-04-13 19:11:44.325011,view
U0740,P0290,2025-07-14 19:11:44.325044,view
U1460,P0062,2025-11-11 19:11:44.325078,view
U1484,P0168,2026-04-05 19:11:44.325137,view
U1372,P0261,2025-11-01 19:11:44.325187,cart
U1398,P0233,2025-06-29 19:11:44.325239,view
U1609,P0146,2025-09-13 19:11:44.325284,view
U0218,P0112,2025-12-21 19:11:44.325318,view
U1163,P0006,2026-03-18 19:11:44.325351,view
U0626,P0067,2025-05-28 19:11:44.325385,cart
U0519,P0464,2025-11-27 19:11:44.325418,view
U1872,P0411,2026-01-23 19:11:44.325457,view
U0954,P0040,2025-06-29 19:11:44.325517,view
U1675,P0362,2025-05-15 19:11:44.325562,view
U1704,P0229,2025-05-13 19:11:44.325597,view
U1941,P0352,2025-10-16 19:11:44.325631,view
U1683,P0316,2025-11-11 19:11:44.325678,view
U0481,P0360,2025-04-26 19:11:44.325731,view
U1494,P0302,2025-05-24 19:11:44.325788,purchase
U1934,P0012,2025-07-05 19:11:44.325848,view
U0854,P0440,2025-12-16 19:11:44.325902,cart
U1222,P0229,2025-09-09 19:11:44.325960,cart
U1775,P0456,2025-12-05 19:11:44.326019,purchase
U1635,P0057,2025-04-22 19:11:44.326077,view
U1904,P0361,2025-04-25 19:11:44.326136,view
U0718,P0217,2025-04-28 19:11:44.326212,purchase
U0438,P0150,2025-04-22 19:11:44.326268,view
U1655,P0385,2025-09-17 19:11:44.326323,wishlist
U1392,P0284,2025-08-22 19:11:44.326381,view
U1392,P0196,2026-02-05 19:11:44.326444,view
U0035,P0170,2025-12-05 19:11:44.326506,view
U0641,P0356,2025-07-23 19:11:44.326563,view
U0885,P0231,2025-04-19 19:11:44.326622,cart
U0580,P0202,2026-02-14 19:11:44.326687,purchase
U0575,P0306,2026-01-04 19:11:44.326747,view
U1886,P0098,2025-05-22 19:11:44.326817,cart
U0868,P0469,2026-01-13 19:11:44.326879,cart
U0762,P0164,2025-07-08 19:11:44.326937,view
U1125,P0260,2025-11-23 19:11:44.326977,cart
U0007,P0373,2025-09-12 19:11:44.327013,view
U0840,P0237,2026-03-12 19:11:44.327048,view
U1577,P0203,2025-10-21 19:11:44.327082,cart
U0140,P0209,2026-01-30 19:11:44.327116,view
U1265,P0074,2025-08-14 19:11:44.327150,purchase
U0626,P0272,2026-03-04 19:11:44.327183,wishlist
U0682,P0272,2025-07-12 19:11:44.327217,view
U0786,P0359,2025-04-27 19:11:44.327252,view
U0535,P0215,2025-11-01 19:11:44.327285,view
U0424,P0286,2025-10-21 19:11:44.327319,view
U0540,P0233,2025-09-18 19:11:44.327354,cart
U1416,P0436,2026-01-07 19:11:44.327387,purchase
U1541,P0133,2025-12-30 19:11:44.327420,wishlist
U1728,P0120,2025-07-25 19:11:44.327453,cart
U1956,P0136,2025-05-28 19:11:44.327486,view
U0610,P0126,2025-11-12 19:11:44.327519,view
U0767,P0082,2025-08-16 19:11:44.327551,cart
U1987,P0325,2025-10-27 19:11:44.327584,wishlist
U0480,P0083,2025-05-08 19:11:44.327617,view
U0637,P0226,2025-09-06 19:11:44.327649,view
U0907,P0186,2026-04-05 19:11:44.327682,view
U0312,P0022,2025-06-09 19:11:44.327716,cart
U0708,P0018,2025-05-02 19:11:44.327751,wishlist
U1682,P0121,2025-08-09 19:11:44.327784,view
U0574,P0110,2025-08-21 19:11:44.327817,wishlist
U1135,P0239,2025-10-07 19:11:44.327850,view
U0435,P0350,2025-12-28 19:11:44.327882,view
U1307,P0294,2025-06-09 19:11:44.327919,view
U0147,P0225,2025-12-08 19:11:44.327964,cart
U0943,P0164,2025-06-15 19:11:44.327997,view
U1024,P0345,2025-12-11 19:11:44.328030,view
U1039,P0238,2025-09-30 19:11:44.328063,view
U1222,P0193,2025-09-08 19:11:44.328096,purchase
U1578,P0023,2025-12-06 19:11:44.328128,view
U1889,P0366,2025-09-23 19:11:44.328161,view
U0233,P0141,2025-12-26 19:11:44.328209,cart
U1254,P0161,2025-11-13 19:11:44.328243,view
U1830,P0421,2025-11-16 19:11:44.328276,view
U0603,P0178,2025-08-16 19:11:44.328310,view
U0219,P0422,2025-08-24 19:11:44.328348,cart
U1952,P0302,2025-11-19 19:11:44.328381,view
U1013,P0131,2025-10-14 19:11:44.328414,purchase
U0125,P0073,2025-05-19 19:11:44.328448,view
U1058,P0292,2026-03-05 19:11:44.328481,wishlist
U0740,P0437,2026-02-06 19:11:44.328514,view
U1694,P0384,2025-06-10 19:11:44.328548,view
U1306,P0016,2026-03-04 19:11:44.328584,view
U0316,P0435,2025-11-24 19:11:44.328631,view
U1416,P0331,2025-08-28 19:11:44.328667,wishlist
U1952,P0136,2025-06-14 19:11:44.328701,wishlist
U1710,P0103,2026-03-25 19:11:44.328734,cart
U1717,P0136,2025-06-14 19:11:44.328766,wishlist
U1153,P0116,2025-10-12 19:11:44.328799,view
U1622,P0198,2025-10-25 19:11:44.328833,view
U0417,P0374,2025-10-31 19:11:44.328867,view
U0525,P0326,2025-08-21 19:11:44.328902,view
U1641,P0050,2026-03-31 19:11:44.328935,cart
U1715,P0280,2026-03-10 19:11:44.328968,view
U0140,P0091,2025-06-27 19:11:44.329000,view
U0114,P0121,2025-08-30 19:11:44.329033,cart
U1105,P0356,2026-01-25 19:11:44.329066,wishlist
U1291,P0452,2025-07-28 19:11:44.329099,view
U1007,P0461,2025-07-11 19:11:44.329132,wishlist
U1226,P0376,2025-05-27 19:11:44.329164,purchase
U1178,P0225,2025-10-18 19:11:44.329197,view
U0072,P0402,2025-07-24 19:11:44.329230,purchase
U1596,P0147,2025-12-28 19:11:44.329262,view
U1067,P0147,2026-01-17 19:11:44.329295,view
U0851,P0232,2026-03-27 19:11:44.329329,cart
U1760,P0168,2026-02-03 19:11:44.329362,cart
U1859,P0296,2025-10-27 19:11:44.329395,view
U1351,P0040,2025-11-27 19:11:44.329429,view
U1579,P0425,2025-04-17 19:11:44.329461,view
U0676,P0160,2025-11-05 19:11:44.329494,cart
U0295,P0224,2025-04-21 19:11:44.329527,view
U0679,P0079,2025-08-16 19:11:44.329560,view
U0361,P0244,2026-03-27 19:11:44.329593,wishlist
U1661,P0364,2025-11-18 19:11:44.329625,cart
U0470,P0122,2025-11-08 19:11:44.329658,purchase
U1601,P0452,2026-03-03 19:11:44.329690,view
U1484,P0491,2025-07-28 19:11:44.329722,view
U1043,P0024,2025-07-10 19:11:44.329754,view
U1881,P0089,2026-03-12 19:11:44.329786,view
U1415,P0223,2025-11-05 19:11:44.329818,view
U0395,P0118,2026-02-20 19:11:44.329849,view
U0877,P0448,2025-06-26 19:11:44.329881,view
U0225,P0455,2025-12-24 19:11:44.329914,cart
U0599,P0144,2026-02-27 19:11:44.329947,view
U1201,P0093,2025-05-30 19:11:44.329979,wishlist
U1706,P0256,2026-03-23 19:11:44.330061,view
U1672,P0484,2025-08-28 19:11:44.330095,view
U0701,P0417,2026-03-21 19:11:44.330129,view
U1597,P0157,2026-01-24 19:11:44.330163,view
U0511,P0416,2026-01-28 19:11:44.330210,view
U0981,P0063,2025-12-31 19:11:44.330245,view
U1582,P0201,2026-03-24 19:11:44.330279,view
U0439,P0287,2025-09-10 19:11:44.330311,wishlist
U1099,P0051,2025-09-16 19:11:44.330343,view
U0467,P0306,2026-02-04 19:11:44.330375,view
U0826,P0280,2025-05-24 19:11:44.330408,view
U0946,P0196,2025-12-10 19:11:44.330440,purchase
U1593,P0112,2025-10-01 19:11:44.330472,view
U0683,P0194,2026-02-26 19:11:44.330505,cart
U0277,P0128,2025-10-04 19:11:44.330538,view
U1819,P0133,2025-04-06 19:11:44.330570,purchase
U1022,P0233,2026-03-04 19:11:44.330601,view
U0679,P0165,2026-02-12 19:11:44.330633,purchase
U0496,P0463,2026-01-04 19:11:44.330664,view
U1863,P0137,2025-12-15 19:11:44.330696,view
U0142,P0052,2025-09-22 19:11:44.330728,cart
U1076,P0004,2026-03-28 19:11:44.330760,purchase
U1353,P0438,2025-06-09 19:11:44.330796,view
U1471,P0431,2025-12-01 19:11:44.330830,view
U0333,P0249,2025-12-20 19:11:44.330863,view
U1816,P0061,2025-09-08 19:11:44.330901,cart
U1104,P0168,2025-06-25 19:11:44.330934,view
U1869,P0134,2025-07-24 19:11:44.330967,view
U1288,P0476,2025-09-08 19:11:44.331000,view
U0735,P0298,2026-02-22 19:11:44.331032,cart
U1006,P0339,2025-06-11 19:11:44.331064,view
U0804,P0106,2025-11-02 19:11:44.331098,wishlist
U1048,P0415,2025-05-22 19:11:44.331132,view
U1503,P0259,2025-12-24 19:11:44.331165,cart
U1843,P0379,2025-08-09 19:11:44.331200,cart
U0975,P0410,2026-01-08 19:11:44.331235,cart
U0107,P0160,2025-12-27 19:11:44.331267,view
U0484,P0212,2026-02-20 19:11:44.331301,view
U1210,P0064,2025-05-06 19:11:44.331335,cart
U0630,P0195,2025-05-20 19:11:44.331369,view
U0281,P0315,2025-09-28 19:11:44.331400,wishlist
U1022,P0196,2025-05-18 19:11:44.331431,view
U1547,P0196,2025-12-27 19:11:44.331463,cart
U1975,P0465,2025-08-23 19:11:44.331494,wishlist
U0720,P0488,2025-11-08 19:11:44.331527,cart
U1195,P0332,2026-02-23 19:11:44.331558,view
U1547,P0181,2026-02-16 19:11:44.331592,purchase
U0318,P0271,2025-08-20 19:11:44.331633,view
U1236,P0250,2026-03-26 19:11:44.331678,wishlist
U1490,P0447,2025-07-08 19:11:44.331727,cart
U1001,P0492,2025-06-03 19:11:44.331777,view
U0288,P0304,2025-08-24 19:11:44.331823,view
U0841,P0143,2025-05-21 19:11:44.331857,view
U1373,P0353,2025-08-21 19:11:44.331890,cart
U1916,P0073,2025-04-23 19:11:44.331922,view
U0309,P0469,2025-10-21 19:11:44.331954,view
U0821,P0273,2025-10-26 19:11:44.331986,view
U1387,P0478,2025-06-20 19:11:44.332017,cart
U1653,P0040,2026-03-19 19:11:44.332049,wishlist
U1958,P0396,2025-06-21 19:11:44.332080,view
U0941,P0353,2025-04-30 19:11:44.332113,cart
U0531,P0055,2026-01-08 19:11:44.332146,view
U1315,P0121,2026-02-06 19:11:44.332179,view
U0186,P0219,2025-11-13 19:11:44.332224,view
U1489,P0394,2025-06-02 19:11:44.332260,purchase
U0752,P0330,2026-01-01 19:11:44.332293,view
U1269,P0019,2025-04-21 19:11:44.332329,view
U0802,P0257,2025-10-15 19:11:44.332362,view
U0369,P0364,2025-09-25 19:11:44.332395,wishlist
U0377,P0256,2025-12-06 19:11:44.332428,view
U0072,P0267,2025-09-18 19:11:44.332460,view
U1652,P0130,2025-11-18 19:11:44.332493,view
U1006,P0303,2025-11-02 19:11:44.332525,purchase
U1601,P0060,2025-10-27 19:11:44.332558,view
U0747,P0289,2025-06-14 19:11:44.332592,purchase
U1644,P0302,2026-01-08 19:11:44.332625,cart
U0198,P0129,2025-08-11 19:11:44.332658,cart
U0724,P0440,2025-11-03 19:11:44.332690,cart
U1186,P0379,2026-03-03 19:11:44.332721,wishlist
U0431,P0160,2025-07-16 19:11:44.332752,wishlist
U0092,P0423,2025-06-08 19:11:44.332785,cart
U0963,P0003,2025-07-19 19:11:44.332818,cart
U1904,P0451,2026-01-31 19:11:44.332850,view
U1483,P0367,2025-09-09 19:11:44.332882,purchase
U0169,P0481,2025-07-29 19:11:44.332914,cart
U1767,P0198,2025-11-08 19:11:44.332945,view
U0725,P0380,2025-06-22 19:11:44.332976,wishlist
U1591,P0035,2026-02-10 19:11:44.333007,view
U0162,P0313,2025-12-27 19:11:44.333040,view
U0397,P0051,2025-07-14 19:11:44.333071,view
U1382,P0499,2025-11-04 19:11:44.333103,cart
U1617,P0154,2025-06-19 19:11:44.333135,view
U0451,P0317,2026-01-24 19:11:44.333168,view
U1008,P0163,2026-03-19 19:11:44.333201,view
U1092,P0217,2026-02-11 19:11:44.333233,view
U1116,P0487,2025-07-31 19:11:44.333264,view
U0366,P0460,2026-03-01 19:11:44.333297,view
U0208,P0121,2025-10-08 19:11:44.333329,view
U0774,P0012,2025-07-15 19:11:44.333363,cart
U1761,P0212,2025-10-28 19:11:44.333396,view
U1287,P0119,2025-11-14 19:11:44.333427,view
U1454,P0409,2025-05-31 19:11:44.333459,view
U0648,P0304,2025-12-13 19:11:44.333490,purchase
U1950,P0128,2026-01-30 19:11:44.333522,view
U0750,P0380,2025-11-14 19:11:44.333553,view
U1588,P0176,2025-04-30 19:11:44.333584,cart
U0977,P0093,2026-01-09 19:11:44.333618,wishlist
U1199,P0083,2025-10-02 19:11:44.333649,wishlist
U0003,P0167,2025-09-13 19:11:44.333682,view
U1531,P0248,2025-07-18 19:11:44.333721,view
U0916,P0109,2026-01-28 19:11:44.333753,cart
U0583,P0291,2025-09-25 19:11:44.333786,purchase
U1239,P0043,2025-07-09 19:11:44.333818,view
U1304,P0108,2025-11-13 19:11:44.333850,view
U0423,P0454,2025-08-31 19:11:44.333883,view
U1959,P0464,2025-06-01 19:11:44.333915,cart
U1760,P0396,2025-06-28 19:11:44.333948,purchase
U1766,P0292,2025-12-23 19:11:44.333980,cart
U1739,P0355,2025-10-07 19:11:44.334014,wishlist
U1249,P0475,2026-02-18 19:11:44.334045,view
U0557,P0267,2026-01-09 19:11:44.334077,view
U1917,P0175,2025-11-30 19:11:44.334110,cart
U0552,P0168,2025-11-09 19:11:44.334142,cart
U1707,P0239,2026-01-13 19:11:44.334175,purchase
U0233,P0172,2026-03-24 19:11:44.334215,view
U1384,P0158,2025-08-13 19:11:44.334248,wishlist
U0239,P0447,2025-10-02 19:11:44.334280,cart
U0426,P0117,2025-09-16 19:11:44.334312,view
U0208,P0045,2025-07-05 19:11:44.334345,view
U1835,P0278,2025-11-02 19:11:44.334380,view
U0472,P0237,2025-11-05 19:11:44.334413,view
U0835,P0358,2026-01-09 19:11:44.334445,view
U1237,P0127,2025-06-01 19:11:44.334480,view
U0396,P0180,2025-12-29 19:11:44.334513,view
U0953,P0037,2025-09-16 19:11:44.334546,purchase
U1797,P0179,2025-05-15 19:11:44.334579,cart
U0227,P0282,2026-01-26 19:11:44.334613,view
U1357,P0335,2025-10-18 19:11:44.334646,cart
U0268,P0132,2025-08-24 19:11:44.334678,view
U1539,P0316,2026-03-29 19:11:44.334709,cart
U1550,P0098,2025-10-13 19:11:44.334741,view
U1112,P0020,2025-04-28 19:11:44.334788,view
U1997,P0466,2025-11-07 19:11:44.334841,view
U1720,P0381,2025-11-08 19:11:44.334887,view
U0934,P0053,2025-12-22 19:11:44.334922,cart
U1006,P0365,2026-01-30 19:11:44.334956,cart
U0463,P0495,2026-04-03 19:11:44.334990,view
U1092,P0144,2025-10-06 19:11:44.335023,view
U0282,P0455,2026-02-23 19:11:44.335056,cart
U0284,P0072,2025-11-16 19:11:44.335089,cart
U0386,P0399,2025-09-14 19:11:44.335123,cart
U1226,P0128,2025-11-21 19:11:44.335158,purchase
U1955,P0408,2025-08-31 19:11:44.335191,view
U0808,P0347,2025-08-16 19:11:44.335227,view
U1874,P0230,2025-06-19 19:11:44.335260,cart
U1947,P0318,2025-04-29 19:11:44.335294,wishlist
U1975,P0221,2025-07-19 19:11:44.335328,cart
U1260,P0494,2025-10-28 19:11:44.335361,view
U0986,P0444,2025-11-04 19:11:44.335394,view
U0918,P0389,2025-11-02 19:11:44.335431,view
U1818,P0123,2025-04-25 19:11:44.335465,view
U0291,P0440,2025-11-25 19:11:44.335501,cart
U1581,P0219,2026-01-07 19:11:44.335535,cart
U1398,P0342,2026-03-21 19:11:44.335567,view
U0932,P0121,2025-08-18 19:11:44.335598,view
U0033,P0284,2025-05-29 19:11:44.335631,cart
U0434,P0401,2025-09-26 19:11:44.335664,cart
U1454,P0099,2025-11-12 19:11:44.335696,cart
U0752,P0129,2026-03-31 19:11:44.335729,view
U0954,P0128,2025-08-20 19:11:44.335760,view
U1701,P0429,2025-11-23 19:11:44.335793,cart
U0640,P0239,2026-01-22 19:11:44.335826,view
U0846,P0318,2025-10-01 19:11:44.335860,purchase
U0659,P0421,2025-08-13 19:11:44.335894,purchase
U1565,P0437,2026-02-24 19:11:44.335926,view
U1110,P0230,2025-12-28 19:11:44.335958,purchase
U0634,P0264,2025-06-03 19:11:44.335991,purchase
U0653,P0161,2025-06-11 19:11:44.336024,wishlist
U1555,P0297,2025-08-23 19:11:44.336055,view
U1463,P0166,2025-11-13 19:11:44.336087,cart
U1532,P0210,2025-11-02 19:11:44.336120,view
U0870,P0036,2026-01-24 19:11:44.336152,view
U1449,P0487,2025-09-17 19:11:44.336187,wishlist
U1458,P0242,2025-04-20 19:11:44.336231,view
U1969,P0111,2026-04-04 19:11:44.336266,view
U0612,P0230,2025-05-09 19:11:44.336300,view
U0415,P0287,2025-10-29 19:11:44.336333,view
U0192,P0097,2026-01-05 19:11:44.336366,cart
U0579,P0112,2026-01-09 19:11:44.336398,cart
U1928,P0272,2025-10-27 19:11:44.336430,purchase
U1689,P0045,2025-07-12 19:11:44.336463,view
U1767,P0109,2025-09-13 19:11:44.336495,view
U1355,P0138,2026-01-27 19:11:44.336527,purchase
U1515,P0307,2025-06-29 19:11:44.336563,view
U0854,P0283,2025-09-21 19:11:44.336599,cart
U1692,P0061,2025-06-27 19:11:44.336632,purchase
U1627,P0447,2025-07-19 19:11:44.336664,cart
U0648,P0302,2025-06-15 19:11:44.336696,purchase
U0700,P0162,2026-02-23 19:11:44.336728,view
U0930,P0110,2025-12-10 19:11:44.336761,view
U1546,P0272,2025-05-16 19:11:44.336794,cart
U1500,P0213,2025-10-11 19:11:44.336827,cart
U0365,P0123,2025-09-30 19:11:44.336860,cart
U1996,P0100,2026-01-16 19:11:44.336891,view
U1059,P0026,2026-02-21 19:11:44.336922,cart
U0180,P0463,2025-08-22 19:11:44.336955,view
U1948,P0035,2025-08-17 19:11:44.336988,wishlist
U0743,P0153,2025-10-21 19:11:44.337020,wishlist
U1576,P0307,2025-09-02 19:11:44.337052,view
U0017,P0471,2025-08-19 19:11:44.337086,view
U1459,P0169,2026-02-16 19:11:44.337122,cart
U1108,P0126,2026-02-04 19:11:44.337154,view
U0364,P0173,2026-01-06 19:11:44.337187,cart
U0098,P0043,2026-03-14 19:11:44.337218,view
U0060,P0032,2025-07-26 19:11:44.337249,view
U1473,P0416,2025-06-01 19:11:44.337280,view
U0807,P0432,2025-07-29 19:11:44.337312,view
U1223,P0473,2025-09-10 19:11:44.337343,cart
U0564,P0424,2025-12-17 19:11:44.337375,view
U0587,P0039,2025-07-26 19:11:44.337408,wishlist
U1338,P0235,2025-05-22 19:11:44.337441,view
U0758,P0245,2026-03-19 19:11:44.337475,cart
U1571,P0433,2025-06-30 19:11:44.337508,view
U1187,P0344,2025-09-03 19:11:44.337542,view
U1833,P0189,2025-09-08 19:11:44.337574,view
U0238,P0265,2025-06-01 19:11:44.337611,purchase
U0186,P0214,2025-09-18 19:11:44.337645,cart
U1393,P0041,2025-08-22 19:11:44.337678,cart
U0485,P0213,2026-01-24 19:11:44.337710,view
U0363,P0116,2025-06-14 19:11:44.337741,view
U0949,P0310,2026-03-25 19:11:44.337772,cart
U0503,P0158,2026-01-15 19:11:44.337804,purchase
U0284,P0023,2025-09-11 19:11:44.337837,view
U1192,P0122,2025-09-23 19:11:44.337870,view
U1965,P0054,2025-05-23 19:11:44.337902,purchase
U0567,P0336,2025-04-10 19:11:44.337934,view
U0488,P0236,2025-05-30 19:11:44.337967,purchase
U1814,P0379,2026-02-28 19:11:44.338001,cart
U1142,P0031,2025-08-01 19:11:44.338034,cart
U1129,P0185,2026-02-13 19:11:44.338067,view
U0251,P0081,2026-02-12 19:11:44.338101,view
U1916,P0332,2025-11-01 19:11:44.338134,view
U0643,P0197,2025-07-31 19:11:44.338168,view
U1885,P0385,2025-05-11 19:11:44.338200,cart
U1312,P0431,2026-03-16 19:11:44.338240,view
U0865,P0003,2025-08-30 19:11:44.338272,purchase
U1823,P0191,2025-11-11 19:11:44.338303,view
U0063,P0482,2025-05-30 19:11:44.338336,view
U0181,P0267,2025-08-05 19:11:44.338368,wishlist
U0290,P0186,2025-08-09 19:11:44.338400,view
U1023,P0136,2026-01-25 19:11:44.338432,view
U0068,P0104,2025-09-13 19:11:44.338464,cart
U1825,P0467,2026-03-28 19:11:44.338496,purchase
U0791,P0477,2025-06-10 19:11:44.338528,view
U1396,P0372,2026-03-05 19:11:44.338560,cart
U1811,P0403,2025-06-05 19:11:44.338591,view
U0289,P0139,2026-03-29 19:11:44.338625,cart
U0966,P0002,2026-02-23 19:11:44.338658,view
U1464,P0268,2025-06-20 19:11:44.338695,view
U0313,P0393,2025-09-23 19:11:44.338730,wishlist
U1324,P0255,2025-10-19 19:11:44.338763,cart
U1868,P0281,2025-09-02 19:11:44.338797,view
U0004,P0136,2025-06-24 19:11:44.338829,view
U1281,P0200,2025-08-23 19:11:44.338861,view
U1162,P0423,2025-10-05 19:11:44.338894,cart
U0887,P0056,2026-02-17 19:11:44.338926,purchase
U1526,P0482,2025-09-27 19:11:44.338960,cart
U0529,P0392,2025-08-14 19:11:44.338992,view
U0763,P0380,2025-08-06 19:11:44.339023,view
U0110,P0312,2026-02-07 19:11:44.339054,view
U1710,P0389,2025-09-13 19:11:44.339084,cart
U1516,P0317,2025-07-24 19:11:44.339114,view
U0077,P0072,2026-01-29 19:11:44.339145,view
U0877,P0176,2025-12-29 19:11:44.339175,cart
U1653,P0295,2025-09-06 19:11:44.339208,cart
U1272,P0320,2025-10-18 19:11:44.339239,view
U0804,P0445,2025-07-06 19:11:44.339271,wishlist
U0815,P0021,2025-07-18 19:11:44.339302,view
U0075,P0151,2025-06-29 19:11:44.339333,purchase
U1223,P0046,2025-11-13 19:11:44.339368,view
U1320,P0011,2026-01-08 19:11:44.339399,cart
U1927,P0355,2025-04-22 19:11:44.339431,view
U1977,P0086,2025-04-28 19:11:44.339463,view
U1003,P0091,2026-03-03 19:11:44.339494,view
U0578,P0367,2025-09-21 19:11:44.339524,view
U0600,P0379,2026-03-02 19:11:44.339556,view
U0067,P0055,2026-04-02 19:11:44.339587,view
U0732,P0123,2025-07-24 19:11:44.339617,view
U1982,P0226,2025-04-27 19:11:44.339651,view
U0226,P0361,2025-11-14 19:11:44.339683,wishlist
U0424,P0403,2025-11-26 19:11:44.339715,wishlist
U1778,P0194,2025-12-18 19:11:44.339746,view
U1182,P0290,2025-09-07 19:11:44.339778,view
U1529,P0155,2025-06-07 19:11:44.339809,cart
U1810,P0340,2025-07-09 19:11:44.339840,purchase
U0756,P0488,2026-03-01 19:11:44.339870,view
U1190,P0095,2026-01-25 19:11:44.339900,cart
U1964,P0121,2026-01-01 19:11:44.339930,cart
U1084,P0188,2025-11-14 19:11:44.339961,view
U1578,P0318,2025-06-23 19:11:44.339992,view
U0081,P0208,2025-05-30 19:11:44.340024,cart
U1896,P0373,2025-04-18 19:11:44.340056,view
U0670,P0080,2026-02-03 19:11:44.340087,wishlist
U0873,P0437,2025-04-18 19:11:44.340120,purchase
U1083,P0225,2026-03-22 19:11:44.340151,view
U0751,P0387,2025-10-18 19:11:44.340181,view
U0278,P0070,2026-02-04 19:11:44.340220,view
U0739,P0203,2025-08-27 19:11:44.340254,cart
U1683,P0307,2025-04-19 19:11:44.340286,cart
U0594,P0074,2025-09-04 19:11:44.340319,purchase
U0411,P0355,2025-12-19 19:11:44.340351,view
U0813,P0235,2025-12-28 19:11:44.340382,view
U1175,P0314,2025-11-02 19:11:44.340414,purchase
U0868,P0084,2025-09-24 19:11:44.340450,view
U0922,P0174,2026-03-23 19:11:44.340483,cart
U1257,P0264,2025-06-29 19:11:44.340515,purchase
U1893,P0322,2025-06-22 19:11:44.340548,view
U1357,P0169,2025-05-03 19:11:44.340580,cart
U1335,P0129,2025-12-14 19:11:44.340612,view
U0417,P0084,2025-07-28 19:11:44.340643,cart
U0851,P0308,2025-08-25 19:11:44.340677,view
U1144,P0307,2026-03-28 19:11:44.340711,view
U1576,P0321,2026-02-07 19:11:44.340741,view
U1950,P0209,2026-02-19 19:11:44.340771,view
U0665,P0500,2025-07-31 19:11:44.340802,wishlist
U1053,P0370,2025-07-07 19:11:44.340835,view
U0012,P0345,2025-09-11 19:11:44.340868,view
U0693,P0045,2026-02-26 19:11:44.340898,cart
U0896,P0030,2026-01-26 19:11:44.340929,cart
U0532,P0337,2025-11-28 19:11:44.340960,cart
U0832,P0191,2025-08-10 19:11:44.340996,cart
U0547,P0497,2025-09-09 19:11:44.341027,cart
U1459,P0158,2025-07-17 19:11:44.341057,view
U0197,P0330,2025-12-08 19:11:44.341090,view
U0066,P0280,2025-09-10 19:11:44.341122,cart
U0611,P0360,2025-08-13 19:11:44.341153,view
U1958,P0104,2025-04-30 19:11:44.341183,cart
U0352,P0028,2025-10-26 19:11:44.341216,view
U1968,P0357,2025-06-09 19:11:44.341246,purchase
U1709,P0458,2025-06-25 19:11:44.341279,view
U0736,P0090,2025-10-25 19:11:44.341311,purchase
U0128,P0095,2025-11-30 19:11:44.341343,purchase
U0675,P0441,2025-11-25 19:11:44.341375,view
U0020,P0199,2025-07-02 19:11:44.341407,view
U1511,P0159,2026-04-03 19:11:44.341438,view
U0852,P0424,2026-02-08 19:11:44.341469,view
U0925,P0244,2025-05-06 19:11:44.341501,purchase
U1505,P0355,2025-12-22 19:11:44.341532,wishlist
U0886,P0068,2026-03-16 19:11:44.341563,view
U0438,P0213,2026-01-11 19:11:44.341593,view
U1960,P0469,2025-05-29 19:11:44.341624,cart
U0327,P0432,2026-01-23 19:11:44.341655,view
U1757,P0099,2026-01-01 19:11:44.341688,cart
U0850,P0421,2025-09-18 19:11:44.341719,view
U1425,P0140,2026-03-06 19:11:44.341750,view
U1221,P0033,2025-10-31 19:11:44.341781,view
U0983,P0473,2025-07-24 19:11:44.341822,view
U0526,P0116,2026-02-02 19:11:44.341871,view
U0392,P0110,2025-05-12 19:11:44.341920,cart
U0483,P0276,2025-08-10 19:11:44.341957,view
U1582,P0353,2025-07-29 19:11:44.341991,view
U0675,P0369,2025-08-26 19:11:44.342024,purchase
U1036,P0354,2025-10-13 19:11:44.342056,view
U0119,P0283,2025-09-25 19:11:44.342092,cart
U1761,P0415,2025-05-08 19:11:44.342125,cart
U0207,P0113,2025-07-05 19:11:44.342162,purchase
U0812,P0172,2026-03-13 19:11:44.342195,view
U0026,P0189,2026-03-26 19:11:44.342237,view
U1771,P0188,2025-12-04 19:11:44.342270,view
U1719,P0203,2026-03-15 19:11:44.342306,cart
U0974,P0109,2026-01-21 19:11:44.342339,cart
U0759,P0445,2025-07-17 19:11:44.342373,purchase
U0853,P0198,2025-10-16 19:11:44.342405,view
U0060,P0261,2025-12-23 19:11:44.342436,cart
U0770,P0150,2025-04-25 19:11:44.342485,cart
U1371,P0432,2025-04-14 19:11:44.342568,view
U0327,P0443,2025-06-17 19:11:44.342612,cart
U1573,P0482,2025-09-18 19:11:44.342648,view
U0159,P0385,2025-08-10 19:11:44.342683,cart
U1762,P0374,2026-01-12 19:11:44.342716,view
U0345,P0041,2025-09-01 19:11:44.342751,view
U0188,P0458,2026-02-10 19:11:44.342785,view
U0154,P0473,2025-07-31 19:11:44.342823,view
U0388,P0017,2025-06-11 19:11:44.342855,wishlist
U1482,P0065,2025-07-29 19:11:44.342888,view
U1619,P0017,2025-11-13 19:11:44.342922,cart
U0258,P0405,2025-05-07 19:11:44.342953,view
U1086,P0055,2025-12-15 19:11:44.342985,cart
U1594,P0063,2025-06-26 19:11:44.343017,purchase
U0357,P0420,2025-04-29 19:11:44.343047,purchase
U0781,P0292,2025-09-15 19:11:44.343080,view
U1072,P0462,2025-08-14 19:11:44.343112,wishlist
U1868,P0044,2025-04-11 19:11:44.343143,view
U1516,P0076,2025-04-15 19:11:44.343175,view
U0127,P0106,2025-08-18 19:11:44.343207,cart
U1690,P0092,2025-07-01 19:11:44.343238,view
U1986,P0325,2026-02-09 19:11:44.343269,view
U0725,P0189,2025-12-07 19:11:44.343299,cart
U1799,P0054,2025-10-23 19:11:44.343330,view
U0056,P0243,2025-08-01 19:11:44.343360,view
U0797,P0213,2025-04-22 19:11:44.343390,wishlist
U1288,P0403,2025-11-22 19:11:44.343421,view
U1156,P0375,2025-10-11 19:11:44.343452,cart
U0919,P0292,2025-07-12 19:11:44.343483,view
U1020,P0200,2025-11-06 19:11:44.343515,cart
U1464,P0494,2026-01-07 19:11:44.343549,wishlist
U0433,P0039,2025-04-12 19:11:44.343582,view
U1684,P0012,2025-09-27 19:11:44.343613,view
U0032,P0303,2025-06-26 19:11:44.343644,view
U1446,P0457,2025-10-05 19:11:44.343675,cart
U1159,P0152,2025-04-10 19:11:44.343705,purchase
U1308,P0238,2025-04-19 19:11:44.343736,view
U0390,P0106,2025-09-11 19:11:44.343766,view
U1057,P0484,2025-11-16 19:11:44.343795,cart
U1701,P0125,2025-12-07 19:11:44.343827,view
U0805,P0390,2025-09-03 19:11:44.343860,cart
U0947,P0354,2025-12-27 19:11:44.343892,view
U0635,P0214,2026-01-11 19:11:44.343923,view
U0694,P0055,2025-07-04 19:11:44.343954,view
U1264,P0338,2025-07-21 19:11:44.343984,view
U0582,P0193,2025-05-16 19:11:44.344014,view
U1060,P0104,2026-03-06 19:11:44.344044,view
U1646,P0335,2026-01-11 19:11:44.344074,cart
U1791,P0268,2025-10-23 19:11:44.344105,view
U0589,P0403,2026-01-04 19:11:44.344134,view
U0716,P0118,2026-04-02 19:11:44.344164,wishlist
U1682,P0250,2026-03-07 19:11:44.344194,view
U1308,P0412,2025-12-22 19:11:44.344234,view
U0552,P0241,2026-02-01 19:11:44.344266,cart
U0495,P0098,2026-03-04 19:11:44.344296,view
U0442,P0389,2025-11-30 19:11:44.344326,view
U1692,P0167,2025-06-18 19:11:44.344356,view
U0712,P0102,2025-11-11 19:11:44.344387,view
U1728,P0240,2025-08-22 19:11:44.344418,view
U0134,P0346,2025-08-08 19:11:44.344448,wishlist
U0188,P0428,2025-07-26 19:11:44.344479,view
U0078,P0097,2025-05-28 19:11:44.344510,cart
U1214,P0087,2025-07-14 19:11:44.344542,view
U1843,P0170,2025-12-03 19:11:44.344574,view
U1652,P0370,2025-12-25 19:11:44.344604,wishlist
U0152,P0093,2026-02-11 19:11:44.344634,view
U0771,P0292,2025-09-01 19:11:44.344664,view
U1464,P0344,2025-05-03 19:11:44.344694,cart
U1856,P0369,2025-08-05 19:11:44.344724,view
U1785,P0305,2026-02-05 19:11:44.344755,view
U1068,P0114,2025-11-27 19:11:44.344784,wishlist
U0602,P0267,2025-06-11 19:11:44.344814,view
U1826,P0149,2025-05-15 19:11:44.344849,view
U1207,P0092,2025-06-08 19:11:44.344879,wishlist
U1566,P0485,2025-04-07 19:11:44.344914,view
U1521,P0023,2026-01-28 19:11:44.344947,view
U0472,P0323,2025-09-05 19:11:44.344977,view
U0068,P0298,2025-05-28 19:11:44.345007,cart
U1555,P0270,2025-06-24 19:11:44.345038,view
U0325,P0174,2025-12-28 19:11:44.345070,view
U0109,P0415,2025-06-02 19:11:44.345101,view
U0937,P0262,2025-07-14 19:11:44.345132,view
U0905,P0157,2025-06-05 19:11:44.345162,view
U1352,P0275,2026-04-04 19:11:44.345194,cart
U1295,P0483,2025-05-21 19:11:44.345225,view
U1335,P0131,2026-02-16 19:11:44.345257,cart
U0128,P0039,2025-08-11 19:11:44.345288,cart
U0168,P0166,2026-02-20 19:11:44.345319,view
U0773,P0188,2026-01-13 19:11:44.345349,cart
U0740,P0218,2025-12-27 19:11:44.345380,view
U1286,P0142,2025-06-27 19:11:44.345411,view
U1584,P0474,2025-07-09 19:11:44.345443,view
U1154,P0434,2026-02-26 19:11:44.345474,view
U0408,P0073,2025-07-30 19:11:44.345505,wishlist
U0611,P0264,2026-03-12 19:11:44.345537,view
U1566,P0079,2025-12-17 19:11:44.345568,view
U0656,P0106,2025-08-31 19:11:44.345598,cart
U0145,P0439,2025-12-12 19:11:44.345673,view
U1428,P0330,2025-04-11 19:11:44.345706,view
U0180,P0263,2026-01-04 19:11:44.345740,cart
U0096,P0276,2025-07-15 19:11:44.345773,purchase
U1821,P0158,2025-09-29 19:11:44.345805,cart
U1269,P0423,2025-04-21 19:11:44.345837,view
U0868,P0348,2025-12-29 19:11:44.345867,view
U0156,P0021,2026-01-24 19:11:44.345898,view
U1450,P0055,2025-11-29 19:11:44.345929,view
U1927,P0464,2026-02-18 19:11:44.345959,view
U0819,P0341,2025-05-21 19:11:44.345992,wishlist
U0737,P0022,2025-07-08 19:11:44.346024,view
U1254,P0017,2025-08-26 19:11:44.346055,view
U1903,P0047,2025-04-17 19:11:44.346085,view
U0529,P0114,2026-01-17 19:11:44.346116,view
U0480,P0345,2025-07-18 19:11:44.346147,purchase
U1187,P0198,2026-01-18 19:11:44.346177,wishlist
U0331,P0316,2025-10-01 19:11:44.346208,purchase
U1189,P0143,2025-10-16 19:11:44.346246,view
U1761,P0335,2025-04-08 19:11:44.346279,cart
U0765,P0005,2025-08-02 19:11:44.346311,purchase
U0648,P0134,2025-09-29 19:11:44.346342,wishlist
U1850,P0429,2025-06-05 19:11:44.346373,purchase
U0114,P0231,2025-06-18 19:11:44.346406,view
U1823,P0085,2025-07-02 19:11:44.346437,cart
U0343,P0122,2025-09-23 19:11:44.346469,cart
U0248,P0310,2025-12-11 19:11:44.346500,wishlist
U0293,P0215,2025-09-12 19:11:44.346530,purchase
U0483,P0495,2025-04-29 19:11:44.346560,cart
U1667,P0251,2026-03-04 19:11:44.346591,view
U1921,P0005,2025-05-20 19:11:44.346622,view
U1587,P0230,2025-09-05 19:11:44.346653,wishlist
U1936,P0302,2025-10-02 19:11:44.346683,wishlist
U1149,P0427,2025-12-09 19:11:44.346714,view
U1564,P0108,2025-10-02 19:11:44.346744,view
U0481,P0306,2025-12-13 19:11:44.346774,view
U0253,P0034,2025-11-29 19:11:44.346805,view
U1339,P0257,2026-03-10 19:11:44.346835,cart
U0895,P0404,2025-08-15 19:11:44.346866,purchase
U0909,P0236,2026-03-18 19:11:44.346898,view
U0154,P0406,2026-02-24 19:11:44.346929,view
U1482,P0322,2026-02-20 19:11:44.346961,purchase
U0268,P0304,2025-06-18 19:11:44.346993,cart
U0523,P0338,2025-11-15 19:11:44.347025,view
U0671,P0296,2025-09-06 19:11:44.347055,purchase
U1718,P0399,2026-03-28 19:11:44.347087,view
U1672,P0474,2025-08-22 19:11:44.347117,purchase
U0152,P0036,2025-06-15 19:11:44.347147,purchase
U0724,P0022,2025-04-23 19:11:44.347182,view
U0837,P0183,2026-01-04 19:11:44.347213,purchase
U1676,P0150,2026-01-21 19:11:44.347244,cart
U1173,P0026,2025-09-30 19:11:44.347275,view
U1802,P0467,2026-01-09 19:11:44.347304,view
U0673,P0174,2025-07-28 19:11:44.347334,view
U1227,P0262,2025-05-28 19:11:44.347365,purchase
U0743,P0272,2026-02-17 19:11:44.347396,cart
U1459,P0095,2025-09-03 19:11:44.347427,cart
U1614,P0121,2025-11-30 19:11:44.347457,view
U0146,P0034,2025-12-03 19:11:44.347487,cart
U0059,P0070,2025-04-24 19:11:44.347517,view
U1134,P0324,2025-05-11 19:11:44.347547,purchase
U0341,P0405,2026-02-28 19:11:44.347578,view
U1354,P0275,2025-08-16 19:11:44.347616,view
U0437,P0038,2025-12-07 19:11:44.347662,view
U0330,P0467,2025-09-05 19:11:44.347709,view
U1977,P0323,2025-11-27 19:11:44.347756,view
U0262,P0341,2025-09-14 19:11:44.347805,view
U1613,P0318,2026-04-05 19:11:44.347845,view
U1433,P0372,2026-01-19 19:11:44.347878,view
U1351,P0258,2025-11-10 19:11:44.347909,view
U0203,P0294,2025-09-21 19:11:44.347945,purchase
U1867,P0020,2025-04-08 19:11:44.347976,wishlist
U0066,P0151,2025-08-04 19:11:44.348007,cart
U1924,P0207,2026-02-21 19:11:44.348039,view
U1534,P0248,2026-03-14 19:11:44.348071,wishlist
U0891,P0310,2025-05-26 19:11:44.348102,cart
U0022,P0105,2026-02-28 19:11:44.348134,view
U1909,P0326,2025-06-27 19:11:44.348166,view
U1416,P0339,2026-03-05 19:11:44.348197,view
U0641,P0125,2025-12-15 19:11:44.348237,purchase
U1702,P0034,2025-07-20 19:11:44.348270,view
U0926,P0189,2026-02-09 19:11:44.348301,view
U0447,P0014,2025-05-23 19:11:44.348332,view
U1788,P0267,2025-04-16 19:11:44.348362,view
U1066,P0348,2026-01-14 19:11:44.348392,view
U0149,P0381,2026-02-08 19:11:44.348423,purchase
U1224,P0044,2026-03-13 19:11:44.348454,cart
U1605,P0240,2025-12-23 19:11:44.348485,view
U1954,P0427,2025-09-16 19:11:44.348515,view
U0733,P0016,2025-07-02 19:11:44.348545,cart
U0397,P0083,2025-07-18 19:11:44.348576,view
U0535,P0135,2025-11-24 19:11:44.348608,view
U1027,P0193,2026-04-04 19:11:44.348638,cart
U0814,P0385,2025-07-14 19:11:44.348668,purchase
U0356,P0054,2025-08-01 19:11:44.348698,cart
U1336,P0279,2025-08-28 19:11:44.348727,view
U1079,P0351,2025-10-22 19:11:44.348757,view
U1347,P0465,2025-12-04 19:11:44.348786,view
U1827,P0097,2026-03-27 19:11:44.348816,view
U1489,P0036,2025-10-01 19:11:44.348845,view
U1054,P0196,2025-11-14 19:11:44.348874,view
U0259,P0325,2026-01-08 19:11:44.348904,view
U1516,P0024,2025-08-21 19:11:44.348937,view
U0246,P0033,2025-06-15 19:11:44.348967,cart
U0173,P0405,2025-08-23 19:11:44.348997,view
U1818,P0059,2026-01-04 19:11:44.349027,view
U1602,P0340,2025-06-13 19:11:44.349056,view
U0266,P0467,2026-03-21 19:11:44.349087,view
U0661,P0336,2026-03-25 19:11:44.349117,purchase
U0746,P0130,2025-12-20 19:11:44.349147,cart
U1844,P0215,2026-01-02 19:11:44.349176,view
U0475,P0180,2025-12-04 19:11:44.349205,view
U1706,P0237,2026-01-05 19:11:44.349234,view
U1982,P0457,2026-03-07 19:11:44.349263,view
U0473,P0352,2025-07-16 19:11:44.349292,view
U0277,P0239,2025-10-29 19:11:44.349322,view
U0598,P0016,2026-01-24 19:11:44.349351,view
U1556,P0257,2025-09-13 19:11:44.349380,view
U0864,P0221,2025-11-02 19:11:44.349409,cart
U1744,P0304,2025-12-21 19:11:44.349439,view
U0259,P0078,2025-12-25 19:11:44.349468,view
U0958,P0444,2025-11-15 19:11:44.349497,view
U0557,P0072,2026-01-15 19:11:44.349525,view
U1196,P0196,2025-11-12 19:11:44.349555,view
U1430,P0343,2025-12-15 19:11:44.349584,view
U1550,P0450,2025-04-20 19:11:44.349614,cart
U1899,P0116,2026-02-18 19:11:44.349645,purchase
U0904,P0375,2025-11-10 19:11:44.349675,purchase
U1018,P0285,2025-11-28 19:11:44.349705,view
U1105,P0164,2026-01-20 19:11:44.349735,purchase
U0519,P0280,2025-10-30 19:11:44.349764,view
U1014,P0464,2026-03-07 19:11:44.349794,wishlist
U1248,P0256,2025-09-28 19:11:44.349824,wishlist
U0836,P0149,2026-01-29 19:11:44.349854,wishlist
U0065,P0371,2025-11-22 19:11:44.349905,cart
U1451,P0257,2026-01-13 19:11:44.349936,purchase
U1394,P0163,2025-09-17 19:11:44.349968,view
U0852,P0004,2025-05-22 19:11:44.350003,view
U0038,P0228,2025-07-14 19:11:44.350036,cart
U0538,P0279,2026-02-15 19:11:44.350068,view
U1172,P0111,2026-04-02 19:11:44.350099,view
U1730,P0107,2026-02-16 19:11:44.350131,cart
U0802,P0185,2025-08-24 19:11:44.350162,view
U0457,P0155,2026-01-09 19:11:44.350193,cart
U0445,P0142,2026-03-23 19:11:44.350225,cart
U1091,P0391,2025-08-26 19:11:44.350263,cart
U1886,P0147,2025-09-10 19:11:44.350296,view
U1487,P0265,2025-11-20 19:11:44.350331,cart
U0468,P0314,2025-08-05 19:11:44.350362,wishlist
U1088,P0102,2025-11-23 19:11:44.350392,cart
U0166,P0380,2025-05-21 19:11:44.350422,purchase
U0401,P0222,2025-05-05 19:11:44.350453,purchase
U0818,P0413,2026-03-04 19:11:44.350484,view
U0802,P0336,2025-06-05 19:11:44.350514,cart
U0117,P0131,2025-12-14 19:11:44.350546,view
U1380,P0374,2025-05-21 19:11:44.350576,view
U1841,P0341,2025-04-24 19:11:44.350606,view
U1658,P0010,2026-02-20 19:11:44.350636,view
U1109,P0346,2026-04-02 19:11:44.350666,purchase
U0657,P0090,2026-01-11 19:11:44.350696,view
U1965,P0290,2025-05-03 19:11:44.350726,wishlist
U0547,P0359,2025-06-25 19:11:44.350764,wishlist
U0362,P0450,2025-10-08 19:11:44.350810,purchase
U0766,P0449,2025-06-03 19:11:44.350855,cart
U0860,P0164,2026-02-13 19:11:44.350890,view
U1239,P0182,2026-03-02 19:11:44.350925,cart
U1812,P0235,2026-01-18 19:11:44.350957,view
U1749,P0240,2025-07-21 19:11:44.350987,view
U1018,P0217,2025-08-09 19:11:44.351018,view
U1883,P0075,2025-05-26 19:11:44.351050,wishlist
U1841,P0240,2025-12-06 19:11:44.351083,view
U1464,P0245,2025-09-27 19:11:44.351114,view
U0327,P0181,2025-07-07 19:11:44.351145,wishlist
U1447,P0257,2026-01-12 19:11:44.351176,view
U0378,P0474,2025-07-20 19:11:44.351206,view
U0264,P0251,2025-08-25 19:11:44.351237,cart
U1367,P0280,2025-11-15 19:11:44.351268,view
U0902,P0079,2025-09-19 19:11:44.351299,view
U0623,P0071,2025-04-05 19:11:44.351329,view
U1116,P0251,2025-04-12 19:11:44.351359,view
U1698,P0143,2026-01-15 19:11:44.351389,view
U1977,P0458,2026-02-13 19:11:44.351419,view
U1167,P0399,2025-05-12 19:11:44.351450,view
U0422,P0033,2026-02-15 19:11:44.351482,view
U0959,P0075,2025-08-03 19:11:44.351512,purchase
U0047,P0144,2025-04-06 19:11:44.351542,cart
U1903,P0287,2026-03-05 19:11:44.351571,cart
U1776,P0429,2025-12-08 19:11:44.351605,view
U0252,P0064,2025-10-12 19:11:44.351634,view
U1046,P0400,2026-03-15 19:11:44.351664,wishlist
U1484,P0223,2025-08-26 19:11:44.351695,view
U1085,P0450,2025-12-21 19:11:44.351725,cart
U1563,P0494,2025-11-13 19:11:44.351755,purchase
U0902,P0138,2026-01-24 19:11:44.351786,cart
U0612,P0036,2025-08-17 19:11:44.351815,view
U0189,P0165,2025-07-29 19:11:44.351844,view
U1133,P0349,2026-01-04 19:11:44.351873,cart
U1573,P0134,2025-09-27 19:11:44.351906,view
U0053,P0093,2025-07-12 19:11:44.351936,view
U0843,P0021,2026-03-28 19:11:44.351966,cart
U0243,P0133,2025-11-15 19:11:44.351997,cart
U1030,P0107,2026-01-13 19:11:44.352027,purchase
U0625,P0063,2025-04-25 19:11:44.352057,purchase
U0598,P0318,2025-10-19 19:11:44.352088,cart
U0600,P0102,2025-05-09 19:11:44.352119,cart
U1412,P0074,2025-06-11 19:11:44.352150,cart
U1059,P0147,2025-12-12 19:11:44.352180,view
U1729,P0233,2025-09-12 19:11:44.352210,view
U1645,P0256,2025-12-25 19:11:44.352248,cart
U1245,P0145,2025-09-22 19:11:44.352281,view
U0603,P0340,2025-10-11 19:11:44.352314,purchase
U1011,P0302,2025-07-12 19:11:44.352345,cart
U1094,P0294,2025-08-04 19:11:44.352377,cart
U1327,P0395,2025-04-16 19:11:44.352408,view
U0537,P0386,2025-10-20 19:11:44.352439,cart
U0122,P0495,2025-12-30 19:11:44.352471,view
U0454,P0426,2025-08-05 19:11:44.352502,view
U0584,P0444,2026-02-05 19:11:44.352532,view
U1251,P0017,2026-01-25 19:11:44.352563,view
U0640,P0002,2025-12-25 19:11:44.352592,view
U0843,P0422,2025-11-24 19:11:44.352622,purchase
U0292,P0467,2025-10-17 19:11:44.352653,wishlist
U0396,P0282,2025-08-30 19:11:44.352683,view
U1953,P0089,2025-12-21 19:11:44.352714,view
U1531,P0186,2025-08-05 19:11:44.352744,view
U0051,P0189,2026-03-11 19:11:44.352773,view
U0639,P0145,2025-09-14 19:11:44.352802,cart
U1631,P0057,2025-12-29 19:11:44.352831,view
U0757,P0485,2025-10-15 19:11:44.352861,view
U1990,P0213,2025-07-01 19:11:44.352893,wishlist
U0221,P0314,2026-02-02 19:11:44.352923,purchase
U0538,P0011,2025-05-20 19:11:44.352953,view
U1328,P0264,2025-07-29 19:11:44.352984,cart
U1679,P0151,2025-12-01 19:11:44.353018,view
U1495,P0073,2025-08-29 19:11:44.353049,view
U1810,P0349,2025-06-01 19:11:44.353079,view
U1846,P0316,2025-10-16 19:11:44.353109,cart
U0202,P0315,2025-12-21 19:11:44.353140,cart
U0225,P0258,2026-03-07 19:11:44.353171,view
U1558,P0221,2025-06-15 19:11:44.353201,wishlist
U1696,P0476,2025-04-10 19:11:44.353231,view
U0314,P0210,2026-04-02 19:11:44.353261,cart
U0231,P0219,2025-07-19 19:11:44.353289,wishlist
U0949,P0321,2025-10-19 19:11:44.353318,cart
U1720,P0007,2025-07-03 19:11:44.353349,view
U0526,P0343,2025-12-04 19:11:44.353379,view
U1580,P0217,2025-08-22 19:11:44.353408,view
U0471,P0390,2025-06-25 19:11:44.353437,purchase
U0352,P0098,2026-02-22 19:11:44.353467,cart
U1116,P0123,2026-01-12 19:11:44.353498,view
U1605,P0173,2026-03-05 19:11:44.353529,view
U1652,P0287,2025-09-22 19:11:44.353558,cart
U1267,P0428,2025-10-15 19:11:44.353590,cart
U0013,P0486,2025-11-24 19:11:44.353620,cart
U0788,P0449,2025-08-11 19:11:44.353652,view
U1303,P0007,2025-12-09 19:11:44.353682,wishlist
U1525,P0411,2025-07-27 19:11:44.353712,view
U1676,P0086,2025-09-15 19:11:44.353742,view
U0906,P0006,2025-10-15 19:11:44.353773,wishlist
U1090,P0013,2025-07-20 19:11:44.353804,cart
U1407,P0063,2025-11-12 19:11:44.353834,wishlist
U0369,P0100,2025-05-02 19:11:44.353868,wishlist
U1600,P0129,2026-01-05 19:11:44.353899,wishlist
U1685,P0016,2026-01-05 19:11:44.353930,view
U0020,P0388,2026-02-26 19:11:44.353960,view
U1416,P0137,2025-05-19 19:11:44.353991,view
U1689,P0333,2025-09-30 19:11:44.354022,view
U0468,P0354,2025-11-16 19:11:44.354054,wishlist
U0702,P0365,2025-06-26 19:11:44.354087,purchase
U1486,P0375,2026-01-12 19:11:44.354118,view
U0339,P0499,2026-02-02 19:11:44.354149,purchase
U1104,P0408,2026-01-27 19:11:44.354180,view
U0745,P0059,2025-10-13 19:11:44.354210,view
U1259,P0361,2025-06-01 19:11:44.354240,view
U0535,P0321,2026-03-24 19:11:44.354280,view
U1716,P0288,2025-11-22 19:11:44.354313,view
U1224,P0070,2025-11-11 19:11:44.354344,wishlist
U0138,P0264,2025-09-13 19:11:44.354376,view
U0975,P0036,2025-10-04 19:11:44.354406,view
U0050,P0087,2026-01-24 19:11:44.354437,view
U0779,P0446,2025-05-13 19:11:44.354470,purchase
U0627,P0061,2025-08-22 19:11:44.354501,cart
U1437,P0233,2025-05-26 19:11:44.354533,view
U1652,P0221,2025-10-23 19:11:44.354564,cart
U0029,P0107,2025-07-23 19:11:44.354595,purchase
U1265,P0130,2025-07-31 19:11:44.354626,view
U1028,P0080,2025-06-08 19:11:44.354656,view
U0809,P0497,2025-05-15 19:11:44.354687,cart
U0976,P0069,2025-07-02 19:11:44.354718,purchase
U1959,P0482,2025-12-16 19:11:44.354751,cart
U1780,P0425,2026-03-13 19:11:44.354782,cart
U0002,P0173,2025-05-23 19:11:44.354813,purchase
U0568,P0373,2025-11-13 19:11:44.354846,purchase
U0745,P0324,2025-10-06 19:11:44.354876,view
U0772,P0476,2025-07-08 19:11:44.354906,view
U1897,P0448,2025-12-07 19:11:44.354937,view
U0200,P0362,2025-09-04 19:11:44.354972,cart
U1640,P0291,2025-11-25 19:11:44.355005,view
U1569,P0321,2025-09-24 19:11:44.355037,view
U1216,P0279,2025-05-19 19:11:44.355069,view
U0496,P0152,2025-04-30 19:11:44.355101,view
U1386,P0455,2025-12-29 19:11:44.355132,view
U1236,P0044,2025-06-16 19:11:44.355165,view
U0615,P0009,2025-09-22 19:11:44.355196,cart
U0663,P0086,2026-03-02 19:11:44.355227,cart
U1945,P0482,2025-09-07 19:11:44.355258,cart
U1421,P0289,2025-06-06 19:11:44.355289,view
U0336,P0244,2025-07-23 19:11:44.355320,purchase
U0952,P0157,2026-01-29 19:11:44.355352,purchase
U0058,P0158,2025-11-13 19:11:44.355383,cart
U0682,P0354,2025-09-01 19:11:44.355414,wishlist
U1753,P0495,2025-09-07 19:11:44.355444,cart
U1262,P0491,2025-06-01 19:11:44.355475,view
U1842,P0417,2025-04-17 19:11:44.355508,cart
U0276,P0024,2025-10-25 19:11:44.355539,view
U1042,P0286,2026-04-02 19:11:44.355569,view
U1777,P0011,2025-07-24 19:11:44.355600,wishlist
U0745,P0174,2025-05-13 19:11:44.355633,purchase
U0747,P0469,2025-10-13 19:11:44.355664,purchase
U0440,P0012,2025-08-02 19:11:44.355693,view
U0478,P0009,2025-08-23 19:11:44.355723,purchase
U0519,P0104,2025-06-20 19:11:44.355753,view
U1577,P0311,2025-12-05 19:11:44.355783,view
U1145,P0256,2026-03-22 19:11:44.355811,cart
U1376,P0243,2025-12-16 19:11:44.355844,cart
U1195,P0134,2025-04-30 19:11:44.355875,view
U1261,P0332,2025-10-16 19:11:44.355906,view
U1426,P0152,2025-05-20 19:11:44.355937,wishlist
U0093,P0252,2025-12-13 19:11:44.355969,view
U1686,P0421,2025-05-18 19:11:44.356000,view
U1966,P0397,2025-12-30 19:11:44.356033,cart
U0270,P0175,2025-10-28 19:11:44.356063,cart
U1400,P0294,2026-02-08 19:11:44.356093,view
U0653,P0433,2025-11-21 19:11:44.356124,view
U1986,P0401,2025-07-02 19:11:44.356155,cart
U1110,P0289,2026-02-23 19:11:44.356185,view
U1859,P0233,2025-06-13 19:11:44.356216,cart
U1382,P0189,2025-08-06 19:11:44.356252,view
U1329,P0414,2026-01-30 19:11:44.356285,view
U0940,P0160,2025-09-29 19:11:44.356315,view
U1232,P0348,2025-04-08 19:11:44.356346,purchase
U1587,P0339,2025-04-28 19:11:44.356381,wishlist
U0176,P0011,2025-04-24 19:11:44.356414,view
U0681,P0192,2025-09-17 19:11:44.356444,view
U0616,P0203,2025-06-15 19:11:44.356474,cart
U1296,P0030,2025-04-20 19:11:44.356505,view
U0099,P0137,2025-07-07 19:11:44.356535,view
U0253,P0131,2025-07-05 19:11:44.356564,view
U1903,P0367,2026-01-23 19:11:44.356594,wishlist
U0871,P0111,2026-02-08 19:11:44.356625,view
U0280,P0019,2025-09-13 19:11:44.356656,wishlist
U0338,P0147,2025-10-01 19:11:44.356686,cart
U0905,P0198,2025-11-18 19:11:44.356716,view
U0177,P0324,2025-07-13 19:11:44.356746,view
U1800,P0193,2025-09-22 19:11:44.356777,view
U0894,P0194,2025-05-03 19:11:44.356806,purchase
U0703,P0127,2025-11-12 19:11:44.356839,view
U1965,P0106,2025-08-06 19:11:44.356868,view
U0327,P0436,2026-03-29 19:11:44.356900,purchase
U1050,P0156,2026-01-12 19:11:44.356935,view
U1977,P0303,2025-08-30 19:11:44.356967,view
U0968,P0415,2026-01-20 19:11:44.356998,view
U0409,P0290,2025-05-15 19:11:44.357029,view
U0993,P0187,2026-02-10 19:11:44.357060,view
U0771,P0034,2025-05-26 19:11:44.357090,view
U1244,P0133,2026-03-08 19:11:44.357121,view
U0014,P0057,2026-02-20 19:11:44.357150,view
U1360,P0263,2025-05-08 19:11:44.357180,view
U0209,P0085,2025-05-28 19:11:44.357212,cart
U0272,P0282,2025-12-25 19:11:44.357242,view
U1904,P0136,2026-03-07 19:11:44.357272,cart
U0113,P0242,2026-03-04 19:11:44.357302,view
U1408,P0469,2026-02-05 19:11:44.357332,view
U0151,P0455,2025-11-12 19:11:44.357361,view
U1547,P0460,2025-11-30 19:11:44.357391,view
U1631,P0023,2026-01-20 19:11:44.357420,purchase
U0364,P0366,2025-04-22 19:11:44.357450,view
U1814,P0485,2025-04-17 19:11:44.357480,cart
U0621,P0064,2026-03-07 19:11:44.357509,view
U1132,P0316,2025-11-15 19:11:44.357538,cart
U0597,P0005,2025-10-23 19:11:44.357568,view
U0538,P0443,2025-08-21 19:11:44.357598,purchase
U0161,P0327,2026-01-05 19:11:44.357628,view
U1499,P0259,2026-03-23 19:11:44.357659,purchase
U1302,P0131,2025-07-19 19:11:44.357689,view
U1216,P0371,2025-07-06 19:11:44.357719,cart
U1885,P0246,2026-02-01 19:11:44.357750,purchase
U1992,P0273,2025-07-01 19:11:44.357780,wishlist
U0594,P0471,2025-10-16 19:11:44.357814,cart
U0433,P0053,2025-05-20 19:11:44.357845,cart
U1657,P0210,2025-12-15 19:11:44.357875,view
U0014,P0282,2025-12-14 19:11:44.357908,purchase
U1835,P0498,2025-08-15 19:11:44.357939,cart
U0658,P0121,2025-08-26 19:11:44.357970,view
U1583,P0300,2025-10-23 19:11:44.358000,cart
U0280,P0375,2025-11-29 19:11:44.358029,view
U1997,P0248,2026-03-01 19:11:44.358059,cart
U0396,P0287,2025-05-14 19:11:44.358090,view
U0931,P0297,2025-06-30 19:11:44.358121,cart
U0786,P0061,2025-12-27 19:11:44.358151,view
U1879,P0427,2025-07-09 19:11:44.358181,view
U1923,P0382,2025-04-29 19:11:44.358212,cart
U0839,P0259,2026-01-31 19:11:44.358246,purchase
U0922,P0121,2026-02-26 19:11:44.358300,view
U1227,P0266,2025-04-24 19:11:44.358333,wishlist
U0138,P0304,2025-08-17 19:11:44.358366,view
U0030,P0378,2025-06-29 19:11:44.358398,view
U0037,P0084,2025-06-29 19:11:44.358430,view
U1769,P0495,2025-10-14 19:11:44.358463,wishlist
U1148,P0328,2025-09-12 19:11:44.358509,cart
U0831,P0285,2025-06-13 19:11:44.358560,view
U0002,P0438,2026-02-17 19:11:44.358598,wishlist
U0926,P0428,2025-08-27 19:11:44.358631,view
U1165,P0162,2025-04-30 19:11:44.358663,view
U0482,P0468,2025-12-30 19:11:44.358697,purchase
U1095,P0137,2025-11-11 19:11:44.358729,purchase
U1966,P0058,2025-11-06 19:11:44.358771,cart
U1103,P0448,2026-02-08 19:11:44.358822,view
U1497,P0085,2025-09-07 19:11:44.358878,purchase
U0330,P0498,2025-11-13 19:11:44.358933,view
U0689,P0403,2026-04-05 19:11:44.358968,cart
U0872,P0471,2025-07-10 19:11:44.359002,wishlist
U1196,P0309,2025-06-25 19:11:44.359036,view
U0017,P0177,2026-03-11 19:11:44.359074,view
U1275,P0402,2025-05-03 19:11:44.359107,view
U1986,P0170,2025-08-16 19:11:44.359139,view
U1980,P0158,2025-10-22 19:11:44.359172,view
U0310,P0413,2025-06-02 19:11:44.359222,view
U1357,P0361,2025-09-21 19:11:44.359276,view
U1370,P0447,2025-12-21 19:11:44.359330,view
U1300,P0296,2025-05-22 19:11:44.359369,cart
U0212,P0329,2025-06-06 19:11:44.359403,cart
U0965,P0265,2025-08-13 19:11:44.359436,cart
U1526,P0454,2025-08-31 19:11:44.359470,purchase
U1540,P0252,2025-05-12 19:11:44.359519,view
U0699,P0172,2025-08-30 19:11:44.359571,purchase
U1517,P0420,2025-08-02 19:11:44.359619,view
U1314,P0324,2025-10-20 19:11:44.359671,view
U1634,P0273,2025-09-28 19:11:44.359709,view
U0209,P0279,2026-03-21 19:11:44.359742,cart
U0961,P0371,2025-08-26 19:11:44.359775,view
U1541,P0356,2025-08-12 19:11:44.359806,view
U1240,P0225,2025-04-06 19:11:44.359838,view
U0768,P0054,2025-08-25 19:11:44.359872,view
U1705,P0047,2025-05-09 19:11:44.359924,view
U1875,P0276,2025-06-19 19:11:44.359960,view
U1155,P0115,2026-03-01 19:11:44.359993,view
U0291,P0252,2025-11-06 19:11:44.360025,purchase
U0701,P0395,2025-12-15 19:11:44.360056,purchase
U1671,P0216,2025-12-17 19:11:44.360087,view
U1386,P0087,2025-08-19 19:11:44.360117,view
U0060,P0183,2025-10-20 19:11:44.360154,wishlist
U1645,P0394,2025-08-24 19:11:44.360186,view
U1367,P0043,2025-08-06 19:11:44.360219,purchase
U1171,P0397,2026-01-30 19:11:44.360251,view
U1239,P0140,2025-12-15 19:11:44.360296,view
U0924,P0070,2025-08-05 19:11:44.360329,purchase
U1393,P0072,2025-05-21 19:11:44.360359,view
U0698,P0440,2025-04-10 19:11:44.360391,view
U1631,P0333,2025-04-11 19:11:44.360423,cart
U0326,P0005,2025-07-30 19:11:44.360455,view
U1592,P0058,2026-03-04 19:11:44.360498,cart
U0500,P0211,2025-09-08 19:11:44.360546,view
U1875,P0261,2025-09-25 19:11:44.360588,view
U1855,P0150,2025-05-24 19:11:44.360633,view
U1919,P0471,2026-02-23 19:11:44.360668,cart
U1389,P0148,2025-05-26 19:11:44.360703,wishlist
U1369,P0077,2025-04-23 19:11:44.360736,view
U0216,P0321,2025-12-10 19:11:44.360768,view
U0719,P0391,2026-01-06 19:11:44.360800,view
U0246,P0255,2025-08-19 19:11:44.360833,view
U0401,P0137,2026-02-07 19:11:44.360865,view
U1962,P0348,2025-11-08 19:11:44.360896,view
U0800,P0351,2025-09-10 19:11:44.360927,wishlist
U1372,P0056,2026-03-23 19:11:44.360958,view
U0991,P0145,2025-09-19 19:11:44.360989,view
U0293,P0103,2025-05-18 19:11:44.361037,view
U0651,P0294,2025-09-06 19:11:44.361090,wishlist
U1529,P0344,2025-05-03 19:11:44.361145,view
U0365,P0488,2025-06-16 19:11:44.361200,cart
U1823,P0014,2025-07-01 19:11:44.361255,purchase
U1080,P0333,2025-09-13 19:11:44.361309,view
U1429,P0347,2026-04-01 19:11:44.361360,view
U1499,P0494,2026-01-26 19:11:44.361423,wishlist
U0262,P0153,2025-10-18 19:11:44.361484,view
U1895,P0350,2025-11-17 19:11:44.361527,wishlist
U1448,P0365,2025-04-29 19:11:44.361561,view
U0960,P0482,2025-06-22 19:11:44.361603,view
U0964,P0443,2025-04-30 19:11:44.361635,view
U0485,P0088,2025-06-06 19:11:44.361668,view
U0161,P0448,2025-10-01 19:11:44.361700,view
U1735,P0359,2025-05-14 19:11:44.361732,view
U1812,P0054,2025-09-06 19:11:44.361764,view
U1383,P0157,2026-01-01 19:11:44.361795,view
U1069,P0187,2025-11-06 19:11:44.361829,view
U1555,P0324,2025-04-27 19:11:44.361860,purchase
U0933,P0340,2025-12-08 19:11:44.361892,view
U0009,P0029,2025-09-27 19:11:44.361923,view
U1559,P0341,2025-08-29 19:11:44.361953,view
U0192,P0299,2026-01-20 19:11:44.361983,wishlist
U0708,P0017,2026-04-02 19:11:44.362015,wishlist
U0570,P0173,2025-08-25 19:11:44.362045,view
U1503,P0112,2025-12-18 19:11:44.362076,cart
U1090,P0424,2025-06-26 19:11:44.362107,view
U1303,P0378,2025-04-12 19:11:44.362139,view
U0490,P0447,2025-09-29 19:11:44.362170,wishlist
U0328,P0077,2025-09-06 19:11:44.362201,view
U1619,P0345,2026-03-18 19:11:44.362231,view
U1450,P0117,2025-06-28 19:11:44.362277,view
U0470,P0058,2025-10-30 19:11:44.362311,purchase
U0828,P0251,2025-08-29 19:11:44.362345,view
U0302,P0162,2025-07-31 19:11:44.362376,cart
U0123,P0124,2025-10-01 19:11:44.362409,view
U1378,P0033,2025-08-21 19:11:44.362441,wishlist
U0337,P0481,2026-02-07 19:11:44.362472,view
U1903,P0237,2025-12-14 19:11:44.362504,view
U1620,P0172,2026-03-14 19:11:44.362534,view
U0592,P0101,2025-08-13 19:11:44.362564,view
U1424,P0132,2025-05-28 19:11:44.362596,view
U0565,P0037,2025-10-13 19:11:44.362627,view
U0227,P0235,2025-05-19 19:11:44.362658,view
U1048,P0250,2025-12-20 19:11:44.362690,view
U1466,P0490,2026-03-16 19:11:44.362722,view
U1245,P0280,2025-12-29 19:11:44.362753,view
U1708,P0184,2025-10-11 19:11:44.362783,purchase
U0668,P0332,2026-03-08 19:11:44.362813,view
U0881,P0118,2025-10-10 19:11:44.362843,view
U0929,P0218,2025-06-14 19:11:44.362873,cart
U1865,P0099,2025-12-12 19:11:44.362903,cart
U0987,P0036,2025-05-04 19:11:44.362934,view
U0547,P0021,2025-07-12 19:11:44.362965,purchase
U1521,P0199,2025-08-16 19:11:44.362996,view
U1185,P0292,2025-06-21 19:11:44.363025,cart
U1231,P0377,2026-04-02 19:11:44.363058,wishlist
U0318,P0284,2025-10-11 19:11:44.363089,cart
U0516,P0447,2025-08-11 19:11:44.363119,wishlist
U0704,P0037,2025-04-28 19:11:44.363150,view
U0932,P0325,2025-06-08 19:11:44.363180,view
U1596,P0204,2025-05-20 19:11:44.363211,wishlist
U1407,P0340,2025-10-15 19:11:44.363243,view
U1972,P0476,2025-11-15 19:11:44.363274,view
U0105,P0288,2025-07-13 19:11:44.363306,view
U0824,P0401,2025-10-09 19:11:44.363337,cart
U1518,P0105,2026-03-01 19:11:44.363370,view
U1751,P0144,2025-06-05 19:11:44.363402,view
U0506,P0057,2025-04-05 19:11:44.363434,purchase
U1151,P0339,2025-10-18 19:11:44.363465,cart
U0594,P0063,2026-02-23 19:11:44.363496,view
U1711,P0263,2025-08-03 19:11:44.363527,purchase
U0108,P0141,2025-09-25 19:11:44.363558,view
U1003,P0491,2025-10-10 19:11:44.363591,view
U1269,P0470,2025-12-18 19:11:44.363636,view
U0233,P0274,2025-08-29 19:11:44.363683,wishlist
U0224,P0252,2025-11-13 19:11:44.363718,view
U1239,P0085,2026-03-26 19:11:44.363750,cart
U0512,P0401,2025-07-21 19:11:44.363781,cart
U0004,P0272,2025-09-19 19:11:44.363813,cart
U0712,P0155,2025-10-19 19:11:44.363845,view
U0935,P0156,2025-06-16 19:11:44.363877,view
U0689,P0066,2025-12-15 19:11:44.363909,cart
U0448,P0420,2026-01-26 19:11:44.363942,purchase
U1135,P0086,2025-07-01 19:11:44.363974,wishlist
U0830,P0288,2025-10-11 19:11:44.364005,view
U0109,P0061,2025-05-03 19:11:44.364036,cart
U1315,P0051,2025-05-01 19:11:44.364068,cart
U1376,P0411,2026-03-10 19:11:44.364099,view
U0154,P0137,2025-06-12 19:11:44.364130,view
U0264,P0030,2025-10-27 19:11:44.364161,view
U0797,P0269,2026-01-29 19:11:44.364192,wishlist
U0464,P0489,2025-04-05 19:11:44.364224,view
U0514,P0336,2025-12-04 19:11:44.364254,cart
U0066,P0006,2025-04-28 19:11:44.364295,view
U0106,P0073,2025-09-23 19:11:44.364329,view
U1286,P0312,2025-11-10 19:11:44.364366,cart
U1169,P0355,2025-04-26 19:11:44.364401,view
U1689,P0415,2025-09-15 19:11:44.364432,purchase
U1966,P0176,2026-01-23 19:11:44.364464,purchase
U0078,P0158,2026-01-26 19:11:44.364497,view
U1309,P0131,2025-08-03 19:11:44.364532,purchase
U1005,P0255,2025-09-08 19:11:44.364564,view
U0450,P0060,2025-10-19 19:11:44.364595,cart
U1447,P0005,2025-10-15 19:11:44.364626,purchase
U0168,P0284,2025-08-11 19:11:44.364657,view
U0387,P0053,2025-10-02 19:11:44.364688,view
U0983,P0210,2025-11-17 19:11:44.364719,purchase
U1540,P0115,2026-03-15 19:11:44.364750,purchase
U0691,P0088,2026-03-02 19:11:44.364781,wishlist
U1756,P0440,2025-09-25 19:11:44.364812,wishlist
U1902,P0378,2025-08-15 19:11:44.364842,cart
U1762,P0326,2025-07-13 19:11:44.364874,wishlist
U1988,P0104,2025-09-23 19:11:44.364907,view
U0737,P0294,2026-01-09 19:11:44.364939,view
U1176,P0060,2025-09-13 19:11:44.364971,view
U1276,P0436,2026-01-19 19:11:44.365002,view
U1998,P0325,2025-12-03 19:11:44.365035,purchase
U0101,P0125,2025-09-20 19:11:44.365066,view
U0477,P0011,2026-02-13 19:11:44.365100,view
U0162,P0220,2025-08-27 19:11:44.365132,cart
U0243,P0064,2025-05-25 19:11:44.365164,view
U0753,P0465,2025-11-12 19:11:44.365196,cart
U0999,P0054,2025-12-15 19:11:44.365228,view
U1951,P0207,2025-10-11 19:11:44.365259,wishlist
U0986,P0176,2025-06-29 19:11:44.365291,cart
U0330,P0170,2025-08-26 19:11:44.365322,view
U0619,P0205,2025-10-04 19:11:44.365352,view
U0442,P0083,2025-09-01 19:11:44.365384,view
U1135,P0228,2025-08-25 19:11:44.365414,wishlist
U1027,P0347,2025-04-15 19:11:44.365445,view
U1366,P0417,2025-09-20 19:11:44.365477,wishlist
U1608,P0114,2025-04-11 19:11:44.365510,view
U1666,P0401,2026-03-16 19:11:44.365544,cart
U1218,P0444,2026-01-25 19:11:44.365575,view
U1241,P0207,2025-08-04 19:11:44.365607,view
U0616,P0421,2025-10-15 19:11:44.365639,wishlist
U1967,P0415,2025-09-21 19:11:44.365670,view
U1936,P0372,2025-10-24 19:11:44.365702,cart
U1962,P0223,2025-04-20 19:11:44.365734,wishlist
U1286,P0024,2025-07-29 19:11:44.365766,view
U1868,P0298,2025-05-03 19:11:44.365798,purchase
U0839,P0467,2025-11-17 19:11:44.365830,cart
U0286,P0322,2025-07-25 19:11:44.365862,view
U1157,P0132,2025-05-07 19:11:44.365893,view
U1665,P0288,2025-04-29 19:11:44.365925,view
U0895,P0450,2026-02-25 19:11:44.365956,wishlist
U1750,P0466,2026-01-07 19:11:44.365988,view
U1914,P0347,2025-05-21 19:11:44.366019,view
U1698,P0293,2025-05-28 19:11:44.366051,view
U0354,P0057,2025-12-20 19:11:44.366084,view
U1828,P0129,2025-09-01 19:11:44.366114,view
U1375,P0187,2025-12-20 19:11:44.366145,purchase
U1766,P0331,2026-02-13 19:11:44.366175,purchase
U0426,P0018,2026-03-05 19:11:44.366207,purchase
U0282,P0072,2025-11-30 19:11:44.366250,view
U1070,P0218,2025-11-23 19:11:44.366289,view
U0028,P0228,2025-09-17 19:11:44.366327,view
U1170,P0032,2025-04-25 19:11:44.366359,purchase
U0414,P0019,2025-06-17 19:11:44.366392,view
U0825,P0415,2025-08-15 19:11:44.366428,purchase
U0214,P0158,2025-06-14 19:11:44.366460,view
U0358,P0103,2025-04-12 19:11:44.366492,cart
U0464,P0041,2025-05-18 19:11:44.366524,cart
U0028,P0161,2025-09-05 19:11:44.366556,cart
U0012,P0307,2025-12-17 19:11:44.366590,view
U0781,P0001,2026-02-22 19:11:44.366622,view
U0825,P0059,2025-08-27 19:11:44.366653,view
U0645,P0493,2025-09-22 19:11:44.366685,cart
U1769,P0257,2025-05-15 19:11:44.366716,view
U0551,P0210,2025-11-19 19:11:44.366746,cart
U1004,P0491,2025-10-19 19:11:44.366777,cart
U0325,P0218,2025-12-09 19:11:44.366808,purchase
U1997,P0003,2025-10-04 19:11:44.366838,cart
U1773,P0069,2025-11-11 19:11:44.366869,view
U0093,P0337,2025-06-15 19:11:44.366900,cart
U0795,P0225,2025-04-28 19:11:44.366932,cart
U1958,P0074,2025-10-24 19:11:44.366964,cart
U0109,P0357,2025-10-02 19:11:44.366996,cart
U0060,P0239,2025-05-12 19:11:44.367027,cart
U1292,P0203,2025-04-20 19:11:44.367061,view
U0751,P0359,2025-05-07 19:11:44.367092,wishlist
U1924,P0491,2025-09-23 19:11:44.367123,wishlist
U0279,P0481,2025-05-25 19:11:44.367154,view
U0901,P0319,2025-07-07 19:11:44.367186,view
U1930,P0301,2025-08-30 19:11:44.367217,view
U1070,P0119,2025-10-05 19:11:44.367248,cart
U1495,P0170,2025-12-26 19:11:44.367279,wishlist
U1032,P0085,2025-08-11 19:11:44.367310,view
U1809,P0250,2025-05-11 19:11:44.367340,cart
U0135,P0060,2025-11-29 19:11:44.367371,view
U0849,P0064,2026-01-13 19:11:44.367402,view
U1839,P0083,2025-10-07 19:11:44.367432,view
U0199,P0033,2026-02-16 19:11:44.367464,view
U1781,P0415,2025-10-28 19:11:44.367494,view
U0410,P0302,2026-03-27 19:11:44.367525,view
U1904,P0164,2025-11-25 19:11:44.367559,view
U1123,P0164,2025-08-26 19:11:44.367590,wishlist
U0827,P0442,2026-03-23 19:11:44.367621,wishlist
U1968,P0060,2025-12-02 19:11:44.367652,purchase
U0059,P0189,2025-09-23 19:11:44.367683,wishlist
U0075,P0471,2025-11-04 19:11:44.367713,view
U0608,P0348,2025-04-07 19:11:44.367743,cart
U1533,P0040,2025-09-06 19:11:44.367775,view
U0048,P0129,2026-03-24 19:11:44.367805,purchase
U1971,P0121,2025-10-03 19:11:44.367835,view
U0507,P0185,2025-05-25 19:11:44.367867,view
U1295,P0473,2026-04-03 19:11:44.367899,view
U0827,P0073,2025-07-21 19:11:44.367930,view
U1125,P0312,2025-09-27 19:11:44.367959,view
U1859,P0410,2025-09-12 19:11:44.367993,wishlist
U0327,P0280,2025-05-12 19:11:44.368024,view
U1119,P0259,2025-11-18 19:11:44.368056,view
U1255,P0050,2025-11-16 19:11:44.368087,cart
U1554,P0181,2025-04-30 19:11:44.368118,purchase
U1688,P0195,2026-02-17 19:11:44.368150,view
U1506,P0365,2025-08-07 19:11:44.368180,cart
U1379,P0301,2026-02-09 19:11:44.368210,wishlist
U0241,P0044,2025-05-04 19:11:44.368241,view
U1022,P0436,2026-02-15 19:11:44.368273,view
U0414,P0430,2026-01-28 19:11:44.368313,view
U1640,P0182,2025-06-06 19:11:44.368345,wishlist
U0820,P0057,2025-07-22 19:11:44.368377,view
U0056,P0151,2025-04-29 19:11:44.368409,purchase
U1778,P0248,2025-09-27 19:11:44.368442,view
U0108,P0277,2026-03-03 19:11:44.368474,view
U1031,P0359,2025-11-03 19:11:44.368506,purchase
U0873,P0373,2025-10-03 19:11:44.368538,cart
U0211,P0126,2025-12-26 19:11:44.368572,purchase
U1515,P0379,2025-08-29 19:11:44.368603,view
U1010,P0346,2025-09-25 19:11:44.368634,view
U1456,P0421,2025-12-26 19:11:44.368664,purchase
U1502,P0482,2026-03-17 19:11:44.368693,view
U0809,P0381,2025-12-06 19:11:44.368726,purchase
U0485,P0452,2026-01-13 19:11:44.368755,cart
U0019,P0433,2025-07-18 19:11:44.368789,view
U1029,P0165,2025-08-08 19:11:44.368821,view
U1404,P0405,2026-01-04 19:11:44.368853,view
U0396,P0106,2025-08-01 19:11:44.368886,purchase
U0965,P0059,2026-04-02 19:11:44.368917,view
U0301,P0299,2025-09-26 19:11:44.368948,view
U1542,P0406,2025-11-16 19:11:44.368979,view
U1684,P0062,2025-04-20 19:11:44.369010,view
U0065,P0166,2026-03-24 19:11:44.369042,wishlist
U0449,P0117,2026-03-05 19:11:44.369073,purchase
U0513,P0317,2025-04-28 19:11:44.369104,view
U0314,P0157,2026-04-03 19:11:44.369135,wishlist
U1426,P0108,2025-12-31 19:11:44.369167,view
U1552,P0162,2025-07-17 19:11:44.369198,cart
U0771,P0062,2026-03-16 19:11:44.369229,cart
U1730,P0117,2025-12-18 19:11:44.369260,purchase
U0389,P0069,2025-09-09 19:11:44.369290,view
U0137,P0259,2026-03-24 19:11:44.369320,wishlist
U1014,P0135,2025-06-20 19:11:44.369352,view
U0519,P0314,2026-02-12 19:11:44.369383,purchase
U0925,P0010,2026-01-08 19:11:44.369415,view
U0853,P0081,2026-01-10 19:11:44.369445,view
U0262,P0115,2025-09-19 19:11:44.369476,wishlist
U1226,P0086,2025-08-24 19:11:44.369507,view
U1105,P0203,2026-01-26 19:11:44.369538,purchase
U0750,P0446,2026-03-14 19:11:44.369571,view
U0088,P0254,2026-03-02 19:11:44.369604,view
U0519,P0017,2025-05-27 19:11:44.369634,wishlist
U0771,P0437,2025-11-23 19:11:44.369665,view
U1458,P0249,2025-08-23 19:11:44.369696,purchase
U0902,P0412,2025-05-06 19:11:44.369731,view
U0561,P0086,2026-03-09 19:11:44.369762,view
U1725,P0219,2025-10-26 19:11:44.369794,view
U1763,P0309,2026-01-17 19:11:44.369824,view
U1037,P0178,2026-03-02 19:11:44.369856,view
U1121,P0499,2026-01-17 19:11:44.369886,wishlist
U0310,P0253,2025-07-25 19:11:44.369918,view
U1712,P0268,2026-03-04 19:11:44.369949,view
U1268,P0169,2026-03-20 19:11:44.369981,view
U0380,P0200,2025-06-12 19:11:44.370012,view
U1527,P0142,2025-04-19 19:11:44.370043,view
U1276,P0174,2025-08-23 19:11:44.370074,view
U1027,P0165,2025-11-10 19:11:44.370107,view
U1322,P0139,2025-05-31 19:11:44.370137,purchase
U1053,P0480,2025-07-13 19:11:44.370168,view
U0608,P0246,2025-06-12 19:11:44.370199,view
U1365,P0033,2026-03-10 19:11:44.370230,view
U0330,P0425,2026-02-01 19:11:44.370261,wishlist
U1936,P0162,2026-02-18 19:11:44.370300,view
U0511,P0069,2025-07-06 19:11:44.370332,wishlist
U0367,P0495,2025-04-14 19:11:44.370363,cart
U1444,P0174,2025-09-19 19:11:44.370395,wishlist
U0364,P0277,2025-09-14 19:11:44.370426,view
U1128,P0378,2025-09-19 19:11:44.370456,view
U1453,P0156,2025-07-01 19:11:44.370486,view
U0848,P0462,2025-09-13 19:11:44.370517,view
U1542,P0492,2025-07-31 19:11:44.370547,purchase
U1245,P0212,2025-09-30 19:11:44.370581,cart
U1223,P0102,2025-12-13 19:11:44.370612,cart
U0402,P0172,2026-02-15 19:11:44.370642,view
U1135,P0031,2025-12-03 19:11:44.370672,view
U0839,P0497,2025-06-22 19:11:44.370702,view
U0095,P0003,2026-01-26 19:11:44.370733,view
U0440,P0460,2026-03-05 19:11:44.370766,cart
U0149,P0242,2025-09-20 19:11:44.370798,purchase
U0348,P0363,2025-04-07 19:11:44.370829,view
U1513,P0095,2026-03-25 19:11:44.370860,cart
U0680,P0107,2025-09-16 19:11:44.370891,view
U0026,P0165,2026-02-28 19:11:44.370921,view
U1290,P0401,2025-12-26 19:11:44.370951,view
U0842,P0341,2025-12-16 19:11:44.370983,view
U1249,P0214,2025-06-21 19:11:44.371015,view
U1957,P0224,2026-01-26 19:11:44.371046,purchase
U0193,P0192,2026-03-09 19:11:44.371077,view
U1697,P0476,2025-06-20 19:11:44.371107,view
U1393,P0359,2025-12-14 19:11:44.371139,cart
U1715,P0313,2025-04-06 19:11:44.371170,view
U1201,P0429,2026-01-08 19:11:44.371205,view
U1757,P0336,2025-09-30 19:11:44.371235,view
U0195,P0217,2025-11-26 19:11:44.371265,wishlist
U1478,P0424,2026-01-09 19:11:44.371296,view
U1820,P0472,2026-01-09 19:11:44.371326,view
U0020,P0339,2025-11-04 19:11:44.371355,view
U1432,P0455,2025-06-27 19:11:44.371385,cart
U1406,P0278,2025-09-22 19:11:44.371416,cart
U1151,P0390,2026-02-06 19:11:44.371446,view
U0897,P0318,2025-12-14 19:11:44.371476,view
U0361,P0297,2025-08-02 19:11:44.371505,cart
U1193,P0032,2025-11-21 19:11:44.371538,view
U0713,P0410,2025-12-02 19:11:44.371569,purchase
U1500,P0283,2026-02-28 19:11:44.371602,view
U1198,P0105,2025-11-11 19:11:44.371633,view
U1857,P0327,2025-09-21 19:11:44.371664,cart
U0853,P0412,2026-03-21 19:11:44.371695,view
U0167,P0052,2026-03-02 19:11:44.371730,cart
U1374,P0177,2025-04-26 19:11:44.371764,purchase
U1229,P0441,2025-05-22 19:11:44.371796,wishlist
U0854,P0216,2026-01-13 19:11:44.371828,view
U1052,P0204,2026-01-11 19:11:44.371859,view
U0543,P0447,2025-10-17 19:11:44.371890,view
U1339,P0140,2025-11-24 19:11:44.371921,view
U1878,P0181,2026-03-21 19:11:44.371951,wishlist
U0292,P0235,2026-03-16 19:11:44.371981,view
U0539,P0029,2025-05-27 19:11:44.372011,wishlist
U1538,P0039,2025-10-27 19:11:44.372043,view
U0234,P0326,2025-04-06 19:11:44.372074,view
U1524,P0319,2025-07-17 19:11:44.372106,view
U0356,P0409,2025-05-15 19:11:44.372137,view
U0288,P0483,2025-12-20 19:11:44.372168,view
U1717,P0348,2026-02-01 19:11:44.372198,view
U1678,P0484,2025-10-03 19:11:44.372228,wishlist
U0172,P0344,2025-06-07 19:11:44.372258,view
U1375,P0380,2025-09-26 19:11:44.372295,cart
U0573,P0109,2026-03-10 19:11:44.372328,view
U0841,P0103,2025-11-20 19:11:44.372360,view
U1743,P0459,2026-03-23 19:11:44.372395,wishlist
U0473,P0366,2025-10-22 19:11:44.372428,view
U0095,P0185,2026-03-12 19:11:44.372458,wishlist
U1054,P0054,2026-01-25 19:11:44.372489,view
U1333,P0283,2025-12-19 19:11:44.372520,cart
U0457,P0198,2025-06-26 19:11:44.372555,view
U1607,P0367,2025-05-17 19:11:44.372587,view
U0926,P0180,2025-04-22 19:11:44.372619,view
U1202,P0139,2025-08-28 19:11:44.372649,view
U0813,P0172,2026-01-25 19:11:44.372680,wishlist
U0365,P0067,2025-06-08 19:11:44.372711,view
U1414,P0081,2026-01-14 19:11:44.372742,view
U0407,P0238,2025-05-23 19:11:44.372774,view
U0810,P0198,2026-01-09 19:11:44.372805,cart
U0745,P0416,2025-05-04 19:11:44.372848,view
U0636,P0298,2026-02-10 19:11:44.372883,wishlist
U1343,P0250,2025-07-26 19:11:44.372916,purchase
U0675,P0431,2025-07-07 19:11:44.372948,view
U0843,P0269,2025-10-29 19:11:44.372979,view
U1045,P0340,2025-12-16 19:11:44.373010,wishlist
U1452,P0235,2026-02-03 19:11:44.373042,wishlist
U1396,P0390,2025-04-15 19:11:44.373072,view
U1376,P0366,2025-06-16 19:11:44.373103,cart
U0725,P0493,2026-01-01 19:11:44.373134,view
U0880,P0053,2025-11-17 19:11:44.373164,cart
U0804,P0408,2025-05-08 19:11:44.373196,view
U1184,P0300,2025-09-21 19:11:44.373228,view
U0607,P0268,2025-07-07 19:11:44.373259,view
U1153,P0355,2025-12-13 19:11:44.373290,view
U0628,P0252,2025-05-18 19:11:44.373322,view
U1613,P0017,2025-09-05 19:11:44.373352,view
U0579,P0455,2025-06-27 19:11:44.373385,purchase
U1576,P0113,2025-06-15 19:11:44.373416,view
U1628,P0466,2025-08-04 19:11:44.373447,cart
U0055,P0200,2025-06-27 19:11:44.373478,view
U0429,P0289,2025-09-29 19:11:44.373510,view
U1203,P0175,2026-02-05 19:11:44.373544,view
U1950,P0270,2026-03-26 19:11:44.373579,view
U1961,P0342,2026-01-16 19:11:44.373612,wishlist
U0539,P0401,2025-08-29 19:11:44.373643,wishlist
U1012,P0385,2025-05-23 19:11:44.373674,view
U1235,P0026,2025-07-23 19:11:44.373706,wishlist
U1421,P0460,2025-12-18 19:11:44.373740,view
U0103,P0318,2025-06-01 19:11:44.373771,view
U0660,P0082,2026-03-07 19:11:44.373803,view
U0766,P0274,2026-02-27 19:11:44.373835,cart
U0407,P0011,2025-05-15 19:11:44.373865,view
U0784,P0261,2025-06-06 19:11:44.373897,wishlist
U0579,P0372,2025-11-22 19:11:44.373929,cart
U0478,P0333,2025-05-24 19:11:44.373960,cart
U1041,P0214,2026-01-26 19:11:44.373991,purchase
U0273,P0258,2026-01-16 19:11:44.374022,view
U1886,P0263,2025-08-23 19:11:44.374054,view
U0184,P0204,2025-05-12 19:11:44.374085,cart
U0459,P0383,2026-04-04 19:11:44.374118,view
U1843,P0411,2025-07-20 19:11:44.374149,view
U0015,P0223,2025-10-16 19:11:44.374180,wishlist
U0305,P0277,2025-06-15 19:11:44.374211,cart
U1948,P0047,2026-01-16 19:11:44.374243,view
U0197,P0029,2025-12-29 19:11:44.374273,view
U1868,P0278,2026-02-09 19:11:44.374310,cart
U0825,P0150,2026-01-08 19:11:44.374343,purchase
U0906,P0447,2025-09-10 19:11:44.374374,cart
U1956,P0251,2025-12-28 19:11:44.374403,view
U0330,P0210,2025-08-31 19:11:44.374436,view
U0503,P0271,2026-02-28 19:11:44.374467,view
U0553,P0388,2025-07-27 19:11:44.374499,view
U1350,P0209,2026-02-15 19:11:44.374529,cart
U2000,P0480,2025-04-08 19:11:44.374560,cart
U1560,P0286,2026-02-28 19:11:44.374595,view
U1914,P0491,2025-11-13 19:11:44.374625,view
U0248,P0059,2025-07-04 19:11:44.374659,purchase
U1363,P0176,2025-11-05 19:11:44.374711,view
U1541,P0103,2025-11-22 19:11:44.374743,view
U1262,P0104,2025-07-30 19:11:44.374774,view
U0910,P0192,2025-12-25 19:11:44.374805,view
U0143,P0255,2025-10-03 19:11:44.374850,cart
U0852,P0028,2026-01-08 19:11:44.374882,cart
U0967,P0309,2025-06-14 19:11:44.374913,view
U1035,P0231,2025-09-15 19:11:44.374946,wishlist
U0231,P0108,2026-03-19 19:11:44.374977,view
U1809,P0463,2025-07-30 19:11:44.375008,view
U0419,P0211,2025-08-30 19:11:44.375039,view
U0001,P0312,2025-09-30 19:11:44.375071,wishlist
U1488,P0077,2025-06-16 19:11:44.375102,view
U0279,P0008,2025-05-07 19:11:44.375141,purchase
U1395,P0330,2026-01-26 19:11:44.375188,view
U1628,P0355,2025-05-24 19:11:44.375238,cart
U0013,P0300,2025-04-16 19:11:44.375282,view
U0254,P0138,2025-06-01 19:11:44.375318,view
U1801,P0315,2025-12-06 19:11:44.375351,view
U0534,P0447,2025-11-11 19:11:44.375385,view
U0469,P0142,2025-10-06 19:11:44.375417,view
U1064,P0117,2025-11-08 19:11:44.375450,purchase
U1301,P0469,2025-11-04 19:11:44.375482,wishlist
U1637,P0353,2026-02-07 19:11:44.375533,purchase
U0121,P0415,2025-07-27 19:11:44.375569,cart
U0643,P0312,2025-12-10 19:11:44.375603,purchase
U0385,P0458,2025-11-03 19:11:44.375635,view
U0228,P0289,2025-11-04 19:11:44.375669,purchase
U0429,P0125,2025-06-19 19:11:44.375706,purchase
U0986,P0006,2025-12-21 19:11:44.375739,view
U0126,P0186,2026-01-26 19:11:44.375770,cart
U1951,P0476,2025-11-30 19:11:44.375805,view
U1869,P0046,2025-09-27 19:11:44.375854,wishlist
U0839,P0144,2026-02-04 19:11:44.375906,view
U0813,P0017,2025-12-22 19:11:44.375958,view
U1960,P0471,2026-01-29 19:11:44.375995,purchase
U1958,P0002,2025-10-17 19:11:44.376029,view
U0365,P0401,2025-05-17 19:11:44.376061,view
U0114,P0250,2025-04-23 19:11:44.376093,view
U0919,P0096,2025-08-20 19:11:44.376127,view
U1812,P0365,2026-03-08 19:11:44.376159,view
U1720,P0394,2025-12-22 19:11:44.376191,view
U1533,P0312,2025-04-24 19:11:44.376225,cart
U1123,P0150,2025-06-07 19:11:44.376259,wishlist
U0990,P0259,2025-07-12 19:11:44.376290,view
U0998,P0180,2025-12-04 19:11:44.376336,view
U1189,P0042,2026-01-03 19:11:44.376370,wishlist
U0564,P0424,2025-12-21 19:11:44.376403,view
U1381,P0451,2026-02-10 19:11:44.376436,purchase
U0281,P0432,2025-12-06 19:11:44.376468,view
U1979,P0483,2025-12-03 19:11:44.376500,cart
U0841,P0398,2025-05-25 19:11:44.376533,view
U0195,P0247,2026-02-17 19:11:44.376564,view
U0717,P0442,2025-09-06 19:11:44.376596,cart
U1016,P0407,2025-06-10 19:11:44.376628,cart
U1712,P0477,2025-04-21 19:11:44.376660,view
U0648,P0388,2025-10-18 19:11:44.376691,view
U0732,P0369,2025-08-15 19:11:44.376722,view
U1148,P0419,2025-09-01 19:11:44.376753,cart
U0431,P0065,2025-12-11 19:11:44.376784,wishlist
U1421,P0284,2025-07-13 19:11:44.376820,view
U0946,P0255,2025-11-19 19:11:44.376852,wishlist
U0252,P0495,2026-01-26 19:11:44.376883,view
U1928,P0450,2025-10-26 19:11:44.376914,wishlist
U1043,P0237,2025-05-08 19:11:44.376945,view
U1767,P0147,2026-03-11 19:11:44.376977,cart
U1929,P0434,2025-07-01 19:11:44.377008,cart
U1585,P0279,2026-01-24 19:11:44.377042,view
U0141,P0134,2025-08-16 19:11:44.377073,view
U1160,P0026,2025-08-27 19:11:44.377104,view
U0056,P0454,2026-01-16 19:11:44.377137,cart
U0187,P0181,2026-03-14 19:11:44.377169,view
U1257,P0283,2026-02-26 19:11:44.377201,cart
U0746,P0310,2025-08-29 19:11:44.377232,view
U1954,P0290,2025-09-05 19:11:44.377263,purchase
U1002,P0069,2025-04-22 19:11:44.377295,view
U0056,P0234,2025-05-05 19:11:44.377326,view
U0218,P0068,2025-05-24 19:11:44.377357,view
U0543,P0111,2025-11-18 19:11:44.377389,view
U1663,P0338,2025-05-15 19:11:44.377424,view
U1957,P0428,2025-06-30 19:11:44.377456,view
U0416,P0371,2025-07-10 19:11:44.377487,wishlist
U1628,P0389,2025-05-06 19:11:44.377519,view
U0919,P0095,2025-12-27 19:11:44.377555,cart
U1187,P0357,2025-09-06 19:11:44.377603,view
U0740,P0107,2025-05-28 19:11:44.377650,view
U0690,P0292,2026-02-08 19:11:44.377685,wishlist
U1120,P0346,2025-12-11 19:11:44.377717,view
U1888,P0003,2026-04-02 19:11:44.377750,wishlist
U0780,P0230,2026-02-23 19:11:44.377782,purchase
U0763,P0239,2025-05-21 19:11:44.377814,cart
U1832,P0022,2025-04-08 19:11:44.377846,view
U1929,P0009,2026-01-23 19:11:44.377884,purchase
U0445,P0474,2025-04-11 19:11:44.377917,view
U1108,P0452,2025-05-13 19:11:44.377950,view
U0970,P0412,2025-06-02 19:11:44.377985,view
U1459,P0096,2026-03-09 19:11:44.378017,view
U0574,P0355,2025-10-11 19:11:44.378049,view
U1807,P0363,2025-05-08 19:11:44.378085,view
U0031,P0003,2025-10-03 19:11:44.378117,view
U1837,P0053,2025-09-21 19:11:44.378149,view
U0657,P0212,2026-02-25 19:11:44.378180,view
U0359,P0301,2026-01-11 19:11:44.378211,view
U1082,P0275,2025-11-21 19:11:44.378243,view
U1518,P0208,2026-03-18 19:11:44.378273,view
U1493,P0003,2025-10-13 19:11:44.378313,view
U0406,P0114,2026-03-09 19:11:44.378347,cart
U0540,P0352,2025-11-14 19:11:44.378378,view
U1377,P0316,2026-03-03 19:11:44.378410,purchase
U1212,P0005,2025-07-15 19:11:44.378442,wishlist
U1542,P0355,2025-08-20 19:11:44.378474,cart
U0927,P0077,2025-08-17 19:11:44.378507,cart
U1675,P0154,2025-12-02 19:11:44.378537,view
U1520,P0369,2026-03-07 19:11:44.378568,view
U0681,P0353,2025-06-18 19:11:44.378600,purchase
U1456,P0312,2026-02-26 19:11:44.378639,view
U1866,P0125,2025-12-13 19:11:44.378686,cart
U1011,P0203,2025-12-15 19:11:44.378739,wishlist
U1839,P0082,2025-04-06 19:11:44.378783,view
U1446,P0362,2025-11-28 19:11:44.378817,cart
U1242,P0008,2025-04-23 19:11:44.378850,cart
U1171,P0458,2025-09-01 19:11:44.378882,wishlist
U1106,P0122,2025-10-23 19:11:44.378915,cart
U0550,P0462,2025-07-15 19:11:44.378947,view
U1069,P0179,2025-12-05 19:11:44.378979,purchase
U0569,P0056,2025-08-30 19:11:44.379010,view
U0669,P0369,2025-05-14 19:11:44.379042,view
U0804,P0281,2025-07-14 19:11:44.379074,view
U0813,P0483,2025-11-02 19:11:44.379105,wishlist
U0442,P0491,2025-05-13 19:11:44.379137,view
U1715,P0087,2025-12-12 19:11:44.379168,wishlist
U1354,P0114,2026-03-06 19:11:44.379202,view
U0283,P0199,2025-08-07 19:11:44.379234,view
U0155,P0082,2026-03-22 19:11:44.379266,cart
U1105,P0165,2025-09-06 19:11:44.379297,view
U0882,P0161,2025-05-06 19:11:44.379335,cart
U0904,P0009,2025-04-19 19:11:44.379367,view
U0363,P0477,2026-03-31 19:11:44.379398,purchase
U0230,P0210,2025-08-30 19:11:44.379429,wishlist
U0106,P0161,2025-08-25 19:11:44.379461,view
U0148,P0204,2025-11-26 19:11:44.379493,cart
U1013,P0257,2025-12-15 19:11:44.379525,view
U1877,P0188,2025-09-29 19:11:44.379556,view
U0807,P0454,2025-04-05 19:11:44.379589,cart
U0824,P0162,2026-03-16 19:11:44.379620,cart
U0030,P0039,2026-03-17 19:11:44.379651,view
U1694,P0015,2026-01-05 19:11:44.379681,purchase
U0719,P0286,2025-06-24 19:11:44.379713,cart
U0966,P0297,2025-10-07 19:11:44.379744,view
U1468,P0322,2025-12-12 19:11:44.379776,cart
U1755,P0321,2025-08-17 19:11:44.379807,view
U1304,P0185,2025-10-14 19:11:44.379840,view
U1592,P0134,2026-01-02 19:11:44.379871,cart
U0912,P0223,2025-07-08 19:11:44.379903,cart
U1579,P0042,2025-04-17 19:11:44.379935,cart
U0856,P0135,2026-01-08 19:11:44.379967,view
U1507,P0434,2025-05-21 19:11:44.379999,view
U1902,P0124,2025-06-14 19:11:44.380032,cart
U1761,P0111,2025-12-31 19:11:44.380064,view
U1036,P0017,2025-12-27 19:11:44.380095,view
U1153,P0177,2025-06-11 19:11:44.380126,view
U0802,P0044,2025-05-25 19:11:44.380157,view
U0984,P0297,2025-04-26 19:11:44.380193,view
U0432,P0484,2025-04-10 19:11:44.380227,view
U0482,P0031,2025-08-04 19:11:44.380258,view
U1740,P0277,2025-04-22 19:11:44.380290,cart
U1962,P0129,2025-09-12 19:11:44.380332,purchase
U1622,P0187,2025-07-13 19:11:44.380366,cart
U0704,P0277,2026-01-24 19:11:44.380400,cart
U0588,P0389,2025-09-09 19:11:44.380433,wishlist
U0367,P0500,2026-01-23 19:11:44.380465,view
U1260,P0132,2026-01-15 19:11:44.380497,purchase
U0269,P0486,2025-08-29 19:11:44.380529,purchase
U1692,P0092,2025-09-09 19:11:44.380561,cart
U0308,P0062,2025-05-30 19:11:44.380595,cart
U0239,P0042,2025-10-22 19:11:44.380628,cart
U1105,P0448,2026-03-02 19:11:44.380659,wishlist
U1551,P0416,2025-08-21 19:11:44.380691,wishlist
U1959,P0022,2026-03-06 19:11:44.380723,cart
U1582,P0414,2025-12-14 19:11:44.380755,cart
U0020,P0397,2026-01-13 19:11:44.380786,cart
U1396,P0128,2025-09-17 19:11:44.380816,view
U1774,P0162,2025-11-18 19:11:44.380847,wishlist
U0505,P0236,2025-10-10 19:11:44.380879,cart
U1623,P0105,2025-06-08 19:11:44.380911,view
U0289,P0136,2025-04-07 19:11:44.380943,view
U0602,P0141,2025-04-20 19:11:44.380977,view
U0830,P0101,2026-03-26 19:11:44.381009,wishlist
U0189,P0407,2026-03-10 19:11:44.381040,cart
U0459,P0055,2025-10-27 19:11:44.381071,cart
U1142,P0299,2025-08-12 19:11:44.381103,view
U1147,P0466,2025-08-22 19:11:44.381134,cart
U1334,P0345,2026-01-28 19:11:44.381165,cart
U1982,P0220,2025-09-25 19:11:44.381197,view
U1410,P0171,2026-02-09 19:11:44.381228,wishlist
U0487,P0401,2025-09-11 19:11:44.381259,view
U0787,P0399,2025-04-26 19:11:44.381289,view
U1858,P0238,2025-04-27 19:11:44.381321,view
U1039,P0491,2026-03-13 19:11:44.381352,view
U0268,P0328,2025-12-26 19:11:44.381383,view
U1166,P0338,2025-12-02 19:11:44.381413,view
U0617,P0332,2025-07-23 19:11:44.381443,purchase
U1304,P0325,2025-08-28 19:11:44.381473,view
U1039,P0480,2025-09-03 19:11:44.381505,view
U1447,P0401,2025-08-31 19:11:44.381535,purchase
U0829,P0196,2025-10-21 19:11:44.381565,view
U0778,P0232,2025-11-25 19:11:44.381595,view
U1197,P0181,2025-10-11 19:11:44.381627,view
U1531,P0015,2025-08-08 19:11:44.381660,wishlist
U0161,P0454,2026-02-27 19:11:44.381692,cart
U1294,P0278,2025-12-21 19:11:44.381723,purchase
U0434,P0113,2026-01-19 19:11:44.381755,purchase
U0023,P0197,2025-06-28 19:11:44.381787,view
U0398,P0309,2025-04-16 19:11:44.381819,cart
U1998,P0342,2026-02-28 19:11:44.381851,view
U0902,P0018,2025-06-15 19:11:44.381882,purchase
U1057,P0423,2026-03-11 19:11:44.381914,cart
U1633,P0159,2026-01-23 19:11:44.381946,view
U1020,P0114,2025-09-24 19:11:44.381976,cart
U1762,P0284,2025-07-13 19:11:44.382007,view
U1435,P0368,2025-08-17 19:11:44.382037,view
U0058,P0239,2026-01-18 19:11:44.382068,view
U0622,P0318,2025-11-08 19:11:44.382098,cart
U0840,P0231,2025-04-08 19:11:44.382128,wishlist
U0830,P0227,2025-08-29 19:11:44.382160,purchase
U1163,P0323,2026-01-17 19:11:44.382193,view
U1924,P0424,2025-05-06 19:11:44.382224,view
U0873,P0178,2025-05-14 19:11:44.382255,view
U0857,P0230,2025-11-01 19:11:44.382286,cart
U0614,P0385,2025-09-06 19:11:44.382325,view
U0278,P0117,2026-02-14 19:11:44.382358,view
U0145,P0230,2025-05-28 19:11:44.382390,view
U0687,P0220,2025-10-01 19:11:44.382421,purchase
U0592,P0043,2025-11-20 19:11:44.382451,cart
U0675,P0476,2026-02-07 19:11:44.382482,cart
U1152,P0238,2026-04-01 19:11:44.382514,cart
U1019,P0003,2025-10-30 19:11:44.382545,wishlist
U0754,P0319,2025-10-30 19:11:44.382577,view
U1214,P0320,2025-12-25 19:11:44.382612,view
U1135,P0424,2025-11-05 19:11:44.382644,view
U1992,P0127,2025-08-11 19:11:44.382675,purchase
U1437,P0022,2026-02-18 19:11:44.382705,cart
U1005,P0167,2025-06-01 19:11:44.382736,view
U0089,P0463,2026-01-26 19:11:44.382768,view
U1879,P0008,2025-07-14 19:11:44.382798,view
U1362,P0410,2025-07-05 19:11:44.382829,view
U0359,P0248,2025-10-16 19:11:44.382860,cart
U0727,P0475,2025-12-20 19:11:44.382891,cart
U0920,P0300,2025-11-10 19:11:44.382921,view
U1434,P0257,2025-07-29 19:11:44.382952,wishlist
U1219,P0418,2026-01-20 19:11:44.382984,view
U0920,P0491,2025-12-31 19:11:44.383017,view
U1345,P0191,2025-04-07 19:11:44.383049,view
U0156,P0277,2026-01-25 19:11:44.383080,view
U1388,P0475,2025-06-27 19:11:44.383110,view
U0564,P0425,2025-07-31 19:11:44.383142,wishlist
U0168,P0307,2025-06-05 19:11:44.383173,view
U0377,P0445,2025-08-26 19:11:44.383205,view
U1573,P0264,2025-08-09 19:11:44.383236,view
U1558,P0479,2025-08-10 19:11:44.383267,purchase
U0439,P0296,2026-02-25 19:11:44.383298,cart
U0946,P0010,2025-12-19 19:11:44.383328,view
U0413,P0225,2025-12-22 19:11:44.383359,cart
U1575,P0287,2026-03-02 19:11:44.383391,purchase
U1763,P0182,2026-01-06 19:11:44.383422,wishlist
U1237,P0437,2025-07-10 19:11:44.383454,cart
U0319,P0447,2025-05-19 19:11:44.383485,view
U0200,P0265,2026-03-16 19:11:44.383516,cart
U1330,P0344,2025-09-27 19:11:44.383547,view
U1654,P0007,2025-06-02 19:11:44.383579,purchase
U0546,P0345,2025-09-30 19:11:44.383610,view
U0201,P0349,2026-01-11 19:11:44.383644,view
U1709,P0138,2025-05-11 19:11:44.383675,view
U1447,P0461,2025-09-06 19:11:44.383707,cart
U0253,P0088,2026-03-27 19:11:44.383738,view
U0351,P0230,2026-03-17 19:11:44.383769,wishlist
U1237,P0138,2025-05-21 19:11:44.383800,purchase
U0104,P0140,2025-05-23 19:11:44.383831,view
U1393,P0143,2025-12-09 19:11:44.383862,cart
U0526,P0141,2025-11-22 19:11:44.383894,view
U1411,P0292,2025-05-02 19:11:44.383924,view
U1678,P0485,2026-01-14 19:11:44.383956,wishlist
U1939,P0443,2026-01-26 19:11:44.383990,view
U0443,P0350,2025-10-11 19:11:44.384022,cart
U0631,P0131,2026-03-16 19:11:44.384053,view
U0763,P0221,2025-05-16 19:11:44.384084,purchase
U0694,P0179,2025-09-23 19:11:44.384115,view
U1985,P0211,2026-02-16 19:11:44.384146,cart
U1964,P0480,2025-10-27 19:11:44.384180,view
U1135,P0033,2025-09-17 19:11:44.384213,wishlist
U1253,P0093,2025-12-10 19:11:44.384244,view
U1360,P0122,2026-01-17 19:11:44.384276,view
U0656,P0390,2025-05-10 19:11:44.384307,cart
U1183,P0499,2025-04-12 19:11:44.384346,wishlist
U0107,P0371,2026-02-18 19:11:44.384379,view
U1922,P0212,2025-11-22 19:11:44.384409,view
U1894,P0305,2025-07-25 19:11:44.384440,view
U0559,P0011,2025-05-10 19:11:44.384472,view
U1312,P0439,2025-07-20 19:11:44.384503,wishlist
U0832,P0166,2025-08-14 19:11:44.384535,wishlist
U0377,P0280,2025-05-28 19:11:44.384565,purchase
U0815,P0434,2026-01-22 19:11:44.384596,cart
U1336,P0476,2025-06-11 19:11:44.384626,view
U1614,P0351,2025-12-19 19:11:44.384658,wishlist
U1316,P0192,2025-09-24 19:11:44.384691,cart
U1972,P0176,2025-06-01 19:11:44.384723,cart
U1858,P0499,2025-12-14 19:11:44.384754,view
U1366,P0194,2025-08-13 19:11:44.384784,view
U0972,P0258,2025-05-14 19:11:44.384815,cart
U1932,P0232,2025-12-10 19:11:44.384845,view
U0197,P0020,2025-08-06 19:11:44.384876,view
U1118,P0224,2026-03-25 19:11:44.384908,view
U0291,P0141,2025-12-19 19:11:44.384939,cart
U0190,P0450,2026-02-14 19:11:44.384969,view
U1763,P0379,2025-07-02 19:11:44.385002,view
U1045,P0116,2025-10-19 19:11:44.385032,view
U0294,P0306,2025-07-01 19:11:44.385062,purchase
U1301,P0386,2025-04-27 19:11:44.385093,view
U0240,P0401,2026-01-05 19:11:44.385123,view
U0602,P0368,2025-12-22 19:11:44.385153,cart
U0963,P0474,2025-11-04 19:11:44.385182,cart
U0255,P0238,2025-06-21 19:11:44.385213,wishlist
U1150,P0043,2025-07-28 19:11:44.385243,cart
U0244,P0255,2025-09-30 19:11:44.385273,view
U1132,P0162,2026-02-24 19:11:44.385302,view
U0445,P0405,2025-11-02 19:11:44.385332,view
U1853,P0404,2025-08-20 19:11:44.385363,wishlist
U0832,P0428,2025-11-26 19:11:44.385395,view
U1917,P0134,2025-05-06 19:11:44.385426,wishlist
U1832,P0354,2026-03-24 19:11:44.385455,view
U1593,P0097,2026-03-28 19:11:44.385486,cart
U0169,P0033,2025-09-10 19:11:44.385516,view
U0624,P0185,2026-03-28 19:11:44.385545,cart
U0623,P0148,2025-06-14 19:11:44.385574,view
U0847,P0271,2026-03-11 19:11:44.385605,wishlist
U1570,P0256,2025-06-09 19:11:44.385636,wishlist
U0743,P0040,2025-08-23 19:11:44.385668,view
U1840,P0234,2025-09-12 19:11:44.385699,view
U0053,P0440,2025-09-26 19:11:44.385729,cart
U0617,P0456,2025-09-29 19:11:44.385763,view
U1991,P0002,2025-07-22 19:11:44.385793,view
U0447,P0301,2025-09-25 19:11:44.385823,view
U1036,P0306,2025-06-16 19:11:44.385853,view
U0323,P0026,2026-03-29 19:11:44.385883,wishlist
U1690,P0474,2026-02-01 19:11:44.385913,cart
U0108,P0034,2026-02-10 19:11:44.385943,wishlist
U1660,P0121,2025-12-13 19:11:44.385976,cart
U1361,P0488,2025-12-21 19:11:44.386006,purchase
U0390,P0061,2025-06-12 19:11:44.386035,view
U0561,P0174,2026-04-02 19:11:44.386065,view
U0009,P0213,2025-07-03 19:11:44.386095,view
U1013,P0111,2026-04-01 19:11:44.386126,view
U0162,P0346,2026-02-19 19:11:44.386156,view
U1488,P0231,2026-03-16 19:11:44.386189,view
U0284,P0137,2026-04-05 19:11:44.386223,view
U0443,P0121,2025-06-28 19:11:44.386256,cart
U0701,P0001,2025-05-08 19:11:44.386288,cart
U1221,P0396,2025-09-19 19:11:44.386325,view
U0160,P0350,2025-11-06 19:11:44.386358,cart
U1912,P0189,2025-08-22 19:11:44.386389,purchase
U1225,P0435,2025-10-12 19:11:44.386420,wishlist
U1218,P0275,2025-08-13 19:11:44.386450,cart
U0917,P0033,2025-04-29 19:11:44.386480,view
U0202,P0259,2025-08-15 19:11:44.386511,view
U0199,P0314,2025-07-14 19:11:44.386541,cart
U1018,P0266,2025-11-25 19:11:44.386571,view
U0671,P0022,2025-10-02 19:11:44.386602,view
U0855,P0402,2025-11-12 19:11:44.386632,view
U0170,P0344,2026-02-21 19:11:44.386662,cart
U1259,P0062,2025-04-12 19:11:44.386692,view
U0061,P0363,2025-08-19 19:11:44.386723,view
U0192,P0086,2025-08-13 19:11:44.386753,view
U0168,P0401,2025-09-19 19:11:44.386783,view
U0358,P0165,2026-02-14 19:11:44.386814,view
U0936,P0222,2025-12-15 19:11:44.386843,view
U1061,P0300,2026-04-03 19:11:44.386873,cart
U1813,P0243,2025-09-08 19:11:44.386903,view
U0158,P0219,2025-11-15 19:11:44.386934,view
U0732,P0228,2025-09-25 19:11:44.386968,view
U0697,P0283,2025-08-11 19:11:44.386998,view
U0908,P0376,2025-11-29 19:11:44.387028,purchase
U1867,P0149,2025-05-24 19:11:44.387058,view
U1699,P0169,2026-02-18 19:11:44.387091,view
U1744,P0455,2026-02-09 19:11:44.387122,cart
U0894,P0499,2026-02-01 19:11:44.387152,purchase
U1595,P0029,2026-01-13 19:11:44.387183,view
U0317,P0462,2025-04-10 19:11:44.387213,view
U1513,P0341,2025-05-13 19:11:44.387245,purchase
U1225,P0409,2025-09-14 19:11:44.387276,view
U0245,P0464,2026-03-08 19:11:44.387306,view
U0340,P0339,2025-09-25 19:11:44.387340,view
U0776,P0437,2025-05-08 19:11:44.387370,view
U0523,P0459,2025-08-10 19:11:44.387400,view
U1729,P0015,2025-07-03 19:11:44.387434,cart
U1791,P0437,2025-11-22 19:11:44.387465,view
U0558,P0013,2025-11-13 19:11:44.387495,view
U1858,P0405,2025-07-14 19:11:44.387526,view
U1703,P0159,2026-01-11 19:11:44.387557,view
U0868,P0487,2026-02-10 19:11:44.387589,view
U1768,P0042,2025-07-02 19:11:44.387619,view
U1434,P0290,2025-10-22 19:11:44.387650,view
U0189,P0265,2025-08-31 19:11:44.387680,view
U0521,P0247,2025-05-02 19:11:44.387710,view
U1598,P0130,2026-01-08 19:11:44.387743,view
U0513,P0245,2025-05-27 19:11:44.387773,cart
U0385,P0023,2025-10-06 19:11:44.387805,view
U1394,P0168,2026-01-09 19:11:44.387835,view
U0540,P0436,2025-08-05 19:11:44.387864,cart
U1105,P0283,2025-09-06 19:11:44.387894,cart
U0698,P0221,2025-10-18 19:11:44.387928,view
U1724,P0378,2025-11-26 19:11:44.387959,view
U1892,P0094,2026-02-20 19:11:44.387989,view
U0725,P0156,2025-09-20 19:11:44.388020,view
U0246,P0328,2025-10-18 19:11:44.388049,view
U1198,P0384,2025-04-12 19:11:44.388080,purchase
U1718,P0452,2025-12-17 19:11:44.388110,view
U0272,P0105,2025-07-14 19:11:44.388140,view
U1610,P0292,2025-12-14 19:11:44.388176,purchase
U0356,P0251,2025-09-13 19:11:44.388208,cart
U0331,P0242,2026-01-10 19:11:44.388240,purchase
U1456,P0113,2025-07-14 19:11:44.388270,view
U1784,P0438,2025-09-25 19:11:44.388301,view
U0500,P0281,2025-09-25 19:11:44.388339,view
U0093,P0069,2025-10-08 19:11:44.388370,view
U0442,P0446,2026-03-21 19:11:44.388400,view
U1880,P0064,2026-02-15 19:11:44.388430,view
U1798,P0497,2025-05-09 19:11:44.388460,view
U1705,P0339,2025-04-24 19:11:44.388491,cart
U0206,P0001,2025-11-02 19:11:44.388522,view
U0949,P0364,2026-03-18 19:11:44.388552,view
U1946,P0135,2026-01-31 19:11:44.388583,view
U0975,P0272,2025-08-15 19:11:44.388612,view
U1382,P0498,2026-02-18 19:11:44.388643,purchase
U1663,P0243,2026-01-24 19:11:44.388674,view
U1783,P0237,2026-01-03 19:11:44.388705,purchase
U0561,P0230,2025-06-23 19:11:44.388734,view
U1572,P0094,2025-07-06 19:11:44.388764,view
U1404,P0310,2025-05-04 19:11:44.388795,view
U1513,P0449,2025-07-31 19:11:44.388829,view
U0205,P0313,2026-03-03 19:11:44.388860,view
U0551,P0444,2025-11-26 19:11:44.388891,view
U1098,P0067,2026-01-18 19:11:44.388924,view
U1334,P0049,2026-04-04 19:11:44.388957,view
U1781,P0141,2025-07-11 19:11:44.388988,view
U0792,P0463,2025-09-01 19:11:44.389019,purchase
U1521,P0460,2025-08-08 19:11:44.389049,view
U0690,P0213,2026-02-15 19:11:44.389078,view
U0837,P0021,2026-01-04 19:11:44.389107,view
U0416,P0395,2025-05-21 19:11:44.389137,view
U0487,P0282,2025-04-10 19:11:44.389167,view
U1751,P0277,2025-11-27 19:11:44.389198,cart
U0658,P0150,2026-03-07 19:11:44.389229,cart
U0160,P0180,2026-02-04 19:11:44.389259,cart
U0225,P0402,2025-06-16 19:11:44.389289,view
U0401,P0353,2025-09-27 19:11:44.389320,view
U1298,P0399,2026-03-04 19:11:44.389350,wishlist
U0289,P0417,2025-10-04 19:11:44.389380,purchase
U0776,P0308,2026-03-03 19:11:44.389409,view
U0266,P0452,2025-07-30 19:11:44.389438,view
U1810,P0366,2025-06-19 19:11:44.389471,cart
U1876,P0185,2025-09-05 19:11:44.389502,wishlist
U1313,P0475,2026-02-12 19:11:44.389531,cart
U0802,P0464,2025-12-23 19:11:44.389561,cart
U1847,P0021,2026-01-20 19:11:44.389591,purchase
U1220,P0364,2025-09-20 19:11:44.389619,wishlist
U0397,P0301,2025-11-10 19:11:44.389649,view
U0728,P0302,2025-06-14 19:11:44.389680,cart
U0898,P0091,2025-12-15 19:11:44.389712,view
U0404,P0083,2025-12-14 19:11:44.389742,cart
U1588,P0043,2025-12-19 19:11:44.389772,purchase
U0679,P0279,2025-05-18 19:11:44.389803,cart
U1473,P0357,2026-03-30 19:11:44.389834,purchase
U1562,P0078,2025-10-12 19:11:44.389865,cart
U1205,P0167,2025-06-23 19:11:44.389899,view
U1795,P0035,2025-09-14 19:11:44.389930,view
U0437,P0371,2025-09-09 19:11:44.389961,wishlist
U0217,P0428,2025-11-24 19:11:44.389991,cart
U1748,P0204,2025-08-04 19:11:44.390022,view
U0862,P0156,2026-02-17 19:11:44.390052,view
U0110,P0191,2026-04-03 19:11:44.390083,cart
U1365,P0220,2026-03-06 19:11:44.390115,view
U0586,P0022,2026-02-21 19:11:44.390146,view
U1594,P0444,2025-04-14 19:11:44.390177,cart
U1599,P0418,2025-05-12 19:11:44.390209,view
U0121,P0264,2026-01-28 19:11:44.390240,cart
U0867,P0045,2025-05-02 19:11:44.390271,view
U0044,P0241,2025-08-24 19:11:44.390301,purchase
U0049,P0148,2025-06-23 19:11:44.390338,view
U0209,P0380,2026-01-23 19:11:44.390370,view
U0946,P0331,2025-06-12 19:11:44.390402,cart
U0846,P0190,2025-10-13 19:11:44.390434,view
U1979,P0313,2025-12-02 19:11:44.390464,view
U1001,P0295,2025-07-23 19:11:44.390498,wishlist
U0162,P0477,2025-07-07 19:11:44.390529,cart
U0302,P0401,2026-03-17 19:11:44.390560,view
U1201,P0032,2025-04-25 19:11:44.390590,wishlist
U1630,P0029,2025-06-13 19:11:44.390620,cart
U1912,P0040,2025-06-18 19:11:44.390651,wishlist
U1628,P0073,2026-02-23 19:11:44.390682,view
U0109,P0054,2025-09-26 19:11:44.390713,view
U0101,P0158,2025-11-01 19:11:44.390744,wishlist
U0383,P0260,2026-01-04 19:11:44.390773,view
U1611,P0316,2025-04-20 19:11:44.390803,cart
U1248,P0371,2026-01-10 19:11:44.390833,view
U0359,P0055,2025-11-21 19:11:44.390883,view
U1520,P0476,2025-07-19 19:11:44.390914,view
U0920,P0295,2026-02-05 19:11:44.390944,wishlist
U0622,P0340,2025-06-19 19:11:44.390975,view
U0519,P0479,2025-07-05 19:11:44.391005,view
U1274,P0104,2025-06-05 19:11:44.391035,view
U1526,P0406,2025-10-18 19:11:44.391065,cart
U1597,P0067,2025-04-06 19:11:44.391095,wishlist
U0360,P0152,2025-07-18 19:11:44.391126,view
U1078,P0256,2026-04-03 19:11:44.391156,cart
U1812,P0053,2025-11-04 19:11:44.391185,wishlist
U0637,P0314,2025-06-23 19:11:44.391214,view
U1555,P0093,2025-08-04 19:11:44.391243,cart
U0601,P0087,2025-12-28 19:11:44.391271,view
U0189,P0258,2026-03-13 19:11:44.391300,view
U1262,P0154,2025-07-08 19:11:44.391330,view
U1274,P0138,2026-02-23 19:11:44.391360,view
U1604,P0352,2026-01-04 19:11:44.391390,wishlist
U0612,P0023,2025-10-22 19:11:44.391419,wishlist
U1179,P0113,2025-11-16 19:11:44.391453,view
U0884,P0150,2026-03-27 19:11:44.391482,view
U0333,P0062,2026-02-10 19:11:44.391510,cart
U1586,P0307,2025-09-22 19:11:44.391540,view
U0500,P0445,2025-04-06 19:11:44.391570,view
U1886,P0121,2026-03-13 19:11:44.391600,view
U0836,P0013,2025-12-13 19:11:44.391631,view
U0726,P0158,2026-03-06 19:11:44.391661,view
U1237,P0090,2025-04-12 19:11:44.391691,view
U0638,P0321,2025-08-22 19:11:44.391722,cart
U0712,P0444,2026-01-04 19:11:44.391754,view
U0834,P0197,2025-08-28 19:11:44.391786,wishlist
U0513,P0416,2025-10-21 19:11:44.391831,cart
U1503,P0354,2026-02-25 19:11:44.391881,view
U0591,P0128,2025-04-21 19:11:44.391925,view
U1425,P0031,2026-03-20 19:11:44.391958,view
U1824,P0248,2025-07-08 19:11:44.391990,view
U1606,P0096,2025-10-04 19:11:44.392022,view
U0545,P0136,2025-11-03 19:11:44.392054,wishlist
U0694,P0110,2026-02-05 19:11:44.392086,view
U1084,P0446,2025-06-25 19:11:44.392118,cart
U0494,P0351,2025-07-21 19:11:44.392154,cart
U0534,P0400,2025-12-11 19:11:44.392187,view
U1980,P0307,2026-01-05 19:11:44.392219,view
U0424,P0452,2026-03-04 19:11:44.392252,view
U0040,P0307,2026-01-03 19:11:44.392284,view
U0744,P0032,2025-06-24 19:11:44.392315,view
U0940,P0461,2025-11-18 19:11:44.392356,wishlist
U0967,P0354,2025-05-25 19:11:44.392390,view
U0148,P0419,2025-04-05 19:11:44.392422,view
U1096,P0089,2025-11-28 19:11:44.392469,purchase
U1490,P0457,2025-10-09 19:11:44.392520,view
U1656,P0463,2025-11-05 19:11:44.392567,cart
U0920,P0369,2026-03-18 19:11:44.392601,purchase
U0408,P0265,2025-05-24 19:11:44.392633,view
U0853,P0385,2026-04-05 19:11:44.392665,view
U0112,P0135,2025-04-23 19:11:44.392697,cart
U1650,P0042,2025-12-19 19:11:44.392729,wishlist
U0503,P0240,2025-05-24 19:11:44.392761,cart
U1367,P0314,2025-04-13 19:11:44.392792,wishlist
U1283,P0125,2025-04-26 19:11:44.392823,view
U1171,P0199,2025-10-08 19:11:44.392855,cart
U0476,P0347,2026-01-25 19:11:44.392885,wishlist
U1792,P0239,2026-01-02 19:11:44.392917,view
U1720,P0071,2025-07-24 19:11:44.392950,view
U1228,P0025,2025-10-09 19:11:44.392984,wishlist
U1126,P0407,2026-03-15 19:11:44.393015,view
U0914,P0086,2025-09-13 19:11:44.393045,cart
U1448,P0077,2025-05-05 19:11:44.393076,view
U1241,P0492,2025-08-11 19:11:44.393107,wishlist
U1407,P0017,2025-11-23 19:11:44.393139,cart
U0858,P0019,2025-12-25 19:11:44.393169,view
U1057,P0358,2025-11-02 19:11:44.393199,cart
U1678,P0128,2025-09-22 19:11:44.393230,view
U1920,P0293,2025-05-26 19:11:44.393259,view
U1064,P0266,2025-11-30 19:11:44.393288,view
U1951,P0345,2025-08-10 19:11:44.393319,purchase
U1634,P0104,2025-12-21 19:11:44.393349,purchase
U0318,P0359,2025-09-21 19:11:44.393379,cart
U0865,P0033,2026-04-02 19:11:44.393409,view
U0582,P0213,2025-12-11 19:11:44.393438,purchase
U1040,P0109,2025-11-15 19:11:44.393468,view
U1853,P0118,2025-09-12 19:11:44.393498,view
U0095,P0359,2025-05-31 19:11:44.393529,wishlist
U0212,P0292,2025-10-20 19:11:44.393560,view
U0937,P0485,2025-10-21 19:11:44.393590,wishlist
U1592,P0264,2025-05-28 19:11:44.393621,view
U1206,P0386,2025-10-16 19:11:44.393652,view
U1613,P0266,2026-01-03 19:11:44.393682,view
U0978,P0041,2025-07-17 19:11:44.393712,cart
U0321,P0203,2025-05-02 19:11:44.393743,purchase
U0922,P0470,2025-06-10 19:11:44.393773,wishlist
U0362,P0449,2025-07-12 19:11:44.393805,cart
U1095,P0485,2025-05-26 19:11:44.393835,view
U1025,P0194,2026-03-02 19:11:44.393865,view
U0190,P0096,2025-08-16 19:11:44.393896,view
U0276,P0097,2026-01-28 19:11:44.393925,view
U1386,P0256,2025-05-08 19:11:44.393958,cart
U1956,P0231,2025-06-03 19:11:44.393988,view
U1555,P0435,2026-02-19 19:11:44.394018,wishlist
U1681,P0407,2025-08-13 19:11:44.394048,view
U0815,P0335,2026-03-21 19:11:44.394079,view
U0289,P0312,2026-03-25 19:11:44.394109,cart
U0067,P0272,2025-08-06 19:11:44.394139,purchase
U1627,P0132,2025-11-05 19:11:44.394169,purchase
U0566,P0154,2025-05-24 19:11:44.394204,cart
U1266,P0444,2025-05-13 19:11:44.394235,cart
U0679,P0352,2025-10-13 19:11:44.394266,cart
U1593,P0389,2026-03-26 19:11:44.394297,cart
U0673,P0013,2025-04-08 19:11:44.394329,wishlist
U0294,P0024,2025-09-10 19:11:44.394376,wishlist
U1560,P0324,2025-08-04 19:11:44.394408,view
U1726,P0397,2025-05-12 19:11:44.394440,view
U1366,P0260,2025-11-26 19:11:44.394471,wishlist
U1666,P0176,2025-08-19 19:11:44.394501,view
U1120,P0246,2025-10-31 19:11:44.394532,view
U0999,P0427,2025-12-06 19:11:44.394562,wishlist
U0669,P0259,2025-05-21 19:11:44.394592,purchase
U0159,P0459,2026-01-10 19:11:44.394632,view
U0937,P0267,2025-12-30 19:11:44.394677,cart
U0492,P0251,2025-04-30 19:11:44.394749,view
U0883,P0275,2026-03-10 19:11:44.394994,view
U0659,P0190,2025-06-02 19:11:44.395176,purchase
U1847,P0034,2025-11-07 19:11:44.395252,wishlist
U0008,P0002,2026-01-16 19:11:44.395320,view
U1895,P0365,2025-09-03 19:11:44.395371,view
U0607,P0427,2025-11-01 19:11:44.395410,view
U1108,P0107,2026-02-24 19:11:44.395446,view
U0592,P0052,2025-04-06 19:11:44.395494,cart
U0255,P0159,2025-06-16 19:11:44.395538,view
U1843,P0005,2025-05-15 19:11:44.395577,wishlist
U0581,P0291,2025-11-08 19:11:44.395613,view
U0791,P0228,2025-12-24 19:11:44.395647,view
U0718,P0253,2025-11-25 19:11:44.395682,purchase
U1425,P0388,2026-01-24 19:11:44.395724,view
U1961,P0356,2025-07-05 19:11:44.395760,view
U1805,P0264,2026-02-02 19:11:44.395794,view
U1761,P0127,2025-08-05 19:11:44.395829,view
U1117,P0408,2025-04-19 19:11:44.395863,view
U0358,P0492,2025-04-17 19:11:44.395899,view
U0134,P0256,2026-03-16 19:11:44.395934,view
U0246,P0428,2026-01-29 19:11:44.395966,cart
U0220,P0428,2025-12-12 19:11:44.395999,view
U1902,P0284,2026-01-15 19:11:44.396035,view
U0708,P0112,2025-09-08 19:11:44.396070,purchase
U1725,P0041,2026-02-24 19:11:44.396103,view
U1410,P0287,2025-06-03 19:11:44.396135,cart
U0838,P0303,2025-06-25 19:11:44.396170,view
U1623,P0182,2025-04-07 19:11:44.396205,view
U1759,P0193,2025-11-11 19:11:44.396240,cart
U1167,P0064,2026-03-02 19:11:44.396273,view
U1389,P0278,2026-03-10 19:11:44.396310,cart
U0799,P0222,2026-01-29 19:11:44.396347,view
U1698,P0157,2025-07-18 19:11:44.396380,view
U0789,P0288,2025-08-11 19:11:44.396412,view
U1989,P0098,2025-10-12 19:11:44.396464,cart
U0977,P0283,2025-12-25 19:11:44.396510,view
U0555,P0283,2026-03-18 19:11:44.396553,view
U1254,P0482,2026-02-27 19:11:44.396596,wishlist
U1976,P0128,2025-12-21 19:11:44.396637,view
U1640,P0500,2025-11-28 19:11:44.396676,cart
U1569,P0175,2026-01-10 19:11:44.396716,view
U1867,P0370,2025-08-11 19:11:44.396758,cart
U0878,P0010,2025-09-07 19:11:44.396803,cart
U0357,P0433,2026-02-11 19:11:44.396842,cart
U1679,P0393,2025-10-31 19:11:44.396884,view
U1724,P0312,2025-09-15 19:11:44.396926,purchase
U1060,P0311,2025-06-13 19:11:44.396966,view
U0114,P0093,2025-12-23 19:11:44.397008,view
U1542,P0352,2026-01-18 19:11:44.397064,wishlist
U0580,P0357,2025-09-21 19:11:44.397108,cart
U1676,P0310,2026-03-01 19:11:44.397150,wishlist
U0824,P0322,2025-11-07 19:11:44.397195,purchase
U0078,P0274,2025-12-13 19:11:44.397235,cart
U1863,P0002,2026-01-11 19:11:44.397267,wishlist
U0777,P0149,2025-06-15 19:11:44.397299,view
U0270,P0483,2025-12-16 19:11:44.397333,wishlist
U0323,P0360,2025-07-13 19:11:44.397367,view
U1036,P0283,2026-01-03 19:11:44.397400,view
U0014,P0074,2026-01-18 19:11:44.397433,view
U1120,P0061,2025-10-02 19:11:44.397469,view
U1021,P0188,2026-01-21 19:11:44.397508,view
U0454,P0344,2025-10-21 19:11:44.397540,view
U0781,P0322,2025-10-16 19:11:44.397570,wishlist
U0951,P0105,2025-12-01 19:11:44.397602,view
U1365,P0012,2025-08-24 19:11:44.397632,purchase
U0394,P0081,2025-11-08 19:11:44.397662,view
U1001,P0477,2026-03-12 19:11:44.397692,view
U1411,P0255,2026-02-09 19:11:44.397723,cart
U0929,P0399,2026-01-12 19:11:44.397754,purchase
U0510,P0065,2025-09-06 19:11:44.397787,wishlist
U0060,P0222,2025-05-25 19:11:44.397823,view
U0478,P0311,2026-01-21 19:11:44.397855,view
U0945,P0494,2026-04-05 19:11:44.397887,wishlist
U1794,P0432,2025-05-16 19:11:44.397919,view
U0899,P0334,2026-02-18 19:11:44.397951,view
U1999,P0418,2025-04-12 19:11:44.397983,wishlist
U1261,P0224,2025-06-10 19:11:44.398014,view
U1288,P0370,2026-01-02 19:11:44.398044,purchase
U1229,P0354,2025-04-15 19:11:44.398075,purchase
U1375,P0240,2026-03-07 19:11:44.398108,view
U1149,P0212,2025-08-25 19:11:44.398140,view
U1072,P0169,2025-09-19 19:11:44.398171,view
U0683,P0146,2025-06-12 19:11:44.398202,view
U1076,P0130,2026-03-28 19:11:44.398234,view
U1923,P0129,2025-04-15 19:11:44.398265,view
U0787,P0220,2025-09-22 19:11:44.398296,view
U0937,P0259,2025-11-07 19:11:44.398326,cart
U0750,P0246,2025-09-04 19:11:44.398358,view
U1879,P0423,2025-09-15 19:11:44.398389,view
U1931,P0190,2026-02-12 19:11:44.398418,view
U1119,P0355,2025-12-04 19:11:44.398457,purchase
U0779,P0294,2025-09-12 19:11:44.398489,wishlist
U0379,P0093,2025-12-16 19:11:44.398520,wishlist
U0423,P0035,2025-12-02 19:11:44.398552,purchase
U0062,P0319,2025-04-11 19:11:44.398584,view
U1572,P0119,2025-10-15 19:11:44.398615,view
U0313,P0443,2025-09-28 19:11:44.398646,purchase
U1005,P0135,2025-05-04 19:11:44.398677,view
U1457,P0375,2026-02-23 19:11:44.398709,view
U0696,P0351,2026-02-18 19:11:44.398740,purchase
U0704,P0196,2025-07-30 19:11:44.398771,wishlist
U0845,P0250,2026-01-12 19:11:44.398802,cart
U1388,P0402,2025-06-12 19:11:44.398835,view
U0624,P0146,2026-01-10 19:11:44.398866,cart
U1911,P0174,2025-05-11 19:11:44.398898,view
U1431,P0335,2025-10-14 19:11:44.398930,view
U0532,P0029,2025-05-11 19:11:44.398960,view
U0769,P0253,2025-05-21 19:11:44.398990,view
U1498,P0040,2025-09-05 19:11:44.399020,view
U1857,P0192,2025-07-12 19:11:44.399051,view
U1334,P0293,2026-01-16 19:11:44.399081,view
U1524,P0336,2026-04-01 19:11:44.399116,view
U1264,P0075,2026-03-04 19:11:44.399146,view
U1128,P0389,2025-11-02 19:11:44.399178,cart
U1506,P0257,2025-06-22 19:11:44.399215,wishlist
U0659,P0316,2025-06-14 19:11:44.399248,view
U0594,P0096,2025-04-19 19:11:44.399282,view
U0685,P0447,2025-05-02 19:11:44.399314,view
U0432,P0171,2026-03-19 19:11:44.399345,purchase
U0760,P0347,2025-11-08 19:11:44.399376,wishlist
U1524,P0037,2025-12-26 19:11:44.399407,view
U1769,P0358,2026-03-06 19:11:44.399439,view
U1547,P0450,2025-08-27 19:11:44.399470,view
U1060,P0185,2025-12-14 19:11:44.399501,view
U1550,P0267,2025-11-15 19:11:44.399531,view
U1195,P0498,2026-02-14 19:11:44.399562,purchase
U1162,P0390,2025-11-08 19:11:44.399593,view
U1801,P0417,2025-10-12 19:11:44.399623,cart
U1683,P0412,2026-03-15 19:11:44.399654,view
U0716,P0017,2025-10-06 19:11:44.399684,view
U1251,P0049,2025-09-08 19:11:44.399715,wishlist
U0831,P0277,2025-12-08 19:11:44.399747,view
U1455,P0432,2025-11-01 19:11:44.399779,purchase
U1697,P0395,2026-01-27 19:11:44.399810,view
U0675,P0060,2026-03-07 19:11:44.399842,wishlist
U1633,P0278,2026-01-05 19:11:44.399877,wishlist
U0797,P0444,2026-03-12 19:11:44.399908,view
U0808,P0253,2025-10-11 19:11:44.399938,cart
U1014,P0349,2025-07-16 19:11:44.399968,view
U1429,P0321,2025-04-25 19:11:44.399997,view
U0961,P0036,2026-02-16 19:11:44.400027,purchase
U0129,P0165,2026-03-15 19:11:44.400057,cart
U1489,P0256,2026-02-11 19:11:44.400087,view
U0529,P0338,2025-06-25 19:11:44.400116,view
U1322,P0056,2025-12-10 19:11:44.400146,view
U0240,P0439,2025-08-13 19:11:44.400175,cart
U0080,P0468,2026-02-01 19:11:44.400205,cart
U0617,P0048,2025-10-19 19:11:44.400237,purchase
U0466,P0021,2025-09-21 19:11:44.400269,view
U1834,P0001,2026-01-24 19:11:44.400299,view
U0654,P0374,2025-09-26 19:11:44.400330,cart
U1507,P0165,2025-05-26 19:11:44.400361,purchase
U1495,P0272,2025-09-28 19:11:44.400392,view
U0808,P0045,2025-06-07 19:11:44.400421,view
U1788,P0252,2026-03-18 19:11:44.400461,wishlist
U1487,P0117,2025-08-20 19:11:44.400494,view
U0507,P0383,2025-08-30 19:11:44.400526,view
U0120,P0133,2025-11-20 19:11:44.400557,view
U0919,P0437,2025-04-13 19:11:44.400589,view
U1905,P0443,2026-03-25 19:11:44.400620,cart
U1035,P0477,2025-05-29 19:11:44.400650,cart
U0250,P0236,2026-03-01 19:11:44.400682,view
U0039,P0339,2025-05-20 19:11:44.400713,view
U1606,P0440,2026-03-08 19:11:44.400743,wishlist
U0779,P0192,2025-08-02 19:11:44.400777,view
U0293,P0341,2025-10-25 19:11:44.400808,wishlist
U0016,P0088,2025-11-25 19:11:44.400841,view
U0818,P0380,2025-08-26 19:11:44.400871,purchase
U0318,P0020,2025-09-11 19:11:44.400901,view
U0315,P0220,2026-02-19 19:11:44.400932,view
U1432,P0494,2025-05-10 19:11:44.400962,cart
U0198,P0370,2025-08-11 19:11:44.400993,view
U0099,P0046,2025-08-03 19:11:44.401023,wishlist
U0127,P0394,2025-11-23 19:11:44.401053,view
U0287,P0377,2026-03-24 19:11:44.401083,wishlist
U0150,P0123,2026-02-26 19:11:44.401115,wishlist
U0499,P0474,2025-10-21 19:11:44.401144,view
U0298,P0404,2025-08-08 19:11:44.401173,cart
U0354,P0493,2025-12-16 19:11:44.401203,purchase
U0521,P0353,2026-04-02 19:11:44.401233,view
U0970,P0208,2025-11-15 19:11:44.401263,purchase
U1365,P0167,2025-11-05 19:11:44.401293,view
U0098,P0202,2025-07-02 19:11:44.401324,view
U1668,P0427,2025-11-28 19:11:44.401354,view
U0173,P0292,2025-08-28 19:11:44.401383,view
U0038,P0012,2025-11-27 19:11:44.401412,view
U1830,P0102,2025-08-14 19:11:44.401442,view
U1901,P0388,2025-04-21 19:11:44.401474,view
U0853,P0222,2025-08-26 19:11:44.401504,view
U1677,P0159,2026-01-09 19:11:44.401533,view
U0481,P0216,2025-07-29 19:11:44.401564,view
U0351,P0441,2025-04-16 19:11:44.401595,cart
U1195,P0346,2026-02-17 19:11:44.401625,view
U0773,P0247,2025-07-01 19:11:44.401655,wishlist
U0906,P0430,2026-02-25 19:11:44.401685,view
U1238,P0136,2025-07-30 19:11:44.401714,view
U0021,P0140,2025-12-08 19:11:44.401744,wishlist
U1669,P0082,2025-10-29 19:11:44.401773,view
U0450,P0479,2025-11-07 19:11:44.401805,cart
U0390,P0018,2025-05-21 19:11:44.401835,purchase
U0934,P0402,2025-07-11 19:11:44.401866,view
U0446,P0291,2025-07-03 19:11:44.401897,view
U1571,P0308,2025-07-23 19:11:44.401926,view
U1883,P0254,2025-12-22 19:11:44.401956,view
U1590,P0215,2026-02-01 19:11:44.401987,view
U1765,P0070,2025-05-08 19:11:44.402017,cart
U1210,P0300,2025-09-25 19:11:44.402047,view
U0192,P0382,2025-10-14 19:11:44.402077,view
U0203,P0309,2025-09-14 19:11:44.402107,cart
U0672,P0311,2025-04-09 19:11:44.402136,view
U1055,P0285,2025-12-10 19:11:44.402166,view
U1654,P0327,2025-11-01 19:11:44.402195,view
U1705,P0213,2025-07-14 19:11:44.402225,purchase
U0491,P0283,2025-05-31 19:11:44.402254,view
U0078,P0397,2025-12-12 19:11:44.402283,cart
U1361,P0357,2026-03-30 19:11:44.402316,view
U1096,P0205,2025-08-17 19:11:44.402346,view
U1018,P0124,2025-06-06 19:11:44.402376,view
U0256,P0222,2025-12-21 19:11:44.402407,cart
U0269,P0215,2026-02-26 19:11:44.402436,view
U1831,P0367,2026-03-12 19:11:44.402472,wishlist
U1226,P0362,2025-08-04 19:11:44.402505,view
U0320,P0013,2025-12-11 19:11:44.402535,view
U0497,P0261,2026-01-26 19:11:44.402564,view
U1898,P0131,2025-09-27 19:11:44.402593,cart
U1318,P0186,2025-06-02 19:11:44.402625,wishlist
U1917,P0294,2025-06-08 19:11:44.402656,purchase
U1242,P0464,2026-02-14 19:11:44.402687,view
U0443,P0220,2025-08-02 19:11:44.402717,cart
U0414,P0153,2025-05-06 19:11:44.402747,view
U0360,P0080,2026-01-22 19:11:44.402780,view
U0790,P0040,2026-01-22 19:11:44.402813,cart
U0871,P0036,2025-08-28 19:11:44.402843,view
U0509,P0482,2025-10-24 19:11:44.402874,purchase
U0564,P0299,2026-03-04 19:11:44.402905,view
U1191,P0060,2025-11-20 19:11:44.402935,wishlist
U1869,P0179,2025-12-17 19:11:44.402964,view
U0361,P0145,2025-06-26 19:11:44.402994,wishlist
U0576,P0415,2025-04-28 19:11:44.403025,wishlist
U0312,P0016,2025-04-30 19:11:44.403061,view
U0275,P0094,2026-01-06 19:11:44.403093,view
U0652,P0469,2026-01-27 19:11:44.403123,purchase
U1092,P0330,2025-04-12 19:11:44.403154,view
U0003,P0450,2026-04-02 19:11:44.403185,cart
U0731,P0431,2025-09-27 19:11:44.403214,purchase
U1104,P0128,2025-08-20 19:11:44.403244,view
U1292,P0121,2026-01-24 19:11:44.403273,wishlist
U1891,P0456,2025-04-14 19:11:44.403304,cart
U1368,P0220,2025-07-18 19:11:44.403334,view
U0457,P0066,2025-05-21 19:11:44.403363,view
U0848,P0038,2025-05-08 19:11:44.403392,view
U0719,P0216,2025-12-15 19:11:44.403422,wishlist
U1293,P0211,2026-02-15 19:11:44.403452,purchase
U1732,P0287,2025-06-12 19:11:44.403482,view
U0958,P0378,2025-12-07 19:11:44.403512,cart
U1611,P0371,2025-05-13 19:11:44.403541,cart
U0756,P0196,2025-04-16 19:11:44.403571,view
U0955,P0073,2025-08-24 19:11:44.403600,cart
U1986,P0164,2025-11-23 19:11:44.403630,view
U0177,P0259,2025-11-16 19:11:44.403659,purchase
U1853,P0213,2025-08-21 19:11:44.403688,view
U1645,P0156,2025-07-11 19:11:44.403718,view
U1799,P0130,2025-08-28 19:11:44.403749,cart
U0669,P0460,2025-10-28 19:11:44.403779,view
U0829,P0364,2025-05-13 19:11:44.403808,view
U1738,P0147,2025-05-08 19:11:44.403837,view
U1321,P0031,2025-05-18 19:11:44.403868,purchase
U1704,P0196,2025-06-19 19:11:44.403897,view
U0080,P0352,2025-07-01 19:11:44.403926,view
U1662,P0120,2025-08-11 19:11:44.403957,view
U1773,P0051,2025-11-08 19:11:44.403987,view
U1202,P0054,2026-02-10 19:11:44.404017,view
U0192,P0473,2025-10-05 19:11:44.404045,cart
U0970,P0032,2025-06-26 19:11:44.404074,view
U0632,P0216,2026-03-04 19:11:44.404104,view
U0577,P0454,2025-05-01 19:11:44.404133,view
U1711,P0208,2025-06-13 19:11:44.404163,view
U1597,P0327,2025-04-26 19:11:44.404193,cart
U1393,P0446,2026-03-07 19:11:44.404224,view
U0821,P0066,2025-09-28 19:11:44.404256,view
U0027,P0106,2025-07-22 19:11:44.404286,cart
U0781,P0240,2025-07-24 19:11:44.404316,purchase
U1721,P0306,2025-05-17 19:11:44.404347,view
U1760,P0147,2025-05-05 19:11:44.404377,view
U0762,P0438,2025-04-14 19:11:44.404406,view
U0922,P0221,2025-10-01 19:11:44.404435,cart
U0695,P0450,2025-06-07 19:11:44.404472,purchase
U1060,P0400,2025-06-10 19:11:44.404506,purchase
U1077,P0249,2026-01-23 19:11:44.404538,cart
U0669,P0095,2025-09-06 19:11:44.404569,cart
U1935,P0226,2025-10-27 19:11:44.404600,view
U1350,P0287,2025-11-12 19:11:44.404630,cart
U0980,P0350,2025-04-15 19:11:44.404661,view
U1928,P0144,2026-01-29 19:11:44.404694,view
U0841,P0441,2026-02-22 19:11:44.404724,wishlist
U0428,P0218,2026-04-02 19:11:44.404753,view
U1496,P0471,2026-02-12 19:11:44.404783,view
U0822,P0056,2025-11-29 19:11:44.404813,view
U1568,P0462,2025-05-16 19:11:44.404843,view
U0406,P0347,2025-08-01 19:11:44.404872,cart
U0408,P0416,2026-03-01 19:11:44.404901,view
U1978,P0052,2025-08-17 19:11:44.404931,view
U0456,P0184,2025-09-07 19:11:44.404961,cart
U1596,P0235,2025-07-28 19:11:44.404995,view
U0650,P0382,2025-12-30 19:11:44.405027,view
U1011,P0226,2026-02-14 19:11:44.405058,view
U1129,P0321,2025-11-20 19:11:44.405088,cart
U1130,P0427,2026-02-13 19:11:44.405119,view
U0667,P0079,2026-01-10 19:11:44.405150,cart
U0961,P0247,2025-05-19 19:11:44.405180,view
U1537,P0204,2026-02-08 19:11:44.405211,view
U0852,P0227,2025-07-10 19:11:44.405241,cart
U0492,P0156,2025-12-09 19:11:44.405271,view
U0670,P0089,2026-02-22 19:11:44.405301,cart
U1901,P0080,2025-06-02 19:11:44.405331,wishlist
U1783,P0323,2025-06-01 19:11:44.405362,cart
U1436,P0030,2025-08-03 19:11:44.405394,cart
U0584,P0296,2025-04-15 19:11:44.405426,wishlist
U0790,P0140,2025-07-17 19:11:44.405462,view
U1890,P0275,2025-11-18 19:11:44.405495,view
U0369,P0019,2026-02-22 19:11:44.405527,view
U1343,P0245,2026-01-07 19:11:44.405557,view
U0540,P0133,2025-11-28 19:11:44.405588,view
U0247,P0002,2025-05-31 19:11:44.405673,wishlist
U0521,P0139,2025-09-14 19:11:44.405715,wishlist
U1037,P0270,2026-01-14 19:11:44.405749,view
U0101,P0123,2025-04-26 19:11:44.405781,view
U0300,P0210,2026-02-05 19:11:44.405814,cart
U0014,P0254,2025-07-13 19:11:44.405846,view
U1918,P0134,2025-10-28 19:11:44.405876,view
U1972,P0113,2025-08-04 19:11:44.405907,view
U0573,P0171,2025-11-23 19:11:44.405937,cart
U0790,P0351,2025-07-12 19:11:44.405967,view
U0694,P0011,2025-09-24 19:11:44.405998,view
U1634,P0105,2026-01-19 19:11:44.406029,view
U0820,P0024,2025-06-12 19:11:44.406062,view
U1788,P0278,2025-08-04 19:11:44.406092,purchase
U1470,P0185,2026-04-04 19:11:44.406122,view
U1395,P0373,2025-06-22 19:11:44.406153,view
U0002,P0359,2025-05-04 19:11:44.406184,view
U0695,P0007,2025-05-03 19:11:44.406215,view
U1328,P0046,2025-12-26 19:11:44.406243,view
U0421,P0212,2025-11-29 19:11:44.406273,view
U0475,P0284,2026-01-28 19:11:44.406303,view
U1064,P0190,2026-02-11 19:11:44.406333,view
U0039,P0418,2025-04-27 19:11:44.406363,cart
U0525,P0360,2025-10-19 19:11:44.406393,view
U0563,P0265,2025-05-02 19:11:44.406423,view
U0037,P0065,2026-03-05 19:11:44.406453,cart
U1361,P0362,2026-04-03 19:11:44.406491,view
U1449,P0198,2025-10-22 19:11:44.406522,view
U1031,P0427,2025-10-17 19:11:44.406552,purchase
U1344,P0003,2026-01-23 19:11:44.406582,view
U0696,P0031,2026-03-13 19:11:44.406611,cart
U1129,P0482,2025-09-10 19:11:44.406640,wishlist
U1947,P0256,2025-09-21 19:11:44.406669,cart
U1527,P0161,2025-09-17 19:11:44.406698,view
U1155,P0130,2025-11-18 19:11:44.406731,view
U0080,P0048,2025-10-11 19:11:44.406761,view
U1954,P0369,2025-05-23 19:11:44.406790,view
U0260,P0048,2026-03-17 19:11:44.406820,cart
U1249,P0131,2026-01-11 19:11:44.406850,view
U1553,P0135,2025-04-05 19:11:44.406880,wishlist
U0171,P0265,2025-08-14 19:11:44.406911,view
U1195,P0254,2026-01-12 19:11:44.406941,cart
U0017,P0071,2025-07-01 19:11:44.406972,view
U1452,P0284,2025-07-22 19:11:44.407005,cart
U1257,P0414,2025-06-10 19:11:44.407036,view
U0509,P0101,2025-12-20 19:11:44.407069,wishlist
U0833,P0466,2025-04-23 19:11:44.407099,cart
U0433,P0435,2025-07-09 19:11:44.407130,view
U1774,P0440,2025-05-20 19:11:44.407161,wishlist
U1357,P0388,2025-04-12 19:11:44.407191,purchase
U0219,P0069,2025-05-10 19:11:44.407221,cart
U1169,P0411,2025-10-20 19:11:44.407251,view
U1258,P0083,2025-04-19 19:11:44.407281,cart
U1272,P0385,2025-07-22 19:11:44.407312,cart
U0719,P0168,2026-02-27 19:11:44.407342,view
U1045,P0464,2026-01-31 19:11:44.407371,view
U1915,P0217,2025-11-05 19:11:44.407401,purchase
U0544,P0371,2025-04-24 19:11:44.407448,view
U0912,P0498,2025-04-12 19:11:44.407478,purchase
U0521,P0354,2025-04-06 19:11:44.407507,view
U1654,P0464,2026-01-21 19:11:44.407536,view
U1073,P0431,2025-04-26 19:11:44.407567,purchase
U1211,P0272,2025-11-29 19:11:44.407596,view
U1984,P0402,2026-03-08 19:11:44.407625,view
U0767,P0122,2026-01-14 19:11:44.407655,view
U0407,P0087,2025-09-07 19:11:44.407684,wishlist
U1701,P0031,2026-03-01 19:11:44.407714,view
U1228,P0389,2026-02-08 19:11:44.407745,wishlist
U0488,P0060,2025-11-23 19:11:44.407775,view
U0916,P0088,2025-05-01 19:11:44.407805,view
U0240,P0127,2026-03-09 19:11:44.407835,view
U1793,P0091,2026-01-05 19:11:44.407864,purchase
U0894,P0219,2025-10-24 19:11:44.407895,cart
U1845,P0336,2025-04-29 19:11:44.407924,cart
U0484,P0017,2026-01-29 19:11:44.407954,cart
U0134,P0222,2025-07-20 19:11:44.407983,cart
U0566,P0253,2025-11-26 19:11:44.408012,cart
U1475,P0252,2026-02-24 19:11:44.408041,purchase
U0303,P0180,2025-10-02 19:11:44.408071,view
U1721,P0017,2025-09-23 19:11:44.408101,cart
U0258,P0456,2026-01-29 19:11:44.408132,view
U0793,P0472,2025-06-02 19:11:44.408162,view
U0503,P0034,2026-01-03 19:11:44.408192,cart
U1031,P0346,2025-10-02 19:11:44.408221,cart
U0570,P0425,2026-03-31 19:11:44.408251,view
U1969,P0036,2025-09-15 19:11:44.408279,view
U1546,P0367,2025-06-26 19:11:44.408310,cart
U1725,P0332,2026-01-04 19:11:44.408342,view
U0104,P0122,2025-11-08 19:11:44.408376,view
U0229,P0165,2025-12-07 19:11:44.408407,purchase
U0420,P0123,2025-05-17 19:11:44.408438,purchase
U0674,P0299,2026-01-10 19:11:44.408474,view
U1811,P0025,2026-02-25 19:11:44.408507,view
U1003,P0344,2025-06-24 19:11:44.408538,view
U1682,P0387,2025-10-09 19:11:44.408569,view
U1764,P0392,2026-03-27 19:11:44.408600,view
U1300,P0205,2026-02-27 19:11:44.408630,view
U1862,P0374,2025-12-12 19:11:44.408659,view
U1329,P0149,2025-12-03 19:11:44.408690,view
U0529,P0205,2025-08-30 19:11:44.408720,view
U1941,P0388,2026-02-02 19:11:44.408751,view
U1566,P0001,2025-10-01 19:11:44.408796,view
U0007,P0144,2025-09-27 19:11:44.408845,view
U0552,P0395,2025-08-05 19:11:44.408897,view
U0384,P0426,2025-08-11 19:11:44.408956,wishlist
U1312,P0060,2025-11-07 19:11:44.409007,wishlist
U1555,P0465,2025-04-16 19:11:44.409065,view
U1462,P0267,2025-08-05 19:11:44.409128,cart
U0335,P0373,2026-02-15 19:11:44.409184,view
U0839,P0176,2026-03-27 19:11:44.409237,wishlist
U1058,P0343,2025-11-14 19:11:44.409286,view
U0925,P0094,2026-04-01 19:11:44.409340,view
U1198,P0407,2025-09-01 19:11:44.409391,wishlist
U0618,P0272,2025-05-29 19:11:44.409443,view
U0724,P0347,2025-05-13 19:11:44.409496,view
U0861,P0160,2025-07-21 19:11:44.409535,cart
U0690,P0125,2026-01-27 19:11:44.409569,purchase
U0046,P0017,2025-07-21 19:11:44.409602,view
U0696,P0277,2026-02-12 19:11:44.409636,wishlist
U1497,P0287,2025-07-29 19:11:44.409670,view
U0461,P0356,2025-12-04 19:11:44.409706,cart
U0204,P0227,2025-08-14 19:11:44.409739,view
U1091,P0285,2026-02-13 19:11:44.409771,view
U0861,P0330,2025-12-09 19:11:44.409803,cart
U0931,P0116,2025-08-07 19:11:44.409833,view
U0315,P0223,2025-09-01 19:11:44.409865,purchase
U1098,P0101,2025-07-23 19:11:44.409899,view
U1648,P0462,2025-05-02 19:11:44.409930,wishlist
U1638,P0484,2025-12-05 19:11:44.409962,view
U1412,P0105,2025-04-23 19:11:44.409999,view
U1246,P0088,2025-05-05 19:11:44.410030,cart
U0459,P0169,2025-10-22 19:11:44.410061,view
U1553,P0280,2025-12-01 19:11:44.410094,view
U1239,P0491,2025-10-29 19:11:44.410127,cart
U1282,P0486,2025-07-16 19:11:44.410158,cart
U1468,P0227,2025-05-08 19:11:44.410190,view
U0801,P0293,2025-12-03 19:11:44.410220,cart
U0492,P0342,2025-06-10 19:11:44.410251,view
U1767,P0196,2025-07-21 19:11:44.410283,cart
U0911,P0246,2025-06-08 19:11:44.410314,view
U1820,P0266,2026-01-24 19:11:44.410345,view
U0302,P0435,2025-11-29 19:11:44.410375,view
U0650,P0236,2025-12-19 19:11:44.410405,cart
U1566,P0439,2025-08-06 19:11:44.410436,view
U0180,P0413,2025-10-09 19:11:44.410466,view
U0590,P0295,2026-02-17 19:11:44.410513,view
U1509,P0396,2025-05-28 19:11:44.410545,view
U0401,P0029,2025-10-09 19:11:44.410576,purchase
U1192,P0378,2025-09-27 19:11:44.410609,view
U1359,P0285,2025-04-18 19:11:44.410639,view
U0467,P0398,2025-12-02 19:11:44.410670,view
U1195,P0498,2025-10-19 19:11:44.410700,wishlist
U1753,P0139,2026-01-20 19:11:44.410743,purchase
U0588,P0252,2025-06-28 19:11:44.410789,view
U0959,P0278,2025-09-19 19:11:44.410835,view
U0605,P0305,2025-07-20 19:11:44.410869,view
U0428,P0182,2025-09-02 19:11:44.410902,wishlist
U1732,P0357,2026-02-04 19:11:44.410934,cart
U0284,P0267,2026-02-09 19:11:44.410965,purchase
U0720,P0395,2025-07-12 19:11:44.410996,cart
U0600,P0174,2025-09-18 19:11:44.411028,view
U1445,P0336,2025-11-06 19:11:44.411066,cart
U0362,P0351,2025-07-01 19:11:44.411098,view
U0197,P0017,2026-01-01 19:11:44.411129,wishlist
U0794,P0459,2025-08-09 19:11:44.411162,cart
U1976,P0189,2025-08-26 19:11:44.411193,cart
U1844,P0036,2025-10-26 19:11:44.411224,purchase
U1370,P0391,2025-05-18 19:11:44.411256,purchase
U1377,P0023,2025-04-13 19:11:44.411287,cart
U0962,P0176,2025-08-19 19:11:44.411318,wishlist
U1062,P0075,2025-06-12 19:11:44.411349,view
U0165,P0206,2025-06-02 19:11:44.411382,cart
U0543,P0102,2025-10-21 19:11:44.411413,view
U1465,P0370,2025-08-15 19:11:44.411446,view
U1355,P0284,2026-02-13 19:11:44.411477,view
U1823,P0194,2026-02-15 19:11:44.411508,view
U0243,P0192,2026-01-21 19:11:44.411539,view
U1636,P0249,2026-02-25 19:11:44.411571,view
U0706,P0069,2025-12-10 19:11:44.411602,purchase
U0397,P0138,2025-06-04 19:11:44.411633,purchase
U1764,P0394,2025-06-10 19:11:44.411663,cart
U0646,P0258,2025-12-03 19:11:44.411695,view
U1898,P0090,2025-06-26 19:11:44.411726,purchase
U0247,P0095,2025-08-05 19:11:44.411756,cart
U1429,P0409,2025-11-26 19:11:44.411788,view
U1323,P0429,2025-09-25 19:11:44.411818,view
U0770,P0462,2025-10-17 19:11:44.411851,view
U0748,P0438,2026-01-27 19:11:44.411881,cart
U0995,P0368,2025-06-10 19:11:44.411911,view
U1765,P0191,2025-10-13 19:11:44.411942,wishlist
U0624,P0206,2025-10-15 19:11:44.411972,view
U1123,P0119,2025-12-23 19:11:44.412003,view
U1211,P0018,2025-07-26 19:11:44.412033,view
U0539,P0052,2026-01-02 19:11:44.412094,view
U0965,P0187,2025-11-18 19:11:44.412130,view
U1077,P0084,2025-12-30 19:11:44.412163,cart
U1134,P0190,2025-04-11 19:11:44.412194,view
U0025,P0079,2025-09-20 19:11:44.412226,purchase
U0591,P0383,2025-12-09 19:11:44.412256,cart
U1314,P0466,2026-02-23 19:11:44.412286,view
U0777,P0006,2025-07-09 19:11:44.412317,view
U1580,P0413,2026-03-06 19:11:44.412349,view
U1295,P0371,2025-11-14 19:11:44.412379,wishlist
U0535,P0210,2025-11-25 19:11:44.412409,cart
U0852,P0315,2025-11-26 19:11:44.412441,view
U0135,P0233,2026-02-26 19:11:44.412472,purchase
U1247,P0458,2025-08-01 19:11:44.412512,view
U0004,P0198,2025-09-04 19:11:44.412545,purchase
U1554,P0345,2026-02-20 19:11:44.412575,purchase
U1337,P0362,2025-05-08 19:11:44.412606,wishlist
U0377,P0172,2025-07-13 19:11:44.412638,purchase
U0128,P0177,2025-07-01 19:11:44.412671,view
U1141,P0115,2025-06-24 19:11:44.412702,purchase
U0377,P0331,2025-04-27 19:11:44.412733,view
U1002,P0328,2025-08-20 19:11:44.412764,wishlist
U1073,P0145,2025-09-13 19:11:44.412795,wishlist
U0798,P0484,2025-07-19 19:11:44.412826,view
U1467,P0390,2025-08-25 19:11:44.412856,cart
U1089,P0462,2026-01-16 19:11:44.412885,view
U1694,P0173,2025-09-14 19:11:44.412914,view
U1691,P0383,2026-02-26 19:11:44.412943,cart
U0529,P0062,2026-03-27 19:11:44.412974,view
U0633,P0032,2025-06-16 19:11:44.413004,purchase
U0204,P0271,2025-08-09 19:11:44.413035,view
U1436,P0127,2025-07-16 19:11:44.413065,view
U0537,P0406,2025-04-25 19:11:44.413095,wishlist
U1869,P0341,2025-08-11 19:11:44.413126,view
U1043,P0268,2025-10-16 19:11:44.413156,view
U0345,P0272,2026-01-30 19:11:44.413188,view
U0432,P0098,2026-01-28 19:11:44.413219,view
U1622,P0091,2025-06-10 19:11:44.413250,view
U1352,P0270,2025-05-22 19:11:44.413281,purchase
U1000,P0343,2025-09-04 19:11:44.413312,cart
U1557,P0130,2026-03-04 19:11:44.413343,view
U0022,P0129,2026-01-04 19:11:44.413374,wishlist
U0350,P0307,2025-11-29 19:11:44.413407,view
U1780,P0028,2026-01-22 19:11:44.413439,view
U1090,P0130,2025-08-15 19:11:44.413469,view
U0735,P0019,2025-08-20 19:11:44.413500,view
U0044,P0034,2025-06-13 19:11:44.413529,view
U0914,P0012,2025-08-23 19:11:44.413559,view
U1089,P0345,2025-04-29 19:11:44.413590,view
U0585,P0282,2026-02-22 19:11:44.413621,purchase
U1488,P0181,2026-03-18 19:11:44.413652,view
U1511,P0368,2025-09-03 19:11:44.413682,view
U0428,P0359,2025-10-06 19:11:44.413711,purchase
U1941,P0091,2025-09-18 19:11:44.413741,view
U1074,P0192,2026-02-18 19:11:44.413771,view
U0505,P0260,2025-04-27 19:11:44.413801,view
U0552,P0351,2025-09-01 19:11:44.413830,wishlist
U1227,P0244,2026-03-21 19:11:44.413860,view
U0661,P0009,2026-04-02 19:11:44.413891,cart
U0289,P0202,2025-08-24 19:11:44.413921,view
U1766,P0023,2026-02-20 19:11:44.413951,view
U1687,P0345,2026-03-03 19:11:44.413981,view
U0724,P0108,2025-12-09 19:11:44.414012,cart
U0166,P0345,2025-05-27 19:11:44.414045,view
U0422,P0047,2025-12-30 19:11:44.414077,view
U1673,P0438,2025-09-06 19:11:44.414108,view
U0737,P0201,2025-10-05 19:11:44.414138,view
U0965,P0002,2026-01-16 19:11:44.414169,purchase
U1855,P0390,2025-06-15 19:11:44.414199,view
U1646,P0178,2025-08-13 19:11:44.414229,view
U1446,P0352,2025-11-25 19:11:44.414259,view
U0042,P0131,2026-03-23 19:11:44.414290,view
U1244,P0129,2026-03-11 19:11:44.414319,view
U1756,P0302,2025-12-01 19:11:44.414350,cart
U1852,P0321,2026-02-24 19:11:44.414382,view
U1547,P0317,2025-04-16 19:11:44.414412,view
U0579,P0430,2025-10-15 19:11:44.414443,cart
U0417,P0250,2025-12-17 19:11:44.414475,view
U1320,P0359,2025-11-29 19:11:44.414514,cart
U0405,P0048,2025-11-02 19:11:44.414547,wishlist
U0119,P0460,2025-04-13 19:11:44.414580,view
U1034,P0287,2025-04-18 19:11:44.414613,view
U0292,P0152,2025-04-26 19:11:44.414648,cart
U0182,P0482,2025-09-14 19:11:44.414680,view
U1058,P0020,2025-10-10 19:11:44.414712,purchase
U0382,P0371,2025-11-21 19:11:44.414742,view
U1813,P0293,2025-10-12 19:11:44.414773,cart
U1657,P0325,2025-10-12 19:11:44.414802,view
U1975,P0082,2025-07-01 19:11:44.414832,wishlist
U1881,P0143,2026-01-09 19:11:44.414862,view
U0476,P0391,2026-01-29 19:11:44.414894,view
U0450,P0057,2025-12-30 19:11:44.414923,view
U1757,P0115,2025-04-07 19:11:44.414953,wishlist
U0439,P0061,2025-10-13 19:11:44.414983,view
U1720,P0102,2025-05-28 19:11:44.415013,view
U1876,P0081,2025-09-08 19:11:44.415045,wishlist
U1851,P0199,2025-04-10 19:11:44.415077,view
U0210,P0161,2026-01-17 19:11:44.415108,cart
U1114,P0285,2025-12-11 19:11:44.415142,view
U0263,P0484,2025-04-29 19:11:44.415173,view
U0572,P0300,2025-07-14 19:11:44.415205,view
U1452,P0074,2025-10-14 19:11:44.415237,view
U0420,P0045,2025-09-17 19:11:44.415267,view
U1454,P0346,2025-10-23 19:11:44.415297,view
U1749,P0276,2026-01-14 19:11:44.415328,cart
U0343,P0004,2025-07-09 19:11:44.415359,view
U1766,P0105,2025-05-01 19:11:44.415389,cart
U0480,P0005,2026-03-14 19:11:44.415420,view
U1398,P0210,2025-05-20 19:11:44.415450,wishlist
U0890,P0393,2025-06-09 19:11:44.415480,wishlist
U0145,P0119,2025-07-16 19:11:44.415511,cart
U0282,P0485,2025-09-14 19:11:44.415541,view
U1985,P0306,2025-12-24 19:11:44.415571,view
U1137,P0100,2025-12-25 19:11:44.415601,wishlist
U0400,P0021,2025-08-24 19:11:44.415632,view
U0499,P0074,2026-02-23 19:11:44.415662,view
U1924,P0115,2025-09-09 19:11:44.415693,wishlist
U0399,P0359,2026-01-06 19:11:44.415724,purchase
U0578,P0494,2026-02-01 19:11:44.415754,purchase
U1275,P0099,2025-12-07 19:11:44.415784,purchase
U0484,P0429,2025-05-13 19:11:44.415815,view
U0125,P0062,2025-04-13 19:11:44.415845,purchase
U1735,P0222,2025-10-31 19:11:44.415874,wishlist
U0615,P0153,2026-04-01 19:11:44.415905,purchase
U1724,P0297,2025-06-05 19:11:44.415936,view
U1720,P0252,2025-08-11 19:11:44.415967,cart
U1094,P0372,2025-12-13 19:11:44.415997,view
U1233,P0066,2026-03-11 19:11:44.416028,view
U1497,P0182,2025-04-19 19:11:44.416058,view
U1842,P0005,2025-04-11 19:11:44.416089,view
U0911,P0209,2025-11-14 19:11:44.416119,view
U0662,P0216,2025-07-24 19:11:44.416150,view
U0031,P0062,2025-06-23 19:11:44.416180,purchase
U0216,P0492,2026-01-04 19:11:44.416209,cart
U1859,P0109,2025-06-08 19:11:44.416240,view
U0518,P0304,2025-06-13 19:11:44.416270,view
U0937,P0123,2026-03-11 19:11:44.416300,view
U1967,P0469,2025-12-09 19:11:44.416331,cart
U1414,P0235,2026-03-19 19:11:44.416360,view
U0808,P0457,2025-12-13 19:11:44.416390,view
U0133,P0247,2025-12-12 19:11:44.416421,view
U1059,P0362,2025-05-25 19:11:44.416451,view
U0675,P0403,2025-05-26 19:11:44.416482,purchase
U1048,P0038,2026-03-16 19:11:44.416521,cart
U0207,P0203,2025-08-07 19:11:44.416553,view
U0355,P0019,2026-03-22 19:11:44.416584,purchase
U1524,P0493,2025-04-20 19:11:44.416620,view
U1042,P0143,2025-07-03 19:11:44.416651,purchase
U0037,P0295,2025-05-28 19:11:44.416681,purchase
U1630,P0091,2025-11-29 19:11:44.416711,view
U0708,P0126,2025-12-08 19:11:44.416741,view
U1813,P0240,2026-02-06 19:11:44.416770,view
U0268,P0249,2026-03-10 19:11:44.416799,wishlist
U0711,P0428,2025-09-04 19:11:44.416829,purchase
U1899,P0110,2026-03-23 19:11:44.416859,wishlist
U0760,P0409,2025-06-21 19:11:44.416889,view
U0735,P0261,2026-01-15 19:11:44.416919,cart
U0670,P0314,2025-06-10 19:11:44.416949,view
U0848,P0417,2025-12-09 19:11:44.416979,view
U0683,P0414,2025-05-07 19:11:44.417009,view
U1333,P0343,2026-02-05 19:11:44.417041,cart
U0424,P0298,2025-10-15 19:11:44.417071,view
U0581,P0151,2026-01-18 19:11:44.417101,view
U1885,P0054,2025-05-04 19:11:44.417131,view
U0481,P0181,2025-07-03 19:11:44.417160,view
U0405,P0129,2025-12-10 19:11:44.417188,view
U1338,P0223,2025-12-29 19:11:44.417217,purchase
U0936,P0359,2026-03-20 19:11:44.417247,view
U1542,P0011,2025-08-01 19:11:44.417278,cart
U1954,P0100,2025-06-12 19:11:44.417308,view
U1059,P0349,2025-04-22 19:11:44.417337,view
U1812,P0008,2025-07-09 19:11:44.417370,view
U1903,P0186,2025-08-14 19:11:44.417401,view
U1355,P0140,2025-07-20 19:11:44.417431,purchase
U1256,P0420,2026-03-09 19:11:44.417461,view
U0902,P0409,2025-11-23 19:11:44.417491,purchase
U1335,P0049,2026-01-01 19:11:44.417520,purchase
U0876,P0030,2025-08-27 19:11:44.417558,view
U1492,P0189,2025-12-28 19:11:44.417588,purchase
U1077,P0194,2026-01-31 19:11:44.417617,view
U0713,P0150,2025-07-05 19:11:44.417646,cart
U0576,P0165,2025-07-05 19:11:44.417676,wishlist
U0700,P0394,2025-07-02 19:11:44.417705,cart
U0755,P0064,2025-11-07 19:11:44.417736,wishlist
U0623,P0278,2025-07-18 19:11:44.417767,wishlist
U0170,P0387,2025-09-19 19:11:44.417798,view
U0877,P0237,2025-06-26 19:11:44.417829,view
U1773,P0458,2025-05-30 19:11:44.417858,view
U1683,P0317,2026-01-31 19:11:44.417888,cart
U1291,P0291,2026-03-29 19:11:44.417918,view
U1330,P0275,2025-11-29 19:11:44.417949,cart
U1639,P0045,2026-02-03 19:11:44.417979,view
U1812,P0121,2025-04-21 19:11:44.418008,wishlist
U1551,P0189,2026-01-29 19:11:44.418039,cart
U1899,P0446,2025-06-19 19:11:44.418069,purchase
U1707,P0031,2025-11-17 19:11:44.418099,cart
U1991,P0081,2025-09-03 19:11:44.418128,purchase
U0495,P0338,2025-11-01 19:11:44.418157,view
U0128,P0128,2025-09-24 19:11:44.418187,view
U0119,P0020,2025-07-01 19:11:44.418217,view
U1031,P0418,2025-07-22 19:11:44.418249,wishlist
U1371,P0161,2025-11-22 19:11:44.418279,view
U1633,P0030,2025-07-20 19:11:44.418310,view
U0166,P0495,2025-11-06 19:11:44.418339,view
U1048,P0209,2025-08-19 19:11:44.418369,purchase
U0397,P0174,2026-03-28 19:11:44.418398,view
U1061,P0035,2025-12-28 19:11:44.418427,view
U1663,P0446,2025-08-28 19:11:44.418456,cart
U0144,P0381,2025-04-20 19:11:44.418487,view
U1859,P0192,2025-09-27 19:11:44.418525,view
U0237,P0408,2026-01-21 19:11:44.418556,wishlist
U1759,P0105,2025-11-02 19:11:44.418585,view
U1131,P0401,2026-01-08 19:11:44.418616,cart
U0375,P0497,2026-03-09 19:11:44.418646,view
U0845,P0495,2025-07-30 19:11:44.418676,cart
U1914,P0095,2026-01-22 19:11:44.418707,view
U1547,P0110,2025-12-25 19:11:44.418737,view
U1613,P0123,2025-10-26 19:11:44.418768,cart
U0927,P0142,2025-06-23 19:11:44.418797,cart
U1513,P0091,2025-12-29 19:11:44.418828,view
U0486,P0018,2025-11-14 19:11:44.418858,purchase
U1269,P0459,2025-06-01 19:11:44.418888,view
U0837,P0384,2025-07-28 19:11:44.418920,view
U0804,P0112,2025-12-19 19:11:44.418949,cart
U1793,P0018,2025-08-14 19:11:44.418978,view
U1833,P0161,2025-11-28 19:11:44.419008,view
U0699,P0190,2025-06-01 19:11:44.419038,view
U1724,P0497,2025-06-11 19:11:44.419068,view
U0949,P0134,2025-06-01 19:11:44.419097,purchase
U0435,P0006,2025-12-30 19:11:44.419127,view
U0677,P0296,2025-10-11 19:11:44.419156,cart
U0676,P0035,2025-05-14 19:11:44.419187,purchase
U0842,P0035,2025-05-02 19:11:44.419217,cart
U1488,P0150,2025-09-09 19:11:44.419247,view
U0121,P0350,2025-05-06 19:11:44.419282,view
U0923,P0307,2025-12-11 19:11:44.419313,cart
U1265,P0300,2025-08-02 19:11:44.419344,view
U0794,P0021,2025-09-23 19:11:44.419374,view
U0970,P0146,2025-05-06 19:11:44.419404,cart
U0609,P0119,2026-02-10 19:11:44.419435,view
U0880,P0252,2025-09-09 19:11:44.419466,cart
U1932,P0081,2025-06-01 19:11:44.419496,cart
U1430,P0395,2025-10-28 19:11:44.419526,view
U1133,P0362,2025-05-22 19:11:44.419556,cart
U1090,P0478,2025-04-27 19:11:44.419586,cart
U0922,P0293,2025-06-19 19:11:44.419617,view
U0747,P0307,2026-04-02 19:11:44.419647,wishlist
U0168,P0422,2025-06-10 19:11:44.419677,view
U1718,P0033,2025-05-12 19:11:44.419708,cart
U1862,P0182,2025-06-25 19:11:44.419739,view
U1599,P0241,2025-04-15 19:11:44.419769,view
U1394,P0128,2026-01-09 19:11:44.419798,purchase
U0921,P0410,2025-09-19 19:11:44.419828,view
U1082,P0209,2025-09-02 19:11:44.419857,view
U0534,P0266,2025-12-26 19:11:44.419890,wishlist
U1752,P0007,2025-10-31 19:11:44.419920,view
U0177,P0237,2025-11-01 19:11:44.419949,view
U1870,P0375,2025-06-24 19:11:44.419979,cart
U0995,P0429,2025-10-27 19:11:44.420009,view
U0573,P0084,2025-07-08 19:11:44.420039,view
U0003,P0410,2026-02-06 19:11:44.420069,purchase
U1529,P0317,2026-01-16 19:11:44.420099,purchase
U1839,P0437,2025-06-09 19:11:44.420129,purchase
U0096,P0221,2026-01-18 19:11:44.420160,view
U0907,P0206,2025-05-11 19:11:44.420188,view
U1996,P0453,2025-11-27 19:11:44.420218,wishlist
U1407,P0140,2025-05-13 19:11:44.420246,view
U0550,P0218,2025-05-14 19:11:44.420274,view
U0731,P0428,2026-02-02 19:11:44.420302,view
U0597,P0162,2026-03-13 19:11:44.420329,cart
U0802,P0416,2026-02-01 19:11:44.420357,wishlist
U1564,P0478,2025-04-21 19:11:44.420385,purchase
U0793,P0230,2025-04-19 19:11:44.420413,view
U0468,P0064,2025-10-29 19:11:44.420441,view
U0931,P0236,2025-09-05 19:11:44.420470,view
U1347,P0172,2025-09-17 19:11:44.420503,purchase
U1649,P0381,2026-03-15 19:11:44.420533,cart
U1252,P0497,2025-06-01 19:11:44.420562,cart
U1496,P0297,2026-01-26 19:11:44.420592,view
U1399,P0241,2025-04-09 19:11:44.420622,view
U0976,P0321,2025-07-23 19:11:44.420650,view
U0601,P0471,2025-07-28 19:11:44.420679,view
U0695,P0483,2025-10-12 19:11:44.420709,cart
U0260,P0467,2025-08-27 19:11:44.420737,cart
U0415,P0204,2026-03-01 19:11:44.420764,view
U1807,P0287,2025-04-07 19:11:44.420794,cart
U0160,P0062,2025-10-06 19:11:44.420824,purchase
U1336,P0347,2026-03-29 19:11:44.420853,view
U1328,P0344,2025-06-06 19:11:44.420881,view
U0647,P0018,2025-06-17 19:11:44.420910,view
U0234,P0436,2025-11-03 19:11:44.420938,view
U1859,P0242,2025-10-30 19:11:44.420966,cart
U1880,P0264,2026-03-15 19:11:44.420995,cart
U0757,P0180,2026-01-26 19:11:44.421023,view
U1696,P0389,2025-06-20 19:11:44.421052,cart
U0325,P0016,2025-09-11 19:11:44.421081,view
U1397,P0327,2025-08-23 19:11:44.421110,cart
U1146,P0375,2025-11-14 19:11:44.421143,wishlist
U1317,P0289,2025-12-24 19:11:44.421173,view
U1284,P0113,2026-02-27 19:11:44.421202,wishlist
U1668,P0371,2025-08-07 19:11:44.421232,view
U0064,P0263,2026-03-29 19:11:44.421262,view
U0959,P0294,2025-04-25 19:11:44.421293,view
U1527,P0242,2025-08-26 19:11:44.421323,view
U1748,P0493,2026-02-12 19:11:44.421351,view
U0958,P0367,2025-09-12 19:11:44.421380,purchase
U1219,P0332,2025-09-01 19:11:44.421408,view
U0168,P0285,2025-05-10 19:11:44.421436,view
U1290,P0337,2025-11-25 19:11:44.421465,purchase
U0147,P0035,2026-04-02 19:11:44.421494,cart
U1466,P0310,2025-12-02 19:11:44.421523,purchase
U0599,P0230,2026-03-07 19:11:44.421552,view
U1730,P0102,2025-11-02 19:11:44.421580,view
U1896,P0180,2025-07-15 19:11:44.421609,view
U1966,P0460,2025-05-31 19:11:44.421637,view
U0250,P0017,2025-08-16 19:11:44.421666,view
U0626,P0343,2026-03-23 19:11:44.421694,view
U1304,P0176,2026-03-20 19:11:44.421725,view
U0606,P0353,2025-07-09 19:11:44.421756,cart
U1635,P0060,2026-02-25 19:11:44.421788,view
U1803,P0383,2025-09-08 19:11:44.421816,view
U1917,P0145,2025-12-14 19:11:44.421845,view
U1009,P0350,2025-10-03 19:11:44.421874,cart
U0495,P0344,2025-07-25 19:11:44.421903,cart
U0368,P0311,2025-11-30 19:11:44.421932,view
U0052,P0380,2025-11-24 19:11:44.421960,cart
U1389,P0326,2025-08-03 19:11:44.421989,wishlist
U1853,P0319,2025-06-22 19:11:44.422019,view
U1931,P0107,2025-07-15 19:11:44.422049,view
U0242,P0161,2025-06-29 19:11:44.422078,view
U1043,P0271,2025-08-26 19:11:44.422108,purchase
U1966,P0371,2025-05-09 19:11:44.422138,cart
U1727,P0448,2026-03-19 19:11:44.422168,view
U1563,P0214,2025-12-19 19:11:44.422197,view
U1965,P0201,2025-11-25 19:11:44.422226,view
U1472,P0086,2025-08-08 19:11:44.422254,wishlist
U1567,P0197,2025-06-30 19:11:44.422283,view
U0529,P0177,2025-08-07 19:11:44.422312,view
U0215,P0264,2026-03-02 19:11:44.422340,view
U1808,P0144,2025-11-14 19:11:44.422370,view
U1897,P0280,2025-11-14 19:11:44.422398,view
U0408,P0312,2025-08-13 19:11:44.422427,view
U0656,P0047,2025-07-09 19:11:44.422455,view
U1833,P0070,2026-02-13 19:11:44.422485,cart
U0720,P0398,2026-01-31 19:11:44.422520,view
U0126,P0187,2026-01-07 19:11:44.422550,cart
U0080,P0432,2026-03-04 19:11:44.422578,wishlist
U1947,P0111,2025-10-05 19:11:44.422607,view
U1380,P0454,2025-09-11 19:11:44.422636,cart
U1023,P0372,2026-03-10 19:11:44.422667,view
U1459,P0311,2026-01-14 19:11:44.422695,cart
U0936,P0116,2025-10-11 19:11:44.422723,view
U0326,P0147,2025-09-19 19:11:44.422754,view
U0631,P0083,2025-08-22 19:11:44.422782,cart
U0206,P0210,2025-07-24 19:11:44.422809,cart
U1465,P0378,2025-10-09 19:11:44.422838,purchase
U1635,P0105,2025-07-04 19:11:44.422867,view
U0191,P0059,2025-10-08 19:11:44.422895,view
U0208,P0454,2025-09-04 19:11:44.422925,cart
U0584,P0374,2025-06-06 19:11:44.422956,cart
U0243,P0226,2025-08-29 19:11:44.423008,view
U0351,P0220,2025-11-07 19:11:44.423040,cart
U0287,P0122,2026-02-10 19:11:44.423070,cart
U0079,P0326,2025-04-29 19:11:44.423099,cart
U1959,P0341,2025-10-25 19:11:44.423144,wishlist
U0306,P0303,2025-11-21 19:11:44.423174,cart
U1361,P0154,2025-10-24 19:11:44.423203,view
U0527,P0480,2025-09-25 19:11:44.423231,view
U0193,P0033,2025-12-09 19:11:44.423259,cart
U0863,P0368,2025-09-11 19:11:44.423287,view
U1253,P0140,2025-12-20 19:11:44.423314,view
U1164,P0012,2025-10-12 19:11:44.423343,cart
U1318,P0289,2025-06-07 19:11:44.423371,view
U0459,P0298,2025-06-20 19:11:44.423400,view
U1109,P0095,2025-08-26 19:11:44.423429,view
U0069,P0227,2025-08-17 19:11:44.423457,purchase
U1911,P0385,2026-02-22 19:11:44.423485,cart
U1558,P0339,2025-11-09 19:11:44.423514,view
U1714,P0259,2026-02-20 19:11:44.423543,view
U1385,P0228,2025-05-06 19:11:44.423572,view
U0690,P0137,2025-12-07 19:11:44.423600,view
U1173,P0044,2025-08-23 19:11:44.423630,view
U1109,P0345,2025-06-13 19:11:44.423658,purchase
U0248,P0401,2025-05-16 19:11:44.423687,purchase
U1157,P0495,2025-08-08 19:11:44.423715,view
U1091,P0483,2025-06-27 19:11:44.423744,view
U0020,P0194,2026-01-01 19:11:44.423773,view
U0777,P0445,2025-05-29 19:11:44.423802,view
U0490,P0171,2026-03-27 19:11:44.423831,purchase
U1105,P0404,2025-08-04 19:11:44.423860,cart
U0788,P0405,2025-07-03 19:11:44.423889,view
U1552,P0011,2025-08-28 19:11:44.423918,cart
U1888,P0444,2025-08-09 19:11:44.423947,view
U1340,P0356,2026-01-26 19:11:44.423975,purchase
U0978,P0427,2026-01-22 19:11:44.424006,view
U0511,P0231,2025-05-21 19:11:44.424037,view
U1188,P0388,2025-10-31 19:11:44.424067,view
U1070,P0365,2025-10-20 19:11:44.424099,wishlist
U1342,P0165,2025-07-19 19:11:44.424128,view
U0294,P0458,2026-03-14 19:11:44.424158,view
U1746,P0498,2025-12-11 19:11:44.424187,view
U1371,P0070,2025-06-16 19:11:44.424216,purchase
U0747,P0207,2026-03-25 19:11:44.424245,purchase
U0628,P0453,2025-08-21 19:11:44.424277,view
U0622,P0383,2025-06-29 19:11:44.424307,view
U1153,P0254,2025-10-25 19:11:44.424337,view
U1422,P0162,2026-02-07 19:11:44.424365,view
U0314,P0437,2025-04-20 19:11:44.424393,view
U0171,P0002,2025-12-14 19:11:44.424423,view
U0977,P0316,2025-04-08 19:11:44.424452,view
U1179,P0397,2025-05-30 19:11:44.424481,cart
U1788,P0388,2026-01-24 19:11:44.424517,cart
U0957,P0346,2025-12-10 19:11:44.424548,view
U1793,P0298,2025-09-05 19:11:44.424578,view
U0992,P0319,2026-02-09 19:11:44.424607,view
U0453,P0054,2025-04-25 19:11:44.424636,view
U1648,P0090,2025-07-25 19:11:44.424665,view
U1538,P0455,2025-09-05 19:11:44.424693,view
U0044,P0017,2026-01-17 19:11:44.424721,view
U1417,P0426,2025-11-03 19:11:44.424749,view
U0462,P0008,2026-02-06 19:11:44.424777,purchase
U1946,P0352,2026-02-16 19:11:44.424806,view
U1705,P0422,2025-06-27 19:11:44.424835,view
U1259,P0411,2026-01-11 19:11:44.424863,view
U1042,P0175,2025-07-30 19:11:44.424893,view
U1518,P0305,2025-07-31 19:11:44.424922,view
U0215,P0040,2025-05-14 19:11:44.424951,wishlist
U1533,P0355,2025-08-28 19:11:44.424981,view
U0993,P0435,2026-01-30 19:11:44.425009,view
U0703,P0418,2025-11-02 19:11:44.425037,view
U0522,P0345,2025-06-25 19:11:44.425064,cart
U1706,P0408,2025-10-21 19:11:44.425093,purchase
U0921,P0123,2025-06-07 19:11:44.425121,purchase
U0110,P0284,2026-02-28 19:11:44.425152,view
U1047,P0135,2025-11-19 19:11:44.425180,purchase
U1083,P0333,2026-03-30 19:11:44.425208,view
U0034,P0435,2025-12-28 19:11:44.425236,view
U1701,P0354,2025-04-21 19:11:44.425263,view
U1812,P0418,2025-04-13 19:11:44.425291,cart
U0451,P0467,2025-06-19 19:11:44.425321,cart
U0909,P0138,2025-09-20 19:11:44.425350,view
U1167,P0320,2026-04-05 19:11:44.425389,wishlist
U0522,P0378,2025-04-06 19:11:44.425450,view
U0976,P0145,2026-02-10 19:11:44.425504,view
U0569,P0470,2026-03-10 19:11:44.425561,view
U0326,P0066,2025-09-26 19:11:44.425616,view
U0009,P0141,2025-08-07 19:11:44.425669,view
U1240,P0187,2025-05-21 19:11:44.425722,view
U1515,P0348,2025-08-23 19:11:44.425778,purchase
U0858,P0001,2026-01-29 19:11:44.425833,purchase
U1922,P0386,2025-04-07 19:11:44.425886,view
U1760,P0171,2026-04-01 19:11:44.425938,cart
U0949,P0391,2026-04-04 19:11:44.425989,view
U0354,P0052,2025-06-14 19:11:44.426039,view
U1708,P0355,2025-05-10 19:11:44.426087,wishlist
U1991,P0133,2025-09-10 19:11:44.426138,view
U0933,P0359,2025-05-15 19:11:44.426188,cart
U1307,P0463,2026-01-14 19:11:44.426239,cart
U1287,P0418,2025-08-26 19:11:44.426290,view
U1294,P0203,2025-07-12 19:11:44.426341,cart
U0818,P0132,2025-08-07 19:11:44.426394,view
U0444,P0430,2025-05-14 19:11:44.426448,view
U1690,P0335,2026-03-01 19:11:44.426499,cart
U0965,P0243,2025-10-12 19:11:44.426560,view
U0291,P0062,2026-02-28 19:11:44.426605,view
U1171,P0216,2025-09-18 19:11:44.426652,wishlist
U0940,P0477,2025-11-15 19:11:44.426687,wishlist
U0983,P0129,2026-02-26 19:11:44.426719,view
U0137,P0460,2025-10-05 19:11:44.426750,view
U0600,P0314,2026-02-20 19:11:44.426781,wishlist
U1277,P0232,2025-09-26 19:11:44.426812,view
U0546,P0204,2025-09-01 19:11:44.426845,cart
U0827,P0127,2026-01-23 19:11:44.426875,wishlist
U1829,P0319,2026-03-09 19:11:44.426906,view
U1623,P0396,2025-11-14 19:11:44.426937,wishlist
U1986,P0175,2026-01-20 19:11:44.426967,view
U0668,P0114,2025-04-14 19:11:44.427005,cart
U1853,P0318,2025-10-06 19:11:44.427036,view
U0333,P0495,2026-01-10 19:11:44.427066,wishlist
U0590,P0489,2025-08-05 19:11:44.427096,view
U0529,P0007,2025-10-31 19:11:44.427127,view
U1589,P0216,2026-02-17 19:11:44.427156,view
U0525,P0495,2025-09-18 19:11:44.427186,view
U0733,P0337,2025-06-20 19:11:44.427217,purchase
U1537,P0405,2025-05-10 19:11:44.427247,view
U1933,P0089,2026-02-02 19:11:44.427278,view
U0012,P0473,2026-01-11 19:11:44.427307,cart
U0588,P0325,2025-07-22 19:11:44.427337,purchase
U0776,P0119,2025-12-21 19:11:44.427373,wishlist
U1566,P0132,2025-06-04 19:11:44.427403,view
U0327,P0057,2025-08-04 19:11:44.427432,purchase
U0770,P0383,2025-10-15 19:11:44.427463,view
U0623,P0297,2025-05-18 19:11:44.427493,cart
U1357,P0087,2025-08-10 19:11:44.427524,view
U1046,P0239,2026-04-01 19:11:44.427553,view
U1463,P0489,2025-04-29 19:11:44.427583,view
U0983,P0012,2025-10-12 19:11:44.427614,view
U0257,P0397,2025-10-25 19:11:44.427644,view
U0247,P0145,2025-12-14 19:11:44.427674,view
U0022,P0172,2025-11-04 19:11:44.427704,purchase
U1212,P0163,2026-01-11 19:11:44.427733,cart
U1361,P0362,2025-09-24 19:11:44.427762,wishlist
U0176,P0136,2025-11-24 19:11:44.427792,cart
U1795,P0234,2025-07-01 19:11:44.427821,cart
U1156,P0426,2025-10-30 19:11:44.427850,cart
U1121,P0125,2025-12-19 19:11:44.427880,purchase
U1484,P0132,2025-05-17 19:11:44.427908,purchase
U0358,P0376,2025-09-16 19:11:44.427937,cart
U1731,P0268,2026-01-08 19:11:44.427968,view
U1962,P0491,2025-04-05 19:11:44.427996,view
U1363,P0356,2026-03-04 19:11:44.428025,cart
U1434,P0429,2025-06-10 19:11:44.428056,view
U0370,P0229,2025-06-29 19:11:44.428085,cart
U0290,P0419,2025-05-24 19:11:44.428114,view
U0561,P0031,2025-04-26 19:11:44.428143,view
U0339,P0083,2025-06-28 19:11:44.428172,view
U0294,P0141,2025-04-29 19:11:44.428201,view
U1065,P0346,2025-09-25 19:11:44.428229,view
U0214,P0027,2026-01-24 19:11:44.428259,cart
U1239,P0047,2025-09-26 19:11:44.428288,wishlist
U1890,P0432,2026-03-15 19:11:44.428317,wishlist
U0704,P0205,2026-03-07 19:11:44.428346,purchase
U1553,P0492,2026-03-29 19:11:44.428374,view
U1835,P0328,2026-02-16 19:11:44.428402,view
U1776,P0190,2026-01-24 19:11:44.428432,view
U0104,P0339,2025-08-01 19:11:44.428462,view
U1895,P0159,2026-01-13 19:11:44.428490,purchase
U0361,P0343,2025-11-28 19:11:44.428528,view
U1370,P0430,2025-05-31 19:11:44.428559,view
U1741,P0150,2026-01-03 19:11:44.428589,cart
U1807,P0217,2025-11-01 19:11:44.428619,purchase
U0879,P0068,2026-04-01 19:11:44.428647,view
U0978,P0331,2025-10-19 19:11:44.428675,view
U0874,P0190,2025-11-21 19:11:44.428703,view
U0667,P0394,2026-02-04 19:11:44.428731,view
U0875,P0177,2025-12-30 19:11:44.428760,view
U1659,P0217,2025-05-13 19:11:44.428789,purchase
U0301,P0044,2025-12-11 19:11:44.428819,view
U1189,P0082,2025-12-26 19:11:44.428848,purchase
U1086,P0123,2025-11-03 19:11:44.428876,view
U0437,P0077,2025-08-21 19:11:44.428903,view
U0932,P0311,2025-08-17 19:11:44.428931,view
U1391,P0263,2025-10-08 19:11:44.428960,view
U1480,P0033,2026-03-18 19:11:44.428988,view
U0529,P0458,2025-11-01 19:11:44.429016,view
U0837,P0266,2026-03-21 19:11:44.429044,view
U0061,P0402,2025-11-03 19:11:44.429074,view
U0085,P0171,2025-12-20 19:11:44.429103,view
U1689,P0009,2025-12-09 19:11:44.429131,cart
U1449,P0374,2025-04-27 19:11:44.429160,cart
U1633,P0241,2025-04-10 19:11:44.429189,purchase
U1042,P0169,2025-05-03 19:11:44.429220,wishlist
U0649,P0048,2025-12-16 19:11:44.429267,view
U1261,P0422,2025-05-11 19:11:44.429298,cart
U1421,P0393,2025-12-09 19:11:44.429329,purchase
U0612,P0124,2025-12-18 19:11:44.429359,view
U1052,P0455,2026-01-23 19:11:44.429388,view
U0471,P0453,2026-02-26 19:11:44.429419,view
U0146,P0414,2025-07-07 19:11:44.429448,wishlist
U1794,P0498,2025-05-17 19:11:44.429478,cart
U1547,P0431,2026-01-30 19:11:44.429507,cart
U0914,P0078,2026-02-08 19:11:44.429536,view
U0816,P0076,2025-04-09 19:11:44.429565,purchase
U0596,P0201,2025-06-30 19:11:44.429595,cart
U1463,P0017,2026-01-08 19:11:44.429623,wishlist
U0052,P0229,2025-12-10 19:11:44.429652,purchase
U0954,P0250,2026-03-26 19:11:44.429680,view
U0602,P0262,2025-04-08 19:11:44.429709,cart
U1960,P0080,2025-11-16 19:11:44.429738,wishlist
U1311,P0015,2025-10-28 19:11:44.429767,view
U1914,P0454,2026-01-26 19:11:44.429795,wishlist
U1380,P0156,2026-03-21 19:11:44.429823,cart
U1299,P0409,2025-12-07 19:11:44.429850,view
U1570,P0137,2026-02-28 19:11:44.429879,cart
U1265,P0067,2025-05-07 19:11:44.429909,cart
U1714,P0458,2025-11-30 19:11:44.429938,view
U1759,P0500,2025-08-12 19:11:44.429967,cart
U1824,P0008,2025-08-16 19:11:44.429996,view
U0455,P0430,2025-08-27 19:11:44.430024,view
U1775,P0311,2025-08-06 19:11:44.430053,wishlist
U1585,P0318,2025-05-01 19:11:44.430081,view
U1164,P0396,2025-12-16 19:11:44.430110,view
U1302,P0166,2026-01-30 19:11:44.430140,view
U0252,P0132,2025-11-09 19:11:44.430170,view
U0293,P0303,2026-01-04 19:11:44.430199,cart
U1448,P0229,2025-12-24 19:11:44.430228,view
U0363,P0371,2025-10-26 19:11:44.430256,view
U0564,P0176,2026-02-03 19:11:44.430285,cart
U0981,P0117,2025-09-07 19:11:44.430314,wishlist
U1810,P0301,2025-04-27 19:11:44.430342,view
U1222,P0401,2025-09-06 19:11:44.430372,wishlist
U1366,P0158,2025-10-26 19:11:44.430401,wishlist
U1528,P0462,2025-07-14 19:11:44.430430,purchase
U1660,P0361,2026-01-31 19:11:44.430458,view
U0447,P0406,2025-12-13 19:11:44.430487,view
U0305,P0053,2025-08-24 19:11:44.430516,cart
U0295,P0333,2025-04-22 19:11:44.430553,wishlist
U0271,P0183,2025-04-29 19:11:44.430584,view
U1936,P0474,2025-08-10 19:11:44.430616,cart
U1554,P0417,2026-03-04 19:11:44.430646,view
U0231,P0233,2025-06-14 19:11:44.430676,view
U1127,P0247,2025-10-10 19:11:44.430708,cart
U1169,P0187,2025-12-10 19:11:44.430736,view
U0810,P0144,2025-04-13 19:11:44.430766,view
U1381,P0029,2025-09-23 19:11:44.430795,wishlist
U1138,P0211,2025-08-12 19:11:44.430825,view
U1206,P0450,2025-05-08 19:11:44.430853,view
U0645,P0161,2025-10-28 19:11:44.430881,view
U1036,P0301,2026-01-11 19:11:44.430910,view
U0517,P0291,2025-05-19 19:11:44.430939,view
U1852,P0239,2025-12-12 19:11:44.430969,view
U1426,P0480,2026-01-21 19:11:44.430998,view
U1153,P0433,2025-08-13 19:11:44.431027,wishlist
U1810,P0087,2026-03-27 19:11:44.431055,view
U0879,P0455,2025-06-15 19:11:44.431083,view
U0405,P0490,2026-01-10 19:11:44.431112,view
U1316,P0308,2025-05-02 19:11:44.431139,purchase
U0333,P0169,2026-01-25 19:11:44.431167,cart
U0056,P0252,2025-09-05 19:11:44.431195,view
U1872,P0242,2025-06-18 19:11:44.431223,cart
U1215,P0445,2026-01-22 19:11:44.431252,view
U0916,P0014,2025-04-09 19:11:44.431280,purchase
U0171,P0437,2025-08-11 19:11:44.431308,purchase
U1018,P0224,2025-12-31 19:11:44.431336,view
U1211,P0023,2025-09-02 19:11:44.431364,view
U1206,P0273,2025-11-21 19:11:44.431392,view
U0884,P0240,2025-09-18 19:11:44.431420,purchase
U0638,P0295,2025-11-24 19:11:44.431448,view
U1822,P0254,2025-05-20 19:11:44.431476,view
U0880,P0375,2025-08-11 19:11:44.431506,wishlist
U1885,P0225,2026-03-08 19:11:44.431534,cart
U1496,P0188,2025-12-27 19:11:44.431564,view
U1917,P0315,2025-07-01 19:11:44.431592,view
U0529,P0087,2025-12-26 19:11:44.431621,view
U1312,P0166,2025-08-06 19:11:44.431649,view
U1037,P0018,2025-12-05 19:11:44.431678,purchase
U0233,P0226,2026-02-28 19:11:44.431706,purchase
U0133,P0150,2025-12-02 19:11:44.431736,cart
U1323,P0113,2025-10-11 19:11:44.431764,view
U1056,P0449,2025-10-16 19:11:44.431792,view
U1875,P0100,2025-05-31 19:11:44.431821,view
U0874,P0215,2025-05-24 19:11:44.431850,view
U0732,P0082,2025-12-04 19:11:44.431879,wishlist
U1610,P0030,2025-04-07 19:11:44.431908,wishlist
U0433,P0310,2026-01-08 19:11:44.431937,view
U0735,P0149,2025-12-05 19:11:44.431965,view
U0017,P0230,2025-05-13 19:11:44.431992,purchase
U0083,P0058,2025-04-11 19:11:44.432021,view
U1860,P0039,2025-07-07 19:11:44.432049,view
U1716,P0493,2026-03-02 19:11:44.432077,view
U1620,P0476,2025-12-29 19:11:44.432106,view
U1222,P0237,2025-10-14 19:11:44.432135,view
U1208,P0415,2025-12-10 19:11:44.432164,view
U0437,P0350,2025-08-21 19:11:44.432190,view
U0519,P0416,2025-12-13 19:11:44.432218,purchase
U0727,P0285,2025-12-20 19:11:44.432246,view
U1874,P0207,2025-06-16 19:11:44.432275,wishlist
U1687,P0129,2025-04-18 19:11:44.432304,view
U0146,P0230,2025-07-23 19:11:44.432333,wishlist
U0604,P0437,2025-04-07 19:11:44.432362,view
U0749,P0015,2025-04-12 19:11:44.432390,wishlist
U0097,P0189,2025-10-27 19:11:44.432418,view
U0805,P0080,2026-04-02 19:11:44.432446,purchase
U1173,P0286,2025-07-12 19:11:44.432474,view
U1529,P0498,2026-02-17 19:11:44.432503,view
U1537,P0085,2025-06-22 19:11:44.432537,view
U1008,P0261,2025-07-06 19:11:44.432568,view
U1739,P0488,2026-01-10 19:11:44.432598,purchase
U1915,P0020,2026-02-16 19:11:44.432628,view
U1650,P0397,2026-03-03 19:11:44.432657,cart
U0893,P0015,2025-06-01 19:11:44.432685,wishlist
U1848,P0325,2026-03-21 19:11:44.432715,cart
U1530,P0311,2025-10-11 19:11:44.432743,cart
U0364,P0119,2025-04-08 19:11:44.432771,cart
U1111,P0189,2025-11-09 19:11:44.432798,view
U1092,P0307,2025-12-07 19:11:44.432825,purchase
U0489,P0290,2025-11-17 19:11:44.432853,view
U0134,P0362,2025-09-18 19:11:44.432881,view
U1666,P0182,2025-09-21 19:11:44.432908,cart
U1135,P0312,2025-11-04 19:11:44.432936,view
U0024,P0371,2025-04-06 19:11:44.432964,view
U0954,P0350,2025-04-30 19:11:44.432991,view
U0580,P0479,2025-12-21 19:11:44.433019,view
U1855,P0429,2026-02-26 19:11:44.433047,wishlist
U0725,P0095,2026-02-08 19:11:44.433074,wishlist
U0827,P0433,2025-10-09 19:11:44.433102,view
U0752,P0277,2025-06-22 19:11:44.433129,purchase
U0894,P0133,2025-12-15 19:11:44.433157,view
U0453,P0134,2025-10-12 19:11:44.433184,view
U0123,P0075,2025-07-02 19:11:44.433212,view
U0937,P0459,2026-02-27 19:11:44.433240,view
U0793,P0124,2025-04-09 19:11:44.433269,view
U1529,P0262,2025-09-28 19:11:44.433297,cart
U0137,P0279,2025-06-30 19:11:44.433326,cart
U0146,P0313,2025-05-29 19:11:44.433354,wishlist
U1087,P0451,2026-03-26 19:11:44.433382,view
U1174,P0313,2025-08-28 19:11:44.433410,view
U1946,P0182,2026-04-05 19:11:44.433437,view
U0837,P0469,2025-07-31 19:11:44.433466,view
U0668,P0015,2025-10-26 19:11:44.433493,view
U1507,P0197,2025-09-30 19:11:44.433521,purchase
U0643,P0052,2025-05-21 19:11:44.433548,cart
U1463,P0167,2026-03-02 19:11:44.433576,view
U0829,P0214,2025-10-02 19:11:44.433603,view
U0710,P0063,2025-06-26 19:11:44.433629,view
U0910,P0104,2025-05-23 19:11:44.433657,view
U0373,P0272,2025-05-20 19:11:44.433685,view
U1182,P0137,2025-11-19 19:11:44.433712,view
U0347,P0346,2025-08-05 19:11:44.433740,view
U0327,P0197,2026-01-17 19:11:44.433768,view
U0805,P0344,2025-12-24 19:11:44.433795,purchase
U0991,P0141,2025-12-30 19:11:44.433822,view
U1861,P0156,2026-03-12 19:11:44.433850,purchase
U1568,P0474,2026-03-27 19:11:44.433877,view
U0483,P0226,2025-07-25 19:11:44.433906,view
U1207,P0397,2026-03-01 19:11:44.433935,view
U1105,P0021,2026-03-30 19:11:44.433963,view
U0214,P0393,2025-12-18 19:11:44.433991,view
U0088,P0223,2025-04-22 19:11:44.434018,view
U1792,P0175,2025-06-25 19:11:44.434047,cart
U0374,P0259,2025-04-09 19:11:44.434076,view
U1059,P0311,2025-08-08 19:11:44.434105,view
U1119,P0451,2025-12-22 19:11:44.434134,view
U1544,P0477,2026-01-04 19:11:44.434163,wishlist
U0210,P0322,2025-09-17 19:11:44.434191,view
U0486,P0001,2026-03-09 19:11:44.434218,view
U1265,P0367,2026-01-09 19:11:44.434246,view
U1995,P0135,2025-08-05 19:11:44.434274,view
U0661,P0032,2025-12-23 19:11:44.434303,view
U0036,P0325,2026-03-13 19:11:44.434332,view
U0956,P0278,2026-03-23 19:11:44.434360,view
U1570,P0226,2025-07-21 19:11:44.434387,cart
U1448,P0356,2025-10-05 19:11:44.434416,cart
U0693,P0488,2025-10-31 19:11:44.434445,view
U1758,P0393,2026-03-23 19:11:44.434473,cart
U0422,P0467,2025-05-23 19:11:44.434501,view
U0824,P0342,2025-08-14 19:11:44.434535,wishlist
U1368,P0400,2025-04-27 19:11:44.434565,purchase
U1162,P0067,2025-12-28 19:11:44.434594,cart
U1352,P0051,2026-03-18 19:11:44.434623,cart
U1194,P0436,2026-01-24 19:11:44.434652,view
U1310,P0470,2025-08-27 19:11:44.434681,cart
U0264,P0118,2025-12-06 19:11:44.434711,view
U0333,P0080,2026-01-04 19:11:44.434740,view
U0537,P0419,2025-12-28 19:11:44.434768,cart
U1817,P0045,2025-05-27 19:11:44.434796,wishlist
U1856,P0373,2025-07-29 19:11:44.434825,cart
U1969,P0344,2025-06-10 19:11:44.434853,view
U0426,P0473,2026-02-23 19:11:44.434882,view
U0683,P0337,2025-05-14 19:11:44.434910,wishlist
U0263,P0453,2025-08-16 19:11:44.434937,view
U0866,P0330,2025-11-12 19:11:44.434965,cart
U1612,P0383,2025-08-26 19:11:44.434993,view
U1921,P0088,2025-06-21 19:11:44.435021,purchase
U1269,P0456,2026-01-11 19:11:44.435049,cart
U1052,P0115,2025-12-12 19:11:44.435077,cart
U0988,P0468,2025-08-21 19:11:44.435105,cart
U0145,P0041,2025-10-29 19:11:44.435134,view
U1710,P0221,2025-07-02 19:11:44.435163,view
U0808,P0312,2025-04-28 19:11:44.435191,view
U1621,P0187,2025-07-18 19:11:44.435218,view
U0232,P0312,2025-11-19 19:11:44.435247,view
U1696,P0053,2025-08-27 19:11:44.435278,cart
U1958,P0448,2026-02-02 19:11:44.435310,view
U1240,P0418,2025-05-19 19:11:44.435338,cart
U1105,P0161,2025-12-24 19:11:44.435366,view
U1340,P0379,2025-04-14 19:11:44.435395,view
U1386,P0325,2025-07-27 19:11:44.435424,view
U0622,P0407,2026-01-29 19:11:44.435452,view
U0130,P0205,2025-12-20 19:11:44.435480,purchase
U1803,P0261,2025-08-28 19:11:44.435508,view
U0921,P0182,2025-05-07 19:11:44.435537,cart
U0689,P0470,2026-02-19 19:11:44.435565,view
U0003,P0182,2025-11-08 19:11:44.435592,view
U1304,P0010,2025-11-03 19:11:44.435668,cart
U1356,P0104,2025-06-24 19:11:44.435700,cart
U1388,P0499,2025-04-30 19:11:44.435730,cart
U1215,P0460,2025-10-14 19:11:44.435760,view
U1411,P0488,2025-12-11 19:11:44.435789,view
U1972,P0314,2025-08-19 19:11:44.435817,view
U0768,P0074,2026-03-26 19:11:44.435845,view
U1702,P0229,2025-07-10 19:11:44.435873,wishlist
U1913,P0272,2025-09-02 19:11:44.435902,view
U1473,P0087,2025-04-13 19:11:44.435930,view
U0175,P0423,2025-11-06 19:11:44.435958,view
U0563,P0153,2025-12-25 19:11:44.435986,view
U1935,P0481,2025-10-03 19:11:44.436014,view
U1027,P0074,2025-04-06 19:11:44.436042,view
U0620,P0156,2025-11-04 19:11:44.436069,cart
U1486,P0032,2026-03-19 19:11:44.436097,view
U0764,P0138,2025-12-18 19:11:44.436126,view
U0373,P0331,2025-12-07 19:11:44.436155,wishlist
U1782,P0225,2025-04-08 19:11:44.436184,view
U0281,P0287,2025-08-09 19:11:44.436215,view
U1806,P0270,2025-10-19 19:11:44.436243,purchase
U0132,P0185,2025-09-14 19:11:44.436272,view
U1139,P0214,2025-08-22 19:11:44.436299,cart
U1394,P0143,2025-10-28 19:11:44.436327,view
U0777,P0213,2025-10-12 19:11:44.436354,view
U0661,P0246,2025-05-18 19:11:44.436383,cart
U0128,P0138,2025-04-27 19:11:44.436412,cart
U0804,P0039,2025-11-19 19:11:44.436442,view
U0968,P0371,2026-03-15 19:11:44.436475,view
U1021,P0497,2025-05-04 19:11:44.436505,cart
U1416,P0405,2026-03-28 19:11:44.436541,wishlist
U0204,P0161,2025-12-26 19:11:44.436573,purchase
U0604,P0491,2026-03-30 19:11:44.436603,view
U0751,P0069,2026-03-24 19:11:44.436635,cart
U0888,P0121,2025-12-01 19:11:44.436666,view
U0715,P0084,2025-07-26 19:11:44.436696,cart
U0520,P0165,2025-11-16 19:11:44.436726,view
U0947,P0354,2025-09-12 19:11:44.436755,view
U0794,P0379,2025-11-30 19:11:44.436783,cart
U1959,P0234,2026-03-09 19:11:44.436812,view
U1395,P0415,2026-02-20 19:11:44.436840,view
U0399,P0149,2025-07-16 19:11:44.436869,view
U1338,P0265,2026-02-10 19:11:44.436898,purchase
U0810,P0312,2025-11-18 19:11:44.436927,view
U1340,P0453,2025-05-09 19:11:44.436955,purchase
U0347,P0093,2026-03-09 19:11:44.436986,cart
U1403,P0398,2026-01-02 19:11:44.437015,view
U0246,P0041,2026-01-10 19:11:44.437043,wishlist
U0152,P0019,2025-05-19 19:11:44.437073,view
U1902,P0369,2025-07-27 19:11:44.437101,cart
U0316,P0337,2025-08-26 19:11:44.437129,cart
U0749,P0413,2025-05-14 19:11:44.437163,view
U0714,P0093,2026-01-09 19:11:44.437191,view
U1169,P0382,2025-05-10 19:11:44.437219,cart
U0521,P0444,2026-03-25 19:11:44.437247,view
U1694,P0407,2025-06-28 19:11:44.437276,view
U0582,P0098,2025-11-17 19:11:44.437305,cart
U0018,P0094,2025-09-24 19:11:44.437332,view
U0360,P0126,2025-06-14 19:11:44.437361,purchase
U1700,P0478,2025-08-17 19:11:44.437389,wishlist
U1741,P0464,2025-12-02 19:11:44.437417,view
U0691,P0054,2026-02-01 19:11:44.437444,wishlist
U1658,P0414,2026-01-19 19:11:44.437471,cart
U1759,P0252,2025-05-25 19:11:44.437498,view
U1534,P0331,2025-05-15 19:11:44.437526,cart
U1817,P0271,2025-08-16 19:11:44.437555,view
U0178,P0133,2026-01-26 19:11:44.437582,view
U0558,P0264,2025-08-27 19:11:44.437611,view
U0564,P0387,2026-02-02 19:11:44.437638,view
U1514,P0258,2025-06-29 19:11:44.437666,cart
U1281,P0500,2025-10-12 19:11:44.437695,view
U0637,P0090,2025-07-09 19:11:44.437723,view
U0935,P0093,2025-09-14 19:11:44.437751,view
U1281,P0201,2025-09-18 19:11:44.437778,view
U0601,P0290,2026-03-25 19:11:44.437806,view
U0207,P0301,2026-02-11 19:11:44.437834,cart
U0249,P0334,2025-12-18 19:11:44.437861,view
U1922,P0113,2025-10-22 19:11:44.437888,view
U1428,P0226,2026-01-04 19:11:44.437918,view
U0178,P0377,2026-03-05 19:11:44.437947,view
U1599,P0069,2026-02-08 19:11:44.437975,wishlist
U0512,P0286,2025-10-31 19:11:44.438003,cart
U1257,P0305,2025-04-20 19:11:44.438031,purchase
U0341,P0375,2025-11-08 19:11:44.438062,view
U0411,P0263,2025-06-16 19:11:44.438090,view
U1620,P0171,2025-09-14 19:11:44.438117,wishlist
U1191,P0492,2025-06-30 19:11:44.438144,view
U1493,P0303,2025-09-27 19:11:44.438172,purchase
U1890,P0263,2025-06-16 19:11:44.438198,view
U0173,P0125,2025-10-23 19:11:44.438226,wishlist
U0810,P0226,2025-07-12 19:11:44.438266,view
U0725,P0404,2025-11-05 19:11:44.438294,view
U1067,P0462,2026-02-01 19:11:44.438322,view
U0354,P0171,2025-12-30 19:11:44.438350,cart
U1544,P0233,2025-04-17 19:11:44.438379,view
U1446,P0141,2026-01-23 19:11:44.438410,view
U0154,P0093,2025-07-13 19:11:44.438438,view
U0449,P0308,2025-07-18 19:11:44.438466,view
U1508,P0406,2025-10-12 19:11:44.438495,view
U0308,P0170,2025-08-07 19:11:44.438524,view
U0112,P0236,2025-06-23 19:11:44.438560,view
U0099,P0401,2025-05-04 19:11:44.438589,cart
U1814,P0448,2025-04-08 19:11:44.438617,view
U0604,P0446,2026-01-20 19:11:44.438646,view
U0735,P0471,2026-01-08 19:11:44.438675,view
U0879,P0151,2025-05-08 19:11:44.438704,view
U0002,P0453,2025-05-04 19:11:44.438732,view
U0068,P0200,2026-03-28 19:11:44.438760,cart
U1081,P0367,2026-02-11 19:11:44.438789,view
U0941,P0242,2025-11-12 19:11:44.438817,view
U0271,P0013,2026-03-11 19:11:44.438846,view
U1303,P0292,2025-06-02 19:11:44.438874,view
U1759,P0083,2025-09-08 19:11:44.438903,cart
U1205,P0339,2025-10-13 19:11:44.438932,view
U0634,P0160,2026-01-05 19:11:44.438961,view
U0306,P0235,2025-11-08 19:11:44.438989,view
U0167,P0449,2025-07-25 19:11:44.439017,view
U1061,P0397,2025-12-14 19:11:44.439045,view
U1277,P0444,2025-09-21 19:11:44.439072,cart
U0229,P0100,2025-09-22 19:11:44.439101,view
U0279,P0154,2025-07-24 19:11:44.439132,view
U1641,P0433,2026-01-22 19:11:44.439163,view
U1436,P0334,2025-06-10 19:11:44.439193,cart
U0946,P0310,2025-06-28 19:11:44.439222,purchase
U1195,P0015,2025-06-07 19:11:44.439252,cart
U0791,P0263,2025-06-08 19:11:44.439280,purchase
U1273,P0347,2026-02-11 19:11:44.439308,view
U0851,P0175,2025-04-27 19:11:44.439337,view
U1505,P0436,2025-10-15 19:11:44.439366,view
U0083,P0084,2025-05-12 19:11:44.439396,view
U0700,P0375,2025-12-25 19:11:44.439424,view
U0994,P0440,2026-01-26 19:11:44.439453,view
U1703,P0386,2025-06-27 19:11:44.439481,view
U1468,P0278,2025-11-23 19:11:44.439510,cart
U1356,P0141,2025-04-22 19:11:44.439539,view
U1659,P0246,2025-10-21 19:11:44.439568,view
U1433,P0378,2025-09-23 19:11:44.439596,cart
U0942,P0389,2025-05-15 19:11:44.439624,view
U0195,P0356,2025-08-05 19:11:44.439652,view
U1530,P0441,2026-03-17 19:11:44.439681,view
U1482,P0376,2025-04-26 19:11:44.439709,view
U0980,P0144,2025-12-17 19:11:44.439738,wishlist
U0635,P0253,2025-10-15 19:11:44.439767,view
U1966,P0488,2025-05-09 19:11:44.439795,view
U0500,P0112,2025-07-18 19:11:44.439823,cart
U1042,P0415,2025-06-27 19:11:44.439852,view
U0364,P0153,2025-08-16 19:11:44.439880,cart
U0339,P0474,2025-09-14 19:11:44.439908,view
U1026,P0277,2025-08-08 19:11:44.439937,view
U1648,P0060,2025-12-30 19:11:44.439966,view
U0955,P0015,2025-12-22 19:11:44.439995,view
U1346,P0417,2025-07-18 19:11:44.440024,wishlist
U1917,P0475,2025-10-05 19:11:44.440053,view
U1543,P0129,2025-09-20 19:11:44.440083,wishlist
U1652,P0175,2025-07-11 19:11:44.440111,view
U1565,P0465,2026-03-30 19:11:44.440141,purchase
U0686,P0092,2025-05-02 19:11:44.440169,wishlist
U0863,P0111,2025-10-15 19:11:44.440198,view
U1573,P0328,2025-11-02 19:11:44.440227,view
U1384,P0440,2025-05-22 19:11:44.440256,view
U0061,P0484,2025-11-12 19:11:44.440287,cart
U0994,P0042,2025-11-05 19:11:44.440316,view
U1395,P0362,2025-06-13 19:11:44.440344,view
U0161,P0299,2025-10-07 19:11:44.440372,view
U0677,P0056,2025-08-25 19:11:44.440402,wishlist
U0244,P0010,2026-02-06 19:11:44.440431,wishlist
U1890,P0448,2025-11-27 19:11:44.440460,view
U1969,P0108,2025-05-12 19:11:44.440490,wishlist
U1252,P0082,2025-10-25 19:11:44.440518,view
U1882,P0499,2025-12-18 19:11:44.440554,view
U0719,P0308,2025-06-04 19:11:44.440585,view
U0112,P0338,2025-08-11 19:11:44.440614,purchase
U1176,P0457,2025-05-06 19:11:44.440643,view
U1761,P0063,2025-11-24 19:11:44.440671,cart
U1820,P0385,2026-01-31 19:11:44.440700,view
U1677,P0142,2025-05-05 19:11:44.440728,cart
U0587,P0250,2025-11-01 19:11:44.440757,cart
U1208,P0406,2025-07-16 19:11:44.440786,purchase
U0877,P0085,2026-03-31 19:11:44.440817,wishlist
U0225,P0255,2026-03-28 19:11:44.440846,view
U1165,P0391,2026-02-21 19:11:44.440878,view
U0402,P0280,2026-02-21 19:11:44.440907,view
U0067,P0211,2026-03-14 19:11:44.440936,cart
U1547,P0232,2025-08-31 19:11:44.440965,purchase
U0289,P0490,2025-10-26 19:11:44.440994,view
U1397,P0466,2026-03-07 19:11:44.441023,purchase
U1569,P0358,2025-04-09 19:11:44.441052,view
U1734,P0157,2025-09-27 19:11:44.441081,wishlist
U0042,P0417,2025-07-11 19:11:44.441109,view
U1926,P0362,2026-03-30 19:11:44.441138,purchase
U0271,P0115,2025-10-11 19:11:44.441167,view
U1362,P0264,2026-03-08 19:11:44.441196,view
U1721,P0029,2025-07-24 19:11:44.441224,wishlist
U0221,P0372,2025-11-10 19:11:44.441253,view
U1784,P0425,2025-09-23 19:11:44.441281,view
U1830,P0014,2026-04-02 19:11:44.441308,view
U0123,P0317,2026-02-12 19:11:44.441335,cart
U0715,P0129,2025-09-17 19:11:44.441365,view
U0019,P0271,2025-12-21 19:11:44.441392,purchase
U1363,P0443,2025-08-27 19:11:44.441420,view
U0076,P0125,2025-11-18 19:11:44.441448,view
U0723,P0230,2025-07-21 19:11:44.441476,cart
U0675,P0178,2025-10-23 19:11:44.441504,view
U1055,P0444,2026-02-18 19:11:44.441534,view
U1127,P0173,2025-11-23 19:11:44.441563,wishlist
U0038,P0390,2025-07-15 19:11:44.441593,view
U1413,P0220,2025-06-18 19:11:44.441622,view
U1141,P0328,2026-03-19 19:11:44.441651,purchase
U0566,P0195,2025-10-07 19:11:44.441680,purchase
U0856,P0461,2025-04-22 19:11:44.441710,wishlist
U0481,P0101,2026-01-13 19:11:44.441740,cart
U0205,P0245,2026-03-18 19:11:44.441768,purchase
U1698,P0014,2025-09-05 19:11:44.441795,purchase
U0043,P0171,2026-03-21 19:11:44.441823,view
U0186,P0306,2025-06-03 19:11:44.441851,wishlist
U0884,P0238,2026-01-26 19:11:44.441880,view
U0979,P0448,2025-07-24 19:11:44.441908,view
U1894,P0186,2025-07-10 19:11:44.441936,view
U1517,P0303,2025-10-06 19:11:44.441965,view
U1976,P0171,2026-01-23 19:11:44.441995,wishlist
U0758,P0176,2026-01-06 19:11:44.442024,view
U1461,P0087,2025-09-20 19:11:44.442054,view
U0437,P0358,2025-08-03 19:11:44.442083,view
U0310,P0131,2026-02-13 19:11:44.442112,wishlist
U1047,P0037,2025-06-15 19:11:44.442144,view
U1564,P0274,2025-11-27 19:11:44.442173,view
U1760,P0039,2025-04-08 19:11:44.442202,view
U1357,P0124,2025-05-11 19:11:44.442231,view
U1275,P0030,2025-04-12 19:11:44.442259,cart
U0050,P0124,2025-11-18 19:11:44.442288,wishlist
U0778,P0487,2026-01-26 19:11:44.442317,view
U0842,P0335,2025-10-26 19:11:44.442345,view
U1551,P0428,2025-04-30 19:11:44.442374,view
U1826,P0024,2026-01-03 19:11:44.442403,view
U0645,P0064,2026-03-19 19:11:44.442431,wishlist
U1800,P0366,2025-11-10 19:11:44.442461,view
U1021,P0071,2025-05-17 19:11:44.442490,purchase
U0413,P0094,2025-09-15 19:11:44.442527,view
U0167,P0285,2025-10-04 19:11:44.442606,view
U0865,P0309,2026-03-30 19:11:44.442650,cart
U0924,P0300,2026-03-04 19:11:44.442683,view
U1433,P0480,2026-02-26 19:11:44.442714,view
U0089,P0316,2025-04-07 19:11:44.442749,wishlist
U1032,P0455,2026-02-13 19:11:44.442781,purchase
U0438,P0121,2025-07-25 19:11:44.442811,view
U1494,P0330,2025-11-25 19:11:44.442841,cart
U0285,P0110,2025-05-28 19:11:44.442871,view
U1648,P0002,2025-11-20 19:11:44.442901,cart
U1255,P0379,2025-09-30 19:11:44.442930,cart
U0732,P0315,2025-06-21 19:11:44.442959,view
U0835,P0346,2026-01-05 19:11:44.442988,view
U0514,P0482,2025-05-01 19:11:44.443017,wishlist
U0948,P0105,2026-04-03 19:11:44.443047,purchase
U1891,P0162,2026-02-17 19:11:44.443076,cart
U0012,P0209,2026-01-29 19:11:44.443105,view
U0186,P0188,2025-04-30 19:11:44.443135,cart
U1407,P0258,2025-05-12 19:11:44.443165,view
U0825,P0439,2025-12-07 19:11:44.443196,purchase
U1616,P0100,2026-04-03 19:11:44.443224,cart
U0846,P0121,2025-06-16 19:11:44.443253,wishlist
U1466,P0288,2025-12-29 19:11:44.443282,view
U1151,P0185,2025-07-25 19:11:44.443313,view
U0786,P0320,2026-03-28 19:11:44.443343,view
U0274,P0109,2026-03-04 19:11:44.443372,purchase
U0879,P0460,2025-04-15 19:11:44.443402,view
U0862,P0326,2025-10-17 19:11:44.443433,view
U0583,P0209,2025-07-19 19:11:44.443463,view
U0515,P0330,2025-07-03 19:11:44.443492,view
U1058,P0114,2025-08-08 19:11:44.443521,purchase
U1706,P0173,2025-11-20 19:11:44.443552,view
U1139,P0296,2025-04-09 19:11:44.443583,view
U1210,P0355,2025-04-10 19:11:44.443612,wishlist
U1131,P0489,2025-11-28 19:11:44.443642,view
U0336,P0463,2025-11-23 19:11:44.443674,view
U0531,P0132,2025-05-22 19:11:44.443704,cart
U1616,P0353,2025-05-01 19:11:44.443733,cart
U1974,P0014,2025-12-02 19:11:44.443762,view
U1748,P0321,2025-08-04 19:11:44.443791,view
U0167,P0405,2025-07-12 19:11:44.443820,view
U1386,P0460,2025-04-23 19:11:44.443849,view
U0319,P0104,2025-08-14 19:11:44.443878,purchase
U0005,P0106,2026-01-04 19:11:44.443906,view
U0380,P0180,2025-09-27 19:11:44.443934,view
U1756,P0011,2026-02-24 19:11:44.443962,cart
U1607,P0107,2025-04-23 19:11:44.443989,view
U0872,P0409,2025-05-14 19:11:44.444017,wishlist
U0511,P0205,2026-01-16 19:11:44.444046,view
U1833,P0296,2025-08-08 19:11:44.444076,purchase
U1360,P0363,2025-05-19 19:11:44.444109,cart
U1553,P0371,2025-06-09 19:11:44.444142,purchase
U0634,P0109,2025-11-13 19:11:44.444172,view
U1669,P0224,2025-05-31 19:11:44.444202,purchase
U0357,P0392,2026-01-11 19:11:44.444231,purchase
U0323,P0228,2025-06-06 19:11:44.444260,view
U0770,P0449,2025-06-01 19:11:44.444289,cart
U1976,P0250,2025-08-04 19:11:44.444318,view
U0573,P0061,2025-11-16 19:11:44.444346,cart
U1550,P0051,2026-01-09 19:11:44.444375,view
U0522,P0317,2025-04-13 19:11:44.444405,view
U0025,P0433,2025-06-18 19:11:44.444435,cart
U1585,P0484,2025-04-06 19:11:44.444464,cart
U0759,P0225,2026-04-01 19:11:44.444493,cart
U0766,P0238,2026-02-22 19:11:44.444521,view
U1136,P0100,2025-06-14 19:11:44.444558,purchase
U0314,P0361,2025-07-08 19:11:44.444588,view
U0953,P0268,2026-01-28 19:11:44.444620,wishlist
U0595,P0398,2025-06-20 19:11:44.444648,view
U0015,P0268,2025-08-24 19:11:44.444677,purchase
U0601,P0485,2025-11-30 19:11:44.444705,view
U0104,P0305,2025-11-17 19:11:44.444734,view
U1375,P0020,2025-09-13 19:11:44.444762,view
U0569,P0057,2025-07-15 19:11:44.444790,wishlist
U0945,P0394,2025-05-31 19:11:44.444820,cart
U0844,P0392,2026-01-17 19:11:44.444849,view
U0389,P0374,2025-11-16 19:11:44.444878,view
U0559,P0069,2025-06-28 19:11:44.444907,view
U1344,P0262,2025-08-08 19:11:44.444935,view
U0971,P0173,2026-03-14 19:11:44.444965,cart
U1625,P0039,2025-08-31 19:11:44.444994,view
U0310,P0233,2025-09-11 19:11:44.445023,wishlist
U1556,P0370,2025-07-08 19:11:44.445051,view
U0487,P0405,2025-06-27 19:11:44.445081,view
U0873,P0418,2025-12-02 19:11:44.445110,cart
U0729,P0120,2025-07-24 19:11:44.445138,view
U1278,P0210,2025-05-02 19:11:44.445170,view
U1366,P0151,2026-02-07 19:11:44.445200,purchase
U0984,P0402,2025-11-12 19:11:44.445228,view
U1490,P0472,2025-12-19 19:11:44.445257,view
U0353,P0145,2025-05-21 19:11:44.445285,wishlist
U1948,P0393,2025-05-17 19:11:44.445315,view
U0202,P0131,2026-02-28 19:11:44.445344,view
U1645,P0258,2025-05-09 19:11:44.445372,view
U0233,P0021,2025-11-30 19:11:44.445401,view
U1522,P0373,2026-03-27 19:11:44.445429,view
U1680,P0021,2025-11-22 19:11:44.445458,cart
U1879,P0152,2026-02-21 19:11:44.445486,purchase
U0981,P0475,2026-03-25 19:11:44.445513,view
U1873,P0482,2025-05-21 19:11:44.445544,view
U0918,P0100,2025-11-09 19:11:44.445573,view
U0309,P0168,2025-12-12 19:11:44.445602,wishlist
U1431,P0261,2025-06-05 19:11:44.445630,view
U1556,P0391,2025-08-14 19:11:44.445660,view
U1872,P0345,2025-05-22 19:11:44.445689,purchase
U1195,P0458,2026-02-25 19:11:44.445718,view
U0625,P0039,2025-12-31 19:11:44.445747,view
U1909,P0461,2025-05-13 19:11:44.445775,view
U1001,P0084,2025-06-24 19:11:44.445804,wishlist
U1942,P0069,2026-03-12 19:11:44.445831,view
U0501,P0212,2025-04-19 19:11:44.445859,view
U0933,P0199,2025-07-17 19:11:44.445887,view
U1447,P0184,2025-09-30 19:11:44.445914,cart
U0174,P0026,2025-10-06 19:11:44.445945,view
U1899,P0497,2026-02-24 19:11:44.445974,view
U0133,P0177,2026-03-12 19:11:44.446003,view
U1101,P0089,2025-06-11 19:11:44.446031,view
U0225,P0224,2025-09-24 19:11:44.446060,view
U0790,P0231,2025-12-16 19:11:44.446088,view
U0646,P0189,2025-10-14 19:11:44.446116,purchase
U1892,P0145,2025-10-23 19:11:44.446145,purchase
U0837,P0326,2025-04-27 19:11:44.446174,view
U1378,P0300,2025-05-14 19:11:44.446204,cart
U0415,P0055,2025-06-04 19:11:44.446234,view
U1339,P0242,2025-07-13 19:11:44.446262,wishlist
U1730,P0051,2025-09-17 19:11:44.446292,view
U0276,P0303,2026-01-19 19:11:44.446320,view
U1930,P0457,2025-06-21 19:11:44.446349,view
U0645,P0040,2025-11-29 19:11:44.446379,view
U1515,P0447,2025-06-18 19:11:44.446408,view
U0793,P0060,2026-03-29 19:11:44.446438,cart
U1358,P0026,2025-12-01 19:11:44.446470,view
U0307,P0406,2026-01-03 19:11:44.446499,cart
U0047,P0380,2025-07-09 19:11:44.446528,cart
U0501,P0195,2025-07-17 19:11:44.446563,view
U1904,P0449,2025-09-16 19:11:44.446594,view
U0624,P0117,2026-02-21 19:11:44.446627,view
U0238,P0044,2025-04-10 19:11:44.446656,wishlist
U0706,P0143,2026-02-14 19:11:44.446686,wishlist
U1856,P0107,2025-07-12 19:11:44.446716,view
U1263,P0329,2025-06-22 19:11:44.446746,cart
U0757,P0474,2025-05-30 19:11:44.446775,view
U0270,P0004,2025-12-26 19:11:44.446803,view
U0230,P0347,2025-05-16 19:11:44.446832,wishlist
U1244,P0320,2025-09-25 19:11:44.446860,view
U0619,P0212,2025-09-04 19:11:44.446890,wishlist
U1018,P0058,2025-10-08 19:11:44.446920,view
U0043,P0463,2025-06-28 19:11:44.446949,purchase
U0796,P0038,2025-04-11 19:11:44.446978,cart
U1056,P0392,2025-12-28 19:11:44.447007,cart
U0284,P0382,2025-07-23 19:11:44.447036,view
U0264,P0410,2025-07-02 19:11:44.447064,view
U1764,P0285,2025-09-08 19:11:44.447092,view
U0882,P0390,2025-07-14 19:11:44.447120,view
U1344,P0245,2025-11-29 19:11:44.447153,cart
U1350,P0086,2025-09-15 19:11:44.447182,cart
U0027,P0196,2026-04-05 19:11:44.447211,view
U1748,P0340,2025-05-26 19:11:44.447240,cart
U0592,P0187,2025-11-02 19:11:44.447271,view
U0737,P0377,2026-01-21 19:11:44.447302,purchase
U1544,P0060,2025-12-31 19:11:44.447331,view
U1400,P0219,2025-12-06 19:11:44.447360,cart
U1285,P0154,2025-07-31 19:11:44.447390,cart
U1007,P0156,2025-08-25 19:11:44.447419,view
U1155,P0084,2025-09-15 19:11:44.447447,cart
U1551,P0193,2025-09-11 19:11:44.447476,view
U1841,P0497,2025-12-20 19:11:44.447505,view
U0238,P0185,2025-10-05 19:11:44.447534,view
U0951,P0056,2025-11-21 19:11:44.447562,view
U1050,P0374,2025-04-23 19:11:44.447591,cart
U0148,P0034,2025-12-13 19:11:44.447620,wishlist
U0098,P0049,2025-09-16 19:11:44.447650,view
U1426,P0333,2025-05-15 19:11:44.447679,view
U1301,P0143,2026-02-13 19:11:44.447709,cart
U1744,P0469,2026-03-06 19:11:44.447739,view
U1619,P0207,2025-04-06 19:11:44.447768,view
U0236,P0256,2025-12-14 19:11:44.447797,view
U0338,P0481,2025-06-28 19:11:44.447830,wishlist
U0068,P0290,2026-03-16 19:11:44.447860,purchase
U0283,P0455,2025-08-28 19:11:44.447890,cart
U1242,P0360,2025-10-11 19:11:44.447919,cart
U1060,P0491,2025-11-01 19:11:44.447948,view
U1354,P0473,2025-04-21 19:11:44.447977,view
U1281,P0341,2025-08-25 19:11:44.448008,cart
U0454,P0001,2025-10-05 19:11:44.448037,cart
U1027,P0358,2025-08-21 19:11:44.448066,view
U1652,P0486,2025-09-30 19:11:44.448095,view
U0006,P0137,2026-04-04 19:11:44.448128,view
U0205,P0219,2025-11-13 19:11:44.448156,view
U0595,P0335,2025-05-10 19:11:44.448186,view
U0627,P0078,2025-04-17 19:11:44.448215,view
U0792,P0059,2025-07-23 19:11:44.448244,view
U1011,P0271,2025-06-27 19:11:44.448273,view
U1656,P0388,2025-04-20 19:11:44.448302,cart
U1676,P0045,2025-06-19 19:11:44.448333,view
U0787,P0168,2026-03-17 19:11:44.448362,view
U0565,P0102,2025-10-15 19:11:44.448390,view
U1158,P0100,2025-11-24 19:11:44.448419,view
U1811,P0059,2026-03-01 19:11:44.448447,cart
U1744,P0419,2026-01-29 19:11:44.448476,wishlist
U1197,P0470,2025-06-20 19:11:44.448504,cart
U0549,P0418,2025-09-26 19:11:44.448533,view
U0952,P0235,2026-03-08 19:11:44.448569,view
U0288,P0181,2025-10-10 19:11:44.448601,view
U1951,P0060,2025-06-21 19:11:44.448630,wishlist
U0387,P0286,2025-07-10 19:11:44.448659,wishlist
U0881,P0318,2025-08-01 19:11:44.448687,view
U1823,P0494,2026-01-01 19:11:44.448716,cart
U1202,P0127,2025-07-18 19:11:44.448745,cart
U1709,P0282,2025-10-29 19:11:44.448774,cart
U0146,P0274,2025-05-03 19:11:44.448803,view
U0684,P0061,2025-06-25 19:11:44.448832,view
U0610,P0353,2025-07-09 19:11:44.448860,view
U1477,P0293,2025-07-15 19:11:44.448890,cart
U1945,P0162,2025-09-13 19:11:44.448918,view
U1834,P0410,2025-10-23 19:11:44.448947,view
U0879,P0218,2025-08-25 19:11:44.448975,view
U1836,P0223,2026-01-19 19:11:44.449004,view
U0187,P0004,2025-11-02 19:11:44.449033,wishlist
U0531,P0352,2025-10-16 19:11:44.449061,view
U0494,P0411,2025-11-29 19:11:44.449090,view
U0856,P0371,2025-08-21 19:11:44.449118,view
U0998,P0464,2025-06-18 19:11:44.449147,wishlist
U1881,P0188,2025-10-07 19:11:44.449176,view
U0027,P0134,2025-08-30 19:11:44.449206,cart
U1521,P0324,2025-10-22 19:11:44.449235,cart
U1349,P0403,2026-02-21 19:11:44.449267,view
U1917,P0148,2025-07-12 19:11:44.449296,view
U0799,P0160,2025-07-31 19:11:44.449325,cart
U1803,P0076,2025-04-09 19:11:44.449354,view
U0157,P0432,2026-03-21 19:11:44.449383,wishlist
U0308,P0108,2025-10-21 19:11:44.449412,wishlist
U1759,P0247,2026-01-11 19:11:44.449440,view
U0900,P0331,2025-11-05 19:11:44.449469,view
U1521,P0438,2025-08-23 19:11:44.449498,view
U1770,P0296,2025-12-25 19:11:44.449526,cart
U0242,P0473,2025-09-27 19:11:44.449554,cart
U0355,P0182,2025-09-23 19:11:44.449582,view
U0130,P0123,2026-01-28 19:11:44.449613,view
U1332,P0290,2025-08-14 19:11:44.449642,view
U0561,P0194,2026-03-26 19:11:44.449670,cart
U1728,P0193,2026-02-24 19:11:44.449702,view
U0630,P0176,2026-04-02 19:11:44.449734,view
U0434,P0156,2026-02-18 19:11:44.449763,view
U1827,P0380,2025-12-01 19:11:44.449790,view
U1856,P0026,2025-07-12 19:11:44.449818,purchase
U1498,P0012,2025-10-10 19:11:44.449846,view
U0193,P0330,2025-08-14 19:11:44.449874,view
U1612,P0438,2025-07-04 19:11:44.449903,view
U1686,P0225,2026-01-14 19:11:44.449931,wishlist
U1299,P0497,2025-11-26 19:11:44.449960,cart
U1151,P0095,2025-12-07 19:11:44.449990,view
U0370,P0099,2025-10-07 19:11:44.450019,wishlist
U0624,P0489,2025-12-07 19:11:44.450049,view
U1665,P0169,2026-01-24 19:11:44.450078,view
U0137,P0113,2025-10-06 19:11:44.450106,view
U0888,P0260,2025-04-17 19:11:44.450135,cart
U0519,P0301,2025-05-25 19:11:44.450164,cart
U1843,P0299,2025-10-17 19:11:44.450195,view
U0320,P0241,2025-09-09 19:11:44.450224,view
U1239,P0285,2026-03-20 19:11:44.450253,view
U1984,P0131,2026-02-18 19:11:44.450281,view
U1857,P0476,2025-06-12 19:11:44.450309,cart
U0949,P0400,2025-08-15 19:11:44.450337,wishlist
U1227,P0141,2025-12-20 19:11:44.450366,cart
U0410,P0192,2026-01-24 19:11:44.450394,wishlist
U1857,P0285,2025-04-20 19:11:44.450423,view
U0644,P0172,2025-11-06 19:11:44.450453,cart
U1058,P0119,2025-11-07 19:11:44.450482,view
U0716,P0086,2025-07-10 19:11:44.450511,view
U0403,P0077,2026-03-01 19:11:44.450539,cart
U1372,P0369,2025-09-09 19:11:44.450574,cart
U1868,P0240,2025-05-02 19:11:44.450604,wishlist
U0760,P0284,2025-11-04 19:11:44.450633,cart
U1707,P0256,2025-06-21 19:11:44.450661,view
U0238,P0151,2025-06-26 19:11:44.450692,purchase
U1020,P0392,2026-03-25 19:11:44.450721,view
U0844,P0460,2026-01-16 19:11:44.450750,cart
U1514,P0368,2026-01-02 19:11:44.450780,cart
U0431,P0070,2025-12-20 19:11:44.450810,cart
U0480,P0249,2025-10-19 19:11:44.450838,cart
U1328,P0155,2026-02-02 19:11:44.450866,view
U1805,P0295,2025-08-27 19:11:44.450895,view
U1690,P0441,2025-10-02 19:11:44.450923,cart
U0726,P0388,2025-09-25 19:11:44.450952,cart
U1058,P0295,2025-12-27 19:11:44.450980,view
U1186,P0171,2025-05-25 19:11:44.451008,wishlist
U1552,P0457,2026-03-06 19:11:44.451037,view
U0961,P0496,2026-03-16 19:11:44.451065,cart
U1678,P0099,2025-09-12 19:11:44.451097,view
U0857,P0475,2025-05-20 19:11:44.451129,cart
U0935,P0160,2025-12-19 19:11:44.451160,purchase
U1383,P0096,2025-08-10 19:11:44.451189,view
U1975,P0381,2025-11-09 19:11:44.451217,wishlist
U1745,P0063,2025-05-06 19:11:44.451246,view
U0732,P0045,2025-06-03 19:11:44.451274,wishlist
U1838,P0457,2025-10-03 19:11:44.451302,view
U1695,P0105,2026-02-14 19:11:44.451330,cart
U1923,P0481,2025-05-13 19:11:44.451359,purchase
U0023,P0421,2025-09-10 19:11:44.451388,view
U0964,P0187,2025-10-08 19:11:44.451416,cart
U0238,P0197,2025-05-31 19:11:44.451445,view
U1574,P0392,2025-05-04 19:11:44.451473,view
U1788,P0380,2025-04-08 19:11:44.451501,wishlist
U1356,P0366,2025-12-05 19:11:44.451529,view
U0407,P0380,2025-08-12 19:11:44.451561,cart
U0926,P0325,2025-08-07 19:11:44.451592,cart
U0592,P0307,2026-03-10 19:11:44.451623,view
U1876,P0459,2025-06-10 19:11:44.451652,view
U1038,P0076,2025-07-19 19:11:44.451682,view
U1743,P0393,2025-05-30 19:11:44.451711,view
U0220,P0049,2026-03-28 19:11:44.451739,cart
U0455,P0094,2026-01-20 19:11:44.451768,view
U0352,P0128,2026-01-10 19:11:44.451798,view
U1061,P0300,2025-05-29 19:11:44.451827,view
U0716,P0302,2025-08-15 19:11:44.451856,view
U1988,P0184,2025-08-03 19:11:44.451885,view
U1581,P0145,2025-06-07 19:11:44.451913,view
U1715,P0258,2025-07-06 19:11:44.451940,cart
U0532,P0228,2025-04-23 19:11:44.451969,view
U0369,P0468,2025-10-21 19:11:44.451996,wishlist
U1295,P0290,2025-04-17 19:11:44.452028,cart
U0435,P0035,2026-03-27 19:11:44.452056,view
U1817,P0499,2025-08-30 19:11:44.452084,view
U1420,P0453,2025-05-01 19:11:44.452112,view
U0915,P0179,2025-12-15 19:11:44.452141,purchase
U0209,P0242,2026-01-14 19:11:44.452171,view
U1648,P0189,2026-04-02 19:11:44.452199,purchase
U1048,P0412,2025-12-30 19:11:44.452228,view
U0942,P0220,2026-02-20 19:11:44.452255,wishlist
U1604,P0251,2025-11-03 19:11:44.452283,cart
U0005,P0126,2025-05-16 19:11:44.452310,view
U1918,P0147,2025-08-05 19:11:44.452339,purchase
U1388,P0401,2025-09-05 19:11:44.452367,view
U1868,P0491,2025-10-11 19:11:44.452395,purchase
U0376,P0145,2025-06-30 19:11:44.452423,view
U0760,P0478,2026-01-13 19:11:44.452451,cart
U1318,P0465,2025-05-08 19:11:44.452480,view
U0354,P0370,2026-01-14 19:11:44.452508,wishlist
U0741,P0148,2025-06-17 19:11:44.452536,view
U0663,P0061,2025-05-27 19:11:44.452573,purchase
U1991,P0230,2025-09-12 19:11:44.452604,view
U1868,P0360,2025-08-08 19:11:44.452635,cart
U1620,P0188,2025-05-31 19:11:44.452666,purchase
U1447,P0238,2025-10-18 19:11:44.452696,view
U1230,P0452,2026-01-06 19:11:44.452725,purchase
U0116,P0375,2025-08-10 19:11:44.452759,view
U1704,P0149,2025-11-15 19:11:44.452787,view
U0268,P0270,2025-05-16 19:11:44.452816,view
U1390,P0311,2025-04-18 19:11:44.452845,purchase
U1754,P0235,2026-02-16 19:11:44.452874,purchase
U0530,P0316,2025-09-16 19:11:44.452902,view
U0425,P0408,2025-09-22 19:11:44.452946,view
U0603,P0356,2026-01-20 19:11:44.452977,view
U1104,P0092,2025-11-23 19:11:44.453007,wishlist
U1675,P0452,2025-11-06 19:11:44.453036,purchase
U1185,P0458,2026-03-26 19:11:44.453065,cart
U0047,P0138,2025-12-22 19:11:44.453095,view
U0791,P0004,2026-03-17 19:11:44.453124,view
U0921,P0226,2025-10-01 19:11:44.453152,view
U0778,P0219,2025-06-14 19:11:44.453181,cart
U0722,P0011,2026-01-12 19:11:44.453210,purchase
U0488,P0084,2025-08-02 19:11:44.453238,view
U1408,P0178,2026-03-02 19:11:44.453267,cart
U0774,P0372,2025-09-02 19:11:44.453295,cart
U1626,P0309,2025-08-18 19:11:44.453323,wishlist
U1890,P0144,2025-12-04 19:11:44.453352,view
U1352,P0105,2025-08-20 19:11:44.453383,view
U0405,P0278,2025-08-19 19:11:44.453414,wishlist
U0325,P0118,2025-07-02 19:11:44.453443,cart
U1390,P0097,2025-05-28 19:11:44.453472,view
U0279,P0483,2025-08-15 19:11:44.453500,view
U0275,P0462,2025-09-26 19:11:44.453529,view
U0858,P0499,2025-11-24 19:11:44.453558,view
U0497,P0242,2026-03-18 19:11:44.453586,purchase
U0512,P0475,2025-06-20 19:11:44.453614,view
U1505,P0372,2025-04-16 19:11:44.453644,wishlist
U1511,P0093,2025-10-26 19:11:44.453672,view
U0490,P0167,2025-09-29 19:11:44.453701,purchase
U1526,P0188,2025-10-20 19:11:44.453730,view
U1443,P0191,2026-02-12 19:11:44.453757,purchase
U1048,P0101,2025-09-29 19:11:44.453786,view
U1594,P0367,2025-07-03 19:11:44.453816,purchase
U1939,P0393,2025-08-31 19:11:44.453846,cart
U1000,P0209,2025-09-26 19:11:44.453875,view
U1393,P0055,2025-05-18 19:11:44.453904,view
U0496,P0388,2026-02-06 19:11:44.453933,view
U0648,P0023,2025-04-10 19:11:44.453962,view
U1217,P0419,2026-02-22 19:11:44.453990,wishlist
U0375,P0252,2025-05-13 19:11:44.454018,view
U0380,P0192,2025-07-17 19:11:44.454047,view
U0073,P0404,2025-12-15 19:11:44.454075,view
U0917,P0107,2026-03-07 19:11:44.454105,view
U0130,P0395,2025-08-17 19:11:44.454133,wishlist
U0533,P0209,2026-04-03 19:11:44.454162,view
U1386,P0294,2026-04-01 19:11:44.454190,purchase
U1037,P0212,2025-11-23 19:11:44.454217,wishlist
U1262,P0429,2026-02-16 19:11:44.454246,view
U0372,P0147,2026-01-06 19:11:44.454274,cart
U0313,P0080,2025-04-20 19:11:44.454302,view
U0724,P0107,2025-04-12 19:11:44.454331,view
U0006,P0495,2025-10-05 19:11:44.454359,view
U1810,P0245,2025-06-03 19:11:44.454387,purchase
U0108,P0207,2025-04-15 19:11:44.454417,purchase
U0185,P0455,2025-06-12 19:11:44.454447,view
U0947,P0479,2026-03-23 19:11:44.454476,view
U1154,P0322,2025-09-10 19:11:44.454504,view
U1089,P0004,2025-05-15 19:11:44.454532,purchase
U0489,P0428,2025-11-25 19:11:44.454561,view
U1947,P0098,2025-05-18 19:11:44.454597,view
U1519,P0208,2025-10-06 19:11:44.454627,view
U1232,P0358,2025-04-13 19:11:44.454659,view
U1656,P0251,2026-03-11 19:11:44.454688,cart
U0075,P0345,2025-08-27 19:11:44.454716,view
U1441,P0147,2025-04-10 19:11:44.454746,view
U1933,P0414,2025-12-03 19:11:44.454777,view
U0348,P0468,2025-06-04 19:11:44.454806,cart
U1424,P0235,2025-07-18 19:11:44.454835,view
U0062,P0444,2025-07-30 19:11:44.454865,view
U1112,P0343,2025-07-14 19:11:44.454894,view
U0059,P0398,2025-06-19 19:11:44.454923,view
U1704,P0196,2025-12-23 19:11:44.454953,view
U1561,P0109,2025-11-18 19:11:44.454983,view
U1885,P0179,2025-09-01 19:11:44.455011,purchase
U1658,P0438,2025-09-19 19:11:44.455040,view
U0621,P0330,2025-06-30 19:11:44.455070,view
U0754,P0381,2026-01-07 19:11:44.455099,view
U0549,P0377,2025-08-13 19:11:44.455129,view
U1941,P0120,2025-08-24 19:11:44.455159,cart
U0391,P0269,2025-08-06 19:11:44.455190,view
U1010,P0499,2026-03-29 19:11:44.455219,view
U1736,P0257,2025-07-31 19:11:44.455249,view
U0979,P0160,2026-03-14 19:11:44.455281,view
U1566,P0025,2025-12-02 19:11:44.455310,cart
U2000,P0062,2025-08-28 19:11:44.455340,view
U0105,P0130,2025-09-21 19:11:44.455369,cart
U0757,P0044,2026-02-19 19:11:44.455399,cart
U0021,P0226,2025-04-26 19:11:44.455428,view
U0442,P0366,2026-02-04 19:11:44.455458,cart
U0497,P0470,2025-05-25 19:11:44.455487,view
U1770,P0210,2025-12-01 19:11:44.455517,view
U0842,P0051,2025-10-22 19:11:44.455547,view
U0521,P0415,2025-05-28 19:11:44.455576,view
U0756,P0457,2025-11-28 19:11:44.455606,cart
U1796,P0219,2025-10-21 19:11:44.455635,view
U0238,P0487,2025-12-30 19:11:44.455663,view
U0221,P0372,2025-11-24 19:11:44.455692,cart
U1609,P0034,2025-07-28 19:11:44.455721,view
U0820,P0314,2026-02-21 19:11:44.455749,purchase
U0149,P0308,2025-08-23 19:11:44.455777,cart
U1526,P0403,2025-11-02 19:11:44.455804,cart
U0574,P0230,2025-11-09 19:11:44.455831,purchase
U1902,P0063,2026-02-25 19:11:44.455859,view
U1590,P0262,2025-07-18 19:11:44.455887,view
U1848,P0013,2025-07-17 19:11:44.455914,view
U0114,P0359,2026-02-19 19:11:44.455942,cart
U0043,P0333,2025-12-03 19:11:44.455971,view
U0229,P0302,2025-05-31 19:11:44.456000,view
U1617,P0485,2026-03-26 19:11:44.456029,view
U1887,P0472,2025-08-17 19:11:44.456057,cart
U1486,P0059,2026-01-04 19:11:44.456086,view
U1891,P0206,2026-03-01 19:11:44.456114,view
U1746,P0292,2025-04-24 19:11:44.456143,view
U0574,P0135,2026-01-05 19:11:44.456171,wishlist
U1525,P0427,2025-12-26 19:11:44.456199,view
U1945,P0072,2025-09-26 19:11:44.456228,wishlist
U1758,P0406,2026-02-18 19:11:44.456256,view
U1996,P0109,2025-11-22 19:11:44.456285,view
U1625,P0313,2025-12-07 19:11:44.456313,view
U1176,P0374,2026-01-12 19:11:44.456341,view
U1242,P0186,2025-11-28 19:11:44.456369,view
U1853,P0147,2025-04-06 19:11:44.456397,cart
U0466,P0359,2025-04-20 19:11:44.456425,view
U1429,P0102,2025-07-15 19:11:44.456455,view
U1901,P0216,2026-03-11 19:11:44.456483,view
U0409,P0344,2025-08-12 19:11:44.456511,view
U0167,P0075,2025-12-15 19:11:44.456539,purchase
U1183,P0371,2026-02-04 19:11:44.456567,cart
U1756,P0215,2025-08-24 19:11:44.456604,view
U1414,P0292,2025-04-11 19:11:44.456635,view
U0994,P0236,2026-01-21 19:11:44.456664,view
U1211,P0265,2025-07-14 19:11:44.456693,cart
U0769,P0418,2025-05-26 19:11:44.456722,view
U0026,P0110,2025-04-14 19:11:44.456754,cart
U1952,P0118,2025-08-31 19:11:44.456782,wishlist
U1736,P0376,2025-09-26 19:11:44.456811,view
U1023,P0016,2026-03-14 19:11:44.456840,view
U1272,P0113,2025-06-15 19:11:44.456867,cart
U1098,P0397,2025-05-20 19:11:44.456897,purchase
U1837,P0484,2025-12-15 19:11:44.456927,view
U0033,P0049,2025-04-11 19:11:44.456956,wishlist
U1702,P0136,2026-03-08 19:11:44.456985,wishlist
U1574,P0080,2026-03-13 19:11:44.457014,view
U0547,P0386,2025-04-05 19:11:44.457042,purchase
U1640,P0091,2026-04-01 19:11:44.457071,view
U0036,P0273,2026-02-09 19:11:44.457099,wishlist
U1847,P0469,2025-07-24 19:11:44.457132,view
U1663,P0222,2025-04-08 19:11:44.457160,view
U0694,P0138,2025-11-04 19:11:44.457188,wishlist
U1805,P0254,2025-09-13 19:11:44.457216,view
U0940,P0345,2026-02-23 19:11:44.457245,view
U1335,P0242,2025-10-05 19:11:44.457273,view
U0575,P0406,2025-10-11 19:11:44.457301,view
U1015,P0220,2025-04-12 19:11:44.457330,view
U0290,P0284,2026-01-22 19:11:44.457359,view
U1999,P0044,2025-10-20 19:11:44.457388,view
U1610,P0064,2025-07-31 19:11:44.457416,view
U1001,P0421,2025-06-29 19:11:44.457444,cart
U0511,P0423,2025-08-11 19:11:44.457472,cart
U0016,P0287,2025-10-21 19:11:44.457501,wishlist
U0511,P0361,2026-01-25 19:11:44.457531,view
U0084,P0264,2025-05-02 19:11:44.457561,view
U0070,P0168,2025-10-31 19:11:44.457590,view
U0440,P0350,2025-09-14 19:11:44.457619,cart
U1590,P0498,2026-02-09 19:11:44.457647,wishlist
U1116,P0226,2025-04-05 19:11:44.457676,view
U1674,P0178,2026-01-16 19:11:44.457704,view
U1789,P0469,2025-10-22 19:11:44.457733,view
U1663,P0472,2026-01-26 19:11:44.457762,view
U0053,P0134,2026-03-24 19:11:44.457791,purchase
U0969,P0222,2026-03-22 19:11:44.457819,view
U0156,P0075,2026-01-31 19:11:44.457847,view
U1445,P0079,2025-05-27 19:11:44.457875,view
U0561,P0404,2026-03-03 19:11:44.457905,view
U0952,P0298,2025-04-12 19:11:44.457933,view
U0918,P0047,2025-06-18 19:11:44.457961,cart
U1707,P0206,2026-03-06 19:11:44.457989,view
U1211,P0171,2025-09-07 19:11:44.458016,view
U1475,P0355,2026-02-17 19:11:44.458044,cart
U1393,P0417,2025-04-15 19:11:44.458076,view
U1699,P0427,2025-04-12 19:11:44.458116,view
U0994,P0233,2026-02-16 19:11:44.458148,view
U1165,P0322,2025-08-28 19:11:44.458178,wishlist
U0653,P0463,2026-03-28 19:11:44.458208,wishlist
U1658,P0269,2025-08-28 19:11:44.458240,cart
U0626,P0404,2025-08-25 19:11:44.458268,wishlist
U0208,P0413,2025-06-22 19:11:44.458297,view
U1784,P0251,2026-01-08 19:11:44.458327,cart
U1105,P0345,2025-05-28 19:11:44.458357,view
U0829,P0239,2025-12-10 19:11:44.458386,wishlist
U0454,P0203,2025-05-31 19:11:44.458416,purchase
U0742,P0371,2026-02-11 19:11:44.458445,cart
U0893,P0417,2025-12-01 19:11:44.458474,view
U1862,P0295,2025-06-19 19:11:44.458502,view
U0779,P0385,2026-02-13 19:11:44.458531,view
U0850,P0227,2025-10-24 19:11:44.458560,purchase
U1644,P0063,2026-02-16 19:11:44.458605,view
U0890,P0112,2025-12-15 19:11:44.458634,view
U0238,P0337,2025-06-18 19:11:44.458663,view
U1327,P0169,2025-07-09 19:11:44.458694,purchase
U0958,P0354,2025-10-21 19:11:44.458736,cart
U0105,P0039,2025-12-22 19:11:44.458786,view
U0286,P0133,2025-10-24 19:11:44.458972,cart
U0542,P0151,2025-08-05 19:11:44.459052,cart
U1135,P0186,2026-03-26 19:11:44.459106,view
U1309,P0359,2025-11-30 19:11:44.459159,view
U1711,P0270,2026-02-24 19:11:44.459210,view
U1363,P0293,2025-07-30 19:11:44.459259,view
U1799,P0188,2025-10-27 19:11:44.459308,view
U1422,P0238,2025-11-19 19:11:44.459357,purchase
U1902,P0427,2025-07-11 19:11:44.459416,purchase
U1638,P0093,2025-07-28 19:11:44.459467,cart
U0477,P0437,2026-01-17 19:11:44.459514,view
U1386,P0393,2025-08-21 19:11:44.459560,view
U1410,P0233,2025-06-11 19:11:44.459605,cart
U1985,P0124,2025-11-04 19:11:44.459652,view
U1150,P0011,2025-04-18 19:11:44.459705,view
U1411,P0112,2026-01-09 19:11:44.459754,view
U0425,P0020,2025-05-07 19:11:44.459803,cart
U1217,P0114,2026-03-22 19:11:44.459852,view
U1362,P0099,2025-05-15 19:11:44.459902,view
U1916,P0334,2026-03-12 19:11:44.459948,view
U0323,P0480,2025-08-23 19:11:44.459998,cart
U1552,P0035,2025-08-13 19:11:44.460046,view
U1920,P0279,2025-12-23 19:11:44.460094,view
U0230,P0374,2025-10-26 19:11:44.460144,view
U1967,P0253,2025-11-02 19:11:44.460196,view
U1617,P0413,2025-11-25 19:11:44.460250,view
U1154,P0395,2025-11-30 19:11:44.460302,view
U1182,P0218,2025-06-07 19:11:44.460355,cart
U0608,P0459,2025-09-18 19:11:44.460407,view
U0169,P0203,2025-05-02 19:11:44.460458,view
U0247,P0198,2025-12-21 19:11:44.460521,cart
U0167,P0139,2026-02-03 19:11:44.460600,wishlist
U0846,P0235,2025-10-03 19:11:44.460653,cart
U1241,P0483,2025-10-31 19:11:44.460703,cart
U1776,P0356,2025-04-08 19:11:44.460764,cart
U1760,P0247,2026-03-17 19:11:44.460819,wishlist
U1778,P0292,2025-06-23 19:11:44.460870,wishlist
U0326,P0117,2025-12-18 19:11:44.460922,view
U0065,P0298,2025-06-13 19:11:44.460976,view
U1576,P0026,2025-04-28 19:11:44.461030,view
U0831,P0488,2025-09-15 19:11:44.461079,cart
U0796,P0173,2025-12-30 19:11:44.461132,view
U0768,P0077,2025-05-11 19:11:44.461185,wishlist
U0183,P0190,2025-09-25 19:11:44.461239,view
U0591,P0446,2026-02-07 19:11:44.461292,view
U1732,P0466,2025-10-10 19:11:44.461348,view
U1750,P0209,2025-04-24 19:11:44.461402,purchase
U1210,P0288,2025-08-01 19:11:44.461456,view
U0231,P0079,2025-11-23 19:11:44.461511,cart
U0774,P0491,2025-08-20 19:11:44.461570,cart
U0257,P0483,2025-06-07 19:11:44.461628,view
U0469,P0120,2025-11-22 19:11:44.461685,cart
U0153,P0322,2025-06-13 19:11:44.461739,view
U1001,P0286,2026-03-10 19:11:44.461796,view
U1513,P0333,2025-10-09 19:11:44.461846,view
U0311,P0230,2026-01-15 19:11:44.461897,purchase
U1037,P0092,2025-06-19 19:11:44.461948,view
U0017,P0442,2025-11-21 19:11:44.462003,cart
U1709,P0210,2025-11-18 19:11:44.462056,view
U0449,P0460,2026-02-24 19:11:44.462113,view
U1436,P0105,2025-06-15 19:11:44.462168,view
U1704,P0365,2025-12-07 19:11:44.462225,view
U0578,P0035,2026-01-26 19:11:44.462285,view
U1018,P0391,2026-02-13 19:11:44.462342,wishlist
U1611,P0073,2025-04-12 19:11:44.462395,wishlist
U1806,P0044,2026-02-16 19:11:44.462443,cart
U1776,P0468,2025-08-29 19:11:44.462490,cart
U1376,P0201,2025-09-07 19:11:44.462545,view
U0310,P0158,2025-09-22 19:11:44.462623,view
U1346,P0402,2025-09-13 19:11:44.462682,wishlist
U0788,P0003,2025-04-25 19:11:44.462734,view
U0463,P0467,2025-12-05 19:11:44.462798,cart
U1577,P0447,2025-11-14 19:11:44.462853,cart
U0910,P0178,2026-03-02 19:11:44.462911,wishlist
U0226,P0090,2026-01-29 19:11:44.462968,view
U1119,P0058,2026-01-03 19:11:44.463023,cart
U1334,P0242,2026-01-27 19:11:44.463079,cart
U1599,P0220,2025-12-17 19:11:44.463134,view
U1725,P0372,2025-08-22 19:11:44.463190,purchase
U0374,P0257,2026-02-19 19:11:44.463250,wishlist
U1639,P0479,2025-10-10 19:11:44.463304,view
U1324,P0475,2025-06-11 19:11:44.463354,cart
U1114,P0169,2025-10-19 19:11:44.463407,cart
U0492,P0362,2025-04-20 19:11:44.463459,cart
U0096,P0367,2025-05-15 19:11:44.463517,cart
U1678,P0293,2025-12-25 19:11:44.463568,view
U0583,P0042,2026-01-15 19:11:44.463621,view
U0860,P0172,2026-02-03 19:11:44.463681,wishlist
U0571,P0008,2026-04-05 19:11:44.463737,wishlist
U0404,P0014,2026-03-21 19:11:44.463792,purchase
U0752,P0294,2025-08-23 19:11:44.463846,view
U0572,P0201,2025-12-16 19:11:44.463902,purchase
U0872,P0044,2025-11-09 19:11:44.463955,purchase
U0346,P0310,2026-03-07 19:11:44.464008,view
U1779,P0426,2025-05-31 19:11:44.464060,view
U0472,P0023,2025-05-29 19:11:44.464108,view
U0194,P0284,2025-06-10 19:11:44.464156,view
U0471,P0373,2025-07-01 19:11:44.464207,view
U0090,P0435,2025-06-29 19:11:44.464260,view
U0206,P0161,2025-09-06 19:11:44.464309,view
U0714,P0333,2026-03-12 19:11:44.464363,view
U0600,P0310,2025-09-17 19:11:44.464418,cart
U1268,P0010,2025-11-27 19:11:44.464472,cart
U0651,P0424,2025-12-01 19:11:44.464529,view
U1986,P0446,2025-11-07 19:11:44.464605,cart
U0929,P0450,2025-06-05 19:11:44.464665,view
U0621,P0124,2025-10-16 19:11:44.464716,cart
U1807,P0253,2025-10-03 19:11:44.464774,view
U1022,P0282,2025-09-14 19:11:44.464827,view
U0088,P0251,2025-05-31 19:11:44.464880,view
U0180,P0446,2025-07-03 19:11:44.464933,view
U1436,P0455,2025-08-17 19:11:44.464987,view
U1079,P0292,2025-08-30 19:11:44.465042,view
U1978,P0075,2025-04-15 19:11:44.465091,view
U1636,P0250,2025-04-16 19:11:44.465156,cart
U0673,P0271,2025-12-14 19:11:44.465211,purchase
U0258,P0231,2026-01-30 19:11:44.465265,purchase
U1970,P0051,2026-03-19 19:11:44.465317,view
U0508,P0436,2025-06-27 19:11:44.465373,view
U1249,P0476,2025-09-04 19:11:44.465427,wishlist
U0195,P0289,2025-12-13 19:11:44.465478,view
U1759,P0241,2026-02-21 19:11:44.465530,view
U0947,P0180,2026-02-08 19:11:44.465581,view
U1886,P0015,2025-08-23 19:11:44.465662,purchase
U0003,P0396,2025-05-19 19:11:44.465715,view
U1726,P0403,2025-07-11 19:11:44.465770,view
U0194,P0004,2025-04-24 19:11:44.465821,wishlist
U1050,P0043,2026-03-23 19:11:44.465872,cart
U1850,P0321,2026-03-09 19:11:44.465921,wishlist
U0895,P0230,2025-07-17 19:11:44.465974,view
U1652,P0150,2025-12-19 19:11:44.466024,wishlist
U1490,P0365,2026-02-27 19:11:44.466077,purchase
U0901,P0149,2026-01-11 19:11:44.466129,purchase
U0030,P0402,2025-12-31 19:11:44.466182,view
U1548,P0417,2026-01-23 19:11:44.466233,view
U1188,P0217,2026-02-22 19:11:44.466294,purchase
U1087,P0471,2025-10-25 19:11:44.466347,view
U0552,P0497,2025-08-07 19:11:44.466398,view
U1065,P0448,2025-07-27 19:11:44.466448,cart
U0588,P0366,2026-03-21 19:11:44.466499,view
U1897,P0238,2025-07-26 19:11:44.466550,cart
U0659,P0322,2025-08-05 19:11:44.466618,wishlist
U0544,P0240,2025-06-17 19:11:44.466673,view
U0478,P0132,2025-08-28 19:11:44.466726,wishlist
U1323,P0321,2025-11-16 19:11:44.466777,view
U0857,P0231,2025-06-27 19:11:44.466829,view
U0838,P0035,2026-01-26 19:11:44.466880,view
U1711,P0151,2026-02-10 19:11:44.466930,view
U0463,P0350,2026-01-10 19:11:44.466980,cart
U1685,P0208,2025-10-02 19:11:44.467031,view
U1756,P0340,2025-10-01 19:11:44.467085,wishlist
U0335,P0075,2025-12-24 19:11:44.467141,cart
U0209,P0063,2025-08-26 19:11:44.467191,view
U1411,P0466,2026-02-22 19:11:44.467242,view
U1463,P0454,2026-02-22 19:11:44.467287,purchase
U0077,P0487,2025-12-11 19:11:44.467337,wishlist
U0634,P0355,2026-03-16 19:11:44.467387,view
U0599,P0023,2025-06-29 19:11:44.467437,purchase
U0086,P0319,2025-08-19 19:11:44.467488,purchase
U1224,P0439,2025-07-15 19:11:44.467541,wishlist
U0008,P0087,2025-09-20 19:11:44.467594,view
U1296,P0402,2025-09-29 19:11:44.467645,view
U1811,P0444,2025-04-11 19:11:44.467696,view
U1413,P0327,2025-06-12 19:11:44.467748,view
U0004,P0294,2025-07-19 19:11:44.467799,view
U0338,P0454,2025-11-05 19:11:44.467849,view
U1801,P0437,2025-10-15 19:11:44.467898,purchase
U0235,P0150,2026-03-30 19:11:44.467949,cart
U1155,P0198,2025-05-13 19:11:44.468001,view
U1983,P0045,2026-02-28 19:11:44.468057,purchase
U0541,P0238,2025-05-12 19:11:44.468106,view
U0804,P0358,2026-03-17 19:11:44.468156,cart
U1006,P0487,2025-05-23 19:11:44.468205,view
U0372,P0056,2025-11-25 19:11:44.468263,view
U0276,P0410,2025-07-14 19:11:44.468322,view
U0003,P0454,2025-05-31 19:11:44.468365,view
U0095,P0032,2025-05-01 19:11:44.468398,view
U1262,P0232,2026-01-01 19:11:44.468430,view
U0971,P0441,2025-08-24 19:11:44.468461,view
U0658,P0129,2026-03-23 19:11:44.468491,view
U1615,P0123,2025-04-08 19:11:44.468523,wishlist
U0520,P0375,2025-12-31 19:11:44.468555,view
U0915,P0167,2025-12-12 19:11:44.468604,view
U1990,P0297,2025-10-30 19:11:44.468637,view
U0645,P0261,2025-12-08 19:11:44.468667,view
U0730,P0154,2025-12-19 19:11:44.468698,view
U0667,P0392,2026-04-05 19:11:44.468731,view
U1045,P0123,2025-09-14 19:11:44.468762,view
U1883,P0326,2025-12-04 19:11:44.468794,wishlist
U1968,P0309,2025-08-27 19:11:44.468825,purchase
U1760,P0196,2025-08-10 19:11:44.468855,purchase
U1108,P0045,2025-08-12 19:11:44.468885,view
U1800,P0349,2025-04-20 19:11:44.468915,cart
U0137,P0206,2025-11-27 19:11:44.468947,view
U1047,P0015,2026-01-03 19:11:44.468976,purchase
U0535,P0040,2025-06-29 19:11:44.469007,cart
U0597,P0045,2026-04-03 19:11:44.469036,cart
U1285,P0382,2026-04-04 19:11:44.469069,view
U1811,P0332,2025-12-28 19:11:44.469098,cart
U1861,P0040,2025-09-18 19:11:44.469138,view
U0491,P0272,2025-10-06 19:11:44.469170,wishlist
U1167,P0368,2025-05-20 19:11:44.469202,view
U0411,P0409,2026-02-08 19:11:44.469233,view
U1462,P0380,2026-02-04 19:11:44.469262,view
U0173,P0388,2026-02-09 19:11:44.469291,view
U0018,P0002,2025-07-10 19:11:44.469320,wishlist
U1202,P0136,2025-05-11 19:11:44.469349,view
U0432,P0136,2025-05-23 19:11:44.469379,view
U1089,P0122,2025-06-15 19:11:44.469408,view
U0758,P0285,2025-07-13 19:11:44.469436,purchase
U0830,P0119,2025-12-04 19:11:44.469465,view
U1422,P0096,2025-07-23 19:11:44.469495,cart
U0736,P0209,2025-09-03 19:11:44.469523,cart
U0961,P0499,2025-05-16 19:11:44.469553,view
U0213,P0185,2026-02-10 19:11:44.469586,view
U1195,P0155,2025-09-06 19:11:44.469616,purchase
U0002,P0305,2026-03-23 19:11:44.469644,cart
U1690,P0478,2025-04-11 19:11:44.469674,cart
U1955,P0363,2025-10-17 19:11:44.469705,cart
U0172,P0103,2025-11-01 19:11:44.469749,view
U0161,P0202,2026-03-13 19:11:44.469795,purchase
U0054,P0117,2026-04-04 19:11:44.469843,view
U0540,P0086,2026-04-03 19:11:44.469897,purchase
U1407,P0060,2025-11-28 19:11:44.469948,view
U0444,P0363,2025-10-14 19:11:44.469999,cart
U0535,P0296,2026-03-11 19:11:44.470048,purchase
U1457,P0047,2026-03-02 19:11:44.470082,view
U1195,P0135,2025-08-19 19:11:44.470114,wishlist
U1501,P0025,2025-11-05 19:11:44.470144,purchase
U0564,P0208,2025-06-22 19:11:44.470174,purchase
U1503,P0011,2025-06-15 19:11:44.470205,view
U0389,P0491,2025-05-24 19:11:44.470247,cart
U0095,P0240,2025-10-07 19:11:44.470298,cart
U1956,P0079,2025-10-12 19:11:44.470332,view
U1415,P0348,2025-11-08 19:11:44.470364,purchase
U0599,P0425,2025-12-21 19:11:44.470395,view
U1136,P0236,2025-08-09 19:11:44.470425,view
U1483,P0414,2025-05-20 19:11:44.470456,cart
U0135,P0260,2026-02-28 19:11:44.470495,view
U0290,P0445,2025-09-18 19:11:44.470527,view
U1561,P0320,2025-11-28 19:11:44.470557,view
U1328,P0217,2025-05-11 19:11:44.470588,view
U1243,P0463,2025-12-30 19:11:44.470632,purchase
U0438,P0456,2025-10-13 19:11:44.470664,cart
U0329,P0171,2025-11-03 19:11:44.470694,view
U1139,P0466,2025-04-20 19:11:44.470727,wishlist
U1203,P0088,2025-06-30 19:11:44.470758,view
U1477,P0436,2025-11-12 19:11:44.470789,cart
U1830,P0056,2026-02-07 19:11:44.470831,view
U1309,P0223,2025-06-18 19:11:44.470865,cart
U1090,P0078,2026-03-13 19:11:44.470905,cart
U0636,P0483,2026-01-23 19:11:44.470937,view
U0664,P0225,2025-11-05 19:11:44.470968,cart
U0975,P0359,2025-12-26 19:11:44.471000,wishlist
U0807,P0148,2025-08-01 19:11:44.471039,view
U1131,P0189,2025-09-02 19:11:44.471091,view
U0594,P0112,2026-02-22 19:11:44.471134,view
U0461,P0224,2025-05-01 19:11:44.471179,view
U0341,P0493,2026-04-01 19:11:44.471227,view
U0437,P0242,2025-05-22 19:11:44.471273,cart
U1024,P0133,2025-04-12 19:11:44.471323,view
U0700,P0042,2026-02-18 19:11:44.471374,view
U0418,P0175,2025-11-27 19:11:44.471424,cart
U0048,P0039,2025-06-14 19:11:44.471497,view
U1867,P0290,2025-12-14 19:11:44.471555,view
U1065,P0396,2025-07-28 19:11:44.471611,purchase
U0741,P0126,2025-10-18 19:11:44.471669,view
U0092,P0358,2025-09-11 19:11:44.471725,view
U0069,P0178,2025-07-19 19:11:44.471777,purchase
U0470,P0449,2025-07-27 19:11:44.471826,view
U0381,P0424,2026-02-08 19:11:44.471874,view
U0479,P0162,2025-08-16 19:11:44.471921,view
U1603,P0172,2025-12-13 19:11:44.471965,wishlist
U1408,P0325,2026-03-06 19:11:44.472010,cart
U1785,P0398,2025-12-04 19:11:44.472057,view
U1606,P0124,2026-01-12 19:11:44.472108,view
U0235,P0119,2025-12-19 19:11:44.472144,view
U0756,P0046,2025-10-26 19:11:44.472181,view
U1151,P0306,2025-10-09 19:11:44.472211,view
U0681,P0340,2025-08-18 19:11:44.472241,purchase
U1601,P0009,2026-01-08 19:11:44.472271,view
U0884,P0015,2025-07-31 19:11:44.472300,view
U1944,P0225,2026-03-13 19:11:44.472329,wishlist
U1524,P0237,2025-05-25 19:11:44.472358,cart
U0301,P0311,2026-03-19 19:11:44.472391,wishlist
U1923,P0370,2025-06-20 19:11:44.472422,view
U0564,P0091,2026-01-13 19:11:44.472452,wishlist
U1885,P0499,2026-03-17 19:11:44.472482,purchase
U1730,P0205,2026-01-03 19:11:44.472513,view
U0625,P0385,2025-06-13 19:11:44.472542,view
U0047,P0310,2025-10-06 19:11:44.472571,view
U0920,P0494,2025-11-06 19:11:44.472613,view
U0907,P0099,2026-03-17 19:11:44.472643,purchase
U1862,P0457,2025-12-18 19:11:44.472673,view
U1162,P0389,2025-07-19 19:11:44.472701,wishlist
U0214,P0277,2025-10-23 19:11:44.472731,view
U1647,P0347,2025-08-18 19:11:44.472783,wishlist
U1326,P0387,2026-03-16 19:11:44.472814,view
U0147,P0126,2025-08-15 19:11:44.472844,purchase
U0416,P0481,2026-03-21 19:11:44.472873,view
U0503,P0407,2026-02-14 19:11:44.472917,cart
U0949,P0450,2025-08-05 19:11:44.472948,cart
U0088,P0402,2025-11-30 19:11:44.472977,cart
U1297,P0454,2025-09-18 19:11:44.473006,wishlist
U1426,P0483,2025-09-01 19:11:44.473035,view
U0416,P0102,2025-08-30 19:11:44.473063,wishlist
U1602,P0328,2025-05-24 19:11:44.473091,view
U0186,P0381,2026-02-15 19:11:44.473122,cart
U0526,P0265,2025-04-10 19:11:44.473154,view
U1743,P0207,2025-08-08 19:11:44.473183,purchase
U0789,P0397,2026-02-16 19:11:44.473210,cart
U1441,P0259,2025-11-17 19:11:44.473238,view
U1579,P0453,2025-07-03 19:11:44.473265,view
U0107,P0357,2025-12-09 19:11:44.473294,view
U1416,P0323,2025-05-08 19:11:44.473322,view
U0084,P0035,2025-08-09 19:11:44.473352,view
U0795,P0073,2025-07-26 19:11:44.473381,view
U0209,P0104,2025-09-11 19:11:44.473408,view
U1693,P0274,2025-11-16 19:11:44.473436,cart
U0407,P0419,2026-02-18 19:11:44.473464,cart
U0652,P0491,2025-11-17 19:11:44.473492,view
U1272,P0336,2025-12-14 19:11:44.473519,view
U1592,P0302,2025-11-13 19:11:44.473546,view
U1000,P0104,2026-03-18 19:11:44.473574,view
U1440,P0290,2025-11-10 19:11:44.473601,cart
U1209,P0369,2025-09-24 19:11:44.473629,cart
U1970,P0202,2025-07-03 19:11:44.473658,view
U1836,P0309,2025-07-10 19:11:44.473687,view
U1593,P0228,2026-02-12 19:11:44.473715,view
U1119,P0213,2026-01-09 19:11:44.473745,view
U1932,P0184,2025-10-30 19:11:44.473776,view
U0996,P0348,2025-12-22 19:11:44.473807,cart
U1846,P0105,2025-09-28 19:11:44.473835,view
U1001,P0429,2025-06-16 19:11:44.473864,view
U1133,P0392,2025-04-23 19:11:44.473892,view
U1595,P0078,2025-09-12 19:11:44.473921,cart
U0887,P0117,2026-01-08 19:11:44.473949,view
U0669,P0444,2025-09-15 19:11:44.473977,view
U0196,P0205,2025-04-17 19:11:44.474005,view
U1920,P0339,2025-08-23 19:11:44.474035,purchase
U0640,P0385,2025-07-21 19:11:44.474063,view
U1343,P0042,2025-12-11 19:11:44.474093,view
U1363,P0393,2025-08-23 19:11:44.474120,cart
U0689,P0244,2025-10-29 19:11:44.474148,view
U1598,P0102,2026-01-10 19:11:44.474175,view
U0301,P0345,2025-05-29 19:11:44.474202,purchase
U1036,P0038,2025-10-06 19:11:44.474231,cart
U1591,P0495,2025-09-08 19:11:44.474258,view
U1446,P0315,2025-06-22 19:11:44.474287,view
U0940,P0169,2025-12-05 19:11:44.474314,cart
U0643,P0051,2025-11-21 19:11:44.474343,purchase
U0349,P0256,2026-03-29 19:11:44.474370,view
U0082,P0222,2025-11-08 19:11:44.474397,cart
U0593,P0097,2026-03-31 19:11:44.474424,purchase
U0674,P0472,2025-04-28 19:11:44.474452,cart
U1371,P0088,2025-09-07 19:11:44.474480,purchase
U0911,P0013,2025-10-14 19:11:44.474508,purchase
U0036,P0329,2025-05-04 19:11:44.474535,cart
U0762,P0270,2026-01-21 19:11:44.474564,view
U0406,P0015,2025-12-09 19:11:44.474598,view
U0326,P0287,2025-04-25 19:11:44.474649,wishlist
U1728,P0188,2026-01-05 19:11:44.474687,view
U1684,P0210,2025-10-02 19:11:44.474717,cart
U0681,P0108,2025-12-15 19:11:44.474749,view
U0659,P0249,2025-12-26 19:11:44.474777,cart
U1026,P0446,2025-12-15 19:11:44.474805,view
U1153,P0490,2026-03-15 19:11:44.474833,cart
U0586,P0344,2026-02-28 19:11:44.474861,view
U1496,P0322,2025-06-22 19:11:44.474888,view
U0257,P0449,2025-06-24 19:11:44.474917,view
U1281,P0471,2025-08-18 19:11:44.474946,view
U1101,P0439,2025-08-30 19:11:44.474975,cart
U0596,P0161,2025-12-31 19:11:44.475003,view
U0757,P0172,2026-03-15 19:11:44.475030,view
U1973,P0180,2026-03-13 19:11:44.475057,view
U1475,P0279,2026-01-09 19:11:44.475086,cart
U0401,P0188,2025-05-21 19:11:44.475114,view
U1177,P0442,2025-12-18 19:11:44.475142,view
U0661,P0476,2025-05-03 19:11:44.475169,view
U0918,P0298,2026-02-16 19:11:44.475196,wishlist
U1099,P0074,2026-02-09 19:11:44.475230,wishlist
U1463,P0086,2025-11-22 19:11:44.475276,view
U1474,P0098,2025-11-23 19:11:44.475323,view
U1193,P0004,2025-07-21 19:11:44.475355,view
U0206,P0249,2025-12-07 19:11:44.475385,cart
U0796,P0323,2025-08-16 19:11:44.475422,view
U1725,P0490,2025-10-30 19:11:44.475462,view
U0456,P0125,2025-12-15 19:11:44.475493,cart
U0130,P0364,2025-12-13 19:11:44.475523,purchase
U1546,P0135,2025-05-25 19:11:44.475552,view
U0761,P0330,2025-04-12 19:11:44.475585,purchase
U0587,P0376,2025-08-08 19:11:44.475616,view
U1917,P0191,2025-06-30 19:11:44.475646,view
U1188,P0141,2025-12-06 19:11:44.475675,view
U0278,P0272,2025-09-18 19:11:44.475703,wishlist
U1845,P0455,2025-07-28 19:11:44.475733,view
U0222,P0485,2025-07-24 19:11:44.475763,view
U0984,P0447,2026-03-21 19:11:44.475792,wishlist
U0310,P0255,2025-07-22 19:11:44.475820,wishlist
U1505,P0041,2025-11-15 19:11:44.475848,view
U0304,P0078,2025-11-19 19:11:44.475875,view
U1263,P0471,2025-09-17 19:11:44.475903,purchase
U0942,P0050,2025-12-19 19:11:44.475930,view
U0350,P0289,2025-10-25 19:11:44.475957,cart
U0655,P0192,2025-10-24 19:11:44.475984,wishlist
U0728,P0138,2025-10-01 19:11:44.476011,wishlist
U1130,P0220,2025-11-15 19:11:44.476039,cart
U0132,P0044,2025-09-08 19:11:44.476067,view
U0866,P0371,2025-09-04 19:11:44.476094,view
U0259,P0471,2026-03-18 19:11:44.476122,cart
U0405,P0240,2026-01-29 19:11:44.476151,view
U0664,P0093,2026-01-02 19:11:44.476180,view
U0840,P0115,2025-06-02 19:11:44.476210,purchase
U0847,P0210,2025-08-21 19:11:44.476239,view
U1734,P0298,2025-08-14 19:11:44.476267,view
U0514,P0230,2025-09-19 19:11:44.476295,cart
U0105,P0011,2026-01-05 19:11:44.476324,view
U1491,P0301,2025-09-07 19:11:44.476352,view
U1769,P0266,2025-08-08 19:11:44.476380,wishlist
U0001,P0392,2025-12-04 19:11:44.476407,view
U1292,P0279,2025-10-14 19:11:44.476435,view
U0444,P0468,2025-11-20 19:11:44.476462,view
U0741,P0081,2025-11-01 19:11:44.476490,cart
U0295,P0489,2026-03-26 19:11:44.476519,view
U0413,P0436,2025-11-05 19:11:44.476548,cart
U0841,P0038,2025-10-07 19:11:44.476576,view
U0173,P0335,2025-07-25 19:11:44.476603,view
U0509,P0193,2026-03-19 19:11:44.476644,purchase
U1102,P0341,2025-05-03 19:11:44.476679,purchase
U0592,P0052,2025-11-05 19:11:44.476723,view
U1568,P0415,2025-10-28 19:11:44.476769,cart
U0641,P0456,2026-01-26 19:11:44.476816,cart
U0800,P0039,2025-08-17 19:11:44.476861,cart
U0202,P0193,2025-09-15 19:11:44.476906,view
U0658,P0495,2025-11-01 19:11:44.476951,view
U0803,P0302,2025-08-26 19:11:44.476997,purchase
U0102,P0495,2025-10-13 19:11:44.477047,cart
U1383,P0132,2025-12-24 19:11:44.477097,view
U1251,P0397,2026-02-19 19:11:44.477132,view
U0659,P0248,2025-07-16 19:11:44.477162,view
U1264,P0019,2026-03-29 19:11:44.477192,cart
U0441,P0247,2026-04-02 19:11:44.477221,view
U0537,P0306,2025-07-23 19:11:44.477250,purchase
U0438,P0492,2025-05-24 19:11:44.477279,view
U0095,P0094,2025-09-17 19:11:44.477309,view
U1025,P0086,2025-12-18 19:11:44.477337,wishlist
U1419,P0367,2025-09-29 19:11:44.477366,view
U1080,P0027,2025-10-14 19:11:44.477398,cart
U0875,P0033,2025-05-28 19:11:44.477426,cart
U0519,P0286,2025-12-20 19:11:44.477454,view
U0808,P0446,2025-06-09 19:11:44.477482,wishlist
U0985,P0325,2025-05-01 19:11:44.477511,view
U1809,P0053,2025-08-09 19:11:44.477540,view
U1057,P0009,2025-04-14 19:11:44.477567,view
U1565,P0092,2026-01-01 19:11:44.477599,view
U0906,P0395,2025-09-03 19:11:44.477627,view
U1725,P0179,2025-08-04 19:11:44.477656,cart
U0984,P0413,2026-01-18 19:11:44.477684,cart
U0121,P0340,2025-06-28 19:11:44.477712,view
U1203,P0491,2025-06-27 19:11:44.477740,cart
U0816,P0431,2025-09-18 19:11:44.477767,wishlist
U1212,P0147,2025-12-09 19:11:44.477795,cart
U1143,P0316,2025-07-04 19:11:44.477824,view
U0240,P0432,2025-07-29 19:11:44.477852,view
U0263,P0136,2025-08-31 19:11:44.477881,cart
U0684,P0119,2025-11-12 19:11:44.477908,wishlist
U1414,P0291,2025-09-05 19:11:44.477936,cart
U0944,P0260,2026-03-27 19:11:44.477965,view
U1437,P0338,2025-08-16 19:11:44.477997,view
U1511,P0202,2025-07-18 19:11:44.478025,view
U0661,P0321,2025-12-13 19:11:44.478053,view
U0606,P0465,2026-02-25 19:11:44.478082,cart
U1702,P0068,2026-02-25 19:11:44.478109,view
U0607,P0181,2025-12-26 19:11:44.478136,view
U0766,P0378,2025-09-22 19:11:44.478163,view
U1482,P0436,2025-10-06 19:11:44.478190,view
U1728,P0107,2025-10-11 19:11:44.478216,cart
U0225,P0087,2025-07-03 19:11:44.478244,view
U1359,P0141,2025-12-18 19:11:44.478271,cart
U1091,P0009,2025-04-30 19:11:44.478298,cart
U1594,P0269,2025-05-27 19:11:44.478326,purchase
U1809,P0196,2026-03-01 19:11:44.478354,view
U0793,P0492,2025-08-13 19:11:44.478383,view
U0301,P0172,2026-01-09 19:11:44.478410,view
U0275,P0121,2025-11-03 19:11:44.478437,view
U1093,P0355,2025-04-12 19:11:44.478463,view
U0174,P0107,2025-06-29 19:11:44.478490,wishlist
U0388,P0212,2025-06-17 19:11:44.478517,cart
U1381,P0082,2025-09-10 19:11:44.478544,view
U1562,P0313,2025-07-24 19:11:44.478570,view
U1163,P0331,2025-09-22 19:11:44.478597,purchase
U0337,P0167,2025-08-01 19:11:44.478637,view
U1283,P0385,2025-10-26 19:11:44.478667,view
U1683,P0272,2025-04-25 19:11:44.478696,view
U0968,P0174,2025-06-03 19:11:44.478724,wishlist
U1731,P0168,2025-12-17 19:11:44.478752,cart
U0416,P0001,2025-05-07 19:11:44.478780,purchase
U0290,P0484,2025-06-13 19:11:44.478808,view
U1058,P0244,2025-12-28 19:11:44.478836,wishlist
U0227,P0443,2026-02-19 19:11:44.478868,cart
U0845,P0099,2025-12-22 19:11:44.478896,cart
U0481,P0001,2025-09-14 19:11:44.478923,view
U0856,P0110,2025-11-15 19:11:44.478950,view
U0940,P0118,2025-11-28 19:11:44.478976,cart
U1676,P0104,2025-06-11 19:11:44.479003,view
U0396,P0360,2026-02-27 19:11:44.479031,view
U0377,P0180,2025-06-18 19:11:44.479060,view
U0987,P0238,2026-01-01 19:11:44.479088,view
U0692,P0433,2026-03-06 19:11:44.479117,view
U1799,P0283,2025-08-05 19:11:44.479145,cart
U0831,P0046,2025-04-30 19:11:44.479173,view
U1328,P0398,2025-06-18 19:11:44.479200,view
U0960,P0402,2025-12-14 19:11:44.479227,cart
U0653,P0432,2025-06-25 19:11:44.479254,purchase
U1257,P0148,2025-08-07 19:11:44.479282,view
U1014,P0299,2026-03-04 19:11:44.479309,view
U0142,P0168,2025-08-31 19:11:44.479336,view
U0027,P0119,2026-03-30 19:11:44.479364,cart
U1685,P0451,2025-05-14 19:11:44.479398,view
U0859,P0087,2026-03-02 19:11:44.479427,wishlist
U1675,P0449,2025-12-08 19:11:44.479456,view
U0306,P0199,2025-08-12 19:11:44.479483,cart
U1731,P0301,2026-02-15 19:11:44.479510,view
U1809,P0161,2025-09-02 19:11:44.479537,cart
U0342,P0424,2025-06-26 19:11:44.479565,view
U0143,P0351,2025-05-19 19:11:44.479594,wishlist
U1357,P0405,2025-12-06 19:11:44.479621,view
U1921,P0046,2025-07-04 19:11:44.479649,cart
U1243,P0187,2025-12-09 19:11:44.479677,view
U0939,P0299,2025-09-10 19:11:44.479704,view
U0157,P0379,2025-04-06 19:11:44.479732,cart
U0791,P0079,2026-01-02 19:11:44.479765,view
U0170,P0274,2025-08-10 19:11:44.479792,view
U1139,P0260,2025-09-08 19:11:44.479820,cart
U0741,P0382,2025-05-31 19:11:44.479852,wishlist
U1887,P0395,2026-03-04 19:11:44.479881,view
U1886,P0428,2025-12-24 19:11:44.479909,view
U1095,P0134,2026-03-10 19:11:44.479936,view
U0844,P0355,2026-02-27 19:11:44.479963,wishlist
U0226,P0290,2025-06-11 19:11:44.479991,view
U0629,P0012,2025-08-07 19:11:44.480019,view
U1965,P0039,2026-04-03 19:11:44.480046,view
U0442,P0269,2026-03-24 19:11:44.480073,view
U0038,P0208,2025-12-24 19:11:44.480101,view
U0853,P0074,2025-10-18 19:11:44.480128,wishlist
U1095,P0126,2025-07-14 19:11:44.480156,purchase
U1983,P0365,2025-04-12 19:11:44.480185,view
U0523,P0248,2025-09-10 19:11:44.480212,view
U0841,P0150,2026-03-22 19:11:44.480239,view
U1375,P0245,2026-02-28 19:11:44.480265,view
U0740,P0191,2025-11-06 19:11:44.480292,wishlist
U0653,P0178,2025-04-16 19:11:44.480319,cart
U1162,P0488,2025-09-02 19:11:44.480346,view
U1638,P0397,2025-05-03 19:11:44.480373,view
U1207,P0111,2025-12-28 19:11:44.480400,view
U1519,P0086,2025-09-09 19:11:44.480427,cart
U1256,P0080,2026-02-26 19:11:44.480455,view
U0553,P0295,2025-07-24 19:11:44.480482,view
U1138,P0229,2025-06-25 19:11:44.480509,cart
U1935,P0029,2025-09-04 19:11:44.480537,view
U1190,P0134,2026-03-03 19:11:44.480565,view
U1618,P0044,2026-01-11 19:11:44.480592,cart
U0386,P0235,2026-01-27 19:11:44.480619,cart
U1586,P0317,2026-01-22 19:11:44.480658,view
U0950,P0037,2025-07-01 19:11:44.480686,wishlist
U0241,P0227,2025-10-02 19:11:44.480713,purchase
U0142,P0404,2025-09-04 19:11:44.480740,cart
U0373,P0306,2025-07-05 19:11:44.480770,view
U0936,P0322,2025-10-08 19:11:44.480799,view
U1372,P0106,2025-06-29 19:11:44.480827,view
U1367,P0209,2025-04-22 19:11:44.480855,purchase
U1783,P0211,2025-11-24 19:11:44.480884,purchase
U1231,P0025,2025-11-01 19:11:44.480912,view
U1589,P0035,2025-04-19 19:11:44.480939,cart
U1089,P0171,2025-12-23 19:11:44.480967,purchase
U0366,P0019,2025-08-13 19:11:44.480994,view
U1014,P0042,2025-06-06 19:11:44.481021,view
U1257,P0164,2026-01-02 19:11:44.481048,view
U0203,P0018,2026-02-26 19:11:44.481076,wishlist
U0034,P0454,2026-03-15 19:11:44.481104,view
U0624,P0177,2026-02-09 19:11:44.481132,wishlist
U1526,P0036,2025-11-21 19:11:44.481163,cart
U0909,P0368,2025-04-19 19:11:44.481191,purchase
U1475,P0049,2026-02-13 19:11:44.481220,cart
U0255,P0370,2025-06-13 19:11:44.481252,view
U0334,P0107,2025-06-25 19:11:44.481282,cart
U0488,P0272,2025-12-17 19:11:44.481310,view
U0069,P0191,2025-06-04 19:11:44.481338,purchase
U0818,P0244,2025-07-26 19:11:44.481367,view
U1600,P0232,2025-06-16 19:11:44.481394,view
U0995,P0310,2025-10-31 19:11:44.481422,view
U0645,P0152,2025-11-01 19:11:44.481450,cart
U1546,P0430,2025-08-28 19:11:44.481478,view
U1715,P0355,2025-08-06 19:11:44.481505,purchase
U0586,P0376,2025-10-23 19:11:44.481532,view
U0176,P0016,2025-04-13 19:11:44.481563,view
U0003,P0145,2026-01-05 19:11:44.481591,wishlist
U0327,P0431,2025-06-30 19:11:44.481618,wishlist
U0389,P0181,2025-08-19 19:11:44.481645,view
U0893,P0183,2026-01-24 19:11:44.481673,view
U1717,P0342,2025-07-04 19:11:44.481699,wishlist
U1791,P0265,2026-01-27 19:11:44.481727,view
U0851,P0422,2026-02-13 19:11:44.481755,view
U0403,P0487,2025-07-03 19:11:44.481782,view
U1473,P0356,2025-09-21 19:11:44.481809,cart
U0924,P0346,2025-05-14 19:11:44.481836,cart
U1480,P0205,2025-08-29 19:11:44.481864,view
U1773,P0300,2025-04-30 19:11:44.481894,view
U1119,P0139,2025-10-01 19:11:44.481922,cart
U1206,P0017,2025-08-12 19:11:44.481949,view
U0852,P0240,2025-08-01 19:11:44.481977,view
U0522,P0247,2026-03-16 19:11:44.482004,view
U0376,P0273,2025-06-01 19:11:44.482032,view
U2000,P0097,2025-10-28 19:11:44.482060,cart
U0632,P0114,2025-04-24 19:11:44.482087,view
U1740,P0381,2025-04-27 19:11:44.482115,cart
U0376,P0353,2025-04-20 19:11:44.482143,view
U1504,P0125,2025-12-13 19:11:44.482170,view
U0874,P0107,2025-12-04 19:11:44.482198,view
U0271,P0059,2025-12-06 19:11:44.482225,view
U0343,P0363,2025-05-01 19:11:44.482252,cart
U0872,P0248,2025-04-20 19:11:44.482279,wishlist
U1164,P0098,2025-08-26 19:11:44.482306,cart
U0591,P0053,2026-03-01 19:11:44.482332,view
U0284,P0049,2025-04-17 19:11:44.482358,wishlist
U0096,P0397,2025-11-21 19:11:44.482385,view
U0761,P0106,2026-03-22 19:11:44.482414,view
U0951,P0257,2025-08-01 19:11:44.482441,view
U0729,P0011,2026-02-17 19:11:44.482468,view
U0696,P0223,2025-10-07 19:11:44.482495,purchase
U0988,P0408,2025-08-17 19:11:44.482523,view
U0540,P0113,2025-12-03 19:11:44.482550,view
U1748,P0324,2025-10-03 19:11:44.482578,wishlist
U0700,P0086,2025-09-11 19:11:44.482606,view
U1905,P0219,2026-02-27 19:11:44.482655,view
U0297,P0320,2025-04-21 19:11:44.482696,view
U1233,P0039,2026-02-14 19:11:44.482727,view
U0312,P0379,2026-01-23 19:11:44.482756,purchase
U1006,P0029,2025-09-20 19:11:44.482784,view
U1552,P0352,2025-12-30 19:11:44.482811,view
U1925,P0215,2026-02-06 19:11:44.482838,view
U1969,P0067,2025-11-07 19:11:44.482866,wishlist
U1830,P0360,2025-10-30 19:11:44.482893,purchase
U0755,P0298,2025-04-20 19:11:44.482922,wishlist
U0157,P0113,2025-12-08 19:11:44.482949,view
U0061,P0092,2025-05-13 19:11:44.482980,view
U0111,P0464,2026-02-22 19:11:44.483009,cart
U1899,P0368,2026-02-21 19:11:44.483039,view
U0042,P0473,2026-02-22 19:11:44.483067,view
U1523,P0460,2025-06-26 19:11:44.483096,view
U1575,P0485,2025-10-29 19:11:44.483124,view
U1867,P0202,2026-01-01 19:11:44.483153,view
U0647,P0322,2025-08-22 19:11:44.483181,view
U1561,P0444,2025-10-02 19:11:44.483207,cart
U0135,P0459,2025-07-13 19:11:44.483235,view
U1901,P0274,2026-03-02 19:11:44.483262,wishlist
U1739,P0120,2025-04-23 19:11:44.483289,cart
U1491,P0021,2025-04-27 19:11:44.483316,view
U1127,P0200,2025-06-22 19:11:44.483347,cart
U1910,P0254,2026-01-25 19:11:44.483375,view
U1543,P0072,2025-06-07 19:11:44.483404,cart
U0736,P0178,2026-01-20 19:11:44.483431,view
U0460,P0439,2025-11-19 19:11:44.483458,view
U1896,P0053,2026-01-28 19:11:44.483485,view
U0756,P0047,2025-05-29 19:11:44.483512,view
U0356,P0046,2025-10-22 19:11:44.483539,wishlist
U0301,P0293,2026-01-14 19:11:44.483583,view
U0789,P0344,2026-03-06 19:11:44.483628,cart
U1879,P0204,2025-07-26 19:11:44.483660,view
U0306,P0390,2025-11-19 19:11:44.483690,view
U0527,P0373,2025-12-11 19:11:44.483720,view
U0475,P0125,2026-01-01 19:11:44.483748,purchase
U0996,P0127,2025-04-27 19:11:44.483777,view
U0992,P0342,2025-07-29 19:11:44.483815,view
U0025,P0099,2025-10-24 19:11:44.483867,view
U0827,P0299,2025-09-21 19:11:44.483918,view
U1937,P0235,2025-12-14 19:11:44.483965,cart
U0932,P0200,2025-06-05 19:11:44.484013,view
U0052,P0254,2025-07-19 19:11:44.484064,view
U1700,P0006,2025-09-08 19:11:44.484115,view
U0798,P0495,2025-04-05 19:11:44.484165,view
U1021,P0079,2026-02-09 19:11:44.484214,view
U0775,P0076,2025-10-26 19:11:44.484264,wishlist
U0238,P0404,2025-05-16 19:11:44.484320,view
U0464,P0465,2026-03-13 19:11:44.484376,cart
U1776,P0325,2025-05-17 19:11:44.484431,view
U1795,P0183,2025-12-14 19:11:44.484485,cart
U1204,P0256,2025-11-15 19:11:44.484518,view
U1543,P0496,2025-09-13 19:11:44.484549,view
U1041,P0312,2025-04-28 19:11:44.484579,purchase
U0514,P0284,2026-02-19 19:11:44.484612,view
U0478,P0423,2026-03-07 19:11:44.484654,view
U1357,P0010,2026-02-12 19:11:44.484685,view
U0776,P0341,2025-10-12 19:11:44.484714,view
U0865,P0156,2025-11-25 19:11:44.484743,view
U0043,P0302,2025-05-30 19:11:44.484771,cart
U1184,P0021,2025-09-22 19:11:44.484799,view
U0197,P0169,2025-09-14 19:11:44.484828,view
U0015,P0025,2025-06-09 19:11:44.484855,view
U0011,P0376,2025-12-25 19:11:44.484886,cart
U0219,P0071,2026-01-31 19:11:44.484915,view
U1136,P0049,2025-06-27 19:11:44.484944,view
U0516,P0367,2025-09-18 19:11:44.484972,cart
U1674,P0409,2025-11-01 19:11:44.485000,view
U0617,P0210,2025-10-28 19:11:44.485029,view
U0373,P0200,2025-05-15 19:11:44.485057,view
U0734,P0111,2026-01-02 19:11:44.485085,view
U1790,P0450,2026-01-07 19:11:44.485112,view
U1437,P0317,2025-10-10 19:11:44.485141,wishlist
U1702,P0185,2025-12-14 19:11:44.485171,cart
U0345,P0185,2025-12-13 19:11:44.485202,view
U0107,P0191,2025-04-14 19:11:44.485230,cart
U0543,P0336,2026-01-05 19:11:44.485258,view
U0539,P0318,2026-02-07 19:11:44.485287,view
U1861,P0326,2026-01-22 19:11:44.485315,view
U1314,P0422,2026-02-20 19:11:44.485343,view
U1024,P0432,2025-09-02 19:11:44.485371,cart
U1420,P0408,2025-05-12 19:11:44.485399,view
U1272,P0494,2025-08-02 19:11:44.485428,cart
U0422,P0385,2025-05-01 19:11:44.485456,view
U1345,P0263,2026-01-28 19:11:44.485485,cart
U0164,P0422,2026-02-02 19:11:44.485513,wishlist
U0584,P0375,2026-02-21 19:11:44.485545,cart
U0898,P0060,2026-02-02 19:11:44.485574,view
U1652,P0446,2025-09-27 19:11:44.485603,view
U0566,P0304,2025-07-15 19:11:44.485632,view
U1494,P0364,2025-08-19 19:11:44.485660,purchase
U0779,P0418,2025-07-17 19:11:44.485689,view
U0610,P0153,2025-07-08 19:11:44.485717,view
U0288,P0025,2025-11-05 19:11:44.485746,cart
U0962,P0229,2026-03-27 19:11:44.485774,view
U1411,P0133,2025-11-20 19:11:44.485802,cart
U0337,P0451,2025-08-25 19:11:44.485831,view
U1629,P0395,2025-12-29 19:11:44.485860,cart
U0336,P0069,2025-10-12 19:11:44.485888,view
U1970,P0257,2025-11-27 19:11:44.485917,cart
U0111,P0235,2025-07-12 19:11:44.485945,cart
U0623,P0428,2026-01-24 19:11:44.485974,cart
U1499,P0222,2025-11-03 19:11:44.486024,view
U1117,P0004,2026-03-25 19:11:44.486055,view
U1682,P0334,2026-02-14 19:11:44.486084,view
U0511,P0444,2026-01-05 19:11:44.486111,view
U0207,P0347,2026-01-02 19:11:44.486139,cart
U0093,P0135,2025-07-23 19:11:44.486167,purchase
U1349,P0117,2025-09-13 19:11:44.486195,purchase
U1585,P0322,2025-11-23 19:11:44.486223,view
U0305,P0076,2025-08-29 19:11:44.486252,cart
U1430,P0081,2026-01-07 19:11:44.486279,view
U1883,P0036,2025-10-27 19:11:44.486308,view
U0134,P0059,2025-10-20 19:11:44.486335,wishlist
U0474,P0119,2025-12-06 19:11:44.486363,cart
U1867,P0208,2026-03-18 19:11:44.486390,wishlist
U0800,P0269,2025-08-10 19:11:44.486417,view
U1942,P0055,2025-06-05 19:11:44.486449,wishlist
U1655,P0444,2025-04-20 19:11:44.486479,view
U0607,P0023,2026-03-29 19:11:44.486510,view
U0612,P0189,2026-03-16 19:11:44.486538,purchase
U1999,P0237,2025-10-17 19:11:44.486566,view
U0269,P0229,2026-01-18 19:11:44.486593,purchase
U0444,P0347,2025-04-11 19:11:44.486621,cart
U0959,P0328,2025-09-21 19:11:44.486658,view
U0627,P0405,2026-02-22 19:11:44.486689,view
U0095,P0368,2026-02-05 19:11:44.486717,cart
U1373,P0100,2026-04-05 19:11:44.486745,view
U0683,P0136,2025-06-11 19:11:44.486774,view
U1515,P0378,2025-09-20 19:11:44.486802,purchase
U0933,P0365,2025-04-07 19:11:44.486830,view
U0047,P0046,2025-06-28 19:11:44.486858,view
U0926,P0393,2026-03-18 19:11:44.486887,cart
U1885,P0109,2026-01-17 19:11:44.486914,view
U0028,P0494,2025-10-01 19:11:44.486941,cart
U1400,P0280,2025-06-21 19:11:44.486969,view
U0282,P0275,2025-11-27 19:11:44.486997,wishlist
U1750,P0314,2025-11-18 19:11:44.487029,view
U0792,P0293,2026-01-02 19:11:44.487060,view
U0069,P0485,2025-11-26 19:11:44.487090,cart
U0807,P0200,2026-03-24 19:11:44.487119,cart
U0315,P0312,2025-04-28 19:11:44.487147,view
U0311,P0291,2025-11-15 19:11:44.487175,cart
U1641,P0494,2025-05-15 19:11:44.487204,view
U0474,P0410,2025-08-04 19:11:44.487233,purchase
U0082,P0477,2025-07-14 19:11:44.487261,view
U1489,P0384,2025-08-18 19:11:44.487289,purchase
U1408,P0029,2025-09-24 19:11:44.487317,view
U0708,P0413,2026-02-15 19:11:44.487345,view
U0415,P0135,2026-02-04 19:11:44.487374,purchase
U0668,P0086,2025-09-21 19:11:44.487401,view
U1876,P0177,2025-04-30 19:11:44.487428,view
U1694,P0025,2026-01-19 19:11:44.487459,view
U1767,P0209,2025-09-11 19:11:44.487486,view
U0489,P0224,2025-07-22 19:11:44.487514,view
U1001,P0258,2025-06-04 19:11:44.487541,view
U0859,P0392,2026-01-07 19:11:44.487568,cart
U0678,P0128,2025-11-08 19:11:44.487596,cart
U0906,P0426,2025-05-11 19:11:44.487625,view
U0071,P0038,2025-06-19 19:11:44.487652,cart
U1200,P0241,2026-03-30 19:11:44.487680,view
U1063,P0097,2025-06-15 19:11:44.487706,cart
U1960,P0420,2025-04-14 19:11:44.487735,cart
U0682,P0018,2025-06-20 19:11:44.487763,view
U0529,P0241,2025-08-02 19:11:44.487806,view
U0115,P0354,2025-11-06 19:11:44.487835,view
U1386,P0262,2026-02-09 19:11:44.487864,view
U1103,P0044,2025-09-30 19:11:44.487893,cart
U1055,P0279,2025-05-17 19:11:44.487922,view
U1866,P0069,2025-10-25 19:11:44.487949,view
U1177,P0183,2025-04-08 19:11:44.487977,cart
U0108,P0333,2025-08-22 19:11:44.488005,view
U0248,P0385,2026-01-04 19:11:44.488033,cart
U1803,P0402,2025-08-28 19:11:44.488062,view
U1088,P0323,2025-12-01 19:11:44.488090,cart
U1856,P0471,2025-08-07 19:11:44.488117,view
U0421,P0050,2025-10-28 19:11:44.488145,wishlist
U0362,P0377,2025-09-25 19:11:44.488172,view
U1769,P0214,2026-01-14 19:11:44.488199,wishlist
U1891,P0479,2025-04-19 19:11:44.488228,view
U1280,P0013,2026-03-31 19:11:44.488256,wishlist
U1270,P0412,2025-12-29 19:11:44.488287,view
U1172,P0417,2026-03-15 19:11:44.488314,wishlist
U1394,P0409,2025-05-19 19:11:44.488341,view
U0658,P0391,2025-12-10 19:11:44.488369,view
U0258,P0152,2025-09-11 19:11:44.488396,view
U0598,P0268,2025-11-06 19:11:44.488423,view
U0665,P0419,2025-12-08 19:11:44.488451,view
U1809,P0289,2026-02-23 19:11:44.488478,cart
U1391,P0458,2025-09-09 19:11:44.488506,view
U1883,P0086,2025-09-05 19:11:44.488533,wishlist
U0625,P0071,2025-11-28 19:11:44.488560,view
U1303,P0468,2025-06-08 19:11:44.488590,view
U1365,P0241,2025-10-26 19:11:44.488618,purchase
U0175,P0214,2025-11-26 19:11:44.488647,cart
U1041,P0491,2025-12-18 19:11:44.488685,wishlist
U1087,P0485,2025-04-29 19:11:44.488715,view
U0766,P0424,2025-07-24 19:11:44.488743,view
U1290,P0083,2025-05-25 19:11:44.488772,view
U0307,P0339,2026-01-05 19:11:44.488800,view
U0087,P0194,2025-04-28 19:11:44.488831,view
U0088,P0165,2026-02-15 19:11:44.488860,view
U1104,P0412,2026-01-06 19:11:44.488888,view
U1184,P0044,2025-07-14 19:11:44.488916,view
U0958,P0284,2025-05-03 19:11:44.488944,view
U1048,P0136,2026-01-28 19:11:44.488971,wishlist
U1052,P0072,2025-11-19 19:11:44.488999,view
U0409,P0474,2026-02-04 19:11:44.489027,cart
U0792,P0461,2025-06-10 19:11:44.489055,view
U1873,P0343,2025-05-12 19:11:44.489082,view
U1551,P0496,2025-10-01 19:11:44.489109,purchase
U0785,P0202,2025-10-31 19:11:44.489137,cart
U0291,P0098,2025-10-16 19:11:44.489165,purchase
U0495,P0467,2025-10-28 19:11:44.489194,view
U1681,P0424,2025-12-20 19:11:44.489222,view
U1115,P0276,2026-01-29 19:11:44.489251,view
U0216,P0104,2025-06-02 19:11:44.489278,purchase
U0255,P0010,2025-12-18 19:11:44.489306,cart
U0844,P0006,2026-04-05 19:11:44.489334,cart
U1850,P0500,2025-08-01 19:11:44.489363,view
U0149,P0133,2025-10-30 19:11:44.489390,view
U0148,P0443,2025-09-05 19:11:44.489417,wishlist
U1144,P0157,2025-12-02 19:11:44.489445,cart
U1828,P0407,2025-07-20 19:11:44.489472,view
U0469,P0013,2025-12-02 19:11:44.489499,cart
U0059,P0234,2025-12-05 19:11:44.489526,cart
U0931,P0476,2025-11-17 19:11:44.489553,view
U0938,P0313,2025-08-10 19:11:44.489581,view
U0912,P0257,2025-08-06 19:11:44.489609,view
U1861,P0067,2025-06-11 19:11:44.489636,view
U0926,P0233,2025-05-23 19:11:44.489664,purchase
U0039,P0089,2025-10-01 19:11:44.489691,cart
U1146,P0397,2026-03-06 19:11:44.489718,cart
U1016,P0118,2025-10-30 19:11:44.489745,cart
U1416,P0290,2026-02-26 19:11:44.489771,view
U0519,P0052,2025-12-19 19:11:44.489798,cart
U1462,P0103,2026-02-17 19:11:44.489825,wishlist
U1730,P0377,2025-06-14 19:11:44.489852,purchase
U1798,P0099,2025-09-07 19:11:44.489879,view
U0128,P0385,2025-05-12 19:11:44.489908,cart
U0568,P0043,2026-01-05 19:11:44.489935,cart
U0938,P0105,2025-09-11 19:11:44.489962,purchase
U0116,P0206,2025-05-20 19:11:44.489988,view
U0835,P0409,2026-01-11 19:11:44.490018,view
U1914,P0114,2026-03-09 19:11:44.490046,view
U1265,P0010,2025-08-21 19:11:44.490073,view
U1030,P0271,2026-02-06 19:11:44.490099,view
U0738,P0280,2025-09-03 19:11:44.490126,view
U0666,P0257,2026-02-14 19:11:44.490153,view
U1386,P0093,2025-10-02 19:11:44.490179,cart
U1189,P0403,2026-04-04 19:11:44.490206,view
U0260,P0389,2025-08-20 19:11:44.490233,view
U0436,P0482,2026-02-11 19:11:44.490260,cart
U0419,P0259,2025-06-18 19:11:44.490288,view
U0420,P0498,2025-10-18 19:11:44.490317,cart
U0962,P0241,2025-04-18 19:11:44.490345,cart
U0232,P0262,2025-07-27 19:11:44.490373,view
U1687,P0496,2025-12-26 19:11:44.490401,purchase
U1127,P0358,2025-04-20 19:11:44.490428,view
U1114,P0366,2025-08-09 19:11:44.490456,purchase
U0899,P0440,2026-03-07 19:11:44.490483,wishlist
U0086,P0353,2025-04-06 19:11:44.490510,view
U1014,P0319,2025-07-10 19:11:44.490537,view
U0254,P0387,2026-01-31 19:11:44.490564,cart
U0583,P0438,2026-01-27 19:11:44.490600,cart
U0718,P0212,2025-08-23 19:11:44.490648,view
U0031,P0411,2025-07-16 19:11:44.490901,view
U1199,P0012,2026-04-04 19:11:44.490955,cart
U1802,P0404,2025-06-09 19:11:44.490995,cart
U0613,P0108,2026-01-26 19:11:44.491028,view
U0545,P0076,2026-03-16 19:11:44.491065,cart
U0415,P0130,2026-03-27 19:11:44.491102,view
U1291,P0374,2026-03-23 19:11:44.491134,view
U0609,P0419,2025-09-27 19:11:44.491165,view
U0088,P0049,2025-12-07 19:11:44.491196,view
U1160,P0009,2026-01-15 19:11:44.491225,view
U1266,P0214,2025-06-13 19:11:44.491254,view
U1457,P0113,2025-09-05 19:11:44.491284,cart
U1692,P0160,2025-06-20 19:11:44.491314,view
U1220,P0155,2025-12-08 19:11:44.491343,cart
U1270,P0444,2026-01-07 19:11:44.491373,cart
U0495,P0298,2025-09-12 19:11:44.491402,wishlist
U0684,P0005,2025-11-02 19:11:44.491431,view
U1906,P0034,2026-02-09 19:11:44.491459,view
U1580,P0283,2026-03-12 19:11:44.491488,view
U0998,P0327,2025-12-28 19:11:44.491516,purchase
U1243,P0273,2025-09-02 19:11:44.491544,view
U0610,P0109,2025-11-05 19:11:44.491573,cart
U0717,P0330,2025-08-22 19:11:44.491601,purchase
U1051,P0029,2025-09-02 19:11:44.491628,view
U1067,P0008,2025-09-16 19:11:44.491657,cart
U0219,P0440,2025-10-05 19:11:44.491686,view
U1004,P0089,2026-01-21 19:11:44.491714,purchase
U1552,P0314,2026-03-03 19:11:44.491741,cart
U1935,P0229,2025-09-04 19:11:44.491769,view
U0869,P0314,2025-07-06 19:11:44.491797,view
U0090,P0015,2025-06-06 19:11:44.491825,view
U0788,P0396,2025-06-12 19:11:44.491854,purchase
U1625,P0393,2025-11-27 19:11:44.491882,view
U1527,P0419,2026-03-23 19:11:44.491910,cart
U1953,P0448,2025-08-03 19:11:44.491937,wishlist
U1480,P0161,2025-11-07 19:11:44.491965,cart
U0488,P0037,2025-06-17 19:11:44.492006,view
U1820,P0142,2025-07-20 19:11:44.492056,view
U1633,P0007,2025-12-10 19:11:44.492106,wishlist
U0972,P0114,2025-05-11 19:11:44.492159,wishlist
U0427,P0152,2025-12-12 19:11:44.492193,view
U0872,P0100,2026-01-14 19:11:44.492227,wishlist
U0909,P0178,2025-06-25 19:11:44.492279,view
U0878,P0124,2025-04-07 19:11:44.492325,cart
U0641,P0287,2025-12-20 19:11:44.492357,view
U0305,P0422,2025-05-25 19:11:44.492390,view
U0622,P0181,2025-12-10 19:11:44.492453,cart
U1755,P0376,2026-02-26 19:11:44.492506,view
U1279,P0093,2025-11-15 19:11:44.492539,view
U1124,P0120,2025-11-27 19:11:44.492570,wishlist
U1506,P0187,2025-06-29 19:11:44.492601,purchase
U1461,P0280,2025-10-11 19:11:44.492633,view
U1231,P0005,2025-12-17 19:11:44.492664,cart
U1310,P0045,2025-09-11 19:11:44.492695,cart
U0756,P0459,2025-07-07 19:11:44.492726,cart
U0015,P0408,2025-04-26 19:11:44.492757,cart
U0076,P0034,2025-07-11 19:11:44.492790,wishlist
U1559,P0411,2025-07-01 19:11:44.492820,cart
U1898,P0484,2026-01-07 19:11:44.492850,view
U1249,P0479,2025-06-06 19:11:44.492880,view
U1597,P0383,2025-07-30 19:11:44.492909,view
U1573,P0066,2026-01-19 19:11:44.492938,purchase
U1566,P0442,2025-07-18 19:11:44.492982,view
U1004,P0094,2025-09-14 19:11:44.493025,view
U1975,P0477,2025-11-16 19:11:44.493057,cart
U0285,P0154,2025-10-17 19:11:44.493089,view
U1717,P0443,2025-07-28 19:11:44.493120,view
U1084,P0209,2025-08-21 19:11:44.493151,view
U1709,P0313,2026-03-06 19:11:44.493182,view
U0775,P0306,2025-09-28 19:11:44.493219,view
U1308,P0480,2025-05-11 19:11:44.493266,cart
U1583,P0263,2026-02-25 19:11:44.493320,view
U1104,P0208,2026-02-02 19:11:44.493367,cart
U0106,P0093,2026-03-28 19:11:44.493402,view
U0515,P0251,2025-08-01 19:11:44.493436,cart
U1380,P0216,2025-05-01 19:11:44.493469,view
U0512,P0356,2026-01-06 19:11:44.493503,view
U1299,P0178,2025-08-20 19:11:44.493537,wishlist
U0598,P0183,2026-02-11 19:11:44.493569,view
U0311,P0056,2025-08-01 19:11:44.493602,cart
U1356,P0141,2025-12-28 19:11:44.493632,cart
U0383,P0055,2025-08-09 19:11:44.493667,view
U0252,P0034,2025-10-09 19:11:44.493700,wishlist
U1162,P0059,2025-07-23 19:11:44.493731,cart
U1922,P0098,2025-11-23 19:11:44.493762,wishlist
U0327,P0436,2026-02-12 19:11:44.493811,view
U0843,P0403,2025-10-23 19:11:44.493864,view
U0841,P0358,2026-01-24 19:11:44.493922,view
U0764,P0183,2025-12-13 19:11:44.493970,cart
U1727,P0359,2025-05-24 19:11:44.494005,wishlist
U1739,P0034,2025-07-25 19:11:44.494039,cart
U1180,P0297,2026-02-26 19:11:44.494071,purchase
U1480,P0213,2025-06-22 19:11:44.494102,view
U0315,P0483,2025-08-31 19:11:44.494133,cart
U1529,P0240,2025-06-07 19:11:44.494162,cart
U1936,P0442,2025-11-11 19:11:44.494191,view
U1586,P0048,2025-04-29 19:11:44.494221,view
U1246,P0287,2025-12-23 19:11:44.494255,view
U0703,P0251,2025-09-17 19:11:44.494286,wishlist
U1763,P0131,2025-09-25 19:11:44.494314,purchase
U0839,P0397,2025-06-27 19:11:44.494344,view
U1984,P0187,2025-11-06 19:11:44.494373,view
U1827,P0436,2025-08-02 19:11:44.494402,purchase
U1169,P0231,2025-04-18 19:11:44.494432,wishlist
U0847,P0254,2026-02-19 19:11:44.494475,view
U1027,P0028,2026-02-12 19:11:44.494508,view
U0613,P0263,2026-01-29 19:11:44.494537,view
U1529,P0197,2025-07-18 19:11:44.494567,wishlist
U1057,P0067,2025-04-05 19:11:44.494596,view
U1800,P0047,2025-04-27 19:11:44.494627,view
U0281,P0389,2025-05-29 19:11:44.494655,cart
U1502,P0437,2026-02-24 19:11:44.494685,view
U1120,P0109,2025-06-16 19:11:44.494714,purchase
U1400,P0117,2025-11-23 19:11:44.494744,purchase
U0120,P0266,2026-01-29 19:11:44.494773,cart
U1775,P0248,2026-01-21 19:11:44.494802,cart
U0989,P0355,2025-11-07 19:11:44.494831,view
U1902,P0330,2025-07-29 19:11:44.494860,cart
U1453,P0379,2025-10-11 19:11:44.494889,view
U1697,P0146,2025-09-03 19:11:44.494924,view
U1292,P0427,2026-01-06 19:11:44.494970,view
U0803,P0480,2025-05-03 19:11:44.495013,purchase
U1644,P0368,2025-05-02 19:11:44.495057,wishlist
U1799,P0447,2025-12-18 19:11:44.495105,view
U0327,P0228,2025-06-06 19:11:44.495147,view
U1017,P0087,2025-06-19 19:11:44.495181,view
U1915,P0359,2025-05-23 19:11:44.495222,view
U0560,P0316,2025-04-30 19:11:44.495256,view
U1841,P0467,2026-03-15 19:11:44.495286,view
U0012,P0399,2026-02-06 19:11:44.495328,view
U0890,P0115,2025-11-09 19:11:44.495377,view
U0637,P0240,2025-04-28 19:11:44.495412,wishlist
U1444,P0133,2025-07-31 19:11:44.495449,cart
U0696,P0176,2025-10-06 19:11:44.495486,view
U1897,P0276,2026-02-10 19:11:44.495556,view
U0870,P0404,2025-04-07 19:11:44.495590,view
U0133,P0292,2025-08-26 19:11:44.495620,view
U0193,P0105,2025-06-07 19:11:44.495654,cart
U0167,P0357,2025-11-11 19:11:44.495686,cart
U0247,P0315,2025-04-20 19:11:44.495735,purchase
U1130,P0035,2026-03-28 19:11:44.495771,view
U1181,P0328,2025-08-30 19:11:44.495805,purchase
U1400,P0093,2025-05-25 19:11:44.495835,view
U0784,P0147,2025-07-30 19:11:44.495864,wishlist
U1689,P0103,2025-08-06 19:11:44.495893,cart
U1233,P0358,2026-03-16 19:11:44.495922,view
U1987,P0169,2026-01-30 19:11:44.495952,view
U1503,P0190,2026-01-27 19:11:44.495983,view
U0126,P0365,2025-11-27 19:11:44.496018,view
U0590,P0398,2025-04-22 19:11:44.496066,wishlist
U1214,P0368,2026-01-04 19:11:44.496101,purchase
U1919,P0196,2025-12-06 19:11:44.496133,view
U1316,P0357,2025-09-02 19:11:44.496163,purchase
U0651,P0453,2025-09-25 19:11:44.496193,wishlist
U0426,P0209,2026-02-27 19:11:44.496221,view
U0028,P0123,2025-12-23 19:11:44.496251,view
U1591,P0060,2025-09-15 19:11:44.496279,view
U1958,P0219,2026-03-04 19:11:44.496307,view
U1783,P0430,2025-06-28 19:11:44.496334,cart
U0480,P0391,2025-11-24 19:11:44.496362,view
U1951,P0413,2025-07-17 19:11:44.496390,view
U0463,P0261,2025-10-13 19:11:44.496418,purchase
U1412,P0072,2025-12-09 19:11:44.496447,view
U1248,P0326,2025-05-24 19:11:44.496488,view
U0453,P0070,2026-03-05 19:11:44.496518,wishlist
U0350,P0485,2025-05-16 19:11:44.496551,wishlist
U1279,P0406,2025-11-24 19:11:44.496580,cart
U0348,P0353,2025-11-28 19:11:44.496610,cart
U1868,P0360,2026-03-08 19:11:44.496638,cart
U1415,P0437,2025-05-24 19:11:44.496671,view
U1673,P0235,2025-08-16 19:11:44.496700,cart
U1493,P0106,2025-07-30 19:11:44.496731,cart
U1887,P0087,2026-01-04 19:11:44.496761,view
U1407,P0347,2025-08-11 19:11:44.496789,view
U0944,P0298,2025-04-18 19:11:44.496817,cart
U0425,P0196,2025-07-28 19:11:44.496846,cart
U1871,P0114,2026-03-03 19:11:44.496874,cart
U0407,P0128,2025-08-08 19:11:44.496902,view
U1945,P0035,2025-11-23 19:11:44.496930,view
U1983,P0167,2025-10-04 19:11:44.496959,view
U0572,P0359,2026-03-08 19:11:44.496988,wishlist
U0170,P0313,2025-11-27 19:11:44.497016,cart
U1341,P0104,2025-07-03 19:11:44.497046,view
U1182,P0107,2025-08-04 19:11:44.497075,view
U0536,P0397,2026-02-11 19:11:44.497102,view
U0838,P0440,2025-07-14 19:11:44.497129,view
U1987,P0447,2025-11-11 19:11:44.497156,view
U0226,P0272,2025-08-18 19:11:44.497184,view
U1051,P0142,2025-09-08 19:11:44.497212,view
U1269,P0016,2025-09-23 19:11:44.497242,purchase
U0148,P0156,2025-09-06 19:11:44.497270,view
U1615,P0230,2025-04-12 19:11:44.497298,cart
U0029,P0441,2026-01-05 19:11:44.497326,cart
U0547,P0112,2025-04-16 19:11:44.497353,view
U0936,P0230,2025-10-22 19:11:44.497382,cart
U1107,P0284,2025-10-15 19:11:44.497411,view
U0128,P0016,2025-08-21 19:11:44.497438,wishlist
U1475,P0493,2026-01-18 19:11:44.497467,view
U1305,P0185,2025-06-08 19:11:44.497496,purchase
U1585,P0080,2025-07-28 19:11:44.497524,cart
U1377,P0401,2025-10-23 19:11:44.497552,view
U1626,P0326,2025-09-30 19:11:44.497581,purchase
U1550,P0350,2026-01-29 19:11:44.497609,view
U1299,P0213,2025-05-22 19:11:44.497637,view
U1694,P0374,2025-05-01 19:11:44.497665,wishlist
U0810,P0292,2025-04-11 19:11:44.497695,view
U1355,P0233,2025-07-01 19:11:44.497722,view
U1825,P0473,2025-08-19 19:11:44.497749,cart
U1464,P0495,2026-04-03 19:11:44.497777,cart
U0892,P0242,2026-01-28 19:11:44.497805,purchase
U1648,P0220,2026-02-13 19:11:44.497833,view
U1067,P0170,2025-04-16 19:11:44.497862,wishlist
U1225,P0429,2026-02-16 19:11:44.497890,view
U0105,P0495,2025-04-22 19:11:44.497918,cart
U0179,P0288,2025-04-20 19:11:44.497947,cart
U0110,P0083,2025-10-25 19:11:44.497974,purchase
U1978,P0158,2026-03-25 19:11:44.498001,view
U1491,P0211,2025-05-19 19:11:44.498028,view
U0885,P0132,2025-07-14 19:11:44.498056,cart
U0251,P0092,2025-07-09 19:11:44.498085,wishlist
U0136,P0355,2025-06-10 19:11:44.498112,purchase
U0166,P0183,2026-04-05 19:11:44.498140,purchase
U0335,P0363,2025-10-30 19:11:44.498169,view
U0815,P0038,2025-11-19 19:11:44.498198,cart
U0220,P0347,2026-01-17 19:11:44.498225,view
U0514,P0074,2025-06-22 19:11:44.498253,purchase
U0639,P0169,2025-11-27 19:11:44.498281,view
U1854,P0177,2026-03-17 19:11:44.498308,view
U1113,P0487,2025-04-15 19:11:44.498335,view
U0138,P0019,2025-06-21 19:11:44.498363,view
U1190,P0337,2025-07-19 19:11:44.498389,view
U0294,P0399,2025-04-20 19:11:44.498415,view
U0721,P0484,2026-01-24 19:11:44.498447,wishlist
U1931,P0349,2025-05-10 19:11:44.498484,wishlist
U1919,P0307,2025-12-30 19:11:44.498513,view
U0959,P0126,2025-06-08 19:11:44.498541,view
U1732,P0245,2026-02-19 19:11:44.498569,view
U1608,P0107,2025-09-26 19:11:44.498597,view
U0083,P0023,2025-07-23 19:11:44.498623,view
U0609,P0220,2025-10-07 19:11:44.498650,view
U1338,P0178,2026-03-24 19:11:44.498677,cart
U0364,P0164,2025-07-30 19:11:44.498704,view
U0895,P0092,2025-12-04 19:11:44.498729,view
U1548,P0461,2025-08-28 19:11:44.498756,view
U0188,P0037,2026-02-10 19:11:44.498783,view
U0715,P0049,2025-08-25 19:11:44.498810,view
U0167,P0140,2025-09-06 19:11:44.498837,purchase
U1209,P0259,2026-02-05 19:11:44.498865,wishlist
U1573,P0145,2026-03-21 19:11:44.498892,cart
U0507,P0007,2026-01-18 19:11:44.498921,view
U1517,P0420,2025-05-02 19:11:44.498948,cart
U1941,P0407,2025-07-12 19:11:44.498974,cart
U1552,P0174,2026-01-17 19:11:44.499001,view
U1192,P0036,2025-10-17 19:11:44.499030,wishlist
U1438,P0320,2025-10-10 19:11:44.499057,wishlist
U0719,P0038,2025-04-28 19:11:44.499083,view
U1338,P0148,2025-10-27 19:11:44.499109,view
U0288,P0338,2025-07-14 19:11:44.499136,view
U1672,P0165,2025-05-16 19:11:44.499162,view
U1100,P0170,2025-12-09 19:11:44.499188,view
U0057,P0460,2026-01-04 19:11:44.499215,view
U1505,P0235,2026-02-05 19:11:44.499242,cart
U1736,P0183,2025-07-26 19:11:44.499269,view
U1432,P0375,2025-09-18 19:11:44.499295,view
U0959,P0250,2026-01-24 19:11:44.499323,wishlist
U0668,P0053,2025-04-25 19:11:44.499351,purchase
U1959,P0120,2025-07-05 19:11:44.499377,view
U1908,P0181,2025-11-27 19:11:44.499403,view
U0148,P0007,2025-10-28 19:11:44.499428,view
U0533,P0267,2025-12-24 19:11:44.499455,view
U1702,P0411,2025-10-08 19:11:44.499482,wishlist
U0033,P0067,2025-11-24 19:11:44.499509,view
U0215,P0321,2025-09-01 19:11:44.499536,view
U0809,P0124,2025-07-20 19:11:44.499563,cart
U1215,P0380,2026-03-09 19:11:44.499590,cart
U0616,P0262,2025-05-22 19:11:44.499617,view
U0045,P0208,2025-04-06 19:11:44.499644,purchase
U0875,P0203,2025-07-11 19:11:44.499671,view
U0091,P0002,2025-08-28 19:11:44.499698,view
U0804,P0454,2025-06-09 19:11:44.499726,cart
U0301,P0296,2025-10-15 19:11:44.499752,cart
U0068,P0477,2025-05-04 19:11:44.499779,purchase
U0271,P0380,2025-09-28 19:11:44.499806,view
U1359,P0269,2026-01-25 19:11:44.499832,cart
U1318,P0288,2025-12-26 19:11:44.499861,wishlist
U0666,P0368,2025-07-15 19:11:44.499889,purchase
U0230,P0103,2025-07-31 19:11:44.499917,purchase
U0584,P0349,2025-11-12 19:11:44.499944,view
U1945,P0377,2025-11-16 19:11:44.499971,view
U0739,P0035,2026-01-21 19:11:44.499999,view
U0949,P0196,2025-10-30 19:11:44.500025,view
U0478,P0475,2025-07-10 19:11:44.500051,purchase
U0630,P0287,2025-08-09 19:11:44.500078,view
U1341,P0400,2026-03-05 19:11:44.500105,view
U1006,P0124,2025-08-31 19:11:44.500131,view
U0881,P0484,2025-04-21 19:11:44.500158,view
U0859,P0413,2025-10-04 19:11:44.500187,view
U0688,P0497,2026-02-20 19:11:44.500215,view
U1154,P0112,2025-05-15 19:11:44.500243,view
U0073,P0023,2025-11-25 19:11:44.500271,cart
U0511,P0155,2025-10-26 19:11:44.500298,view
U0153,P0411,2025-09-17 19:11:44.500326,view
U1288,P0024,2025-05-24 19:11:44.500354,cart
U0511,P0030,2025-09-25 19:11:44.500386,view
U1186,P0493,2025-04-17 19:11:44.500433,view
U0950,P0063,2026-02-25 19:11:44.500494,view
U0892,P0401,2025-12-12 19:11:44.500546,view
U1460,P0114,2025-05-28 19:11:44.500595,purchase
U0212,P0498,2026-01-17 19:11:44.500646,view
U0421,P0289,2025-05-26 19:11:44.500699,view
U0300,P0462,2025-12-24 19:11:44.500748,view
U1262,P0366,2025-10-19 19:11:44.500796,view
U1264,P0160,2025-05-03 19:11:44.500846,view
U0002,P0255,2025-06-12 19:11:44.500902,purchase
U1770,P0052,2026-03-17 19:11:44.500959,cart
U0725,P0304,2025-10-06 19:11:44.501015,view
U0628,P0354,2026-03-14 19:11:44.501054,purchase
U1704,P0299,2025-10-17 19:11:44.501118,view
U1185,P0012,2025-12-20 19:11:44.501155,view
U1215,P0413,2026-03-20 19:11:44.501187,view
U0855,P0302,2025-09-10 19:11:44.501217,view
U1248,P0475,2025-09-06 19:11:44.501248,purchase
U1093,P0082,2026-01-27 19:11:44.501279,purchase
U0853,P0277,2025-08-20 19:11:44.501309,view
U1062,P0187,2025-07-02 19:11:44.501338,purchase
U1948,P0395,2025-09-15 19:11:44.501369,cart
U0830,P0099,2025-04-10 19:11:44.501399,purchase
U1925,P0056,2025-05-26 19:11:44.501428,view
U0996,P0240,2025-07-07 19:11:44.501461,view
U1056,P0353,2026-02-27 19:11:44.501490,cart
U0549,P0256,2025-06-06 19:11:44.501520,view
U0172,P0255,2025-11-30 19:11:44.501549,view
U0121,P0441,2025-06-20 19:11:44.501578,view
U0311,P0085,2025-04-22 19:11:44.501608,cart
U2000,P0340,2025-11-02 19:11:44.501640,view
U0173,P0002,2025-12-24 19:11:44.501670,view
U1632,P0492,2026-02-22 19:11:44.501703,view
U0712,P0311,2025-08-19 19:11:44.501733,view
U0816,P0347,2025-10-21 19:11:44.501762,view
U0982,P0245,2025-11-25 19:11:44.501790,view
U1175,P0068,2025-09-27 19:11:44.501818,view
U1314,P0451,2025-12-11 19:11:44.501846,cart
U0468,P0193,2026-03-27 19:11:44.501875,cart
U1110,P0399,2026-03-30 19:11:44.501903,view
U1677,P0269,2025-12-08 19:11:44.501931,cart
U1455,P0160,2025-09-24 19:11:44.501960,view
U1879,P0164,2026-02-08 19:11:44.501988,view
U0457,P0250,2026-02-15 19:11:44.502016,view
U1513,P0185,2025-07-30 19:11:44.502044,view
U1993,P0066,2025-05-31 19:11:44.502072,view
U1116,P0483,2025-04-29 19:11:44.502101,view
U1919,P0250,2025-04-26 19:11:44.502133,view
U1839,P0425,2025-06-11 19:11:44.502160,view
U0985,P0374,2025-08-27 19:11:44.502191,view
U1569,P0451,2025-09-01 19:11:44.502220,view
U0982,P0427,2026-04-05 19:11:44.502247,view
U1878,P0219,2026-02-21 19:11:44.502276,wishlist
U1211,P0379,2025-10-08 19:11:44.502306,cart
U0310,P0112,2025-12-27 19:11:44.502334,view
U0064,P0005,2025-04-15 19:11:44.502368,wishlist
U1888,P0129,2025-09-26 19:11:44.502397,view
U1557,P0007,2025-05-21 19:11:44.502425,view
U1902,P0238,2026-03-02 19:11:44.502452,view
U1955,P0456,2026-02-24 19:11:44.502492,wishlist
U0755,P0269,2025-07-28 19:11:44.502522,wishlist
U0816,P0461,2026-01-07 19:11:44.502550,cart
U0681,P0337,2026-03-01 19:11:44.502577,view
U1945,P0039,2025-09-15 19:11:44.502605,purchase
U0968,P0356,2025-05-15 19:11:44.502633,cart
U0011,P0148,2025-09-24 19:11:44.502661,view
U1958,P0092,2025-10-08 19:11:44.502688,view
U0310,P0143,2026-01-13 19:11:44.502715,view
U1643,P0333,2025-06-28 19:11:44.502742,purchase
U1510,P0220,2025-09-04 19:11:44.502771,view
U0598,P0289,2025-05-04 19:11:44.502798,wishlist
U0306,P0266,2025-05-07 19:11:44.502827,view
U1547,P0376,2026-04-05 19:11:44.502855,view
U0780,P0472,2025-04-16 19:11:44.502883,view
U1793,P0268,2026-03-23 19:11:44.502910,purchase
U0211,P0121,2025-09-12 19:11:44.502939,view
U1789,P0252,2025-06-08 19:11:44.502968,view
U1910,P0452,2025-04-21 19:11:44.503002,view
U1590,P0322,2026-01-29 19:11:44.503032,view
U1834,P0095,2026-02-24 19:11:44.503061,view
U1270,P0272,2025-08-28 19:11:44.503089,view
U1848,P0077,2025-09-03 19:11:44.503118,purchase
U1224,P0262,2025-09-05 19:11:44.503148,view
U0225,P0105,2025-04-21 19:11:44.503176,purchase
U0483,P0307,2025-05-27 19:11:44.503203,cart
U1449,P0479,2025-11-04 19:11:44.503231,view
U0907,P0461,2025-04-06 19:11:44.503258,cart
U0733,P0462,2025-06-25 19:11:44.503289,cart
U1413,P0226,2025-07-21 19:11:44.503317,view
U0419,P0221,2025-08-07 19:11:44.503345,cart
U0084,P0197,2025-06-29 19:11:44.503373,view
U1086,P0203,2025-05-11 19:11:44.503400,cart
U1971,P0021,2025-09-28 19:11:44.503427,view
U0882,P0342,2025-05-17 19:11:44.503455,view
U1626,P0487,2025-12-08 19:11:44.503499,cart
U1649,P0490,2025-06-19 19:11:44.503527,view
U0798,P0145,2025-05-16 19:11:44.503555,purchase
U0352,P0255,2025-07-11 19:11:44.503583,view
U1397,P0217,2025-05-17 19:11:44.503613,view
U1727,P0301,2025-09-23 19:11:44.503641,wishlist
U0919,P0369,2025-09-02 19:11:44.503670,view
U0520,P0123,2025-07-31 19:11:44.503698,cart
U1643,P0493,2025-12-13 19:11:44.503725,view
U0355,P0313,2025-07-06 19:11:44.503753,view
U0184,P0123,2026-02-11 19:11:44.503780,wishlist
U1294,P0486,2026-01-08 19:11:44.503809,view
U0663,P0477,2026-01-08 19:11:44.503836,cart
U1164,P0492,2025-10-24 19:11:44.503864,cart
U1175,P0133,2025-05-25 19:11:44.503892,view
U0078,P0082,2025-07-08 19:11:44.503919,view
U0578,P0249,2025-06-27 19:11:44.503948,cart
U1402,P0304,2025-05-25 19:11:44.503975,cart
U0264,P0002,2026-01-15 19:11:44.504002,view
U1238,P0183,2025-10-26 19:11:44.504029,view
U1984,P0024,2026-02-27 19:11:44.504055,wishlist
U0844,P0205,2025-05-17 19:11:44.504082,view
U1121,P0202,2026-01-18 19:11:44.504108,cart
U0142,P0087,2026-01-24 19:11:44.504136,view
U1264,P0411,2025-11-22 19:11:44.504162,cart
U1060,P0010,2026-04-02 19:11:44.504192,view
U1087,P0094,2025-07-11 19:11:44.504219,view
U1081,P0335,2025-08-16 19:11:44.504247,cart
U0493,P0392,2025-06-24 19:11:44.504275,view
U0838,P0330,2025-05-31 19:11:44.504303,view
U0485,P0048,2026-02-22 19:11:44.504333,purchase
U1494,P0457,2025-08-09 19:11:44.504364,view
U1180,P0317,2025-10-08 19:11:44.504393,view
U1565,P0040,2025-05-11 19:11:44.504420,view
U1999,P0412,2025-11-15 19:11:44.504448,view
U0472,P0193,2025-04-29 19:11:44.504476,view
U0897,P0089,2025-06-22 19:11:44.504512,cart
U0629,P0001,2025-06-01 19:11:44.504542,wishlist
U1234,P0127,2025-05-22 19:11:44.504569,wishlist
U1832,P0392,2026-03-08 19:11:44.504596,view
U0405,P0293,2025-06-23 19:11:44.504623,view
U0237,P0083,2025-11-01 19:11:44.504650,view
U0523,P0329,2025-11-29 19:11:44.504676,view
U0130,P0427,2025-04-07 19:11:44.504702,wishlist
U1844,P0483,2026-02-04 19:11:44.504728,cart
U1438,P0068,2026-03-15 19:11:44.504754,view
U0845,P0433,2025-04-24 19:11:44.504784,cart
U0669,P0078,2026-02-14 19:11:44.504811,view
U1511,P0437,2026-03-04 19:11:44.504838,view
U1905,P0459,2025-12-16 19:11:44.504866,view
U1407,P0257,2026-01-02 19:11:44.504894,view
U0050,P0042,2025-08-27 19:11:44.504922,purchase
U0988,P0321,2025-06-01 19:11:44.504949,view
U0132,P0201,2025-06-14 19:11:44.504976,purchase
U0991,P0125,2025-08-03 19:11:44.505003,cart
U0121,P0249,2025-04-15 19:11:44.505030,view
U0342,P0363,2025-06-02 19:11:44.505059,view
U0952,P0370,2025-12-19 19:11:44.505087,view
U0345,P0138,2025-07-12 19:11:44.505116,view
U1290,P0155,2025-09-08 19:11:44.505143,view
U1427,P0314,2025-11-16 19:11:44.505170,wishlist
U0166,P0176,2025-07-04 19:11:44.505198,view
U0219,P0146,2026-01-18 19:11:44.505227,wishlist
U0830,P0155,2025-12-29 19:11:44.505256,wishlist
U0125,P0395,2026-03-08 19:11:44.505284,purchase
U1323,P0043,2026-02-08 19:11:44.505312,wishlist
U0143,P0383,2025-09-06 19:11:44.505340,view
U0813,P0054,2025-05-02 19:11:44.505368,view
U0175,P0054,2025-09-03 19:11:44.505395,view
U1693,P0350,2026-03-26 19:11:44.505422,view
U1418,P0128,2025-08-04 19:11:44.505450,view
U0259,P0189,2025-08-13 19:11:44.505478,view
U0762,P0218,2025-08-02 19:11:44.505505,view
U0028,P0031,2025-08-16 19:11:44.505532,view
U1763,P0133,2025-07-01 19:11:44.505558,view
U0394,P0489,2025-11-15 19:11:44.505587,purchase
U0065,P0238,2025-05-11 19:11:44.505613,view
U0443,P0367,2025-05-31 19:11:44.505641,cart
U1814,P0047,2026-04-01 19:11:44.505668,view
U1025,P0155,2025-12-02 19:11:44.505696,cart
U1442,P0427,2025-08-23 19:11:44.505722,view
U0174,P0341,2026-03-29 19:11:44.505750,purchase
U0584,P0326,2025-11-28 19:11:44.505777,view
U0491,P0097,2025-12-13 19:11:44.505804,view
U1214,P0211,2025-07-24 19:11:44.505830,cart
U1794,P0189,2025-07-12 19:11:44.505857,view
U1839,P0243,2026-01-04 19:11:44.505883,view
U0580,P0323,2025-10-18 19:11:44.505910,view
U0023,P0232,2026-02-02 19:11:44.505937,wishlist
U0253,P0299,2025-05-10 19:11:44.505966,view
U1689,P0147,2025-05-04 19:11:44.505995,purchase
U0924,P0421,2025-12-28 19:11:44.506025,view
U0008,P0343,2025-05-19 19:11:44.506053,view
U0664,P0054,2025-08-09 19:11:44.506082,view
U0214,P0332,2026-02-19 19:11:44.506109,view
U1356,P0450,2025-09-11 19:11:44.506136,view
U1367,P0032,2026-01-21 19:11:44.506163,purchase
U0281,P0277,2025-11-13 19:11:44.506190,cart
U1652,P0327,2025-11-20 19:11:44.506218,wishlist
U0876,P0324,2025-05-12 19:11:44.506246,cart
U0550,P0222,2025-07-10 19:11:44.506273,purchase
U1894,P0431,2026-03-07 19:11:44.506302,view
U0324,P0105,2025-11-13 19:11:44.506330,view
U0629,P0104,2025-09-03 19:11:44.506358,cart
U1575,P0230,2026-03-14 19:11:44.506386,view
U0253,P0153,2025-05-29 19:11:44.506413,view
U0741,P0273,2025-07-04 19:11:44.506442,cart
U0521,P0063,2026-02-16 19:11:44.506472,cart
U1565,P0276,2025-06-16 19:11:44.506507,view
U1881,P0369,2025-05-25 19:11:44.506537,view
U1056,P0003,2026-01-24 19:11:44.506568,cart
U1165,P0208,2025-07-13 19:11:44.506598,view
U0780,P0130,2026-03-05 19:11:44.506640,view
U1277,P0399,2025-12-25 19:11:44.506687,view
U0607,P0411,2025-06-22 19:11:44.506732,view
U0710,P0339,2025-05-24 19:11:44.506764,view
U1694,P0143,2025-08-27 19:11:44.506793,purchase
U1042,P0277,2025-04-10 19:11:44.506839,wishlist
U1557,P0328,2025-08-16 19:11:44.506868,view
U0585,P0352,2026-03-29 19:11:44.506897,view
U0339,P0120,2025-08-09 19:11:44.506932,view
U0555,P0257,2025-11-22 19:11:44.506960,view
U1643,P0154,2025-07-19 19:11:44.506988,view
U0137,P0365,2025-12-26 19:11:44.507017,view
U1634,P0122,2025-08-19 19:11:44.507046,view
U0405,P0131,2026-01-29 19:11:44.507074,view
U0084,P0381,2026-01-10 19:11:44.507102,purchase
U1357,P0404,2026-04-04 19:11:44.507131,cart
U1733,P0204,2026-02-21 19:11:44.507160,view
U0580,P0386,2025-08-22 19:11:44.507188,view
U1155,P0183,2026-02-01 19:11:44.507217,purchase
U0089,P0450,2025-12-17 19:11:44.507245,view
U1078,P0500,2026-01-26 19:11:44.507274,view
U1710,P0050,2025-10-03 19:11:44.507303,cart
U1465,P0323,2025-05-04 19:11:44.507331,view
U0458,P0128,2025-07-31 19:11:44.507359,cart
U1353,P0352,2025-10-05 19:11:44.507387,view
U1573,P0189,2025-04-29 19:11:44.507416,purchase
U1428,P0157,2025-04-15 19:11:44.507443,view
U1300,P0308,2025-11-20 19:11:44.507472,view
U1127,P0390,2025-08-23 19:11:44.507500,view
U0222,P0166,2025-06-10 19:11:44.507529,cart
U0109,P0100,2025-06-02 19:11:44.507557,view
U1865,P0130,2025-11-27 19:11:44.507585,view
U1914,P0029,2025-11-16 19:11:44.507613,cart
U0796,P0070,2025-04-26 19:11:44.507641,view
U1881,P0292,2025-08-21 19:11:44.507669,view
U0284,P0460,2025-09-30 19:11:44.507699,view
U1943,P0165,2025-11-18 19:11:44.507727,view
U0298,P0419,2026-03-09 19:11:44.507755,view
U0445,P0453,2025-06-23 19:11:44.507783,view
U0515,P0289,2025-08-16 19:11:44.507812,cart
U0646,P0139,2025-06-04 19:11:44.507843,view
U0881,P0061,2025-06-05 19:11:44.507871,view
U0992,P0052,2026-01-04 19:11:44.507900,wishlist
U0634,P0345,2026-04-03 19:11:44.507928,view
U1228,P0466,2026-02-12 19:11:44.507956,view
U1531,P0459,2025-09-26 19:11:44.507984,view
U1022,P0161,2025-10-12 19:11:44.508012,cart
U0826,P0109,2025-06-06 19:11:44.508041,cart
U0498,P0335,2025-09-05 19:11:44.508070,view
U0042,P0201,2025-12-12 19:11:44.508099,view
U0977,P0347,2025-10-27 19:11:44.508127,cart
U1233,P0500,2025-05-16 19:11:44.508156,view
U0574,P0299,2025-10-13 19:11:44.508185,view
U1675,P0126,2025-08-16 19:11:44.508212,view
U0237,P0337,2025-11-18 19:11:44.508241,view
U0956,P0297,2025-07-09 19:11:44.508269,view
U1467,P0312,2026-02-08 19:11:44.508297,cart
U0390,P0072,2026-03-01 19:11:44.508325,purchase
U1203,P0215,2026-03-15 19:11:44.508353,view
U0287,P0432,2026-01-15 19:11:44.508384,view
U0734,P0373,2025-11-12 19:11:44.508412,purchase
U1048,P0399,2025-08-02 19:11:44.508440,view
U1252,P0094,2025-10-05 19:11:44.508471,wishlist
U1369,P0227,2026-04-05 19:11:44.508507,view
U0403,P0106,2025-12-04 19:11:44.508538,view
U0411,P0259,2025-07-10 19:11:44.508566,view
U0080,P0050,2025-10-25 19:11:44.508594,view
U1000,P0441,2025-12-28 19:11:44.508623,view
U0381,P0257,2025-05-24 19:11:44.508651,view
U1403,P0051,2026-04-03 19:11:44.508680,wishlist
U0568,P0229,2026-03-27 19:11:44.508708,cart
U0740,P0115,2026-01-22 19:11:44.508736,purchase
U1118,P0242,2025-08-19 19:11:44.508767,cart
U1997,P0348,2025-11-16 19:11:44.508794,view
U0468,P0307,2025-08-12 19:11:44.508821,view
U0650,P0458,2026-01-10 19:11:44.508848,view
U0305,P0158,2025-10-19 19:11:44.508875,cart
U1197,P0185,2025-12-22 19:11:44.508901,view
U0098,P0008,2025-05-03 19:11:44.508928,purchase
U1191,P0426,2026-03-05 19:11:44.508955,view
U0883,P0049,2025-07-29 19:11:44.508982,view
U1027,P0203,2025-06-06 19:11:44.509009,view
U1256,P0036,2026-01-26 19:11:44.509037,view
U1938,P0106,2025-09-25 19:11:44.509065,view
U0544,P0331,2025-07-21 19:11:44.509092,view
U0446,P0205,2025-09-10 19:11:44.509120,view
U1126,P0010,2026-02-21 19:11:44.509147,view
U0559,P0418,2026-03-17 19:11:44.509176,view
U1281,P0308,2025-04-26 19:11:44.509203,purchase
U0893,P0487,2026-01-18 19:11:44.509231,view
U0895,P0448,2025-11-19 19:11:44.509257,cart
U0144,P0466,2025-11-13 19:11:44.509285,view
U0033,P0243,2025-09-28 19:11:44.509313,view
U0915,P0328,2026-02-09 19:11:44.509340,wishlist
U1986,P0490,2025-05-25 19:11:44.509367,view
U1230,P0023,2025-10-13 19:11:44.509395,cart
U0183,P0254,2026-03-14 19:11:44.509422,view
U0388,P0270,2025-04-07 19:11:44.509448,cart
U1904,P0170,2025-08-12 19:11:44.509476,cart
U0431,P0076,2025-06-09 19:11:44.509503,view
U1580,P0061,2025-04-30 19:11:44.509530,purchase
U1394,P0497,2025-07-21 19:11:44.509557,wishlist
U1448,P0373,2026-03-06 19:11:44.509585,view
U0103,P0455,2025-11-21 19:11:44.509616,purchase
U0637,P0227,2025-05-05 19:11:44.509643,cart
U1325,P0467,2025-08-02 19:11:44.509671,view
U0126,P0113,2026-04-05 19:11:44.509698,cart
U1372,P0314,2025-07-22 19:11:44.509726,purchase
U0440,P0344,2025-10-29 19:11:44.509754,view
U1142,P0376,2025-12-25 19:11:44.509782,cart
U0929,P0015,2025-05-04 19:11:44.509810,cart
U0896,P0022,2025-06-16 19:11:44.509837,view
U0932,P0466,2026-01-16 19:11:44.509865,cart
U0760,P0130,2025-06-23 19:11:44.509893,view
U0766,P0127,2025-04-18 19:11:44.509921,purchase
U1527,P0166,2025-09-30 19:11:44.509948,wishlist
U0573,P0089,2025-12-20 19:11:44.509975,view
U1178,P0126,2025-05-14 19:11:44.510001,view
U1400,P0290,2026-01-07 19:11:44.510028,view
U0154,P0425,2026-02-01 19:11:44.510056,view
U1019,P0162,2025-06-13 19:11:44.510083,wishlist
U0214,P0011,2025-11-19 19:11:44.510112,view
U0850,P0064,2026-01-06 19:11:44.510144,view
U0569,P0033,2026-02-14 19:11:44.510173,cart
U0143,P0058,2025-09-25 19:11:44.510201,view
U1605,P0292,2025-06-22 19:11:44.510229,view
U0534,P0277,2026-01-02 19:11:44.510261,view
U0386,P0010,2025-06-21 19:11:44.510290,view
U0182,P0426,2025-05-11 19:11:44.510319,view
U1212,P0041,2025-05-08 19:11:44.510346,purchase
U1837,P0354,2026-03-04 19:11:44.510373,view
U0230,P0134,2026-03-12 19:11:44.510401,view
U0905,P0377,2025-07-28 19:11:44.510427,wishlist
U0128,P0253,2025-11-23 19:11:44.510455,purchase
U0966,P0011,2025-09-26 19:11:44.510482,cart
U0879,P0225,2025-05-22 19:11:44.510520,view
U0424,P0493,2025-06-18 19:11:44.510549,view
U0909,P0485,2025-06-15 19:11:44.510577,cart
U0153,P0404,2026-03-02 19:11:44.510604,cart
U0211,P0015,2025-07-16 19:11:44.510632,cart
U1413,P0391,2026-01-06 19:11:44.510659,view
U1025,P0465,2025-12-23 19:11:44.510688,view
U1428,P0055,2025-12-24 19:11:44.510715,cart
U1752,P0418,2025-06-26 19:11:44.510743,cart
U1745,P0294,2025-07-07 19:11:44.510771,view
U0728,P0323,2025-06-10 19:11:44.510799,cart
U1761,P0015,2025-06-13 19:11:44.510826,purchase
U0079,P0270,2025-06-02 19:11:44.510853,purchase
U1104,P0037,2025-12-14 19:11:44.510880,wishlist
U1418,P0438,2025-07-24 19:11:44.510906,view
U0063,P0123,2025-12-22 19:11:44.510932,wishlist
U1664,P0057,2026-02-22 19:11:44.510960,wishlist
U0565,P0123,2026-02-26 19:11:44.510986,view
U1380,P0287,2026-01-17 19:11:44.511012,view
U1106,P0410,2025-12-31 19:11:44.511038,cart
U0962,P0380,2025-08-03 19:11:44.511068,cart
U0431,P0020,2025-12-29 19:11:44.511095,view
U0406,P0329,2026-03-01 19:11:44.511122,view
U0925,P0134,2025-06-13 19:11:44.511148,view
U1295,P0136,2025-04-14 19:11:44.511175,view
U0367,P0376,2025-06-17 19:11:44.511201,view
U0174,P0259,2026-02-12 19:11:44.511228,view
U1077,P0469,2025-12-02 19:11:44.511255,view
U1966,P0142,2025-09-14 19:11:44.511281,view
U1676,P0317,2025-12-06 19:11:44.511307,view
U0462,P0396,2025-05-20 19:11:44.511334,view
U0053,P0484,2026-01-24 19:11:44.511360,view
U0852,P0109,2025-04-13 19:11:44.511389,view
U0828,P0440,2026-03-09 19:11:44.511417,view
U0514,P0119,2025-10-09 19:11:44.511442,view
U0527,P0314,2026-02-19 19:11:44.511468,view
U1406,P0023,2025-07-20 19:11:44.511493,wishlist
U0056,P0066,2025-04-18 19:11:44.511521,view
U1837,P0449,2025-05-20 19:11:44.511548,view
U1072,P0472,2025-10-29 19:11:44.511573,cart
U1645,P0223,2025-04-06 19:11:44.511600,view
U0237,P0159,2025-09-28 19:11:44.511625,wishlist
U0344,P0017,2026-01-18 19:11:44.511651,cart
U1621,P0313,2025-05-18 19:11:44.511677,view
U1073,P0019,2025-10-01 19:11:44.511704,view
U0326,P0374,2025-08-24 19:11:44.511729,cart
U0505,P0374,2026-02-17 19:11:44.511755,purchase
U0686,P0147,2025-11-09 19:11:44.511782,view
U1440,P0497,2026-03-30 19:11:44.511807,view
U1134,P0458,2026-03-03 19:11:44.511834,cart
U1053,P0253,2026-03-29 19:11:44.511861,purchase
U0253,P0375,2025-12-30 19:11:44.511889,cart
U1732,P0101,2025-10-08 19:11:44.511916,view
U1025,P0271,2025-08-15 19:11:44.511943,view
U0422,P0071,2025-06-25 19:11:44.511974,cart
U1654,P0390,2025-06-19 19:11:44.512002,view
U0758,P0476,2025-11-03 19:11:44.512029,view
U0576,P0354,2026-01-07 19:11:44.512057,cart
U1947,P0263,2026-03-08 19:11:44.512084,purchase
U1259,P0092,2025-08-15 19:11:44.512111,wishlist
U1009,P0118,2025-10-02 19:11:44.512141,purchase
U1945,P0280,2026-01-06 19:11:44.512168,view
U1638,P0478,2025-04-30 19:11:44.512196,view
U0806,P0354,2025-12-03 19:11:44.512223,view
U0964,P0488,2025-07-09 19:11:44.512254,cart
U0423,P0409,2025-11-01 19:11:44.512281,purchase
U1876,P0197,2026-03-02 19:11:44.512307,purchase
U0117,P0195,2025-10-30 19:11:44.512334,view
U1108,P0042,2026-02-12 19:11:44.512362,view
U1552,P0124,2025-08-18 19:11:44.512389,view
U1269,P0413,2025-08-25 19:11:44.512416,view
U1222,P0034,2026-01-04 19:11:44.512442,wishlist
U1590,P0065,2026-01-11 19:11:44.512469,view
U1017,P0009,2026-01-03 19:11:44.512504,view
U0957,P0172,2026-03-03 19:11:44.512533,view
U1814,P0112,2025-11-02 19:11:44.512560,wishlist
U1134,P0012,2025-04-15 19:11:44.512587,view
U0233,P0473,2025-10-26 19:11:44.512616,wishlist
U1209,P0383,2025-10-14 19:11:44.512643,cart
U0915,P0087,2025-04-06 19:11:44.512670,cart
U0150,P0375,2026-01-12 19:11:44.512698,cart
U0672,P0139,2025-11-02 19:11:44.512725,wishlist
U0510,P0159,2025-07-08 19:11:44.512752,view
U0718,P0025,2026-03-27 19:11:44.512780,cart
U1276,P0009,2025-12-18 19:11:44.512807,purchase
U0143,P0105,2025-07-20 19:11:44.512834,cart
U0491,P0183,2025-09-13 19:11:44.512862,cart
U1060,P0275,2026-02-19 19:11:44.512890,view
U1875,P0138,2025-06-17 19:11:44.512921,view
U1318,P0487,2026-01-21 19:11:44.512950,view
U0174,P0171,2025-08-19 19:11:44.512978,view
U0312,P0402,2026-01-06 19:11:44.513005,cart
U0172,P0378,2025-06-28 19:11:44.513033,view
U0162,P0193,2026-01-03 19:11:44.513061,cart
U1063,P0390,2025-11-22 19:11:44.513089,view
U1454,P0346,2026-03-22 19:11:44.513119,view
U1122,P0272,2026-01-27 19:11:44.513146,view
U0859,P0116,2025-06-15 19:11:44.513172,view
U0382,P0414,2025-10-13 19:11:44.513199,wishlist
U1675,P0270,2025-09-11 19:11:44.513226,view
U0945,P0436,2025-05-02 19:11:44.513252,view
U0487,P0315,2026-03-18 19:11:44.513279,view
U0790,P0178,2026-02-24 19:11:44.513306,cart
U0361,P0207,2025-10-24 19:11:44.513332,purchase
U1964,P0066,2026-02-05 19:11:44.513360,view
U1429,P0281,2025-08-21 19:11:44.513386,cart
U1178,P0435,2026-01-26 19:11:44.513412,view
U1276,P0259,2026-01-20 19:11:44.513439,view
U0195,P0036,2025-04-12 19:11:44.513465,view
U0138,P0313,2025-04-29 19:11:44.513492,view
U0610,P0215,2026-01-19 19:11:44.513518,cart
U0265,P0321,2026-01-20 19:11:44.513544,view
U1408,P0262,2025-11-10 19:11:44.513570,view
U0366,P0363,2025-08-14 19:11:44.513596,view
U1475,P0061,2025-08-31 19:11:44.513622,view
U1865,P0125,2025-10-26 19:11:44.513647,view
U0079,P0171,2026-02-26 19:11:44.513673,view
U0395,P0127,2025-12-17 19:11:44.513699,view
U0966,P0401,2025-05-24 19:11:44.513728,view
U1405,P0134,2026-01-30 19:11:44.513755,purchase
U1531,P0336,2025-09-17 19:11:44.513782,purchase
U1130,P0254,2025-04-19 19:11:44.513810,view
U1622,P0354,2025-11-06 19:11:44.513835,view
U0154,P0372,2026-01-30 19:11:44.513862,wishlist
U0374,P0367,2025-06-19 19:11:44.513888,view
U1419,P0343,2026-03-16 19:11:44.513915,wishlist
U1617,P0195,2025-12-12 19:11:44.513942,cart
U0241,P0071,2025-12-17 19:11:44.513971,view
U1520,P0033,2025-04-22 19:11:44.513998,view
U0899,P0383,2025-05-21 19:11:44.514025,view
U0477,P0305,2025-10-14 19:11:44.514053,view
U1134,P0335,2025-04-21 19:11:44.514080,view
U1751,P0044,2025-04-20 19:11:44.514108,view
U0691,P0488,2025-09-10 19:11:44.514135,view
U0832,P0450,2025-11-01 19:11:44.514161,wishlist
U1348,P0204,2025-09-20 19:11:44.514188,view
U0352,P0271,2025-06-09 19:11:44.514215,view
U0180,P0272,2025-04-12 19:11:44.514242,wishlist
U1143,P0153,2025-08-17 19:11:44.514270,view
U0899,P0460,2025-06-01 19:11:44.514300,cart
U0904,P0314,2026-03-24 19:11:44.514328,view
U0001,P0017,2026-03-20 19:11:44.514356,view
U0840,P0129,2025-12-26 19:11:44.514384,view
U1437,P0187,2025-06-09 19:11:44.514410,view
U0733,P0296,2025-12-08 19:11:44.514438,view
U1184,P0264,2026-02-27 19:11:44.514466,view
U1348,P0439,2025-07-16 19:11:44.514492,wishlist
U0192,P0036,2025-05-13 19:11:44.514529,view
U1548,P0101,2025-06-13 19:11:44.514558,view
U0439,P0205,2025-07-01 19:11:44.514587,view
U0918,P0398,2025-09-29 19:11:44.514615,cart
U1466,P0120,2025-07-17 19:11:44.514644,view
U0201,P0133,2026-03-31 19:11:44.514673,view
U1947,P0450,2025-04-25 19:11:44.514700,cart
U1756,P0077,2025-09-06 19:11:44.514728,purchase
U1521,P0388,2025-08-03 19:11:44.514756,view
U0838,P0077,2025-07-05 19:11:44.514785,cart
U0711,P0281,2025-05-09 19:11:44.514812,wishlist
U1917,P0357,2025-04-08 19:11:44.514840,view
U0688,P0111,2025-08-15 19:11:44.514870,view
U0508,P0292,2026-04-02 19:11:44.514897,purchase
U0468,P0246,2025-12-03 19:11:44.514924,view
U0847,P0443,2025-08-28 19:11:44.514951,view
U1481,P0369,2025-10-23 19:11:44.514977,view
U1661,P0132,2026-01-28 19:11:44.515004,view
U0429,P0095,2025-08-04 19:11:44.515031,view
U0753,P0472,2025-05-27 19:11:44.515058,view
U1080,P0002,2025-04-23 19:11:44.515085,view
U1220,P0196,2025-12-18 19:11:44.515112,cart
U0120,P0004,2025-07-20 19:11:44.515138,view
U0960,P0180,2026-02-25 19:11:44.515165,view
U1614,P0459,2026-03-24 19:11:44.515192,purchase
U0969,P0328,2026-02-02 19:11:44.515219,view
U1936,P0427,2025-12-31 19:11:44.515246,view
U1231,P0301,2025-07-06 19:11:44.515272,view
U1590,P0346,2025-11-02 19:11:44.515299,wishlist
U1874,P0213,2025-05-12 19:11:44.515326,wishlist
U1751,P0425,2025-04-15 19:11:44.515353,view
U0903,P0158,2025-12-15 19:11:44.515381,wishlist
U0603,P0186,2025-10-11 19:11:44.515408,view
U1559,P0378,2026-01-22 19:11:44.515434,cart
U0502,P0469,2025-10-10 19:11:44.515461,purchase
U1428,P0292,2025-10-25 19:11:44.515491,view
U0765,P0335,2026-03-19 19:11:44.515521,purchase
U0281,P0104,2025-06-25 19:11:44.515549,view
U1526,P0099,2025-06-01 19:11:44.515576,cart
U0108,P0211,2025-10-02 19:11:44.515604,view
U1608,P0238,2025-11-30 19:11:44.515631,view
U0556,P0463,2025-10-15 19:11:44.515657,view
U0092,P0065,2026-03-08 19:11:44.515684,cart
U0338,P0252,2025-12-25 19:11:44.515712,view
U1406,P0254,2025-09-21 19:11:44.515748,cart
U0671,P0058,2025-05-03 19:11:44.515777,view
U0224,P0105,2025-06-03 19:11:44.515805,view
U1949,P0053,2025-06-16 19:11:44.515833,view
U0150,P0181,2025-08-09 19:11:44.515859,view
U1585,P0462,2025-10-09 19:11:44.515887,view
U0647,P0264,2025-05-28 19:11:44.515913,view
U0783,P0439,2026-02-21 19:11:44.515940,cart
U0215,P0388,2025-12-19 19:11:44.515967,purchase
U0816,P0201,2025-06-25 19:11:44.515995,cart
U0493,P0294,2025-10-09 19:11:44.516022,purchase
U1155,P0320,2026-03-14 19:11:44.516049,view
U1421,P0372,2026-03-21 19:11:44.516076,cart
U1234,P0136,2026-01-16 19:11:44.516102,view
U1633,P0110,2025-05-21 19:11:44.516129,wishlist
U1237,P0134,2026-03-31 19:11:44.516157,cart
U1461,P0236,2025-12-29 19:11:44.516184,cart
U1218,P0036,2025-04-15 19:11:44.516212,view
U0303,P0314,2025-05-23 19:11:44.516240,view
U0529,P0169,2026-01-26 19:11:44.516269,view
U1641,P0226,2025-08-27 19:11:44.516296,view
U0187,P0195,2025-08-28 19:11:44.516323,view
U0341,P0105,2025-07-02 19:11:44.516350,view
U1885,P0312,2025-09-13 19:11:44.516378,view
U0740,P0094,2025-09-20 19:11:44.516405,cart
U0491,P0143,2026-02-13 19:11:44.516432,view
U0984,P0358,2026-03-24 19:11:44.516459,view
U0761,P0192,2026-04-04 19:11:44.516485,view
U1481,P0021,2025-07-21 19:11:44.516518,view
U1719,P0150,2025-06-21 19:11:44.516546,wishlist
U0019,P0064,2025-09-17 19:11:44.516573,purchase
U1523,P0445,2025-11-08 19:11:44.516604,purchase
U0814,P0313,2026-03-07 19:11:44.516632,cart
U0246,P0032,2025-04-12 19:11:44.516659,view
U0941,P0373,2026-01-19 19:11:44.516686,view
U1242,P0397,2026-03-29 19:11:44.516712,cart
U1570,P0242,2025-10-10 19:11:44.516738,wishlist
U1721,P0148,2025-12-13 19:11:44.516766,view
U1267,P0163,2025-07-09 19:11:44.516793,purchase
U1271,P0231,2025-06-22 19:11:44.516820,view
U0552,P0294,2026-03-31 19:11:44.516847,view
U1211,P0021,2026-01-08 19:11:44.516876,view
U1498,P0005,2025-06-28 19:11:44.516903,cart
U0866,P0283,2025-07-27 19:11:44.516932,wishlist
U0799,P0403,2025-04-24 19:11:44.516960,wishlist
U0701,P0003,2025-09-07 19:11:44.516987,wishlist
U0246,P0257,2026-03-15 19:11:44.517013,wishlist
U0103,P0019,2025-06-01 19:11:44.517040,purchase
U1570,P0310,2025-08-06 19:11:44.517066,cart
U1065,P0002,2025-11-06 19:11:44.517093,view
U0023,P0220,2025-10-25 19:11:44.517123,purchase
U0498,P0437,2026-04-04 19:11:44.517151,wishlist
U1835,P0001,2025-06-08 19:11:44.517179,view
U1694,P0237,2025-10-24 19:11:44.517207,view
U0206,P0306,2025-05-10 19:11:44.517235,view
U1830,P0288,2026-03-20 19:11:44.517267,view
U1841,P0359,2026-01-19 19:11:44.517297,purchase
U1047,P0088,2025-08-22 19:11:44.519091,wishlist
U1028,P0149,2025-08-14 19:11:44.519281,view
U1399,P0130,2025-07-09 19:11:44.519325,view
U0863,P0114,2026-01-15 19:11:44.519361,view
U1634,P0307,2025-12-26 19:11:44.519393,cart
U0096,P0499,2025-12-05 19:11:44.519442,view
U1572,P0200,2025-06-07 19:11:44.519488,cart
U1341,P0163,2025-06-18 19:11:44.519519,view
U0929,P0374,2025-11-08 19:11:44.519551,wishlist
U0281,P0350,2026-03-19 19:11:44.519582,view
U0768,P0448,2025-04-13 19:11:44.519612,purchase
U1820,P0414,2025-06-17 19:11:44.519642,view
U0720,P0276,2025-07-21 19:11:44.519672,view
U1946,P0356,2025-09-02 19:11:44.519702,view
U1424,P0126,2025-12-20 19:11:44.519732,view
U1749,P0485,2026-02-27 19:11:44.519760,view
U1500,P0264,2026-03-23 19:11:44.519788,purchase
U1741,P0036,2026-01-02 19:11:44.519817,view
U1343,P0455,2025-05-17 19:11:44.519844,view
U0753,P0303,2025-09-25 19:11:44.519878,cart
U0628,P0249,2026-04-05 19:11:44.519906,view
U1214,P0058,2025-11-11 19:11:44.519936,view
U1014,P0315,2026-04-05 19:11:44.519966,view
U1111,P0292,2025-10-04 19:11:44.519995,view
U0592,P0063,2026-03-19 19:11:44.520024,view
U0914,P0042,2025-11-15 19:11:44.520052,purchase
U1839,P0097,2026-02-10 19:11:44.520081,cart
U0817,P0063,2025-12-25 19:11:44.520109,view
U1964,P0064,2025-07-03 19:11:44.520137,view
U1910,P0375,2026-04-04 19:11:44.520164,view
U0446,P0089,2025-11-30 19:11:44.520192,cart
U0325,P0426,2026-03-24 19:11:44.520221,view
U0298,P0004,2025-05-08 19:11:44.520249,cart
U1720,P0392,2025-05-12 19:11:44.520277,cart
U0021,P0447,2025-05-10 19:11:44.520306,purchase
U0409,P0106,2025-12-19 19:11:44.520337,view
U1473,P0429,2025-05-12 19:11:44.520367,view
U0795,P0294,2026-03-06 19:11:44.520395,view
U0852,P0424,2025-09-28 19:11:44.520427,view
U1014,P0221,2026-03-03 19:11:44.520457,cart
U0764,P0228,2026-01-05 19:11:44.520484,wishlist
U0328,P0027,2025-12-06 19:11:44.520513,cart
U0109,P0415,2025-08-20 19:11:44.520560,view
U1486,P0238,2025-09-29 19:11:44.520590,view
U1403,P0167,2025-07-22 19:11:44.520619,view
U1507,P0093,2026-03-02 19:11:44.520647,view
U1835,P0233,2025-12-16 19:11:44.520675,view
U1457,P0098,2025-10-23 19:11:44.520702,view
U1590,P0170,2025-06-05 19:11:44.520729,view
U0610,P0385,2026-02-19 19:11:44.520756,view
U0876,P0263,2026-01-23 19:11:44.520785,purchase
U0303,P0233,2025-04-06 19:11:44.520813,wishlist
U0092,P0480,2025-10-01 19:11:44.520842,view
U1472,P0245,2025-07-09 19:11:44.520870,view
U0446,P0106,2025-10-01 19:11:44.520898,view
U0284,P0184,2026-01-08 19:11:44.520926,wishlist
U1110,P0333,2026-02-26 19:11:44.520954,view
U0502,P0169,2025-05-19 19:11:44.520982,view
U0424,P0204,2025-09-19 19:11:44.521010,wishlist
U0350,P0395,2025-09-05 19:11:44.521038,wishlist
U0105,P0119,2025-05-01 19:11:44.521067,view
U0663,P0252,2025-10-28 19:11:44.521097,purchase
U1999,P0012,2025-06-12 19:11:44.521125,view
U1678,P0345,2026-03-06 19:11:44.521151,view
U0911,P0108,2025-07-23 19:11:44.521180,view
U0143,P0073,2025-08-01 19:11:44.521208,view
U1403,P0069,2025-05-29 19:11:44.521235,view
U1337,P0295,2025-05-19 19:11:44.521263,view
U1303,P0047,2025-06-23 19:11:44.521295,cart
U1784,P0048,2025-08-06 19:11:44.521324,view
U0695,P0046,2025-10-15 19:11:44.521352,view
U0871,P0079,2025-08-07 19:11:44.521379,view
U0883,P0281,2025-11-19 19:11:44.521407,wishlist
U0788,P0416,2025-11-29 19:11:44.521435,wishlist
U0189,P0308,2026-02-11 19:11:44.521463,view
U0307,P0301,2025-09-18 19:11:44.521491,view
U0455,P0322,2025-06-15 19:11:44.521518,view
U1291,P0282,2025-09-20 19:11:44.521546,cart
U1342,P0242,2026-03-28 19:11:44.521574,view
U1409,P0299,2025-08-28 19:11:44.521601,view
U0129,P0348,2025-04-13 19:11:44.521632,wishlist
U0864,P0352,2026-01-25 19:11:44.521660,view
U0928,P0021,2025-06-13 19:11:44.521689,view
U1580,P0107,2025-05-23 19:11:44.521718,view
U1536,P0013,2025-09-03 19:11:44.521745,view
U1609,P0437,2025-10-08 19:11:44.521774,view
U0758,P0179,2025-12-11 19:11:44.521802,wishlist
U1344,P0159,2025-06-04 19:11:44.521830,cart
U0136,P0437,2025-04-24 19:11:44.521858,view
U1502,P0299,2026-02-07 19:11:44.521887,view
U1109,P0395,2025-07-15 19:11:44.521915,view
U1450,P0215,2025-06-17 19:11:44.521943,view
U1794,P0331,2025-10-08 19:11:44.521971,view
U1483,P0190,2025-04-16 19:11:44.522000,view
U0415,P0113,2025-07-12 19:11:44.522027,view
U0628,P0277,2026-01-04 19:11:44.522054,view
U0531,P0046,2025-12-04 19:11:44.522083,purchase
U0516,P0422,2025-10-04 19:11:44.522110,wishlist
U1011,P0025,2025-07-24 19:11:44.522137,view
U0672,P0460,2025-08-15 19:11:44.522165,purchase
U0768,P0225,2025-08-23 19:11:44.522194,view
U1953,P0487,2025-06-18 19:11:44.522221,wishlist
U0450,P0278,2025-08-04 19:11:44.522248,view
U1956,P0005,2025-04-30 19:11:44.522275,purchase
U1575,P0370,2026-03-11 19:11:44.522307,wishlist
U0798,P0427,2025-05-17 19:11:44.522334,view
U0303,P0329,2025-11-18 19:11:44.522362,view
U0951,P0310,2025-12-10 19:11:44.522390,wishlist
U1430,P0097,2026-01-18 19:11:44.522418,view
U1129,P0093,2026-01-16 19:11:44.522445,cart
U0123,P0332,2025-09-13 19:11:44.522472,wishlist
U0151,P0237,2025-10-24 19:11:44.522498,view
U0889,P0412,2026-01-25 19:11:44.522526,cart
U1874,P0171,2025-05-23 19:11:44.522566,wishlist
U1322,P0233,2025-06-07 19:11:44.522601,view
U1194,P0150,2026-04-01 19:11:44.522685,cart
U1371,P0304,2026-01-13 19:11:44.522809,view
U0578,P0462,2026-03-06 19:11:44.522867,view
U1953,P0174,2025-05-29 19:11:44.522907,view
U0525,P0052,2025-07-31 19:11:44.522941,wishlist
U1231,P0303,2025-09-21 19:11:44.522973,wishlist
U1298,P0255,2025-04-17 19:11:44.523004,view
U0152,P0452,2025-11-02 19:11:44.523035,view
U1585,P0424,2025-06-22 19:11:44.523066,view
U1477,P0182,2025-09-16 19:11:44.523096,view
U0803,P0287,2025-06-06 19:11:44.523131,view
U0384,P0463,2026-02-10 19:11:44.523162,purchase
U0371,P0105,2025-07-09 19:11:44.523192,view
U0699,P0354,2025-05-14 19:11:44.523221,purchase
U0671,P0460,2026-02-01 19:11:44.523251,view
U1890,P0426,2025-09-14 19:11:44.523281,view
U0186,P0455,2025-11-08 19:11:44.523310,cart
U1617,P0306,2025-05-02 19:11:44.523342,cart
U0714,P0495,2026-03-18 19:11:44.523374,view
U0744,P0322,2025-11-24 19:11:44.523405,view
U1798,P0250,2026-03-12 19:11:44.523434,view
U0643,P0101,2025-08-10 19:11:44.523463,view
U1064,P0350,2026-03-06 19:11:44.523491,view
U0608,P0253,2026-01-14 19:11:44.523519,view
U0659,P0208,2026-01-25 19:11:44.523547,view
U1962,P0038,2026-03-29 19:11:44.523576,purchase
U1432,P0497,2026-01-25 19:11:44.523605,purchase
U1263,P0078,2025-09-14 19:11:44.523633,purchase
U1534,P0416,2026-03-25 19:11:44.523662,view
U0744,P0132,2026-01-17 19:11:44.523691,view
U1062,P0223,2025-04-27 19:11:44.523719,view
U0436,P0236,2025-08-17 19:11:44.523748,view
U0369,P0498,2026-01-14 19:11:44.523776,purchase
U0048,P0419,2025-06-09 19:11:44.523806,view
U0656,P0499,2025-05-08 19:11:44.523834,view
U1902,P0352,2025-09-20 19:11:44.523863,view
U1630,P0337,2025-12-19 19:11:44.523891,cart
U1660,P0067,2026-02-04 19:11:44.523920,view
U1895,P0469,2025-10-12 19:11:44.523949,cart
U0425,P0453,2025-04-06 19:11:44.523977,view
U0319,P0249,2025-11-16 19:11:44.524005,cart
U1188,P0109,2026-01-17 19:11:44.524032,view
U0284,P0407,2026-01-05 19:11:44.524059,view
U1528,P0310,2026-02-26 19:11:44.524086,cart
U1239,P0081,2025-05-12 19:11:44.524114,view
U0855,P0448,2026-01-17 19:11:44.524141,purchase
U1630,P0050,2025-06-07 19:11:44.524169,view
U1042,P0244,2025-08-17 19:11:44.524198,wishlist
U1023,P0229,2025-04-27 19:11:44.524225,view
U0894,P0404,2025-06-08 19:11:44.524253,view
U0995,P0367,2025-06-08 19:11:44.524283,cart
U1732,P0196,2025-12-04 19:11:44.524310,purchase
U0267,P0047,2026-03-26 19:11:44.524338,view
U0673,P0405,2025-11-16 19:11:44.524366,view
U0800,P0490,2025-08-21 19:11:44.524394,view
U0193,P0246,2025-07-08 19:11:44.524421,view
U1134,P0344,2025-05-23 19:11:44.524448,view
U0865,P0135,2025-06-09 19:11:44.524476,cart
U1139,P0048,2025-09-20 19:11:44.524503,cart
U0150,P0477,2025-12-09 19:11:44.524530,view
U0553,P0011,2025-09-27 19:11:44.524571,view
U0425,P0374,2025-10-16 19:11:44.524601,view
U1286,P0234,2026-02-25 19:11:44.524629,view
U0324,P0010,2026-02-07 19:11:44.524658,cart
U0307,P0226,2025-12-09 19:11:44.524685,wishlist
U0222,P0104,2025-09-21 19:11:44.524714,view
U0871,P0385,2026-03-25 19:11:44.524742,view
U1470,P0097,2025-12-04 19:11:44.524771,view
U0176,P0167,2025-05-25 19:11:44.524799,view
U1466,P0378,2025-12-18 19:11:44.524827,view
U1382,P0078,2026-03-07 19:11:44.524855,cart
U1540,P0103,2025-10-11 19:11:44.524883,view
U0973,P0111,2025-07-09 19:11:44.524910,view
U0335,P0472,2025-06-02 19:11:44.524937,view
U1238,P0270,2026-02-01 19:11:44.524969,purchase
U0280,P0108,2025-10-09 19:11:44.524997,purchase
U1535,P0419,2025-04-23 19:11:44.525025,cart
U0709,P0421,2025-06-26 19:11:44.525053,view
U1472,P0212,2026-01-09 19:11:44.525081,view
U1939,P0299,2025-04-21 19:11:44.525109,cart
U1239,P0217,2025-10-25 19:11:44.525138,wishlist
U1208,P0335,2025-08-23 19:11:44.525166,wishlist
U1515,P0123,2026-01-21 19:11:44.525195,purchase
U0386,P0249,2025-12-22 19:11:44.525222,view
U1705,P0280,2026-04-02 19:11:44.525250,wishlist
U1508,P0022,2025-04-21 19:11:44.525277,view
U0689,P0441,2025-11-16 19:11:44.525306,view
U0565,P0349,2025-05-30 19:11:44.525342,view
U0841,P0376,2026-01-16 19:11:44.525387,view
U1169,P0217,2025-04-14 19:11:44.525421,view
U0789,P0219,2026-02-18 19:11:44.525452,view
U0399,P0215,2025-11-15 19:11:44.525481,view
U0089,P0255,2026-01-07 19:11:44.525510,view
U1736,P0105,2025-09-29 19:11:44.525557,cart
U1865,P0371,2025-06-15 19:11:44.525588,wishlist
U0416,P0142,2026-01-27 19:11:44.525619,wishlist
U0863,P0177,2025-09-18 19:11:44.525661,wishlist
U1020,P0267,2025-06-02 19:11:44.525696,purchase
U1091,P0369,2025-10-29 19:11:44.525725,view
U1497,P0243,2025-08-27 19:11:44.525753,view
U0759,P0467,2026-01-23 19:11:44.525780,cart
U0312,P0059,2026-02-17 19:11:44.525809,view
U1776,P0340,2025-08-31 19:11:44.525836,view
U0652,P0364,2025-06-24 19:11:44.525864,cart
U0922,P0325,2025-08-02 19:11:44.525891,view
U0378,P0089,2025-05-11 19:11:44.525919,view
U0124,P0262,2025-06-02 19:11:44.525947,view
U0804,P0438,2025-07-11 19:11:44.525975,view
U1624,P0007,2025-07-29 19:11:44.526003,view
U0449,P0357,2025-11-11 19:11:44.526031,purchase
U0388,P0332,2025-05-31 19:11:44.526059,wishlist
U1645,P0377,2025-10-28 19:11:44.526087,cart
U1284,P0143,2025-12-26 19:11:44.526115,view
U0243,P0032,2025-12-02 19:11:44.526143,view
U1415,P0243,2025-10-03 19:11:44.526170,view
U0085,P0169,2025-11-08 19:11:44.526196,view
U0656,P0486,2026-02-22 19:11:44.526223,view
U0138,P0015,2025-06-29 19:11:44.526250,view
U1241,P0117,2025-11-27 19:11:44.526277,view
U0899,P0271,2026-03-17 19:11:44.526304,view
U0962,P0487,2025-12-22 19:11:44.526331,cart
U0452,P0278,2025-10-19 19:11:44.526362,view
U0037,P0173,2025-08-28 19:11:44.526390,view
U0354,P0390,2026-01-03 19:11:44.526418,view
U0325,P0457,2025-12-05 19:11:44.526450,cart
U0164,P0148,2026-02-27 19:11:44.526479,view
U1998,P0098,2025-08-27 19:11:44.526507,view
U0957,P0421,2026-03-06 19:11:44.526535,view
U1963,P0148,2025-09-16 19:11:44.526571,purchase
U1814,P0139,2025-08-31 19:11:44.526599,wishlist
U1345,P0264,2025-04-23 19:11:44.526626,view
U1500,P0061,2026-01-19 19:11:44.526654,view
U1608,P0336,2025-04-20 19:11:44.526682,view
U1660,P0109,2025-07-30 19:11:44.526710,view
U0140,P0499,2026-01-19 19:11:44.526736,cart
U0690,P0004,2025-09-10 19:11:44.526764,view
U1162,P0466,2025-08-27 19:11:44.526790,wishlist
U0226,P0437,2025-10-22 19:11:44.526817,purchase
U1635,P0445,2025-06-25 19:11:44.526849,view
U0065,P0264,2025-05-13 19:11:44.526878,cart
U0818,P0016,2025-08-21 19:11:44.526907,view
U0394,P0484,2026-03-28 19:11:44.526934,view
U0931,P0285,2025-08-22 19:11:44.526960,view
U1649,P0261,2025-07-27 19:11:44.526986,cart
U1599,P0399,2025-11-26 19:11:44.527012,view
U1856,P0480,2025-04-05 19:11:44.527038,view
U0544,P0447,2025-12-23 19:11:44.527066,view
U0297,P0016,2025-04-16 19:11:44.527093,view
U1307,P0199,2025-04-11 19:11:44.527119,view
U1569,P0110,2025-09-12 19:11:44.527147,purchase
U0336,P0051,2025-12-18 19:11:44.527181,view
U0168,P0453,2025-10-27 19:11:44.527222,view
U0931,P0287,2025-07-24 19:11:44.527269,view
U1818,P0480,2025-06-10 19:11:44.527307,view
U1051,P0196,2025-09-04 19:11:44.527342,purchase
U1344,P0486,2025-12-30 19:11:44.527390,wishlist
U1664,P0280,2025-08-12 19:11:44.527439,view
U0502,P0301,2025-08-08 19:11:44.527476,purchase
U0140,P0045,2025-11-11 19:11:44.527507,cart
U0489,P0232,2025-07-19 19:11:44.527539,cart
U1031,P0101,2025-12-02 19:11:44.527575,view
U0845,P0164,2026-04-02 19:11:44.527605,cart
U0533,P0095,2025-08-13 19:11:44.527635,view
U0972,P0321,2025-10-12 19:11:44.527664,view
U1038,P0470,2025-04-25 19:11:44.527692,view
U1412,P0419,2025-11-16 19:11:44.527722,wishlist
U1831,P0058,2025-10-14 19:11:44.527751,cart
U1407,P0093,2026-03-22 19:11:44.527781,cart
U1498,P0344,2026-02-15 19:11:44.527809,view
U1311,P0411,2025-07-05 19:11:44.527838,view
U1339,P0480,2026-04-05 19:11:44.527867,wishlist
U0014,P0266,2026-03-06 19:11:44.527896,cart
U0887,P0068,2026-01-19 19:11:44.527924,purchase
U0576,P0307,2025-11-23 19:11:44.527953,view
U1177,P0047,2025-07-09 19:11:44.527985,purchase
U0783,P0230,2026-01-26 19:11:44.528013,view
U1118,P0202,2026-03-27 19:11:44.528041,view
U1215,P0431,2025-09-07 19:11:44.528070,view
U0190,P0282,2025-11-28 19:11:44.528098,cart
U1527,P0145,2025-12-02 19:11:44.528126,view
U1305,P0448,2025-08-27 19:11:44.528155,view
U1761,P0263,2025-08-03 19:11:44.528184,view
U1279,P0062,2026-01-09 19:11:44.528213,view
U0710,P0278,2026-02-03 19:11:44.528241,view
U1741,P0478,2025-04-22 19:11:44.528268,view
U0139,P0041,2025-10-15 19:11:44.528295,cart
U0674,P0190,2025-09-14 19:11:44.528323,purchase
U0751,P0415,2025-09-19 19:11:44.528350,wishlist
U0139,P0170,2025-07-05 19:11:44.528377,wishlist
U0058,P0272,2025-12-08 19:11:44.528405,view
U1305,P0090,2025-07-31 19:11:44.528432,view
U1888,P0004,2025-08-17 19:11:44.528458,view
U0890,P0158,2025-09-28 19:11:44.528486,view
U1549,P0434,2025-04-30 19:11:44.528513,wishlist
U1652,P0259,2026-03-06 19:11:44.528540,view
U1233,P0235,2025-11-15 19:11:44.528577,cart
U0212,P0320,2025-06-04 19:11:44.528607,view
U1782,P0226,2025-12-15 19:11:44.528638,view
U1136,P0078,2025-05-19 19:11:44.528666,purchase
U1618,P0171,2025-11-26 19:11:44.528693,view
U1615,P0370,2025-09-06 19:11:44.528720,view
U0543,P0061,2025-12-25 19:11:44.528750,purchase
U1446,P0383,2026-02-13 19:11:44.528777,view
U0561,P0498,2026-02-06 19:11:44.528804,view
U0069,P0167,2025-07-19 19:11:44.528832,cart
U0426,P0478,2025-10-04 19:11:44.528860,view
U1883,P0124,2025-11-13 19:11:44.528887,view
U0820,P0202,2025-12-17 19:11:44.528915,view
U1533,P0279,2025-04-24 19:11:44.528943,purchase
U0999,P0156,2025-07-12 19:11:44.528974,cart
U0286,P0391,2026-03-21 19:11:44.529002,view
U1324,P0059,2026-01-20 19:11:44.529030,view
U1860,P0073,2025-05-02 19:11:44.529058,view
U0273,P0335,2026-03-25 19:11:44.529086,view
U1883,P0203,2025-07-21 19:11:44.529114,view
U1031,P0429,2025-04-09 19:11:44.529141,wishlist
U1302,P0148,2026-01-11 19:11:44.529168,view
U0312,P0183,2026-03-27 19:11:44.529195,view
U0153,P0139,2026-04-05 19:11:44.529222,view
U0229,P0357,2026-01-29 19:11:44.529251,cart
U1392,P0488,2026-03-21 19:11:44.529280,view
U0589,P0286,2025-11-23 19:11:44.529308,view
U0685,P0192,2025-10-25 19:11:44.529335,view
U1537,P0226,2025-09-11 19:11:44.529363,view
U1807,P0462,2026-02-05 19:11:44.529390,view
U1264,P0430,2025-11-02 19:11:44.529421,view
U1151,P0190,2026-01-05 19:11:44.529449,view
U0353,P0121,2025-06-02 19:11:44.529478,cart
U1921,P0238,2025-08-28 19:11:44.529506,view
U1145,P0155,2025-07-16 19:11:44.529534,cart
U1752,P0120,2025-05-25 19:11:44.529562,view
U1878,P0211,2025-06-11 19:11:44.529590,cart
U1726,P0201,2025-12-31 19:11:44.529618,purchase
U0775,P0374,2025-08-01 19:11:44.529646,cart
U1683,P0077,2026-01-12 19:11:44.529674,purchase
U1705,P0123,2026-03-27 19:11:44.529702,view
U1608,P0024,2025-05-15 19:11:44.529730,wishlist
U1208,P0215,2025-12-10 19:11:44.529757,cart
U0481,P0404,2025-08-20 19:11:44.529785,cart
U0417,P0244,2025-04-16 19:11:44.529813,purchase
U1443,P0003,2025-10-02 19:11:44.529844,view
U0098,P0127,2025-09-20 19:11:44.529874,view
U1159,P0086,2025-09-15 19:11:44.529901,purchase
U1310,P0252,2025-09-22 19:11:44.529928,view
U1341,P0042,2026-02-20 19:11:44.529958,view
U0665,P0264,2025-09-25 19:11:44.529985,view
U0739,P0371,2025-12-05 19:11:44.530012,cart
U1283,P0028,2025-07-16 19:11:44.530039,view
U1001,P0158,2026-01-26 19:11:44.530067,view
U1936,P0068,2025-05-06 19:11:44.530093,view
U0510,P0236,2025-07-13 19:11:44.530120,view
U1959,P0443,2026-01-31 19:11:44.530146,purchase
U1320,P0291,2025-05-24 19:11:44.530173,view
U1068,P0082,2026-01-31 19:11:44.530200,view
U0209,P0333,2025-06-17 19:11:44.530227,view
U0641,P0280,2025-04-25 19:11:44.530254,view
U0890,P0444,2025-11-11 19:11:44.530282,view
U1915,P0008,2025-05-25 19:11:44.530309,cart
U0179,P0463,2025-12-21 19:11:44.530337,cart
U0689,P0125,2025-12-11 19:11:44.530366,view
U0431,P0059,2025-04-21 19:11:44.530394,cart
U0640,P0150,2026-01-25 19:11:44.530423,view
U0166,P0166,2025-10-11 19:11:44.530451,view
U0761,P0329,2025-05-31 19:11:44.530479,view
U0715,P0109,2025-08-17 19:11:44.530508,view
U1477,P0359,2025-08-30 19:11:44.530538,view
U0910,P0186,2025-12-30 19:11:44.530573,cart
U1353,P0129,2025-06-09 19:11:44.530602,view
U0921,P0049,2025-08-27 19:11:44.530630,view
U0362,P0215,2025-09-27 19:11:44.530658,wishlist
U0312,P0389,2025-05-28 19:11:44.530687,view
U1547,P0453,2025-05-28 19:11:44.530716,view
U1837,P0446,2025-07-29 19:11:44.530745,cart
U1976,P0119,2025-06-27 19:11:44.530774,view
U1402,P0200,2026-01-27 19:11:44.530803,view
U0299,P0187,2025-08-07 19:11:44.530830,wishlist
U1823,P0251,2025-07-08 19:11:44.530860,view
U0600,P0415,2025-07-19 19:11:44.530888,cart
U0806,P0187,2026-01-17 19:11:44.530917,cart
U0934,P0122,2026-03-25 19:11:44.530945,view
U1826,P0006,2025-09-28 19:11:44.530973,purchase
U0282,P0038,2025-12-23 19:11:44.531000,cart
U1925,P0389,2025-08-25 19:11:44.531028,cart
U1004,P0269,2025-09-06 19:11:44.531057,view
U1753,P0105,2025-10-04 19:11:44.531084,cart
U1087,P0379,2025-08-23 19:11:44.531112,view
U1300,P0201,2026-04-02 19:11:44.531139,wishlist
U1801,P0479,2025-12-06 19:11:44.531167,view
U1074,P0474,2025-08-24 19:11:44.531195,view
U0545,P0145,2025-11-10 19:11:44.531223,view
U1888,P0431,2025-11-05 19:11:44.531250,cart
U0214,P0261,2025-07-24 19:11:44.531277,purchase
U1430,P0466,2026-02-27 19:11:44.531304,view
U1474,P0463,2025-05-31 19:11:44.531331,view
U0185,P0021,2026-02-05 19:11:44.531359,cart
U1408,P0364,2025-12-21 19:11:44.531386,view
U1851,P0404,2025-06-30 19:11:44.531413,view
U1963,P0005,2025-05-30 19:11:44.531441,cart
U1639,P0346,2025-09-12 19:11:44.531469,view
U1875,P0051,2025-07-18 19:11:44.531496,view
U1109,P0450,2025-09-11 19:11:44.531523,purchase
U0462,P0221,2026-03-05 19:11:44.531550,view
U1007,P0114,2025-08-18 19:11:44.531577,view
U0818,P0287,2025-11-11 19:11:44.531603,cart
U0349,P0075,2025-06-26 19:11:44.531633,cart
U0045,P0285,2025-09-14 19:11:44.531661,view
U0719,P0203,2025-12-27 19:11:44.531689,view
U0279,P0222,2025-06-28 19:11:44.531716,view
U1554,P0062,2026-02-10 19:11:44.531743,purchase
U0428,P0020,2026-03-13 19:11:44.531771,view
U0266,P0273,2025-06-29 19:11:44.531798,purchase
U0449,P0179,2025-05-05 19:11:44.531825,view
U0027,P0016,2025-07-06 19:11:44.531853,purchase
U0783,P0122,2025-10-29 19:11:44.531881,cart
U0533,P0116,2025-06-30 19:11:44.531909,wishlist
U1804,P0460,2025-09-25 19:11:44.531938,cart
U1355,P0042,2026-03-05 19:11:44.531965,cart
U1167,P0266,2025-12-02 19:11:44.531993,cart
U0826,P0182,2025-09-26 19:11:44.532021,view
U0751,P0135,2025-09-10 19:11:44.532048,view
U0585,P0251,2025-12-22 19:11:44.532075,view
U1558,P0142,2025-08-11 19:11:44.532102,wishlist
U1012,P0167,2026-03-21 19:11:44.532129,view
U1538,P0451,2026-02-17 19:11:44.532155,view
U0944,P0369,2025-07-14 19:11:44.532181,view
U0617,P0352,2026-01-11 19:11:44.532209,view
U1413,P0249,2025-12-24 19:11:44.532237,cart
U1756,P0132,2025-05-09 19:11:44.532265,view
U0691,P0458,2025-06-21 19:11:44.532298,view
U1713,P0268,2025-11-08 19:11:44.532334,cart
U1123,P0499,2025-12-30 19:11:44.532362,view
U0212,P0365,2025-09-03 19:11:44.532390,view
U1904,P0156,2025-07-12 19:11:44.532419,view
U0998,P0169,2025-04-16 19:11:44.532447,cart
U1943,P0229,2025-11-01 19:11:44.532475,view
U0006,P0004,2025-04-29 19:11:44.532502,purchase
U1940,P0192,2025-04-29 19:11:44.532532,view
U1753,P0139,2025-12-19 19:11:44.532565,view
U1440,P0029,2025-11-17 19:11:44.532596,view
U0509,P0088,2025-11-26 19:11:44.532624,cart
U0752,P0292,2025-09-16 19:11:44.532652,view
U1604,P0479,2026-02-23 19:11:44.532681,view
U0134,P0318,2025-04-15 19:11:44.532710,purchase
U0409,P0144,2025-08-21 19:11:44.532739,view
U1372,P0182,2025-05-02 19:11:44.532767,view
U1990,P0002,2026-03-15 19:11:44.532797,cart
U0739,P0062,2025-08-22 19:11:44.532825,cart
U1474,P0253,2025-10-02 19:11:44.532852,purchase
U1592,P0451,2025-11-01 19:11:44.532880,view
U1894,P0324,2026-02-15 19:11:44.532907,cart
U0421,P0394,2025-08-01 19:11:44.532934,view
U1343,P0313,2026-03-28 19:11:44.532963,view
U0249,P0041,2025-12-08 19:11:44.532991,view
U1040,P0101,2026-01-30 19:11:44.533018,purchase
U1128,P0012,2026-03-20 19:11:44.533045,cart
U1637,P0312,2025-08-11 19:11:44.533073,cart
U1796,P0227,2025-09-19 19:11:44.533101,cart
U0915,P0031,2025-12-25 19:11:44.533128,cart
U0535,P0489,2025-07-05 19:11:44.533157,cart
U1259,P0457,2025-10-09 19:11:44.533185,cart
U0194,P0310,2025-05-20 19:11:44.533212,view
U1287,P0062,2025-10-12 19:11:44.533240,view
U0782,P0085,2025-11-22 19:11:44.533268,wishlist
U0648,P0253,2026-02-12 19:11:44.533296,view
U0041,P0480,2026-01-13 19:11:44.533323,wishlist
U0107,P0434,2025-07-04 19:11:44.533352,view
U1941,P0489,2025-12-03 19:11:44.533379,cart
U0427,P0409,2025-04-23 19:11:44.533409,view
U0832,P0202,2026-01-17 19:11:44.533436,view
U0289,P0218,2026-02-08 19:11:44.533464,cart
U0912,P0061,2026-03-26 19:11:44.533498,view
U1889,P0133,2026-03-19 19:11:44.533544,view
U0848,P0312,2025-11-08 19:11:44.533596,view
U0471,P0439,2026-01-26 19:11:44.533647,purchase
U1524,P0499,2025-09-14 19:11:44.533694,view
U1856,P0410,2026-01-04 19:11:44.533742,wishlist
U1401,P0291,2025-11-17 19:11:44.533792,cart
U1139,P0042,2025-06-12 19:11:44.533848,view
U0438,P0394,2025-08-11 19:11:44.533904,view
U1395,P0131,2025-06-28 19:11:44.533954,purchase
U1250,P0428,2026-02-04 19:11:44.534011,wishlist
U0784,P0079,2025-11-04 19:11:44.534066,view
U0093,P0362,2025-09-14 19:11:44.534122,cart
U0249,P0414,2025-09-06 19:11:44.534174,wishlist
U1712,P0128,2025-04-25 19:11:44.534225,view
U0642,P0250,2026-03-19 19:11:44.534282,view
U0827,P0473,2025-11-23 19:11:44.534326,view
U0607,P0319,2025-11-26 19:11:44.534359,view
U0891,P0419,2026-03-08 19:11:44.534390,cart
U0769,P0276,2025-08-14 19:11:44.534419,cart
U1233,P0185,2025-07-21 19:11:44.534467,cart
U0270,P0410,2025-04-16 19:11:44.534497,view
U1062,P0141,2026-02-08 19:11:44.534527,view
U1756,P0078,2025-09-15 19:11:44.534570,view
U0661,P0119,2026-03-30 19:11:44.534603,wishlist
U0931,P0005,2025-07-11 19:11:44.534632,view
U0104,P0268,2025-11-20 19:11:44.534662,view
U1079,P0281,2025-08-28 19:11:44.534692,cart
U1355,P0220,2025-06-15 19:11:44.534726,cart
U0290,P0279,2025-05-19 19:11:44.534756,view
U0687,P0145,2026-03-08 19:11:44.534785,wishlist
U0292,P0196,2025-04-07 19:11:44.534812,cart
U1072,P0057,2026-01-13 19:11:44.534840,view
U0761,P0385,2026-02-14 19:11:44.534869,wishlist
U0006,P0353,2025-09-16 19:11:44.534898,wishlist
U1412,P0004,2025-04-14 19:11:44.534926,view
U1058,P0331,2025-08-02 19:11:44.534955,purchase
U1488,P0372,2025-07-24 19:11:44.534983,purchase
U0579,P0198,2025-06-01 19:11:44.535012,view
U1592,P0243,2025-07-15 19:11:44.535051,view
U1427,P0463,2025-10-30 19:11:44.535080,view
U1064,P0143,2025-12-09 19:11:44.535110,view
U0244,P0149,2025-08-23 19:11:44.535152,view
U1862,P0389,2025-05-23 19:11:44.535184,view
U1432,P0109,2025-04-19 19:11:44.535222,view
U0611,P0388,2026-03-15 19:11:44.535251,purchase
U0469,P0303,2025-10-04 19:11:44.535280,purchase
U0682,P0215,2026-02-26 19:11:44.535308,cart
U1455,P0014,2026-01-14 19:11:44.535336,wishlist
U1050,P0005,2025-05-30 19:11:44.535365,view
U0554,P0318,2025-04-26 19:11:44.535396,wishlist
U1406,P0284,2026-01-12 19:11:44.535435,cart
U0316,P0162,2025-09-17 19:11:44.535480,purchase
U1305,P0221,2025-08-23 19:11:44.535525,purchase
U0474,P0318,2025-11-06 19:11:44.535557,view
U0395,P0229,2025-08-07 19:11:44.535587,view
U1589,P0280,2025-12-12 19:11:44.535616,cart
U1856,P0385,2025-10-13 19:11:44.535645,view
U0348,P0292,2025-05-25 19:11:44.535673,cart
U0447,P0190,2025-04-08 19:11:44.535702,purchase
U0640,P0495,2025-04-29 19:11:44.535730,view
U0221,P0435,2025-05-16 19:11:44.535764,purchase
U0717,P0417,2025-07-08 19:11:44.535792,cart
U0565,P0450,2025-10-09 19:11:44.535819,purchase
U0240,P0110,2025-04-24 19:11:44.535846,cart
U0152,P0341,2025-11-06 19:11:44.535874,cart
U0530,P0069,2026-02-23 19:11:44.535903,wishlist
U1936,P0406,2025-06-12 19:11:44.535931,view
U0600,P0352,2025-12-18 19:11:44.535960,view
U0989,P0368,2025-11-05 19:11:44.535988,view
U0848,P0028,2026-01-03 19:11:44.536017,view
U0999,P0499,2026-02-17 19:11:44.536046,wishlist
U1729,P0330,2025-12-19 19:11:44.536075,view
U1921,P0417,2025-12-06 19:11:44.536103,purchase
U1409,P0036,2025-10-06 19:11:44.536132,cart
U1122,P0099,2025-09-22 19:11:44.536160,view
U1599,P0309,2025-04-19 19:11:44.536188,cart
U1392,P0225,2025-10-03 19:11:44.536217,view
U1553,P0144,2025-09-08 19:11:44.536246,view
U1945,P0176,2025-10-18 19:11:44.536273,view
U0002,P0152,2025-12-02 19:11:44.536301,view
U0699,P0181,2025-05-13 19:11:44.536330,cart
U0211,P0212,2025-09-24 19:11:44.536357,view
U0277,P0237,2025-04-27 19:11:44.536389,view
U0410,P0207,2025-12-21 19:11:44.536418,view
U1189,P0239,2025-09-19 19:11:44.536446,purchase
U0250,P0379,2025-04-07 19:11:44.536474,view
U1960,P0035,2025-12-31 19:11:44.536502,view
U0488,P0122,2025-12-09 19:11:44.536531,view
U0092,P0228,2026-02-17 19:11:44.536560,view
U1610,P0018,2025-09-12 19:11:44.536601,cart
U0239,P0167,2025-10-25 19:11:44.536630,purchase
U1435,P0029,2026-03-18 19:11:44.536658,wishlist
U1235,P0471,2025-05-03 19:11:44.536687,wishlist
U1242,P0404,2025-12-14 19:11:44.536716,view
U1476,P0216,2025-07-21 19:11:44.536748,view
U0888,P0399,2026-04-01 19:11:44.536777,purchase
U0223,P0046,2025-06-13 19:11:44.536805,view
U0760,P0426,2025-11-17 19:11:44.536833,wishlist
U0123,P0184,2025-08-06 19:11:44.536862,wishlist
U1867,P0146,2025-10-12 19:11:44.536889,view
U0361,P0259,2025-11-21 19:11:44.536917,wishlist
U1819,P0039,2025-04-06 19:11:44.536947,view
U0358,P0483,2025-04-17 19:11:44.536976,view
U1409,P0234,2025-12-03 19:11:44.537006,view
U0978,P0476,2025-04-07 19:11:44.537034,view
U1825,P0085,2025-07-01 19:11:44.537063,purchase
U0525,P0450,2025-08-10 19:11:44.537092,cart
U1715,P0429,2025-04-27 19:11:44.537123,view
U0352,P0427,2025-11-24 19:11:44.537152,view
U1212,P0312,2025-08-12 19:11:44.537180,cart
U1378,P0483,2025-11-18 19:11:44.537210,view
U0724,P0050,2025-08-01 19:11:44.537239,view
U1028,P0337,2025-11-23 19:11:44.537268,wishlist
U1721,P0084,2025-06-13 19:11:44.537297,view
U1141,P0229,2025-12-31 19:11:44.537326,view
U0110,P0452,2025-08-27 19:11:44.537354,view
U1827,P0281,2025-10-28 19:11:44.537382,view
U0490,P0130,2025-10-24 19:11:44.537410,view
U1826,P0296,2025-09-03 19:11:44.537437,view
U0037,P0155,2025-10-14 19:11:44.537466,cart
U1913,P0407,2026-03-18 19:11:44.537495,purchase
U0244,P0302,2026-02-16 19:11:44.537522,cart
U1793,P0300,2026-02-28 19:11:44.537550,purchase
U1204,P0253,2025-07-30 19:11:44.537578,wishlist
U0588,P0154,2025-04-12 19:11:44.537607,view
U0932,P0316,2026-02-07 19:11:44.537636,view
U0340,P0340,2025-04-24 19:11:44.537668,view
U1056,P0228,2025-05-16 19:11:44.537698,cart
U1496,P0414,2025-05-31 19:11:44.537729,cart
U0171,P0363,2025-08-02 19:11:44.537765,view
U0620,P0035,2026-03-11 19:11:44.537796,view
U0818,P0007,2026-01-26 19:11:44.537826,view
U1673,P0331,2026-02-17 19:11:44.537857,view
U0095,P0336,2025-05-21 19:11:44.537888,cart
U0180,P0076,2025-08-07 19:11:44.537919,view
U1934,P0429,2025-07-03 19:11:44.537948,view
U0777,P0434,2025-08-13 19:11:44.537978,view
U1870,P0229,2025-06-18 19:11:44.538006,view
U0806,P0044,2025-04-20 19:11:44.538035,view
U0891,P0482,2025-08-22 19:11:44.538066,view
U0033,P0005,2025-12-06 19:11:44.538096,view
U0976,P0188,2025-09-15 19:11:44.538125,cart
U1675,P0362,2025-04-09 19:11:44.538155,cart
U0933,P0074,2026-01-19 19:11:44.538185,wishlist
U1667,P0174,2026-01-17 19:11:44.538215,cart
U1282,P0059,2025-10-28 19:11:44.538244,view
U1031,P0463,2025-12-11 19:11:44.538274,view
U1543,P0127,2025-06-20 19:11:44.538303,view
U0975,P0214,2026-01-22 19:11:44.538332,cart
U0791,P0386,2025-04-10 19:11:44.538362,view
U0162,P0136,2025-06-22 19:11:44.538394,cart
U1614,P0391,2025-05-27 19:11:44.538424,view
U0729,P0029,2025-05-04 19:11:44.538454,cart
U1818,P0064,2026-03-17 19:11:44.538484,view
U0819,P0267,2025-10-03 19:11:44.538512,view
U1328,P0094,2026-01-22 19:11:44.538542,purchase
U1871,P0360,2026-01-22 19:11:44.538571,purchase
U0734,P0377,2026-02-17 19:11:44.538650,view
U1808,P0331,2026-01-14 19:11:44.538717,cart
U1901,P0388,2025-08-11 19:11:44.538755,view
U1502,P0289,2026-03-10 19:11:44.538790,cart
U0364,P0427,2025-11-30 19:11:44.538821,view
U0345,P0314,2025-06-17 19:11:44.538851,purchase
U1381,P0108,2026-03-18 19:11:44.538882,view
U1285,P0157,2026-03-12 19:11:44.538913,view
U0366,P0343,2025-06-21 19:11:44.538943,view
U0173,P0421,2025-10-09 19:11:44.538977,view
U0947,P0053,2025-07-10 19:11:44.539008,view
U1451,P0450,2026-03-22 19:11:44.539039,view
U1172,P0139,2025-09-08 19:11:44.539069,view
U1722,P0278,2026-01-15 19:11:44.539099,view
U1470,P0376,2025-11-02 19:11:44.539129,wishlist
U1826,P0021,2025-12-12 19:11:44.539160,view
U1062,P0437,2025-04-15 19:11:44.539190,view
U0948,P0233,2025-08-28 19:11:44.539220,view
U0251,P0364,2025-11-19 19:11:44.539250,cart
U0560,P0339,2025-06-10 19:11:44.539282,view
U1106,P0011,2026-01-02 19:11:44.539313,view
U0322,P0225,2025-11-07 19:11:44.539343,cart
U0367,P0361,2025-10-13 19:11:44.539374,wishlist
U0983,P0160,2025-10-11 19:11:44.539405,view
U0901,P0020,2025-11-03 19:11:44.539435,view
U0728,P0470,2025-05-21 19:11:44.539465,cart
U1201,P0396,2025-10-29 19:11:44.539496,view
U0644,P0049,2026-02-04 19:11:44.539526,cart
U0970,P0168,2025-07-14 19:11:44.539556,cart
U0727,P0226,2026-03-22 19:11:44.539586,view
U0683,P0487,2025-08-29 19:11:44.539616,view
U1376,P0252,2025-08-22 19:11:44.539647,view
U0893,P0467,2025-06-18 19:11:44.539677,view
U0461,P0204,2025-12-09 19:11:44.539707,view
U0113,P0469,2025-12-21 19:11:44.539739,purchase
U1558,P0151,2025-04-25 19:11:44.539768,view
U1100,P0291,2025-04-30 19:11:44.539798,view
U1932,P0174,2025-11-21 19:11:44.539827,view
U1562,P0215,2026-01-27 19:11:44.539856,view
U0458,P0210,2026-02-21 19:11:44.539885,purchase
U0689,P0448,2025-06-02 19:11:44.539914,cart
U1384,P0123,2025-08-16 19:11:44.539944,cart
U1987,P0225,2025-07-21 19:11:44.539974,view
U1085,P0191,2025-09-26 19:11:44.540003,view
U1241,P0189,2025-11-21 19:11:44.540037,view
U0816,P0243,2025-08-30 19:11:44.540067,view
U0240,P0022,2025-05-18 19:11:44.540096,view
U1800,P0270,2025-10-02 19:11:44.540126,cart
U0684,P0440,2025-09-11 19:11:44.540155,view
U0090,P0262,2025-10-15 19:11:44.540184,view
U1150,P0403,2025-05-05 19:11:44.540213,cart
U0103,P0175,2026-02-05 19:11:44.540242,view
U1478,P0261,2025-11-16 19:11:44.540272,view
U1761,P0205,2025-08-22 19:11:44.540301,purchase
U1953,P0093,2026-01-08 19:11:44.540330,view
U0783,P0330,2025-05-12 19:11:44.540360,view
U0138,P0366,2025-08-31 19:11:44.540394,wishlist
U0177,P0447,2025-04-27 19:11:44.540423,view
U0069,P0085,2025-04-13 19:11:44.540453,cart
U1551,P0066,2025-05-29 19:11:44.540484,cart
U0559,P0081,2026-01-22 19:11:44.540513,view
U0923,P0088,2025-07-12 19:11:44.540544,cart
U1823,P0392,2026-04-04 19:11:44.540586,view
U1818,P0021,2026-01-25 19:11:44.540618,wishlist
U1341,P0279,2025-08-13 19:11:44.540648,cart
U1786,P0073,2026-01-30 19:11:44.540680,view
U1133,P0488,2025-06-24 19:11:44.540710,cart
U1341,P0120,2025-06-22 19:11:44.540741,cart
U1694,P0447,2025-04-27 19:11:44.540771,view
U0156,P0111,2025-05-31 19:11:44.540801,wishlist
U1489,P0176,2025-09-20 19:11:44.540832,purchase
U1284,P0394,2025-05-29 19:11:44.540862,cart
U0345,P0399,2025-11-25 19:11:44.540892,view
U0491,P0368,2026-03-25 19:11:44.540922,view
U1440,P0483,2025-07-07 19:11:44.540952,view
U1379,P0384,2026-01-06 19:11:44.540982,wishlist
U1124,P0217,2026-03-11 19:11:44.541013,view
U1640,P0187,2025-11-11 19:11:44.541043,view
U1859,P0220,2026-02-03 19:11:44.541072,view
U1143,P0016,2025-08-24 19:11:44.541102,cart
U0775,P0270,2025-11-15 19:11:44.541132,view
U1872,P0086,2025-05-23 19:11:44.541162,cart
U1717,P0257,2025-05-20 19:11:44.541193,view
U1529,P0188,2025-08-27 19:11:44.541223,wishlist
U1352,P0143,2025-05-21 19:11:44.541253,view
U1437,P0498,2026-02-18 19:11:44.541283,view
U1418,P0106,2025-08-31 19:11:44.541314,view
U1419,P0455,2026-02-26 19:11:44.541345,view
U0119,P0258,2025-05-22 19:11:44.541374,view
U1646,P0471,2025-08-15 19:11:44.541404,cart
U0660,P0337,2025-09-07 19:11:44.541433,view
U0652,P0059,2025-04-07 19:11:44.541462,cart
U1806,P0161,2025-04-25 19:11:44.541493,wishlist
U0386,P0399,2025-06-16 19:11:44.541528,wishlist
U0353,P0130,2025-10-31 19:11:44.541558,view
U0337,P0401,2026-04-05 19:11:44.541588,view
U1783,P0459,2025-07-02 19:11:44.541623,view
U1548,P0010,2025-06-20 19:11:44.541656,cart
U0347,P0159,2026-01-21 19:11:44.541686,view
U0297,P0487,2026-02-24 19:11:44.541717,view
U1423,P0190,2026-03-18 19:11:44.541747,cart
U0579,P0246,2026-01-15 19:11:44.541776,view
U1901,P0384,2025-07-10 19:11:44.541804,wishlist
U0229,P0094,2025-05-05 19:11:44.541833,cart
U1852,P0058,2025-12-16 19:11:44.541863,view
U1553,P0470,2025-09-08 19:11:44.541892,view
U1897,P0335,2025-10-11 19:11:44.541921,cart
U1858,P0027,2025-05-11 19:11:44.541951,view
U0794,P0136,2026-02-15 19:11:44.541980,view
U1274,P0112,2025-10-16 19:11:44.542010,view
U1951,P0219,2025-04-14 19:11:44.542038,cart
U1683,P0405,2025-10-30 19:11:44.542067,view
U1201,P0268,2026-01-18 19:11:44.542096,view
U1450,P0497,2026-01-18 19:11:44.542125,view
U1652,P0097,2025-05-15 19:11:44.542155,cart
U0521,P0329,2026-03-13 19:11:44.542189,view
U0402,P0261,2026-02-15 19:11:44.542233,cart
U1372,P0335,2025-09-05 19:11:44.542270,view
U1229,P0244,2025-04-15 19:11:44.542318,view
U0318,P0182,2025-06-29 19:11:44.542366,wishlist
U1789,P0011,2026-01-27 19:11:44.542415,view
U1536,P0309,2026-02-17 19:11:44.542450,view
U1894,P0007,2025-04-26 19:11:44.542482,view
U1414,P0416,2025-11-23 19:11:44.542512,view
U0800,P0236,2026-02-03 19:11:44.542543,wishlist
U0871,P0159,2025-07-09 19:11:44.542576,view
U1085,P0460,2025-10-24 19:11:44.542616,view
U0233,P0466,2025-08-03 19:11:44.542646,view
U1069,P0068,2025-06-16 19:11:44.542675,view
U0841,P0117,2025-07-10 19:11:44.542706,view
U0205,P0355,2025-07-02 19:11:44.542734,purchase
U0679,P0276,2025-06-09 19:11:44.542764,cart
U0763,P0111,2026-03-02 19:11:44.542795,view
U1428,P0323,2025-08-10 19:11:44.542825,wishlist
U1745,P0054,2025-12-08 19:11:44.542855,view
U0920,P0312,2026-03-01 19:11:44.542885,view
U1997,P0334,2025-06-30 19:11:44.542914,cart
U1528,P0068,2025-04-29 19:11:44.542944,view
U0330,P0312,2025-08-10 19:11:44.542973,view
U1733,P0490,2025-12-28 19:11:44.543002,view
U1725,P0068,2025-06-19 19:11:44.543031,view
U0971,P0395,2025-05-09 19:11:44.543063,view
U0441,P0266,2026-02-24 19:11:44.543093,view
U1827,P0347,2025-10-27 19:11:44.543122,wishlist
U1575,P0260,2026-01-19 19:11:44.543151,cart
U1275,P0106,2026-02-06 19:11:44.543181,view
U0749,P0416,2025-09-28 19:11:44.543212,cart
U0056,P0080,2025-10-29 19:11:44.543242,view
U0418,P0443,2025-08-10 19:11:44.543272,wishlist
U1397,P0100,2025-12-06 19:11:44.543301,cart
U1011,P0424,2025-05-14 19:11:44.543332,view
U0158,P0258,2026-01-23 19:11:44.543361,view
U0235,P0165,2025-12-08 19:11:44.543390,purchase
U1419,P0406,2025-06-22 19:11:44.543419,wishlist
U0923,P0440,2025-04-15 19:11:44.543448,view
U1798,P0434,2025-05-23 19:11:44.543477,view
U0421,P0417,2025-10-18 19:11:44.543512,view
U0781,P0212,2026-03-18 19:11:44.543560,cart
U1275,P0452,2025-12-10 19:11:44.543605,view
U0149,P0500,2025-05-27 19:11:44.543650,view
U0202,P0332,2025-04-22 19:11:44.543696,cart
U0807,P0080,2025-04-15 19:11:44.543744,view
U1942,P0029,2025-07-15 19:11:44.543792,view
U0210,P0377,2025-08-09 19:11:44.543842,view
U1019,P0216,2026-01-05 19:11:44.543893,purchase
U0606,P0320,2025-09-10 19:11:44.543944,view
U1046,P0355,2025-10-17 19:11:44.543978,view
U1765,P0143,2025-10-09 19:11:44.544009,view
U0316,P0024,2026-03-09 19:11:44.544040,purchase
U0343,P0414,2025-09-07 19:11:44.544074,purchase
U1756,P0446,2025-08-08 19:11:44.544106,cart
U0753,P0300,2026-04-02 19:11:44.544136,cart
U1208,P0066,2025-05-26 19:11:44.544165,purchase
U1454,P0205,2026-03-26 19:11:44.544195,view
U0138,P0456,2025-11-23 19:11:44.544224,wishlist
U0699,P0283,2026-02-19 19:11:44.544255,view
U0846,P0247,2025-06-22 19:11:44.544285,view
U1396,P0081,2025-05-11 19:11:44.544314,view
U1064,P0142,2026-01-30 19:11:44.544343,cart
U1407,P0206,2025-09-07 19:11:44.544373,purchase
U0240,P0038,2025-12-09 19:11:44.544402,view
U0128,P0090,2025-10-07 19:11:44.544430,cart
U0314,P0394,2025-08-24 19:11:44.544459,purchase
U0293,P0451,2025-09-18 19:11:44.544494,purchase
U0026,P0155,2025-06-24 19:11:44.544523,purchase
U0638,P0023,2025-04-24 19:11:44.544553,view
U1960,P0369,2026-04-02 19:11:44.544583,view
U0778,P0406,2025-06-17 19:11:44.544625,purchase
U1301,P0305,2025-08-10 19:11:44.544656,view
U1904,P0211,2025-09-06 19:11:44.544688,purchase
U0564,P0274,2025-05-04 19:11:44.544717,purchase
U1458,P0022,2025-09-17 19:11:44.544746,view
U1845,P0462,2025-04-09 19:11:44.544774,wishlist
U1154,P0245,2025-05-05 19:11:44.544804,view
U1230,P0358,2025-06-06 19:11:44.544834,view
U0996,P0383,2025-09-14 19:11:44.544863,view
U1094,P0256,2025-09-15 19:11:44.544891,view
U0705,P0488,2025-06-10 19:11:44.544922,purchase
U1499,P0273,2025-06-29 19:11:44.544950,view
U0518,P0038,2025-05-07 19:11:44.544979,wishlist
U1038,P0248,2026-01-14 19:11:44.545007,wishlist
U1875,P0196,2026-01-02 19:11:44.545037,view
U1711,P0371,2025-04-21 19:11:44.545065,wishlist
U1158,P0464,2025-10-20 19:11:44.545095,cart
U0304,P0308,2025-09-20 19:11:44.545124,cart
U1246,P0237,2026-03-14 19:11:44.545153,view
U0587,P0227,2025-07-06 19:11:44.545182,view
U1793,P0302,2025-07-26 19:11:44.545211,cart
U1735,P0090,2025-04-10 19:11:44.545241,view
U1577,P0022,2025-12-12 19:11:44.545269,cart
U0777,P0324,2026-02-10 19:11:44.545298,purchase
U0158,P0493,2026-03-13 19:11:44.545327,view
U1594,P0262,2026-01-17 19:11:44.545356,wishlist
U1316,P0044,2025-12-12 19:11:44.545385,view
U0743,P0114,2025-07-18 19:11:44.545414,purchase
U0670,P0383,2025-06-20 19:11:44.545444,view
U0074,P0061,2026-02-10 19:11:44.545473,view
U0376,P0273,2025-05-04 19:11:44.545502,cart
U1261,P0358,2026-01-18 19:11:44.545531,cart
U0592,P0309,2026-03-03 19:11:44.545560,purchase
U1301,P0440,2025-09-09 19:11:44.545592,view
U0259,P0186,2026-03-02 19:11:44.545620,view
U0080,P0355,2025-04-05 19:11:44.545650,view
U1158,P0300,2026-02-06 19:11:44.545679,cart
U0219,P0337,2025-06-28 19:11:44.545707,view
U1605,P0385,2026-03-12 19:11:44.545737,cart
U1723,P0205,2026-03-03 19:11:44.545768,cart
U0709,P0351,2026-01-04 19:11:44.545797,view
U0987,P0488,2026-01-30 19:11:44.545826,view
U0237,P0280,2025-04-13 19:11:44.545855,view
U1698,P0324,2025-12-04 19:11:44.545883,cart
U1043,P0468,2025-10-14 19:11:44.545912,view
U0733,P0343,2025-04-20 19:11:44.545941,view
U0830,P0001,2025-09-11 19:11:44.545971,view
U1076,P0239,2025-09-10 19:11:44.545999,wishlist
U1687,P0334,2025-06-14 19:11:44.546028,cart
U0121,P0137,2026-02-26 19:11:44.546058,view
U0106,P0337,2025-07-07 19:11:44.546086,cart
U0296,P0355,2025-12-23 19:11:44.546114,view
U0907,P0055,2025-09-09 19:11:44.546143,view
U1027,P0162,2025-08-30 19:11:44.546172,cart
U0031,P0419,2025-04-26 19:11:44.546200,view
U1796,P0448,2025-07-20 19:11:44.546229,view
U0465,P0395,2025-07-05 19:11:44.546258,wishlist
U0176,P0155,2026-02-27 19:11:44.546286,cart
U0774,P0391,2026-03-06 19:11:44.546314,view
U1789,P0341,2026-02-09 19:11:44.546342,view
U1742,P0158,2025-12-10 19:11:44.546373,cart
U0459,P0062,2026-02-25 19:11:44.546403,purchase
U1874,P0297,2025-07-18 19:11:44.546431,wishlist
U0967,P0350,2025-10-01 19:11:44.546459,view
U1480,P0332,2025-10-11 19:11:44.546487,wishlist
U1734,P0187,2026-02-12 19:11:44.546518,view
U0213,P0109,2026-02-05 19:11:44.546546,view
U0529,P0140,2025-11-21 19:11:44.546573,wishlist
U0721,P0155,2025-08-29 19:11:44.546607,view
U0565,P0279,2026-01-10 19:11:44.546637,view
U0577,P0314,2025-06-26 19:11:44.546665,view
U1220,P0086,2025-08-18 19:11:44.546694,wishlist
U1664,P0265,2026-01-23 19:11:44.546722,view
U1815,P0093,2025-08-08 19:11:44.546750,view
U0794,P0236,2025-06-17 19:11:44.546779,purchase
U0694,P0268,2025-06-16 19:11:44.546807,view
U0407,P0109,2026-01-06 19:11:44.546836,wishlist
U0402,P0464,2026-02-21 19:11:44.546864,view
U0436,P0392,2025-04-11 19:11:44.546893,wishlist
U1282,P0229,2025-04-22 19:11:44.546921,view
U1377,P0282,2025-05-29 19:11:44.546948,view
U0922,P0316,2025-06-06 19:11:44.546976,cart
U0898,P0093,2026-01-05 19:11:44.547004,purchase
U0016,P0228,2025-07-16 19:11:44.547032,view
U1596,P0428,2025-09-21 19:11:44.547061,view
U0081,P0209,2026-01-10 19:11:44.547091,cart
U1360,P0132,2026-04-05 19:11:44.547119,view
U1156,P0338,2025-05-24 19:11:44.547147,view
U1262,P0436,2025-07-26 19:11:44.547175,wishlist
U0153,P0374,2026-01-13 19:11:44.547203,purchase
U0241,P0238,2026-02-17 19:11:44.547232,view
U1968,P0349,2025-05-06 19:11:44.547260,view
U0065,P0402,2025-08-15 19:11:44.547288,view
U0699,P0071,2026-01-10 19:11:44.547314,view
U1347,P0420,2025-12-26 19:11:44.547342,view
U0263,P0241,2025-08-23 19:11:44.547370,cart
U0222,P0097,2025-06-05 19:11:44.547397,view
U0044,P0296,2026-03-28 19:11:44.547428,cart
U0861,P0364,2026-02-02 19:11:44.547456,wishlist
U0202,P0127,2025-05-20 19:11:44.547485,cart
U1571,P0409,2025-07-01 19:11:44.547514,purchase
U0066,P0376,2025-07-04 19:11:44.547543,view
U1993,P0131,2026-04-05 19:11:44.547572,view
U1019,P0399,2025-05-26 19:11:44.547601,view
U0001,P0399,2025-11-07 19:11:44.547630,purchase
U1591,P0405,2025-09-06 19:11:44.547658,view
U0965,P0166,2025-11-28 19:11:44.547685,view
U1733,P0391,2025-12-18 19:11:44.547713,view
U0549,P0077,2025-12-22 19:11:44.547741,view
U0158,P0446,2025-06-13 19:11:44.547769,view
U0885,P0063,2025-04-11 19:11:44.547798,view
U0763,P0168,2025-09-11 19:11:44.547825,view
U1675,P0475,2026-03-21 19:11:44.547854,purchase
U0469,P0025,2025-06-10 19:11:44.547887,view
U1985,P0127,2025-08-09 19:11:44.547916,purchase
U1937,P0479,2026-03-29 19:11:44.547944,purchase
U0839,P0499,2025-04-07 19:11:44.547972,wishlist
U0269,P0442,2026-03-15 19:11:44.548001,view
U0093,P0272,2025-05-21 19:11:44.548031,view
U0717,P0203,2025-04-24 19:11:44.548061,view
U1024,P0126,2025-04-15 19:11:44.548090,cart
U1487,P0092,2025-12-11 19:11:44.548118,cart
U1303,P0066,2025-08-28 19:11:44.548145,cart
U0157,P0049,2025-12-08 19:11:44.548174,cart
U0382,P0192,2025-04-15 19:11:44.548204,cart
U0585,P0036,2025-06-13 19:11:44.548236,purchase
U0110,P0476,2026-01-18 19:11:44.548266,cart
U0928,P0098,2025-06-02 19:11:44.548295,purchase
U0276,P0247,2025-10-08 19:11:44.548324,cart
U1355,P0265,2025-08-20 19:11:44.548355,cart
U0008,P0483,2025-05-13 19:11:44.548386,view
U1452,P0250,2025-07-14 19:11:44.548415,wishlist
U1937,P0298,2026-02-13 19:11:44.548443,view
U0368,P0301,2025-04-06 19:11:44.548471,view
U1584,P0017,2026-03-29 19:11:44.548499,cart
U0301,P0148,2025-07-16 19:11:44.548527,view
U1785,P0234,2025-10-16 19:11:44.548554,view
U1352,P0229,2025-04-07 19:11:44.548582,view
U0794,P0164,2025-08-03 19:11:44.548615,view
U0995,P0277,2026-01-04 19:11:44.548644,view
U0409,P0479,2025-07-25 19:11:44.548673,cart
U0327,P0430,2025-11-16 19:11:44.548701,view
U0015,P0057,2025-07-21 19:11:44.548730,view
U0451,P0158,2025-09-16 19:11:44.548757,view
U0859,P0400,2025-12-19 19:11:44.548786,view
U0665,P0098,2025-04-09 19:11:44.548815,purchase
U1704,P0216,2026-01-11 19:11:44.548843,purchase
U1791,P0451,2025-09-26 19:11:44.548878,view
U0234,P0357,2025-05-16 19:11:44.548923,purchase
U1951,P0326,2025-08-17 19:11:44.548971,view
U0011,P0072,2026-03-14 19:11:44.549025,view
U1508,P0490,2025-06-11 19:11:44.549073,cart
U0262,P0199,2026-01-27 19:11:44.549126,view
U0657,P0350,2025-11-04 19:11:44.549186,purchase
U1143,P0005,2025-07-30 19:11:44.549244,cart
U1013,P0092,2025-11-04 19:11:44.549304,view
U1138,P0388,2026-02-24 19:11:44.549360,wishlist
U1410,P0453,2025-10-09 19:11:44.549415,view
U0085,P0310,2025-10-28 19:11:44.549471,cart
U0202,P0210,2025-09-17 19:11:44.549527,view
U1914,P0256,2026-03-07 19:11:44.549590,view
U0623,P0423,2026-01-02 19:11:44.549642,view
U1117,P0159,2025-05-31 19:11:44.549697,view
U1941,P0044,2025-05-09 19:11:44.549742,view
U1922,P0418,2025-10-28 19:11:44.549775,purchase
U1942,P0136,2025-12-15 19:11:44.549807,view
U0858,P0425,2025-07-29 19:11:44.549839,view
U1989,P0495,2025-07-08 19:11:44.549871,view
U1357,P0234,2025-06-27 19:11:44.549901,view
U1328,P0196,2025-09-26 19:11:44.549931,view
U1431,P0246,2025-08-17 19:11:44.549962,view
U0216,P0470,2025-12-13 19:11:44.549992,cart
U1908,P0147,2026-02-07 19:11:44.550022,view
U1381,P0190,2026-03-03 19:11:44.550052,view
U0798,P0314,2025-07-01 19:11:44.550082,view
U0532,P0056,2026-01-17 19:11:44.550129,view
U0189,P0479,2025-04-05 19:11:44.550161,cart
U0739,P0495,2025-11-14 19:11:44.550192,wishlist
U1962,P0340,2025-08-04 19:11:44.550223,cart
U0068,P0277,2026-01-24 19:11:44.550255,wishlist
U1456,P0210,2026-01-24 19:11:44.550285,view
U0760,P0488,2025-05-31 19:11:44.550314,view
U1397,P0008,2025-05-15 19:11:44.550345,view
U1550,P0184,2025-06-06 19:11:44.550375,view
U1200,P0207,2025-08-25 19:11:44.550405,wishlist
U0368,P0460,2025-09-24 19:11:44.550434,view
U0865,P0026,2025-04-18 19:11:44.550464,view
U1346,P0497,2025-12-07 19:11:44.550494,purchase
U1483,P0115,2025-11-30 19:11:44.550524,view
U1555,P0364,2025-12-28 19:11:44.550553,view
U0006,P0042,2025-09-03 19:11:44.550582,view
U1064,P0294,2026-03-23 19:11:44.550623,cart
U0289,P0215,2025-11-21 19:11:44.550656,view
U1075,P0388,2025-07-11 19:11:44.550687,view
U0205,P0187,2025-07-29 19:11:44.550734,purchase
U0430,P0107,2025-06-20 19:11:44.550783,cart
U1319,P0263,2025-10-11 19:11:44.550818,cart
U1983,P0133,2025-04-16 19:11:44.550849,purchase
U0227,P0268,2025-10-06 19:11:44.550881,cart
U1848,P0441,2025-10-15 19:11:44.550912,view
U1184,P0341,2025-06-08 19:11:44.550942,view
U1019,P0394,2025-12-25 19:11:44.550972,view
U1956,P0415,2025-09-04 19:11:44.551002,purchase
U1629,P0053,2025-07-29 19:11:44.551031,view
U0771,P0439,2025-12-02 19:11:44.551060,cart
U1548,P0423,2025-09-23 19:11:44.551091,view
U1302,P0358,2025-12-28 19:11:44.551122,view
U0766,P0256,2025-08-24 19:11:44.551152,purchase
U1109,P0282,2025-07-26 19:11:44.551182,view
U0291,P0338,2025-05-10 19:11:44.551216,cart
U0922,P0254,2025-10-27 19:11:44.551246,purchase
U1127,P0450,2026-02-11 19:11:44.551274,cart
U1446,P0402,2025-05-16 19:11:44.551302,purchase
U0537,P0357,2025-07-25 19:11:44.551331,cart
U1869,P0104,2025-07-08 19:11:44.551368,view
U0579,P0177,2025-08-16 19:11:44.551419,purchase
U0120,P0321,2025-12-29 19:11:44.551475,cart
U1844,P0088,2025-12-13 19:11:44.551528,view
U0503,P0143,2025-05-19 19:11:44.551565,view
U0068,P0196,2025-09-10 19:11:44.551596,purchase
U0591,P0152,2025-06-18 19:11:44.551628,purchase
U1365,P0228,2025-07-03 19:11:44.551660,purchase
U0554,P0483,2025-04-12 19:11:44.551691,cart
U0857,P0130,2025-10-29 19:11:44.551722,cart
U0879,P0257,2026-03-27 19:11:44.551758,view
U1896,P0012,2025-08-11 19:11:44.551788,wishlist
U0908,P0116,2025-06-15 19:11:44.551819,view
U0179,P0483,2025-10-05 19:11:44.551850,purchase
U1617,P0209,2026-01-12 19:11:44.551881,view
U1293,P0054,2026-02-22 19:11:44.551911,view
U0463,P0025,2025-09-02 19:11:44.551941,purchase
U1744,P0350,2025-10-26 19:11:44.551970,purchase
U0382,P0138,2025-06-10 19:11:44.552000,view
U1839,P0057,2025-12-01 19:11:44.552037,view
U1087,P0402,2025-06-10 19:11:44.552083,purchase
U0480,P0492,2025-08-07 19:11:44.552129,cart
U0412,P0349,2026-02-10 19:11:44.552162,view
U0786,P0013,2025-05-29 19:11:44.552193,wishlist
U1972,P0454,2025-09-20 19:11:44.552226,wishlist
U1573,P0211,2025-06-29 19:11:44.552257,wishlist
U0831,P0299,2025-09-25 19:11:44.552289,cart
U1864,P0122,2025-09-12 19:11:44.552319,view
U1625,P0213,2025-04-12 19:11:44.552349,view
U0612,P0189,2025-07-19 19:11:44.552379,purchase
U0608,P0446,2026-02-22 19:11:44.552409,view
U0423,P0176,2026-03-20 19:11:44.552439,purchase
U0543,P0466,2025-10-19 19:11:44.552469,cart
U1269,P0029,2025-07-22 19:11:44.552498,view
U0289,P0212,2026-02-06 19:11:44.552529,purchase
U0875,P0119,2026-01-30 19:11:44.552558,view
U0924,P0211,2025-10-07 19:11:44.552590,view
U1788,P0136,2026-01-10 19:11:44.552633,view
U1214,P0499,2025-11-08 19:11:44.552665,cart
U1712,P0380,2026-01-11 19:11:44.552696,view
U1424,P0211,2025-12-08 19:11:44.552726,cart
U1007,P0253,2026-01-20 19:11:44.552756,view
U1116,P0429,2025-07-03 19:11:44.552787,wishlist
U0178,P0366,2025-09-28 19:11:44.552817,view
U0503,P0308,2025-12-06 19:11:44.552845,view
U0048,P0344,2025-11-23 19:11:44.552874,view
U0512,P0142,2025-10-01 19:11:44.552901,cart
U0520,P0199,2025-11-15 19:11:44.552930,cart
U1433,P0323,2025-11-16 19:11:44.552960,purchase
U1166,P0068,2025-07-13 19:11:44.552988,view
U1423,P0348,2025-07-28 19:11:44.553016,view
U1681,P0374,2025-10-07 19:11:44.553044,cart
U0745,P0145,2025-04-21 19:11:44.553074,view
U1069,P0060,2026-01-27 19:11:44.553102,cart
U1536,P0233,2026-01-31 19:11:44.553131,purchase
U1746,P0461,2025-05-24 19:11:44.553159,cart
U1262,P0192,2026-02-21 19:11:44.553189,wishlist
U1525,P0472,2025-05-19 19:11:44.553217,cart
U1921,P0382,2025-07-11 19:11:44.553245,view
U1660,P0459,2025-05-28 19:11:44.553274,cart
U0347,P0423,2025-10-22 19:11:44.553303,view
U1711,P0101,2025-09-05 19:11:44.553332,wishlist
U0662,P0297,2026-03-02 19:11:44.553361,view
U1386,P0381,2025-05-10 19:11:44.553391,view
U1852,P0443,2025-10-14 19:11:44.553420,view
U1173,P0046,2025-06-02 19:11:44.553449,wishlist
U1751,P0468,2025-07-03 19:11:44.553479,view
U1773,P0352,2025-07-07 19:11:44.553507,wishlist
U0125,P0407,2025-04-06 19:11:44.553538,view
U0972,P0498,2025-05-20 19:11:44.553567,cart
U1660,P0307,2025-11-05 19:11:44.553595,view
U0628,P0168,2025-07-01 19:11:44.553625,view
U0014,P0404,2025-09-05 19:11:44.553654,view
U0962,P0488,2025-11-24 19:11:44.553683,cart
U1702,P0158,2025-07-01 19:11:44.553714,view
U0468,P0128,2026-02-26 19:11:44.553744,view
U1674,P0325,2025-07-28 19:11:44.553773,cart
U1625,P0449,2025-05-12 19:11:44.553803,view
U0919,P0452,2025-12-30 19:11:44.553833,cart
U0578,P0309,2025-09-02 19:11:44.553862,view
U0756,P0023,2026-03-06 19:11:44.553898,view
U1111,P0227,2025-04-23 19:11:44.553927,view
U1499,P0077,2026-03-29 19:11:44.553956,view
U1608,P0231,2025-05-18 19:11:44.553985,cart
U0324,P0399,2025-12-05 19:11:44.554014,view
U0266,P0199,2025-10-15 19:11:44.554041,view
U0512,P0036,2026-02-12 19:11:44.554068,cart
U0710,P0240,2025-08-03 19:11:44.554097,view
U1345,P0409,2025-08-11 19:11:44.554126,purchase
U1017,P0306,2026-01-19 19:11:44.554154,purchase
U1224,P0478,2025-12-15 19:11:44.554182,view
U1489,P0349,2026-03-15 19:11:44.554211,view
U1447,P0478,2025-09-07 19:11:44.554238,wishlist
U1095,P0051,2025-08-03 19:11:44.554267,cart
U1634,P0332,2025-11-05 19:11:44.554295,wishlist
U1476,P0262,2025-10-02 19:11:44.554324,view
U0300,P0258,2025-08-24 19:11:44.554350,view
U1008,P0126,2025-06-19 19:11:44.554377,wishlist
U0595,P0127,2025-07-08 19:11:44.554406,cart
U0002,P0347,2025-10-30 19:11:44.554435,purchase
U1124,P0098,2025-10-11 19:11:44.554465,view
U0556,P0118,2025-10-08 19:11:44.554495,view
U0054,P0246,2025-08-04 19:11:44.554524,view
U0860,P0192,2025-08-29 19:11:44.554551,view
U0333,P0085,2025-11-25 19:11:44.554580,view
U0652,P0305,2025-12-14 19:11:44.554635,purchase
U1735,P0331,2026-02-05 19:11:44.554678,cart
U1637,P0192,2025-07-02 19:11:44.554837,cart
U0464,P0063,2025-09-06 19:11:44.554921,view
U1698,P0279,2025-12-22 19:11:44.554964,wishlist
U1138,P0112,2025-09-22 19:11:44.555000,view
U0573,P0170,2025-12-13 19:11:44.555034,view
U0341,P0043,2025-08-30 19:11:44.555067,cart
U0388,P0232,2025-08-20 19:11:44.555099,view
U1632,P0387,2025-09-04 19:11:44.555131,purchase
U0913,P0259,2025-11-21 19:11:44.555165,cart
U1494,P0265,2025-04-26 19:11:44.555197,purchase
U0381,P0187,2025-11-20 19:11:44.555229,view
U0150,P0296,2025-05-19 19:11:44.555263,view
U1251,P0146,2025-05-06 19:11:44.555295,purchase
U1228,P0127,2025-08-01 19:11:44.555327,view
U1675,P0074,2026-03-19 19:11:44.555358,view
U1640,P0351,2025-06-29 19:11:44.555389,purchase
U0254,P0015,2025-06-10 19:11:44.555420,cart
U1084,P0378,2025-12-15 19:11:44.555452,view
U0229,P0411,2025-04-24 19:11:44.555551,view
U1193,P0058,2026-01-02 19:11:44.555586,view
U1431,P0473,2025-08-21 19:11:44.555618,view
U1506,P0249,2025-04-27 19:11:44.555650,cart
U0605,P0027,2026-02-18 19:11:44.555681,cart
U0291,P0237,2025-05-25 19:11:44.555712,view
U0014,P0190,2025-09-06 19:11:44.555742,purchase
U0074,P0389,2025-07-30 19:11:44.555775,view
U0396,P0078,2026-01-21 19:11:44.555806,purchase
U0234,P0224,2025-11-11 19:11:44.555835,view
U0065,P0446,2025-09-24 19:11:44.555864,purchase
U1796,P0187,2025-08-02 19:11:44.555894,view
U0014,P0431,2026-02-01 19:11:44.555925,cart
U0581,P0122,2026-03-21 19:11:44.555955,view
U1955,P0393,2025-06-24 19:11:44.555987,view
U1781,P0270,2025-07-15 19:11:44.556019,view
U1420,P0099,2025-04-16 19:11:44.556049,view
U0428,P0185,2026-01-22 19:11:44.556079,view
U1170,P0297,2025-12-18 19:11:44.556108,view
U0979,P0267,2025-04-05 19:11:44.556138,view
U1803,P0418,2026-01-20 19:11:44.556167,view
U1487,P0429,2026-03-09 19:11:44.556198,cart
U0264,P0391,2025-12-22 19:11:44.556228,view
U1916,P0133,2025-10-05 19:11:44.556257,view
U0801,P0115,2025-11-08 19:11:44.556287,view
U1749,P0460,2026-03-05 19:11:44.556316,cart
U1300,P0216,2025-12-22 19:11:44.556345,view
U1998,P0267,2025-06-12 19:11:44.556374,view
U1937,P0066,2026-02-08 19:11:44.556403,view
U0542,P0456,2025-11-16 19:11:44.556432,purchase
U1500,P0139,2026-02-03 19:11:44.556461,view
U1573,P0446,2025-05-28 19:11:44.556498,purchase
U0377,P0377,2025-04-12 19:11:44.556530,view
U0984,P0091,2026-03-26 19:11:44.556560,view
U1805,P0168,2025-07-28 19:11:44.556590,cart
U0301,P0086,2026-01-14 19:11:44.556621,view
U0965,P0264,2025-09-29 19:11:44.556651,view
U0532,P0450,2025-12-17 19:11:44.556680,view
U0410,P0259,2025-10-25 19:11:44.556709,view
U0859,P0122,2025-10-17 19:11:44.556738,cart
U0743,P0184,2026-03-07 19:11:44.556778,wishlist
U1706,P0179,2025-04-08 19:11:44.556807,view
U1886,P0066,2026-01-21 19:11:44.556837,view
U0873,P0482,2025-12-11 19:11:44.556867,cart
U1535,P0022,2025-11-22 19:11:44.556899,view
U0660,P0443,2025-04-24 19:11:44.556928,view
U1873,P0081,2025-09-11 19:11:44.556957,wishlist
U0813,P0319,2025-05-31 19:11:44.556988,view
U0659,P0344,2026-02-18 19:11:44.557018,view
U1562,P0008,2025-08-30 19:11:44.557048,cart
U0501,P0207,2025-06-07 19:11:44.557076,view
U1143,P0374,2025-08-27 19:11:44.557105,view
U0190,P0262,2025-10-23 19:11:44.557134,cart
U1597,P0194,2026-03-21 19:11:44.557162,cart
U1519,P0009,2026-01-14 19:11:44.557192,wishlist
U1953,P0173,2025-12-13 19:11:44.557222,view
U0619,P0010,2025-12-06 19:11:44.557252,view
U1673,P0359,2025-10-19 19:11:44.557283,view
U0535,P0469,2025-04-26 19:11:44.557312,view
U1041,P0160,2025-08-09 19:11:44.557341,cart
U1531,P0139,2025-07-25 19:11:44.557371,purchase
U1856,P0380,2025-07-17 19:11:44.557401,purchase
U1250,P0069,2026-01-23 19:11:44.557432,view
U0720,P0101,2026-01-18 19:11:44.557462,view
U0137,P0415,2025-05-24 19:11:44.557509,purchase
U1418,P0343,2025-04-17 19:11:44.557541,view
U0823,P0065,2025-05-20 19:11:44.557572,wishlist
U1419,P0070,2026-02-06 19:11:44.557603,cart
U0512,P0073,2026-02-23 19:11:44.557633,view
U1857,P0366,2025-10-18 19:11:44.557665,view
U1943,P0052,2026-03-11 19:11:44.557700,cart
U0657,P0062,2025-07-21 19:11:44.557732,view
U0223,P0122,2025-04-27 19:11:44.557763,view
U0414,P0435,2025-12-17 19:11:44.557793,view
U1703,P0253,2025-04-29 19:11:44.557824,view
U0324,P0196,2026-02-08 19:11:44.557857,view
U0695,P0020,2025-11-21 19:11:44.557886,purchase
U1922,P0308,2025-05-31 19:11:44.557916,wishlist
U0371,P0386,2026-02-13 19:11:44.557947,cart
U1120,P0285,2025-11-10 19:11:44.557976,purchase
U0836,P0404,2025-11-07 19:11:44.558006,purchase
U0138,P0480,2025-05-30 19:11:44.558035,view
U1697,P0402,2026-01-12 19:11:44.558064,view
U0352,P0394,2025-04-14 19:11:44.558093,wishlist
U1494,P0156,2026-02-13 19:11:44.558124,view
U1480,P0134,2025-06-06 19:11:44.558155,view
U0091,P0078,2025-05-27 19:11:44.558186,view
U1077,P0346,2025-05-18 19:11:44.558216,view
U1734,P0121,2025-06-30 19:11:44.558246,view
U1484,P0131,2025-05-17 19:11:44.558276,view
U0775,P0337,2025-04-15 19:11:44.558305,purchase
U1335,P0287,2025-09-09 19:11:44.558336,view
U0324,P0225,2025-08-01 19:11:44.558365,view
U1370,P0116,2025-07-02 19:11:44.558395,view
U1569,P0004,2025-07-29 19:11:44.558425,view
U0828,P0028,2025-06-14 19:11:44.558454,view
U1057,P0457,2026-03-28 19:11:44.558490,cart
U1527,P0132,2026-01-17 19:11:44.558520,cart
U1947,P0230,2025-07-25 19:11:44.558549,view
U0502,P0234,2025-09-11 19:11:44.558578,view
U0068,P0286,2025-06-01 19:11:44.558608,purchase
U0968,P0202,2025-09-07 19:11:44.558637,purchase
U0018,P0189,2025-10-10 19:11:44.558671,purchase
U1028,P0284,2026-01-17 19:11:44.558702,view
U1837,P0365,2026-03-12 19:11:44.558737,view
U0584,P0371,2025-06-24 19:11:44.558770,view
U0995,P0239,2026-03-03 19:11:44.558802,cart
U1378,P0449,2025-06-08 19:11:44.558835,view
U1480,P0247,2026-02-02 19:11:44.558870,wishlist
U1107,P0257,2026-02-23 19:11:44.558918,wishlist
U0414,P0274,2025-08-23 19:11:44.558966,view
U1100,P0181,2025-10-10 19:11:44.559016,view
U0102,P0102,2026-02-07 19:11:44.559066,purchase
U1838,P0433,2025-09-04 19:11:44.559101,cart
U0341,P0086,2025-05-18 19:11:44.559134,view
U0925,P0094,2025-07-05 19:11:44.559166,view
U0008,P0247,2025-09-02 19:11:44.559197,view
U1922,P0010,2026-03-30 19:11:44.559227,view
U1216,P0263,2025-05-06 19:11:44.559257,view
U0695,P0230,2025-05-13 19:11:44.559287,view
U0254,P0460,2025-04-08 19:11:44.559322,view
U0654,P0153,2025-10-01 19:11:44.559352,view
U1570,P0292,2025-09-13 19:11:44.559381,view
U0071,P0307,2025-08-28 19:11:44.559411,view
U1127,P0298,2025-05-15 19:11:44.559441,purchase
U1861,P0405,2025-07-25 19:11:44.559479,view
U1326,P0086,2025-07-26 19:11:44.559515,cart
U0493,P0379,2026-02-21 19:11:44.559546,view
U0890,P0171,2026-02-04 19:11:44.559575,view
U1602,P0059,2025-11-22 19:11:44.559605,cart
U1058,P0045,2026-03-12 19:11:44.559634,cart
U0829,P0100,2025-12-03 19:11:44.559663,view
U0740,P0371,2025-06-29 19:11:44.559693,view
U1167,P0095,2025-07-02 19:11:44.559724,view
U0664,P0273,2025-09-05 19:11:44.559752,cart
U0070,P0199,2026-03-18 19:11:44.559782,view
U1242,P0345,2026-03-11 19:11:44.559812,view
U1835,P0255,2025-12-11 19:11:44.559842,view
U0263,P0367,2025-11-19 19:11:44.559873,cart
U1163,P0471,2025-11-05 19:11:44.559905,view
U0860,P0222,2025-05-04 19:11:44.559936,view
U1465,P0266,2025-04-27 19:11:44.559967,view
U0294,P0424,2025-10-23 19:11:44.560012,view
U0722,P0113,2026-02-01 19:11:44.560050,wishlist
U0808,P0045,2025-05-04 19:11:44.560081,view
U1888,P0340,2026-02-26 19:11:44.560112,view
U1126,P0247,2025-12-25 19:11:44.560143,view
U0016,P0213,2026-01-31 19:11:44.560193,cart
U0937,P0138,2025-04-05 19:11:44.560254,view
U0997,P0366,2025-12-07 19:11:44.560305,purchase
U1277,P0138,2026-01-25 19:11:44.560339,view
U0271,P0264,2025-12-24 19:11:44.560371,view
U0855,P0087,2026-02-02 19:11:44.560402,view
U1545,P0339,2026-01-29 19:11:44.560433,view
U1653,P0126,2025-04-21 19:11:44.560471,cart
U1573,P0348,2025-07-15 19:11:44.560505,view
U1428,P0399,2025-11-23 19:11:44.560535,view
U1366,P0316,2025-11-07 19:11:44.560566,view
U1648,P0318,2025-07-31 19:11:44.560596,wishlist
U1234,P0075,2026-02-26 19:11:44.560627,view
U0179,P0157,2025-05-20 19:11:44.560656,wishlist
U0482,P0015,2025-04-14 19:11:44.560686,cart
U1958,P0499,2026-03-10 19:11:44.560716,cart
U0660,P0393,2026-01-13 19:11:44.560746,view
U1520,P0007,2026-03-11 19:11:44.560775,purchase
U0387,P0203,2025-08-05 19:11:44.560804,view
U1028,P0229,2025-04-23 19:11:44.560833,view
U0172,P0374,2025-08-11 19:11:44.560866,wishlist
U0996,P0491,2026-02-19 19:11:44.560895,view
U0233,P0369,2025-10-17 19:11:44.560925,view
U0144,P0382,2026-03-12 19:11:44.560954,purchase
U0297,P0082,2025-07-28 19:11:44.560988,view
U1644,P0416,2026-01-16 19:11:44.561016,view
U0371,P0316,2025-12-23 19:11:44.561045,cart
U1521,P0217,2025-11-10 19:11:44.561074,view
U1915,P0488,2025-05-30 19:11:44.561102,view
U1533,P0042,2025-07-21 19:11:44.561132,cart
U0154,P0395,2026-01-04 19:11:44.561162,wishlist
U0896,P0071,2025-04-14 19:11:44.561191,view
U0947,P0470,2026-03-18 19:11:44.561220,wishlist
U1548,P0057,2025-10-20 19:11:44.561248,cart
U0941,P0480,2025-12-14 19:11:44.561279,view
U1517,P0482,2025-12-01 19:11:44.561308,view
U1342,P0297,2025-07-07 19:11:44.561337,view
U1163,P0326,2026-01-09 19:11:44.561366,view
U0294,P0374,2025-08-10 19:11:44.561394,view
U0069,P0354,2025-12-15 19:11:44.561423,view
U0800,P0452,2025-10-17 19:11:44.561456,view
U0908,P0037,2025-12-05 19:11:44.561491,cart
U1074,P0325,2025-10-10 19:11:44.561521,view
U0390,P0374,2025-06-01 19:11:44.561550,purchase
U1726,P0101,2025-05-28 19:11:44.561579,view
U0331,P0320,2025-09-23 19:11:44.561608,wishlist
U1254,P0129,2025-10-09 19:11:44.561637,cart
U0373,P0327,2025-06-29 19:11:44.561667,view
U1273,P0015,2025-08-01 19:11:44.561697,view
U1351,P0122,2025-05-25 19:11:44.561726,view
U1720,P0289,2025-09-06 19:11:44.561756,cart
U1879,P0244,2026-04-04 19:11:44.561785,purchase
U1905,P0482,2026-02-06 19:11:44.561814,view
U1783,P0292,2026-04-02 19:11:44.561843,cart
U1974,P0377,2025-06-07 19:11:44.561873,cart
U1176,P0432,2026-02-14 19:11:44.561904,view
U0272,P0140,2025-05-19 19:11:44.561932,view
U1327,P0064,2025-04-26 19:11:44.561960,view
U0520,P0418,2025-12-20 19:11:44.561990,view
U0756,P0205,2025-06-20 19:11:44.562019,view
U1462,P0178,2025-12-09 19:11:44.562047,purchase
U0585,P0152,2026-04-02 19:11:44.562077,view
U0197,P0008,2025-06-13 19:11:44.562105,view
U0865,P0283,2025-11-02 19:11:44.562138,purchase
U0978,P0274,2025-09-13 19:11:44.562167,view
U0938,P0232,2026-01-17 19:11:44.562195,wishlist
U1935,P0013,2026-03-16 19:11:44.562226,cart
U1364,P0385,2025-07-17 19:11:44.562254,view
U0097,P0162,2025-11-05 19:11:44.562283,view
U0958,P0093,2026-03-12 19:11:44.562310,view
U0607,P0300,2025-06-18 19:11:44.562339,view
U0692,P0190,2025-04-20 19:11:44.562367,purchase
U0792,P0476,2025-04-06 19:11:44.562395,cart
U1215,P0320,2025-11-28 19:11:44.562424,wishlist
U1337,P0308,2026-01-09 19:11:44.562452,view
U1183,P0385,2025-05-15 19:11:44.562490,view
U1657,P0209,2025-06-04 19:11:44.562519,purchase
U0413,P0214,2025-08-26 19:11:44.562547,view
U1332,P0267,2026-02-05 19:11:44.562575,view
U0161,P0275,2025-09-02 19:11:44.562603,view
U1748,P0200,2025-12-06 19:11:44.562633,view
U1083,P0391,2026-01-23 19:11:44.562662,purchase
U0106,P0356,2025-04-24 19:11:44.562690,view
U1794,P0191,2025-09-05 19:11:44.562719,purchase
U0594,P0471,2026-02-22 19:11:44.562750,cart
U0875,P0393,2025-10-06 19:11:44.562779,view
U1134,P0134,2025-11-20 19:11:44.562807,view
U1908,P0089,2026-02-07 19:11:44.562839,view
U1646,P0395,2026-01-02 19:11:44.562869,view
U1354,P0105,2025-05-27 19:11:44.562897,view
U1614,P0174,2025-08-27 19:11:44.562925,view
U0327,P0216,2025-09-08 19:11:44.562953,view
U1476,P0366,2025-10-05 19:11:44.562981,view
U1289,P0388,2025-10-08 19:11:44.563009,view
U1321,P0458,2026-03-20 19:11:44.563038,wishlist
U1558,P0030,2025-08-29 19:11:44.563067,cart
U1332,P0106,2025-09-14 19:11:44.563095,view
U0727,P0331,2025-10-03 19:11:44.563124,view
U0993,P0453,2025-06-20 19:11:44.563152,view
U0465,P0121,2025-12-17 19:11:44.563181,wishlist
U0960,P0483,2026-02-09 19:11:44.563209,view
U0690,P0104,2025-05-08 19:11:44.563237,view
U1023,P0338,2026-01-03 19:11:44.563265,view
U0529,P0356,2025-07-23 19:11:44.563293,view
U1939,P0189,2026-03-14 19:11:44.563321,view
U1663,P0278,2026-03-04 19:11:44.563349,view
U0621,P0285,2025-07-19 19:11:44.563377,view
U1252,P0095,2026-02-25 19:11:44.563406,purchase
U0987,P0252,2026-02-27 19:11:44.563434,wishlist
U1108,P0418,2025-12-24 19:11:44.563467,view
U0618,P0248,2025-10-23 19:11:44.563498,cart
U1685,P0366,2025-08-25 19:11:44.563527,view
U0495,P0094,2026-02-21 19:11:44.563557,wishlist
U1162,P0357,2025-07-02 19:11:44.563587,cart
U1626,P0074,2025-07-21 19:11:44.563617,purchase
U0093,P0424,2026-02-06 19:11:44.563646,view
U0303,P0172,2025-06-01 19:11:44.563675,view
U0436,P0010,2025-04-16 19:11:44.563704,cart
U1183,P0231,2025-05-22 19:11:44.563733,view
U1961,P0211,2026-02-05 19:11:44.563764,view
U0855,P0234,2025-04-07 19:11:44.563792,view
U1861,P0082,2026-01-24 19:11:44.563820,view
U1241,P0438,2026-01-04 19:11:44.563848,purchase
U1868,P0311,2025-04-16 19:11:44.563877,cart
U1458,P0438,2025-07-16 19:11:44.563906,cart
U0486,P0131,2025-06-13 19:11:44.563934,view
U1824,P0415,2025-12-23 19:11:44.563963,view
U0562,P0379,2025-12-28 19:11:44.563997,cart
U0142,P0286,2025-10-04 19:11:44.564028,view
U1996,P0109,2025-10-02 19:11:44.564058,purchase
U1216,P0299,2025-07-25 19:11:44.564086,wishlist
U0711,P0101,2025-11-23 19:11:44.564114,purchase
U1706,P0314,2026-01-04 19:11:44.564143,cart
U1996,P0173,2025-04-10 19:11:44.564172,view
U1234,P0070,2026-03-21 19:11:44.564201,cart
U1977,P0290,2026-01-10 19:11:44.564230,view
U0357,P0345,2026-02-19 19:11:44.564258,view
U0651,P0096,2026-02-25 19:11:44.564287,view
U1119,P0387,2026-03-21 19:11:44.564315,cart
U1745,P0419,2026-03-31 19:11:44.564343,view
U1159,P0465,2025-08-14 19:11:44.564371,view
U0685,P0419,2025-05-22 19:11:44.564400,cart
U0329,P0450,2025-07-07 19:11:44.564428,wishlist
U1619,P0174,2026-01-13 19:11:44.564455,view
U1386,P0429,2026-02-02 19:11:44.564492,wishlist
U0598,P0270,2025-12-01 19:11:44.564522,view
U0614,P0329,2025-12-27 19:11:44.564551,view
U0604,P0444,2025-05-26 19:11:44.564579,view
U1513,P0432,2025-11-09 19:11:44.564613,view
U1530,P0058,2026-01-01 19:11:44.564641,view
U1944,P0442,2025-07-02 19:11:44.564669,purchase
U0240,P0227,2025-08-01 19:11:44.564701,view
U0661,P0048,2025-04-15 19:11:44.564729,cart
U0167,P0408,2025-06-11 19:11:44.564759,view
U0925,P0429,2025-11-21 19:11:44.564787,view
U0502,P0081,2025-09-29 19:11:44.564815,view
U1653,P0139,2025-06-07 19:11:44.564843,cart
U0288,P0413,2025-11-03 19:11:44.564871,view
U0267,P0494,2025-07-03 19:11:44.564899,view
U1915,P0016,2025-04-23 19:11:44.564926,view
U0792,P0198,2025-07-06 19:11:44.564955,cart
U0726,P0033,2026-02-02 19:11:44.564984,wishlist
U0815,P0154,2025-10-02 19:11:44.565013,cart
U0703,P0491,2026-03-09 19:11:44.565041,wishlist
U1977,P0004,2026-03-25 19:11:44.565070,view
U0894,P0005,2025-08-08 19:11:44.565100,cart
U0954,P0427,2025-08-08 19:11:44.565129,view
U1852,P0476,2026-02-03 19:11:44.565159,cart
U0575,P0347,2025-06-03 19:11:44.565188,view
U1784,P0023,2026-01-04 19:11:44.565217,view
U1319,P0478,2025-10-05 19:11:44.565247,cart
U0025,P0125,2025-05-24 19:11:44.565276,cart
U0752,P0072,2025-04-20 19:11:44.565306,purchase
U0784,P0020,2025-08-28 19:11:44.565334,view
U1358,P0001,2025-05-24 19:11:44.565364,view
U0075,P0151,2025-11-07 19:11:44.565393,view
U1037,P0351,2026-02-10 19:11:44.565422,cart
U1992,P0011,2025-08-06 19:11:44.565454,view
U1605,P0018,2025-05-18 19:11:44.565490,purchase
U0408,P0357,2025-10-17 19:11:44.565519,view
U1276,P0294,2025-11-22 19:11:44.565547,view
U1409,P0135,2025-07-10 19:11:44.565576,cart
U1533,P0265,2026-03-10 19:11:44.565607,purchase
U0046,P0495,2026-01-21 19:11:44.565637,view
U1342,P0053,2025-11-15 19:11:44.565668,view
U0034,P0104,2025-07-21 19:11:44.565719,purchase
U1388,P0494,2026-02-22 19:11:44.565752,view
U1286,P0157,2025-11-05 19:11:44.565782,purchase
U0666,P0473,2025-09-15 19:11:44.565811,view
U1609,P0322,2025-09-26 19:11:44.565855,view
U0388,P0339,2025-07-04 19:11:44.565887,cart
U0138,P0068,2026-01-04 19:11:44.565917,view
U1758,P0155,2025-07-21 19:11:44.565947,view
U1193,P0312,2026-03-30 19:11:44.565977,cart
U0591,P0269,2026-02-27 19:11:44.566006,wishlist
U1170,P0291,2025-12-16 19:11:44.566036,view
U0884,P0284,2026-04-02 19:11:44.566065,view
U0593,P0241,2025-12-31 19:11:44.566094,view
U0483,P0051,2025-09-08 19:11:44.566123,view
U0661,P0423,2025-10-18 19:11:44.566152,purchase
U0016,P0096,2026-03-18 19:11:44.566180,view
U1153,P0166,2025-07-30 19:11:44.566210,view
U1852,P0456,2026-03-12 19:11:44.566239,cart
U0603,P0440,2025-09-15 19:11:44.566269,cart
U1377,P0358,2025-04-07 19:11:44.566299,wishlist
U0029,P0414,2025-12-23 19:11:44.566329,view
U1684,P0107,2025-09-27 19:11:44.566358,view
U1856,P0415,2026-03-06 19:11:44.566387,wishlist
U0426,P0331,2026-02-03 19:11:44.566416,view
U0207,P0236,2025-06-03 19:11:44.566445,view
U0729,P0466,2026-03-02 19:11:44.566481,wishlist
U1140,P0363,2026-01-19 19:11:44.566512,view
U1135,P0365,2025-09-28 19:11:44.566543,view
U0471,P0285,2025-10-25 19:11:44.566574,view
U0980,P0334,2025-10-23 19:11:44.566607,view
U0794,P0443,2025-06-12 19:11:44.566636,cart
U0511,P0013,2025-06-13 19:11:44.566667,cart
U0435,P0441,2026-02-28 19:11:44.566697,view
U1245,P0160,2025-06-26 19:11:44.566728,view
U1792,P0173,2025-10-18 19:11:44.566757,wishlist
U0350,P0475,2026-02-20 19:11:44.566788,view
U1039,P0359,2026-03-12 19:11:44.566818,view
U0905,P0035,2025-06-03 19:11:44.566848,view
U1714,P0428,2026-04-02 19:11:44.566881,cart
U0565,P0236,2025-10-19 19:11:44.566912,view
U0659,P0356,2025-07-01 19:11:44.566942,view
U1586,P0323,2026-01-26 19:11:44.566974,view
U0844,P0309,2025-12-04 19:11:44.567005,cart
U0799,P0249,2025-06-07 19:11:44.567036,purchase
U1620,P0125,2026-01-15 19:11:44.567065,view
U1347,P0449,2025-08-22 19:11:44.567095,wishlist
U1390,P0046,2026-03-04 19:11:44.567127,cart
U0973,P0373,2025-05-19 19:11:44.567158,view
U0337,P0475,2026-03-31 19:11:44.567199,purchase
U1256,P0446,2025-10-28 19:11:44.567232,wishlist
U1169,P0069,2025-10-09 19:11:44.567261,view
U1374,P0428,2025-04-12 19:11:44.567290,view
U0729,P0462,2025-12-23 19:11:44.567321,cart
U0363,P0477,2026-03-11 19:11:44.567350,view
U1310,P0374,2025-04-21 19:11:44.567381,view
U1379,P0145,2025-07-09 19:11:44.567411,view
U1201,P0170,2025-07-19 19:11:44.567440,cart
U0040,P0459,2026-03-14 19:11:44.567499,view
U0291,P0143,2025-07-05 19:11:44.567561,cart
U1536,P0027,2025-07-22 19:11:44.567600,view
U1803,P0197,2026-01-10 19:11:44.567633,view
U1893,P0405,2025-07-18 19:11:44.567670,view
U1339,P0260,2025-08-02 19:11:44.567701,view
U1695,P0085,2025-12-09 19:11:44.567732,view
U0999,P0021,2025-06-30 19:11:44.567762,cart
U0859,P0425,2025-07-31 19:11:44.567792,cart
U1387,P0428,2025-04-08 19:11:44.567823,wishlist
U0100,P0418,2025-05-18 19:11:44.567856,view
U1110,P0300,2025-05-24 19:11:44.567888,cart
U0021,P0198,2025-11-05 19:11:44.567918,wishlist
U1519,P0171,2026-01-04 19:11:44.567948,view
U0116,P0074,2026-04-04 19:11:44.567977,view
U1948,P0314,2025-05-05 19:11:44.568006,wishlist
U0485,P0421,2026-02-26 19:11:44.568038,cart
U1953,P0259,2026-02-20 19:11:44.568074,view
U1074,P0422,2025-09-04 19:11:44.568103,wishlist
U1012,P0348,2026-03-14 19:11:44.568131,view
U1896,P0139,2025-07-05 19:11:44.568159,view
U0310,P0379,2025-12-21 19:11:44.568188,view
U1303,P0473,2026-03-05 19:11:44.568219,cart
U0004,P0104,2025-11-05 19:11:44.568249,view
U0583,P0258,2025-07-12 19:11:44.568279,cart
U1494,P0302,2025-04-18 19:11:44.568310,view
U0244,P0012,2025-05-02 19:11:44.568339,view
U0882,P0071,2025-04-05 19:11:44.568369,view
U1030,P0122,2025-05-15 19:11:44.568398,view
U1745,P0230,2025-10-07 19:11:44.568427,wishlist
U0249,P0254,2025-08-15 19:11:44.568455,view
U0744,P0048,2026-02-24 19:11:44.568497,cart
U1431,P0116,2026-03-17 19:11:44.568527,view
U0024,P0438,2025-11-30 19:11:44.568555,cart
U1182,P0115,2025-10-28 19:11:44.568584,view
U1408,P0235,2026-03-18 19:11:44.568613,view
U1915,P0215,2025-07-07 19:11:44.568642,purchase
U1372,P0247,2026-02-24 19:11:44.568671,view
U1289,P0412,2025-10-04 19:11:44.568702,view
U0762,P0345,2025-08-25 19:11:44.568732,cart
U1073,P0414,2026-03-18 19:11:44.568762,wishlist
U1469,P0430,2025-11-02 19:11:44.568790,view
U0083,P0299,2026-03-10 19:11:44.568819,purchase
U1456,P0231,2025-09-17 19:11:44.568848,view
U0389,P0003,2025-12-28 19:11:44.568879,view
U0988,P0050,2025-09-11 19:11:44.568908,view
U0576,P0379,2026-02-08 19:11:44.568940,wishlist
U0112,P0172,2025-07-22 19:11:44.568972,view
U0403,P0332,2025-10-31 19:11:44.569001,view
U1684,P0051,2025-10-15 19:11:44.569029,cart
U0394,P0217,2026-01-21 19:11:44.569060,view
U1964,P0165,2025-05-26 19:11:44.569088,view
U1085,P0374,2025-09-29 19:11:44.569116,cart
U1769,P0309,2025-05-13 19:11:44.569146,wishlist
U1603,P0125,2025-06-06 19:11:44.569176,purchase
U1154,P0013,2025-12-16 19:11:44.569206,purchase
U0873,P0472,2025-08-02 19:11:44.569236,cart
U0826,P0268,2025-05-15 19:11:44.569266,cart
U1150,P0079,2025-10-26 19:11:44.569296,view
U1991,P0367,2025-09-28 19:11:44.569326,view
U1895,P0106,2025-05-22 19:11:44.569357,cart
U1868,P0177,2026-01-06 19:11:44.569387,purchase
U1159,P0239,2025-11-26 19:11:44.569419,view
U0290,P0488,2025-09-27 19:11:44.569449,view
U0844,P0035,2025-12-01 19:11:44.569485,purchase
U0857,P0423,2026-02-10 19:11:44.569520,purchase
U1713,P0167,2025-09-29 19:11:44.569568,view
U1757,P0399,2025-07-05 19:11:44.569605,view
U1319,P0164,2025-05-04 19:11:44.569641,cart
U1541,P0090,2026-01-22 19:11:44.569682,view
U1406,P0392,2025-05-05 19:11:44.569713,view
U0548,P0053,2025-07-10 19:11:44.569744,view
U0614,P0220,2025-12-15 19:11:44.569774,wishlist
U1085,P0293,2026-03-24 19:11:44.569805,view
U1877,P0273,2025-07-06 19:11:44.569839,cart
U0445,P0339,2025-04-12 19:11:44.569870,purchase
U0060,P0369,2025-05-13 19:11:44.569901,cart
U0899,P0025,2026-02-14 19:11:44.569936,view
U0286,P0427,2026-02-05 19:11:44.569966,view
U0719,P0173,2025-09-06 19:11:44.569997,purchase
U1712,P0275,2026-03-25 19:11:44.570027,cart
U1108,P0120,2025-04-09 19:11:44.570058,view
U1422,P0405,2025-10-04 19:11:44.570087,view
U1269,P0138,2025-10-11 19:11:44.570116,view
U1807,P0471,2026-03-23 19:11:44.570145,view
U0517,P0363,2025-06-11 19:11:44.570177,wishlist
U0212,P0151,2025-08-12 19:11:44.570208,view
U0468,P0102,2025-05-14 19:11:44.570239,view
U1038,P0193,2026-01-21 19:11:44.570271,wishlist
U1350,P0273,2025-08-18 19:11:44.570301,cart
U1518,P0476,2025-05-18 19:11:44.570330,purchase
U1809,P0453,2025-12-25 19:11:44.570359,view
U1084,P0251,2026-03-12 19:11:44.570388,cart
U1061,P0186,2025-06-13 19:11:44.570417,wishlist
U1661,P0257,2025-04-07 19:11:44.570448,view
U0408,P0352,2025-12-11 19:11:44.570643,view
U1877,P0033,2025-07-01 19:11:44.570770,purchase
U0606,P0195,2025-12-05 19:11:44.570846,cart
U1748,P0071,2025-07-16 19:11:44.570908,view
U0293,P0217,2026-02-06 19:11:44.570967,wishlist
U1430,P0231,2025-12-05 19:11:44.571027,wishlist
U1336,P0008,2025-04-23 19:11:44.571085,purchase
U1625,P0140,2025-06-08 19:11:44.571145,view
U1690,P0487,2026-02-27 19:11:44.571203,purchase
U0719,P0345,2025-06-20 19:11:44.571260,view
U1918,P0068,2025-12-20 19:11:44.571317,cart
U1718,P0008,2025-05-31 19:11:44.571373,view
U0568,P0090,2025-11-10 19:11:44.571429,view
U1344,P0010,2025-09-28 19:11:44.571485,view
U1894,P0120,2025-10-10 19:11:44.571539,purchase
U0759,P0110,2025-11-01 19:11:44.571594,view
U1360,P0138,2025-06-22 19:11:44.571655,view
U1403,P0279,2025-11-05 19:11:44.571715,purchase
U0196,P0420,2026-03-03 19:11:44.571768,view
U0331,P0309,2025-12-11 19:11:44.571818,view
U0983,P0027,2025-06-04 19:11:44.571871,cart
U1560,P0140,2025-10-17 19:11:44.571927,cart
U0470,P0097,2025-08-09 19:11:44.571984,view
U1086,P0082,2026-01-26 19:11:44.572042,view
U1489,P0374,2025-11-05 19:11:44.572094,view
U1063,P0247,2026-01-03 19:11:44.572147,view
U1063,P0302,2025-12-03 19:11:44.572184,view
U0816,P0347,2025-09-07 19:11:44.572217,cart
U0394,P0442,2025-06-19 19:11:44.572264,wishlist
U1183,P0184,2025-07-25 19:11:44.572302,view
U1640,P0453,2026-01-16 19:11:44.572334,view
U0839,P0112,2026-01-06 19:11:44.572365,view
U1188,P0289,2025-06-26 19:11:44.572395,view
U0399,P0427,2025-09-13 19:11:44.572426,wishlist
U1676,P0465,2025-08-09 19:11:44.572456,cart
U1438,P0437,2025-12-01 19:11:44.572486,view
U1374,P0060,2025-10-28 19:11:44.572516,view
U1459,P0492,2025-04-16 19:11:44.572546,cart
U0289,P0451,2025-06-06 19:11:44.572576,cart
U0175,P0269,2026-01-09 19:11:44.572607,view
U1717,P0104,2025-04-09 19:11:44.572637,cart
U0804,P0307,2025-08-09 19:11:44.572667,cart
U0804,P0056,2025-08-18 19:11:44.572696,cart
U0068,P0077,2026-02-10 19:11:44.572727,view
U0382,P0219,2025-11-23 19:11:44.572757,cart
U1689,P0448,2025-09-07 19:11:44.572786,view
U0901,P0110,2025-10-07 19:11:44.572815,cart
U1973,P0390,2025-07-03 19:11:44.572845,view
U0966,P0338,2025-11-08 19:11:44.572874,view
U1938,P0484,2026-01-06 19:11:44.572903,view
U1891,P0192,2025-12-14 19:11:44.572932,view
U0839,P0214,2026-03-26 19:11:44.572964,view
U0922,P0012,2026-01-24 19:11:44.572993,view
U0353,P0458,2025-12-31 19:11:44.573023,view
U1504,P0201,2026-01-24 19:11:44.573052,purchase
U0260,P0499,2025-09-12 19:11:44.573082,view
U1262,P0335,2026-02-01 19:11:44.573111,view
U0767,P0030,2026-02-19 19:11:44.573141,view
U1912,P0124,2025-05-29 19:11:44.573171,purchase
U0124,P0158,2026-03-02 19:11:44.573200,wishlist
U0132,P0287,2025-10-07 19:11:44.573230,view
U0777,P0424,2026-03-09 19:11:44.573260,purchase
U1079,P0144,2025-09-18 19:11:44.573289,view
U1391,P0168,2025-11-22 19:11:44.573318,wishlist
U0597,P0081,2025-09-26 19:11:44.573346,view
U1333,P0423,2025-10-29 19:11:44.573375,view
U0158,P0104,2026-03-01 19:11:44.573413,view
U0886,P0008,2025-06-18 19:11:44.573442,cart
U1196,P0266,2025-04-11 19:11:44.573474,view
U0761,P0296,2025-10-18 19:11:44.573504,view
U0319,P0150,2025-07-07 19:11:44.573533,cart
U1305,P0047,2025-10-21 19:11:44.573563,purchase
U1097,P0420,2026-03-09 19:11:44.573593,view
U1527,P0488,2025-08-07 19:11:44.573622,cart
U1362,P0392,2025-07-08 19:11:44.573651,view
U0098,P0129,2026-02-22 19:11:44.573680,cart
U1534,P0186,2026-04-01 19:11:44.573711,cart
U1165,P0054,2026-02-19 19:11:44.573742,cart
U0722,P0211,2025-11-19 19:11:44.573772,view
U1731,P0184,2025-08-03 19:11:44.573802,view
U0311,P0284,2026-01-24 19:11:44.573835,cart
U0463,P0043,2025-06-30 19:11:44.573867,view
U1709,P0368,2025-09-27 19:11:44.573897,view
U1034,P0053,2026-03-02 19:11:44.573928,purchase
U1749,P0433,2025-10-30 19:11:44.573958,view
U0761,P0326,2025-12-01 19:11:44.573989,purchase
U1438,P0492,2026-01-26 19:11:44.574023,view
U0778,P0413,2026-02-14 19:11:44.574054,cart
U1700,P0067,2025-04-16 19:11:44.574087,cart
U0058,P0072,2025-11-05 19:11:44.574116,cart
U0494,P0136,2025-07-27 19:11:44.574144,view
U0180,P0252,2025-09-11 19:11:44.574173,view
U1475,P0256,2026-01-21 19:11:44.574202,cart
U0410,P0038,2025-11-07 19:11:44.574231,wishlist
U0497,P0321,2025-07-21 19:11:44.574260,purchase
U0956,P0492,2025-11-12 19:11:44.574300,wishlist
U1108,P0216,2026-03-02 19:11:44.574331,purchase
U1910,P0075,2025-05-01 19:11:44.574361,view
U0274,P0112,2026-03-16 19:11:44.574391,cart
U0766,P0031,2025-04-30 19:11:44.574423,purchase
U1778,P0449,2025-07-11 19:11:44.574451,cart
U1523,P0378,2026-01-26 19:11:44.574480,wishlist
U0293,P0090,2025-12-27 19:11:44.574509,view
U1642,P0406,2025-11-07 19:11:44.574539,view
U1610,P0469,2025-12-02 19:11:44.574568,view
U0258,P0469,2026-01-08 19:11:44.574598,purchase
U1481,P0444,2025-07-17 19:11:44.574628,cart
U1004,P0488,2025-05-03 19:11:44.574658,purchase
U0162,P0218,2025-04-05 19:11:44.574687,view
U0330,P0383,2025-09-15 19:11:44.574716,cart
U1088,P0187,2025-11-02 19:11:44.574747,view
U0673,P0440,2026-03-09 19:11:44.574777,wishlist
U1495,P0381,2025-07-25 19:11:44.574806,wishlist
U0324,P0194,2025-07-07 19:11:44.574835,view
U0908,P0266,2026-03-02 19:11:44.574864,wishlist
U1795,P0420,2025-04-27 19:11:44.574893,view
U1512,P0029,2025-10-14 19:11:44.574923,view
U1774,P0042,2025-10-22 19:11:44.574952,cart
U1458,P0292,2025-07-05 19:11:44.574981,view
U1408,P0143,2025-07-29 19:11:44.575013,view
U1469,P0369,2025-07-12 19:11:44.575043,cart
U1224,P0294,2025-04-19 19:11:44.575073,view
U0365,P0152,2025-12-12 19:11:44.575102,view
U1399,P0490,2025-05-10 19:11:44.575131,cart
U0594,P0007,2026-01-07 19:11:44.575161,view
U0316,P0497,2025-10-30 19:11:44.575191,wishlist
U0642,P0150,2025-08-14 19:11:44.575220,wishlist
U0163,P0169,2025-07-12 19:11:44.575249,view
U0082,P0181,2025-10-11 19:11:44.575279,view
U0032,P0376,2025-10-06 19:11:44.575310,view
U1520,P0354,2026-03-25 19:11:44.575346,purchase
U1810,P0157,2025-10-08 19:11:44.575380,view
U1851,P0320,2026-04-04 19:11:44.575411,view
U1582,P0009,2026-01-12 19:11:44.575442,view
U1590,P0156,2026-01-31 19:11:44.575471,view
U1509,P0039,2025-12-06 19:11:44.575503,view
U1094,P0064,2026-02-20 19:11:44.575543,cart
U0524,P0101,2025-08-07 19:11:44.575596,view
U1985,P0165,2025-10-18 19:11:44.575631,view
U1410,P0217,2025-06-16 19:11:44.575662,view
U1999,P0099,2025-09-21 19:11:44.575692,view
U1750,P0056,2025-08-26 19:11:44.575723,view
U1533,P0088,2026-01-02 19:11:44.575753,view
U1581,P0430,2025-09-09 19:11:44.575784,wishlist
U0382,P0103,2025-06-07 19:11:44.575819,wishlist
U1838,P0168,2025-11-04 19:11:44.575849,view
U0678,P0012,2025-11-26 19:11:44.575881,view
U0116,P0021,2026-01-08 19:11:44.575912,wishlist
U0332,P0239,2026-02-14 19:11:44.575942,view
U1377,P0359,2025-05-20 19:11:44.575976,view
U1357,P0349,2026-03-05 19:11:44.576009,view
U0830,P0240,2025-05-28 19:11:44.576043,view
U1175,P0325,2025-10-22 19:11:44.576073,view
U0321,P0276,2025-12-04 19:11:44.576103,cart
U0597,P0082,2025-05-14 19:11:44.576132,wishlist
U0982,P0434,2026-01-02 19:11:44.576162,view
U0854,P0460,2025-05-20 19:11:44.576192,cart
U0412,P0375,2025-05-07 19:11:44.576223,view
U0001,P0463,2025-06-07 19:11:44.576253,view
U0895,P0438,2025-05-09 19:11:44.576295,view
U1538,P0390,2026-03-15 19:11:44.576326,view
U1424,P0321,2025-10-08 19:11:44.576357,view
U1622,P0108,2025-11-05 19:11:44.576387,wishlist
U0392,P0024,2025-04-05 19:11:44.576419,wishlist
U0557,P0115,2026-03-14 19:11:44.576448,view
U0721,P0440,2025-09-17 19:11:44.576477,purchase
U1631,P0060,2025-05-25 19:11:44.576506,view
U0869,P0019,2025-07-04 19:11:44.576535,cart
U1720,P0209,2025-05-05 19:11:44.576566,view
U0481,P0081,2026-01-27 19:11:44.576596,view
U1716,P0053,2025-07-05 19:11:44.576625,view
U0845,P0471,2026-04-02 19:11:44.576655,view
U1512,P0178,2025-12-31 19:11:44.576706,view
U0368,P0154,2026-03-13 19:11:44.576746,view
U1158,P0072,2025-12-10 19:11:44.576800,view
U1575,P0065,2026-02-16 19:11:44.576853,view
U0619,P0088,2025-10-31 19:11:44.576908,view
U0089,P0131,2025-04-18 19:11:44.576948,purchase
U0388,P0186,2025-05-11 19:11:44.576982,view
U1379,P0273,2025-06-21 19:11:44.577014,wishlist
U0386,P0330,2025-11-06 19:11:44.577048,view
U1755,P0290,2025-08-12 19:11:44.577079,cart
U1771,P0117,2025-12-25 19:11:44.577109,cart
U1649,P0408,2025-11-03 19:11:44.577142,view
U1422,P0088,2025-10-29 19:11:44.577173,view
U0172,P0038,2026-01-19 19:11:44.577205,view
U0231,P0156,2025-05-25 19:11:44.577236,view
U1981,P0147,2025-12-23 19:11:44.577272,wishlist
U0749,P0077,2025-09-09 19:11:44.577303,purchase
U1819,P0142,2025-11-11 19:11:44.577333,view
U1253,P0117,2025-05-13 19:11:44.577362,cart
U1374,P0237,2025-12-24 19:11:44.577392,view
U1538,P0178,2026-02-11 19:11:44.577421,view
U0819,P0131,2025-12-30 19:11:44.577454,view
U0529,P0482,2025-12-11 19:11:44.577483,wishlist
U1602,P0096,2026-03-27 19:11:44.577520,view
U0089,P0002,2025-08-08 19:11:44.577550,view
U1166,P0442,2026-01-14 19:11:44.577582,view
U0741,P0379,2026-02-06 19:11:44.577613,purchase
U0104,P0072,2025-07-17 19:11:44.577642,wishlist
U0307,P0415,2026-01-26 19:11:44.577672,view
U0756,P0441,2025-06-16 19:11:44.577703,view
U1367,P0410,2025-05-24 19:11:44.577733,view
U1794,P0246,2025-10-12 19:11:44.577767,view
U0855,P0219,2026-01-27 19:11:44.577796,view
U1358,P0162,2026-03-03 19:11:44.577825,view
U0634,P0162,2025-06-24 19:11:44.577855,wishlist
U1120,P0185,2025-07-31 19:11:44.577885,view
U0335,P0292,2025-07-06 19:11:44.577914,purchase
U1869,P0258,2025-09-10 19:11:44.577944,wishlist
U0300,P0053,2026-03-16 19:11:44.577974,view
U0827,P0400,2025-04-12 19:11:44.578004,purchase
U0539,P0048,2025-05-09 19:11:44.578034,view
U0250,P0449,2025-09-25 19:11:44.578065,cart
U0093,P0028,2026-02-06 19:11:44.578094,view
U0714,P0417,2025-10-30 19:11:44.578123,view
U0772,P0164,2025-06-12 19:11:44.578152,cart
U0890,P0291,2026-04-03 19:11:44.578180,purchase
U0189,P0301,2026-03-17 19:11:44.578209,view
U0745,P0344,2026-02-19 19:11:44.578238,view
U1935,P0269,2025-09-17 19:11:44.578267,purchase
U0964,P0315,2025-05-30 19:11:44.578308,purchase
U1534,P0076,2025-06-07 19:11:44.578341,view
U1529,P0420,2025-07-18 19:11:44.578372,view
U1546,P0367,2026-01-05 19:11:44.578402,view
U1847,P0064,2025-11-22 19:11:44.578432,view
U0450,P0494,2025-11-01 19:11:44.578467,cart
U0009,P0391,2025-07-25 19:11:44.578497,view
U0301,P0438,2025-04-15 19:11:44.578527,purchase
U0214,P0477,2026-02-05 19:11:44.578558,view
U0076,P0088,2025-08-17 19:11:44.578588,view
U0318,P0448,2025-05-10 19:11:44.578618,wishlist
U1570,P0335,2025-09-15 19:11:44.578649,view
U0251,P0036,2025-09-08 19:11:44.578679,view
U0718,P0089,2025-06-18 19:11:44.578708,cart
U0630,P0075,2025-04-05 19:11:44.578738,view
U1583,P0064,2026-04-03 19:11:44.578772,view
U1170,P0060,2026-02-27 19:11:44.578803,view
U1233,P0124,2025-04-11 19:11:44.578837,view
U0600,P0279,2026-03-25 19:11:44.578868,wishlist
U0161,P0393,2025-09-02 19:11:44.578898,view
U0960,P0068,2025-12-27 19:11:44.578928,view
U1222,P0309,2025-08-09 19:11:44.578958,view
U0050,P0021,2025-04-16 19:11:44.578987,view
U0294,P0034,2025-09-25 19:11:44.579016,wishlist
U0938,P0378,2025-08-07 19:11:44.579045,view
U1026,P0181,2025-11-27 19:11:44.579074,cart
U1474,P0227,2026-02-13 19:11:44.579103,wishlist
U1225,P0291,2025-12-08 19:11:44.579132,view
U1522,P0311,2025-09-29 19:11:44.579160,view
U1365,P0358,2025-07-12 19:11:44.579189,view
U1885,P0112,2025-08-27 19:11:44.579220,view
U1971,P0486,2025-05-09 19:11:44.579249,cart
U0218,P0110,2026-01-04 19:11:44.579277,cart
U1896,P0440,2026-01-28 19:11:44.579306,cart
U1189,P0412,2026-01-20 19:11:44.579336,cart
U0400,P0191,2025-05-24 19:11:44.579365,wishlist
U1704,P0357,2025-07-17 19:11:44.579397,view
U0656,P0112,2025-08-04 19:11:44.579428,view
U1101,P0259,2025-11-27 19:11:44.579456,view
U1259,P0177,2025-05-08 19:11:44.579484,purchase
U1141,P0401,2026-03-27 19:11:44.579513,view
U1805,P0113,2026-04-02 19:11:44.579541,view
U1943,P0336,2025-12-02 19:11:44.579571,view
U0612,P0098,2025-11-21 19:11:44.579599,view
U0762,P0481,2025-06-16 19:11:44.579627,view
U0135,P0069,2025-12-23 19:11:44.579656,cart
U1168,P0277,2025-05-31 19:11:44.579685,cart
U0993,P0413,2026-01-21 19:11:44.579713,view
U1772,P0023,2025-11-15 19:11:44.579741,view
U0532,P0448,2025-09-23 19:11:44.579770,view
U0390,P0109,2025-09-11 19:11:44.579798,view
U1817,P0371,2026-01-20 19:11:44.579826,cart
U1338,P0345,2025-12-07 19:11:44.579855,cart
U0434,P0297,2025-05-30 19:11:44.579885,view
U0149,P0342,2025-11-22 19:11:44.579916,wishlist
U0461,P0372,2025-06-19 19:11:44.579945,view
U1725,P0426,2025-09-12 19:11:44.579975,view
U1207,P0473,2025-08-07 19:11:44.580003,view
U0422,P0052,2026-02-24 19:11:44.580032,view
U0579,P0106,2026-03-20 19:11:44.580060,view
U1736,P0005,2026-01-09 19:11:44.580089,view
U1180,P0411,2025-08-07 19:11:44.580118,view
U1303,P0288,2025-07-29 19:11:44.580146,view
U0530,P0424,2025-11-06 19:11:44.580174,purchase
U0733,P0377,2025-09-17 19:11:44.580202,view
U0698,P0328,2025-08-13 19:11:44.580230,view
U0581,P0332,2025-08-31 19:11:44.580259,view
U0282,P0413,2025-07-25 19:11:44.580295,cart
U0317,P0461,2025-10-15 19:11:44.580325,view
U0037,P0201,2026-03-21 19:11:44.580361,view
U1507,P0135,2025-06-24 19:11:44.580392,view
U0381,P0205,2025-05-14 19:11:44.580422,view
U0250,P0356,2025-08-23 19:11:44.580452,view
U1809,P0462,2026-01-02 19:11:44.580480,view
U1957,P0475,2026-01-06 19:11:44.580510,view
U0203,P0249,2026-01-07 19:11:44.580539,view
U1609,P0284,2026-03-15 19:11:44.580567,cart
U1736,P0242,2025-11-18 19:11:44.580596,view
U0348,P0369,2025-06-12 19:11:44.580625,cart
U0927,P0296,2025-06-21 19:11:44.580654,view
U1496,P0438,2025-04-21 19:11:44.580683,view
U0498,P0004,2025-12-03 19:11:44.580713,view
U1624,P0115,2025-06-27 19:11:44.580741,view
U1912,P0088,2025-06-13 19:11:44.580770,cart
U0074,P0140,2025-06-08 19:11:44.580799,cart
U1439,P0008,2026-01-12 19:11:44.580827,view
U0023,P0449,2025-08-08 19:11:44.580858,view
U0712,P0302,2025-08-20 19:11:44.580888,view
U1288,P0025,2025-12-04 19:11:44.580917,view
U0381,P0307,2026-02-11 19:11:44.580945,view
U1388,P0204,2025-04-10 19:11:44.580975,cart
U1300,P0233,2026-03-05 19:11:44.581004,view
U1656,P0379,2025-08-26 19:11:44.581032,view
U1296,P0220,2025-12-30 19:11:44.581061,view
U1464,P0048,2025-06-22 19:11:44.581089,view
U1950,P0007,2025-04-14 19:11:44.581117,cart
U1613,P0192,2025-06-16 19:11:44.581145,view
U0458,P0406,2025-08-31 19:11:44.581173,view
U0377,P0050,2025-04-19 19:11:44.581203,view
U1159,P0066,2025-08-03 19:11:44.581232,view
U0371,P0042,2025-10-23 19:11:44.581263,cart
U0354,P0287,2025-12-22 19:11:44.581299,view
U0005,P0470,2026-01-02 19:11:44.581330,cart
U0144,P0471,2025-12-11 19:11:44.581360,purchase
U1356,P0152,2025-09-16 19:11:44.581389,cart
U0662,P0093,2025-12-10 19:11:44.581418,view
U1175,P0139,2026-03-16 19:11:44.581448,view
U0107,P0140,2025-11-30 19:11:44.581479,view
U1132,P0077,2026-02-11 19:11:44.581592,cart
U1956,P0061,2026-03-31 19:11:44.581623,view
U0724,P0051,2025-09-13 19:11:44.581652,view
U0726,P0294,2026-02-01 19:11:44.581681,view
U0634,P0483,2026-03-14 19:11:44.581710,wishlist
U1261,P0087,2025-05-01 19:11:44.581740,cart
U0991,P0253,2025-06-19 19:11:44.581769,wishlist
U0141,P0254,2025-09-30 19:11:44.581797,purchase
U0092,P0055,2025-09-10 19:11:44.581826,view
U0853,P0194,2026-01-26 19:11:44.581854,wishlist
U1925,P0450,2025-12-06 19:11:44.581882,cart
U0635,P0451,2025-07-29 19:11:44.581914,cart
U1118,P0470,2025-12-04 19:11:44.581943,cart
U1085,P0035,2025-05-12 19:11:44.581973,view
U0612,P0349,2026-01-21 19:11:44.582003,view
U1512,P0337,2025-12-12 19:11:44.582032,cart
U1521,P0452,2026-01-24 19:11:44.582063,view
U0165,P0425,2026-02-03 19:11:44.582091,cart
U1217,P0445,2025-04-23 19:11:44.582119,view
U1052,P0220,2025-08-09 19:11:44.582148,purchase
U0246,P0414,2025-06-18 19:11:44.582178,cart
U0762,P0364,2025-12-05 19:11:44.582207,view
U1047,P0208,2025-09-20 19:11:44.582236,view
U0203,P0070,2025-06-02 19:11:44.582288,view
U0833,P0388,2026-01-15 19:11:44.582323,cart
U0732,P0369,2026-03-24 19:11:44.582352,view
U0226,P0264,2026-02-08 19:11:44.582383,view
U0345,P0322,2025-07-14 19:11:44.582412,view
U0250,P0148,2025-04-10 19:11:44.582442,view
U0375,P0316,2025-07-23 19:11:44.582471,cart
U0859,P0001,2025-09-03 19:11:44.582500,wishlist
U1024,P0098,2025-11-20 19:11:44.582529,cart
U1997,P0008,2025-07-31 19:11:44.582557,view
U1773,P0154,2026-01-29 19:11:44.582586,cart
U1749,P0045,2025-04-26 19:11:44.582615,view
U0441,P0183,2025-05-27 19:11:44.582644,view
U1795,P0086,2026-03-14 19:11:44.582672,view
U0897,P0404,2025-05-29 19:11:44.582700,view
U1120,P0435,2026-02-23 19:11:44.582729,view
U1446,P0455,2025-06-11 19:11:44.582757,view
U1916,P0453,2026-01-23 19:11:44.582785,view
U0061,P0129,2025-05-19 19:11:44.582814,cart
U1079,P0455,2025-09-21 19:11:44.582843,view
U1972,P0418,2025-05-16 19:11:44.582872,view
U0990,P0331,2025-05-24 19:11:44.582901,view
U0670,P0220,2025-06-19 19:11:44.582929,view
U1993,P0323,2025-05-22 19:11:44.582968,view
U0283,P0383,2025-04-28 19:11:44.583019,view
U0729,P0440,2025-04-24 19:11:44.583075,view
U0499,P0138,2025-11-16 19:11:44.583111,view
U1403,P0289,2026-03-01 19:11:44.583143,purchase
U0681,P0158,2025-05-25 19:11:44.583173,view
U1012,P0388,2025-05-22 19:11:44.583204,wishlist
U0416,P0304,2025-09-03 19:11:44.583250,view
U1769,P0233,2026-02-28 19:11:44.583286,cart
U1036,P0314,2025-09-01 19:11:44.583318,view
U1798,P0001,2025-07-29 19:11:44.583355,view
U0716,P0441,2025-09-28 19:11:44.583386,view
U1155,P0051,2025-06-04 19:11:44.583417,cart
U0825,P0296,2025-05-25 19:11:44.583449,view
U0578,P0288,2026-03-09 19:11:44.583482,view
U0275,P0319,2025-08-01 19:11:44.583526,view
U0027,P0092,2025-05-15 19:11:44.583559,view
U1178,P0469,2025-07-17 19:11:44.583591,view
U1483,P0332,2025-12-29 19:11:44.583621,cart
U0937,P0191,2026-01-28 19:11:44.583652,purchase
U0229,P0166,2026-02-16 19:11:44.583683,view
U0618,P0496,2025-05-13 19:11:44.583712,cart
U0813,P0220,2025-11-24 19:11:44.583743,purchase
U0600,P0352,2025-11-06 19:11:44.583773,cart
U1494,P0205,2025-12-14 19:11:44.583802,view
U1597,P0335,2025-10-06 19:11:44.583832,view
U1633,P0447,2025-06-24 19:11:44.583861,wishlist
U1476,P0340,2025-09-30 19:11:44.583891,view
U1813,P0291,2026-02-02 19:11:44.583920,cart
U0266,P0452,2025-05-07 19:11:44.583949,view
U0560,P0453,2025-06-07 19:11:44.583978,wishlist
U1247,P0307,2025-08-15 19:11:44.584014,view
U0125,P0479,2025-08-03 19:11:44.584043,wishlist
U0944,P0235,2026-02-09 19:11:44.584071,view
U1182,P0096,2025-11-28 19:11:44.584100,cart
U1653,P0409,2025-12-18 19:11:44.584129,view
U0921,P0495,2026-02-05 19:11:44.584158,purchase
U0961,P0498,2026-02-14 19:11:44.584187,view
U1750,P0188,2025-12-07 19:11:44.584217,view
U0387,P0414,2026-01-20 19:11:44.584246,wishlist
U1429,P0264,2026-03-25 19:11:44.584278,cart
U1489,P0447,2025-11-11 19:11:44.584323,purchase
U0733,P0444,2026-03-14 19:11:44.584359,view
U0324,P0269,2025-10-17 19:11:44.584390,cart
U0455,P0173,2025-08-05 19:11:44.584420,cart
U1939,P0403,2025-05-27 19:11:44.584450,view
U1406,P0008,2025-09-11 19:11:44.584479,view
U1084,P0243,2026-04-04 19:11:44.584508,purchase
U1950,P0093,2026-02-16 19:11:44.584537,view
U1242,P0382,2025-09-15 19:11:44.584565,view
U1020,P0140,2026-01-08 19:11:44.584594,view
U1138,P0409,2025-11-27 19:11:44.584623,view
U0361,P0235,2025-05-09 19:11:44.584654,view
U0550,P0052,2025-05-12 19:11:44.584683,view
U0490,P0061,2026-02-24 19:11:44.584712,cart
U0230,P0033,2025-06-24 19:11:44.584741,view
U0502,P0304,2026-02-28 19:11:44.584770,view
U0517,P0094,2026-01-20 19:11:44.584799,view
U0843,P0377,2025-10-20 19:11:44.584828,view
U1408,P0342,2025-09-24 19:11:44.584857,view
U1890,P0003,2026-03-24 19:11:44.584886,view
U0436,P0109,2025-07-07 19:11:44.584915,cart
U0715,P0372,2025-11-18 19:11:44.584944,wishlist
U0320,P0353,2025-05-02 19:11:44.584973,view
U1307,P0459,2026-01-06 19:11:44.585003,view
U1405,P0019,2026-02-09 19:11:44.585033,cart
U1309,P0398,2025-09-10 19:11:44.585062,view
U1289,P0129,2025-12-24 19:11:44.585090,view
U1689,P0146,2026-03-16 19:11:44.585121,view
U1551,P0096,2026-02-06 19:11:44.585149,view
U0766,P0404,2026-02-14 19:11:44.585177,purchase
U1155,P0014,2025-07-30 19:11:44.585206,view
U1352,P0222,2025-05-09 19:11:44.585235,wishlist
U0433,P0223,2026-01-13 19:11:44.585263,cart
U1530,P0172,2025-08-04 19:11:44.585292,view
U1622,P0232,2025-06-14 19:11:44.585320,cart
U1957,P0497,2025-06-14 19:11:44.585349,cart
U0903,P0441,2026-01-27 19:11:44.585379,view
U0045,P0183,2025-11-01 19:11:44.585407,purchase
U0946,P0113,2025-06-30 19:11:44.585435,wishlist
U0392,P0050,2025-07-23 19:11:44.585464,purchase
U1437,P0397,2025-10-09 19:11:44.585492,view
U0834,P0147,2025-11-29 19:11:44.585520,view
U0081,P0401,2025-05-27 19:11:44.585549,purchase
U1393,P0324,2025-08-08 19:11:44.585579,cart
U0776,P0265,2026-01-10 19:11:44.585652,cart
U0633,P0041,2025-10-02 19:11:44.585685,purchase
U1984,P0456,2025-10-11 19:11:44.585715,view
U0851,P0094,2025-04-19 19:11:44.585744,view
U1105,P0235,2026-01-31 19:11:44.585774,view
U1615,P0409,2025-05-15 19:11:44.585803,view
U0198,P0053,2026-03-27 19:11:44.585834,view
U0103,P0152,2025-12-19 19:11:44.585864,purchase
U0309,P0356,2026-03-20 19:11:44.585894,view
U1775,P0316,2026-03-03 19:11:44.585923,view
U0614,P0169,2025-08-19 19:11:44.585951,view
U1881,P0141,2025-09-08 19:11:44.585980,wishlist
U0771,P0059,2025-04-20 19:11:44.586008,cart
U0063,P0038,2025-08-11 19:11:44.586038,view
U0840,P0463,2025-06-15 19:11:44.586067,view
U0519,P0286,2025-10-26 19:11:44.586096,view
U0055,P0128,2025-04-20 19:11:44.586125,view
U0023,P0493,2026-02-20 19:11:44.586154,cart
U0822,P0061,2026-03-20 19:11:44.586184,view
U1410,P0430,2025-04-28 19:11:44.586216,cart
U0953,P0260,2025-09-29 19:11:44.586248,cart
U0960,P0213,2025-04-28 19:11:44.586278,view
U1925,P0203,2025-06-20 19:11:44.586320,view
U1191,P0283,2026-03-31 19:11:44.586357,view
U1792,P0373,2025-11-26 19:11:44.586386,view
U1333,P0449,2025-06-22 19:11:44.586415,cart
U0624,P0085,2025-05-22 19:11:44.586445,wishlist
U1588,P0007,2026-01-20 19:11:44.586474,view
U1961,P0051,2025-04-22 19:11:44.586503,view
U0543,P0360,2025-09-01 19:11:44.586532,cart
U1169,P0166,2025-11-08 19:11:44.586562,view
U1663,P0018,2025-10-22 19:11:44.586594,view
U1733,P0167,2025-08-09 19:11:44.586639,view
U1861,P0452,2025-10-09 19:11:44.586679,view
U1458,P0141,2025-11-05 19:11:44.586726,view
U1927,P0426,2025-06-26 19:11:44.586762,view
U0147,P0440,2025-10-27 19:11:44.586813,cart
U1934,P0042,2025-08-22 19:11:44.586866,view
U0098,P0095,2025-11-14 19:11:44.586902,cart
U0528,P0297,2025-10-28 19:11:44.586936,cart
U1316,P0141,2025-10-02 19:11:44.586966,cart
U0220,P0096,2025-09-01 19:11:44.586996,wishlist
U0906,P0204,2026-01-22 19:11:44.587026,view
U1567,P0377,2025-04-30 19:11:44.587056,cart
U0066,P0272,2025-04-24 19:11:44.587087,view
U1631,P0400,2025-11-16 19:11:44.587118,view
U1730,P0493,2025-05-11 19:11:44.587148,purchase
U1078,P0143,2025-12-06 19:11:44.587178,wishlist
U0807,P0319,2026-03-15 19:11:44.587207,view
U0104,P0154,2025-09-24 19:11:44.587237,purchase
U1113,P0418,2025-06-10 19:11:44.587267,view
U1344,P0378,2025-11-11 19:11:44.587298,wishlist
U1233,P0315,2026-01-26 19:11:44.587328,purchase
U0447,P0469,2025-11-07 19:11:44.587358,view
U0645,P0089,2025-08-23 19:11:44.587388,view
U1040,P0044,2025-10-23 19:11:44.587417,view
U0925,P0323,2025-09-12 19:11:44.587446,view
U0110,P0152,2025-04-09 19:11:44.587475,view
U1491,P0143,2026-03-01 19:11:44.587505,view
U1546,P0347,2025-06-30 19:11:44.587536,view
U0618,P0427,2025-06-02 19:11:44.587566,purchase
U0358,P0053,2025-10-25 19:11:44.587596,view
U0483,P0465,2026-03-02 19:11:44.587625,wishlist
U1367,P0062,2025-11-19 19:11:44.587656,wishlist
U1093,P0096,2026-01-11 19:11:44.587686,wishlist
U0056,P0259,2026-03-19 19:11:44.587715,purchase
U1494,P0401,2025-07-15 19:11:44.587745,cart
U0918,P0270,2026-03-14 19:11:44.587776,view
U1179,P0484,2025-08-08 19:11:44.587806,wishlist
U1972,P0338,2025-05-19 19:11:44.587836,cart
U0603,P0245,2026-02-10 19:11:44.587866,view
U0526,P0052,2025-08-12 19:11:44.587895,view
U0636,P0074,2025-09-05 19:11:44.587925,view
U1030,P0369,2025-08-10 19:11:44.587955,cart
U0211,P0262,2026-01-09 19:11:44.587988,cart
U0338,P0468,2025-08-17 19:11:44.588018,view
U1330,P0261,2025-05-13 19:11:44.588047,wishlist
U0918,P0287,2025-04-08 19:11:44.588077,cart
U1049,P0023,2025-07-10 19:11:44.588106,view
U1782,P0189,2025-10-15 19:11:44.588135,cart
U0780,P0307,2026-02-26 19:11:44.588164,wishlist
U1388,P0064,2025-04-21 19:11:44.588193,view
U1943,P0377,2025-04-15 19:11:44.588224,cart
U1381,P0126,2025-07-29 19:11:44.588255,view
U1741,P0350,2026-01-19 19:11:44.588286,cart
U1166,P0453,2025-06-18 19:11:44.588327,wishlist
U1788,P0166,2025-05-17 19:11:44.588359,view
U0186,P0051,2025-10-13 19:11:44.588389,view
U1481,P0346,2026-01-31 19:11:44.588419,wishlist
U1137,P0171,2025-11-27 19:11:44.588448,cart
U1094,P0205,2026-03-27 19:11:44.588477,view
U1240,P0055,2025-09-06 19:11:44.588509,cart
U1283,P0365,2025-11-06 19:11:44.588539,view
U0139,P0184,2025-09-05 19:11:44.588568,view
U1483,P0298,2025-04-15 19:11:44.588596,purchase
U1379,P0150,2025-11-25 19:11:44.588625,cart
U1808,P0471,2025-12-13 19:11:44.588654,purchase
U0561,P0052,2025-05-08 19:11:44.588683,purchase
U1672,P0297,2025-07-14 19:11:44.588711,view
U0154,P0256,2025-09-02 19:11:44.588739,view
U0661,P0436,2025-05-13 19:11:44.588768,cart
U1015,P0463,2026-01-04 19:11:44.588797,cart
U1320,P0435,2026-03-20 19:11:44.588826,view
U1068,P0107,2026-03-18 19:11:44.588855,view
U0041,P0374,2025-10-21 19:11:44.588884,view
U0416,P0434,2025-09-01 19:11:44.588913,view
U0307,P0258,2026-02-05 19:11:44.588942,view
U0355,P0376,2025-09-27 19:11:44.588971,view
U1653,P0393,2025-12-05 19:11:44.588999,cart
U0697,P0088,2025-12-25 19:11:44.589028,view
U0946,P0190,2025-07-18 19:11:44.589057,wishlist
U1519,P0166,2025-10-14 19:11:44.589086,view
U1998,P0116,2026-01-24 19:11:44.589114,cart
U1266,P0379,2026-03-29 19:11:44.589144,wishlist
U1040,P0224,2026-04-04 19:11:44.589173,cart
U1799,P0120,2026-03-31 19:11:44.589202,view
U1635,P0341,2025-06-30 19:11:44.589237,view
U1044,P0445,2025-12-10 19:11:44.589267,view
U1825,P0139,2026-01-15 19:11:44.589296,wishlist
U1079,P0233,2025-08-27 19:11:44.589325,view
U1896,P0227,2025-08-26 19:11:44.589354,view
U1685,P0049,2025-06-30 19:11:44.589383,cart
U1069,P0341,2026-02-27 19:11:44.589412,view
U1143,P0420,2025-04-20 19:11:44.589443,view
U1291,P0359,2026-01-31 19:11:44.589473,view
U0074,P0297,2025-08-20 19:11:44.589503,cart
U1976,P0449,2025-12-02 19:11:44.589536,view
U0904,P0156,2025-09-29 19:11:44.589568,wishlist
U1818,P0202,2025-06-24 19:11:44.589598,wishlist
U1486,P0324,2026-03-19 19:11:44.589629,view
U0593,P0233,2026-02-26 19:11:44.589658,view
U0682,P0414,2025-10-27 19:11:44.589688,view
U0785,P0237,2026-01-03 19:11:44.589717,purchase
U1323,P0065,2025-09-02 19:11:44.589746,view
U0364,P0331,2026-03-22 19:11:44.589774,view
U1475,P0495,2025-04-21 19:11:44.589804,wishlist
U0691,P0366,2025-05-25 19:11:44.589836,cart
U1001,P0290,2025-06-25 19:11:44.589866,cart
U0254,P0466,2025-11-21 19:11:44.589897,cart
U1397,P0150,2025-11-16 19:11:44.589926,purchase
U0169,P0317,2026-04-02 19:11:44.589957,cart
U0950,P0233,2026-01-02 19:11:44.589985,wishlist
U0236,P0351,2026-03-19 19:11:44.590015,view
U1980,P0454,2025-09-05 19:11:44.590045,view
U1364,P0464,2025-06-23 19:11:44.590074,view
U0881,P0192,2025-10-23 19:11:44.590104,view
U0853,P0030,2025-09-08 19:11:44.590133,cart
U1113,P0188,2026-03-13 19:11:44.590164,cart
U1424,P0213,2025-10-16 19:11:44.590193,view
U1824,P0369,2025-09-08 19:11:44.590222,view
U1101,P0337,2025-05-01 19:11:44.590251,view
U1163,P0202,2025-04-06 19:11:44.590280,view
U0369,P0361,2025-04-15 19:11:44.590315,cart
U0947,P0375,2026-03-17 19:11:44.590347,wishlist
U1120,P0489,2025-08-19 19:11:44.590378,cart
U1806,P0493,2025-06-09 19:11:44.590407,wishlist
U1312,P0412,2025-06-14 19:11:44.590436,view
U1354,P0264,2025-09-22 19:11:44.590465,view
U0801,P0363,2025-12-05 19:11:44.590495,view
U1970,P0280,2025-10-19 19:11:44.590526,cart
U0471,P0228,2025-06-08 19:11:44.590556,view
U0632,P0122,2025-10-28 19:11:44.590586,view
U1803,P0383,2025-07-25 19:11:44.590615,view
U1369,P0438,2025-10-28 19:11:44.590644,view
U1407,P0405,2026-03-10 19:11:44.590674,purchase
U0102,P0041,2025-06-28 19:11:44.590717,cart
U1580,P0010,2025-10-10 19:11:44.590750,wishlist
U1060,P0142,2025-08-16 19:11:44.590781,purchase
U0414,P0376,2025-12-27 19:11:44.590810,view
U0667,P0071,2026-03-03 19:11:44.590840,wishlist
U0239,P0411,2025-08-25 19:11:44.590870,cart
U1546,P0413,2025-05-28 19:11:44.590901,view
U1216,P0334,2026-03-08 19:11:44.590931,view
U1800,P0423,2025-06-13 19:11:44.590960,cart
U0782,P0383,2025-12-16 19:11:44.590991,view
U1015,P0381,2025-06-20 19:11:44.591022,view
U1913,P0390,2026-03-19 19:11:44.591054,view
U0638,P0013,2025-06-28 19:11:44.591084,view
U0967,P0232,2026-03-27 19:11:44.591114,wishlist
U1164,P0458,2025-08-16 19:11:44.591147,view
U1779,P0243,2025-05-02 19:11:44.591180,view
U1926,P0220,2025-11-03 19:11:44.591211,purchase
U1557,P0218,2026-03-04 19:11:44.591242,view
U1249,P0355,2026-03-14 19:11:44.591271,view
U0583,P0388,2025-10-04 19:11:44.591300,view
U0772,P0410,2025-11-27 19:11:44.591330,cart
U0873,P0197,2025-05-05 19:11:44.591360,wishlist
U0092,P0243,2025-09-03 19:11:44.591391,view
U0093,P0196,2025-04-20 19:11:44.591420,view
U0127,P0099,2026-01-17 19:11:44.591450,cart
U1069,P0089,2025-10-04 19:11:44.591479,cart
U1388,P0019,2025-10-18 19:11:44.591508,view
U0862,P0107,2025-08-18 19:11:44.591537,view
U1249,P0027,2026-03-22 19:11:44.591567,view
U0926,P0043,2025-08-10 19:11:44.591596,purchase
U0615,P0399,2025-04-14 19:11:44.591625,view
U1930,P0009,2025-09-25 19:11:44.591655,purchase
U1822,P0112,2025-10-08 19:11:44.591684,purchase
U0928,P0271,2025-12-19 19:11:44.591713,view
U1848,P0321,2025-08-24 19:11:44.591745,wishlist
U1258,P0207,2026-02-20 19:11:44.591775,view
U1100,P0329,2025-07-27 19:11:44.591805,purchase
U0736,P0159,2025-06-20 19:11:44.591836,view
U1389,P0260,2025-08-10 19:11:44.591866,view
U0615,P0194,2025-08-21 19:11:44.591895,wishlist
U0371,P0442,2025-12-01 19:11:44.591924,view
U1655,P0472,2026-03-17 19:11:44.591953,view
U1630,P0133,2026-02-21 19:11:44.591982,view
U0279,P0378,2025-05-31 19:11:44.592011,view
U0816,P0459,2025-10-20 19:11:44.592040,view
U1270,P0254,2026-02-10 19:11:44.592069,view
U1971,P0283,2026-02-03 19:11:44.592101,view
U1580,P0110,2025-07-02 19:11:44.592130,view
U1691,P0037,2026-01-12 19:11:44.592159,view
U1616,P0048,2025-11-23 19:11:44.592187,view
U1543,P0001,2025-08-27 19:11:44.592224,purchase
U0692,P0244,2025-10-22 19:11:44.592271,wishlist
U1738,P0181,2025-05-08 19:11:44.592323,view
U1573,P0191,2025-09-13 19:11:44.592356,view
U0896,P0408,2025-09-07 19:11:44.592388,purchase
U0645,P0321,2025-07-28 19:11:44.592419,view
U1426,P0277,2026-03-03 19:11:44.592449,cart
U0411,P0116,2025-05-12 19:11:44.592480,wishlist
U1444,P0179,2025-10-06 19:11:44.592511,purchase
U0810,P0162,2025-12-31 19:11:44.592541,view
U1941,P0059,2025-11-20 19:11:44.592569,view
U1557,P0406,2026-01-21 19:11:44.592597,view
U0945,P0275,2025-09-26 19:11:44.592631,view
U0386,P0429,2026-03-16 19:11:44.592661,view
U0738,P0084,2025-08-19 19:11:44.592691,cart
U0585,P0077,2026-01-31 19:11:44.592721,view
U1343,P0228,2026-01-01 19:11:44.592751,view
U1062,P0179,2025-10-19 19:11:44.592781,view
U1060,P0201,2026-02-05 19:11:44.592811,view
U0029,P0221,2026-01-06 19:11:44.592841,wishlist
U0852,P0204,2026-02-23 19:11:44.592871,view
U1106,P0068,2025-07-04 19:11:44.592900,view
U0820,P0305,2025-07-10 19:11:44.592930,view
U1037,P0441,2025-12-31 19:11:44.592961,cart
U1355,P0030,2026-02-19 19:11:44.592994,view
U0992,P0410,2025-07-26 19:11:44.593039,view
U0614,P0409,2026-02-22 19:11:44.593072,view
U0456,P0316,2026-03-09 19:11:44.593103,purchase
U1762,P0446,2025-06-27 19:11:44.593142,purchase
U0959,P0245,2026-01-27 19:11:44.593173,view
U1610,P0442,2025-09-06 19:11:44.593203,cart
U1814,P0288,2025-05-06 19:11:44.593246,purchase
U0188,P0281,2025-11-22 19:11:44.593281,cart
U1621,P0467,2025-04-15 19:11:44.593313,view
U1470,P0015,2025-04-08 19:11:44.593345,view
U1254,P0394,2026-01-16 19:11:44.593375,view
U0423,P0130,2025-08-14 19:11:44.593405,purchase
U1322,P0428,2025-06-25 19:11:44.593434,cart
U1510,P0264,2025-11-13 19:11:44.593464,wishlist
U1248,P0209,2025-11-03 19:11:44.593494,view
U0634,P0469,2026-03-05 19:11:44.593523,view
U0303,P0253,2025-10-14 19:11:44.593552,view
U1080,P0500,2026-02-20 19:11:44.593582,cart
U1263,P0011,2025-12-05 19:11:44.593613,view
U1897,P0021,2025-09-07 19:11:44.593642,view
U1695,P0345,2025-08-15 19:11:44.593670,cart
U0732,P0361,2026-03-18 19:11:44.593699,view
U0178,P0213,2025-08-09 19:11:44.593729,view
U0364,P0248,2025-10-28 19:11:44.593758,view
U1920,P0330,2026-03-13 19:11:44.593787,view
U1081,P0002,2026-01-03 19:11:44.593817,purchase
U0676,P0416,2025-05-29 19:11:44.593847,view
U1315,P0263,2026-03-24 19:11:44.593876,view
U0266,P0224,2025-08-31 19:11:44.593905,view
U0291,P0241,2025-09-29 19:11:44.593934,view
U1054,P0224,2025-11-19 19:11:44.593963,view
U1396,P0472,2025-05-06 19:11:44.593991,purchase
U1042,P0166,2026-03-07 19:11:44.594020,view
U1091,P0391,2026-04-03 19:11:44.594048,view
U0918,P0200,2025-10-23 19:11:44.594082,view
U0199,P0328,2025-08-11 19:11:44.594112,wishlist
U1830,P0026,2026-01-17 19:11:44.594141,view
U0680,P0382,2026-03-03 19:11:44.594170,cart
U1155,P0430,2025-06-03 19:11:44.594201,view
U1628,P0085,2025-10-31 19:11:44.594230,wishlist
U0486,P0228,2025-12-02 19:11:44.594259,view
U1330,P0490,2025-04-24 19:11:44.594288,view
U1774,P0187,2025-11-23 19:11:44.594325,wishlist
U0966,P0056,2025-06-22 19:11:44.594356,cart
U0287,P0007,2025-06-17 19:11:44.594386,purchase
U0631,P0316,2026-01-12 19:11:44.594417,purchase
U0019,P0125,2025-04-08 19:11:44.594450,view
U0408,P0405,2025-11-24 19:11:44.594482,wishlist
U0265,P0174,2025-04-30 19:11:44.594512,purchase
U1962,P0268,2025-10-16 19:11:44.594543,view
U0500,P0306,2026-04-01 19:11:44.594572,purchase
U0031,P0055,2025-11-12 19:11:44.594603,wishlist
U1306,P0222,2026-01-27 19:11:44.594633,view
U0062,P0117,2026-04-05 19:11:44.594662,purchase
U0362,P0470,2026-03-15 19:11:44.594693,view
U0262,P0184,2025-09-28 19:11:44.594723,cart
U0402,P0102,2025-09-14 19:11:44.594754,wishlist
U1830,P0099,2026-03-25 19:11:44.594783,view
U1383,P0018,2025-06-01 19:11:44.594813,view
U0124,P0290,2026-03-09 19:11:44.594842,cart
U1665,P0058,2025-12-08 19:11:44.594871,view
U0522,P0480,2025-10-29 19:11:44.594901,view
U1852,P0079,2025-04-21 19:11:44.594930,view
U0292,P0487,2025-07-05 19:11:44.594961,cart
U0722,P0084,2025-04-10 19:11:44.594991,cart
U0962,P0358,2025-07-22 19:11:44.595021,wishlist
U1885,P0331,2025-12-08 19:11:44.595053,cart
U1330,P0047,2025-11-19 19:11:44.595085,wishlist
U1845,P0339,2025-06-01 19:11:44.595115,view
U0503,P0039,2025-08-19 19:11:44.595147,view
U0256,P0207,2026-03-11 19:11:44.595176,cart
U1101,P0409,2025-08-29 19:11:44.595205,view
U1920,P0422,2025-11-05 19:11:44.595234,cart
U1497,P0469,2026-03-29 19:11:44.595263,view
U1153,P0386,2025-04-05 19:11:44.595292,view
U1028,P0466,2025-12-12 19:11:44.595321,view
U1651,P0070,2025-08-01 19:11:44.595349,view
U1955,P0076,2025-12-30 19:11:44.595378,cart
U1601,P0262,2025-11-23 19:11:44.595406,view
U0383,P0122,2025-09-15 19:11:44.595435,view
U0954,P0300,2026-01-31 19:11:44.595464,view
U0417,P0052,2026-03-17 19:11:44.595494,cart
U0033,P0468,2025-05-28 19:11:44.595523,wishlist
U1475,P0042,2025-08-06 19:11:44.595553,view
U1578,P0323,2025-07-23 19:11:44.595583,view
U0538,P0276,2025-12-04 19:11:44.595612,view
U0623,P0397,2025-09-13 19:11:44.595639,view
U1919,P0493,2025-09-18 19:11:44.595667,view
U0416,P0152,2025-12-26 19:11:44.595696,cart
U1519,P0064,2025-12-02 19:11:44.595726,wishlist
U1499,P0456,2026-01-07 19:11:44.595763,view
U1997,P0491,2026-01-07 19:11:44.595794,cart
U0534,P0410,2025-07-19 19:11:44.595823,cart
U0197,P0244,2025-12-03 19:11:44.595853,wishlist
U0290,P0105,2026-02-24 19:11:44.595882,view
U1080,P0177,2025-07-10 19:11:44.595910,view
U0296,P0380,2025-09-30 19:11:44.595939,purchase
U1624,P0262,2025-06-23 19:11:44.595968,view
U0189,P0309,2026-01-05 19:11:44.596000,cart
U1968,P0324,2025-10-02 19:11:44.596027,cart
U0867,P0454,2026-01-13 19:11:44.596055,cart
U1379,P0151,2025-10-04 19:11:44.596082,cart
U0371,P0464,2026-01-11 19:11:44.596111,cart
U1412,P0412,2025-11-11 19:11:44.596139,view
U0763,P0070,2025-11-16 19:11:44.596166,wishlist
U1523,P0002,2025-08-20 19:11:44.596195,view
U0967,P0498,2025-08-15 19:11:44.596222,cart
U1539,P0271,2026-01-06 19:11:44.596252,cart
U1601,P0092,2025-11-02 19:11:44.596281,view
U1629,P0006,2025-08-02 19:11:44.596310,view
U0291,P0122,2025-06-18 19:11:44.596347,view
U1854,P0265,2025-12-26 19:11:44.596378,cart
U0627,P0322,2025-09-20 19:11:44.596408,view
U0177,P0004,2025-05-08 19:11:44.596439,view
U0546,P0420,2026-02-03 19:11:44.596468,cart
U1477,P0327,2025-10-03 19:11:44.596497,view
U1155,P0343,2025-10-22 19:11:44.596525,cart
U1339,P0171,2026-01-11 19:11:44.596553,view
U0869,P0158,2025-08-22 19:11:44.596581,wishlist
U1066,P0118,2025-05-11 19:11:44.596610,cart
U1122,P0493,2026-04-05 19:11:44.596638,cart
U0451,P0131,2025-08-05 19:11:44.596667,cart
U0499,P0096,2026-04-04 19:11:44.596696,view
U0708,P0073,2025-12-25 19:11:44.596723,cart
U0620,P0196,2025-06-25 19:11:44.596751,view
U0868,P0434,2026-03-18 19:11:44.596779,view
U1506,P0165,2026-02-15 19:11:44.596807,wishlist
U1352,P0444,2026-01-02 19:11:44.596835,view
U1876,P0057,2025-08-12 19:11:44.596863,wishlist
U1693,P0262,2025-07-05 19:11:44.596892,cart
U1836,P0456,2025-07-26 19:11:44.596923,wishlist
U0782,P0417,2025-04-30 19:11:44.596956,view
U1332,P0168,2025-11-27 19:11:44.596984,view
U1403,P0158,2025-12-29 19:11:44.597011,cart
U0995,P0098,2026-04-02 19:11:44.597038,wishlist
U1534,P0348,2025-06-20 19:11:44.597066,view
U1229,P0354,2026-03-26 19:11:44.597095,view
U0218,P0144,2025-06-14 19:11:44.597124,purchase
U0501,P0392,2026-02-06 19:11:44.597153,view
U1909,P0151,2025-07-09 19:11:44.597183,view
U1506,P0437,2025-05-05 19:11:44.597215,wishlist
U1328,P0217,2025-09-10 19:11:44.597243,view
U0972,P0139,2025-07-01 19:11:44.597271,view
U1413,P0214,2025-04-13 19:11:44.597299,cart
U0655,P0183,2026-01-17 19:11:44.597327,view
U0390,P0198,2025-08-22 19:11:44.597356,view
U1543,P0161,2025-10-08 19:11:44.597385,view
U1966,P0437,2025-05-10 19:11:44.597413,view
U0103,P0379,2025-10-04 19:11:44.597442,cart
U0477,P0111,2025-08-29 19:11:44.597471,cart
U0021,P0123,2025-12-09 19:11:44.597498,view
U1585,P0198,2026-04-02 19:11:44.597526,view
U1674,P0344,2026-01-20 19:11:44.597569,cart
U0465,P0338,2025-10-29 19:11:44.597599,view
U1983,P0301,2025-04-29 19:11:44.597629,wishlist
U1664,P0016,2025-04-25 19:11:44.597659,view
U1500,P0195,2025-12-29 19:11:44.597688,view
U0787,P0348,2025-05-05 19:11:44.597717,view
U0565,P0003,2025-11-24 19:11:44.597746,cart
U1686,P0139,2025-05-19 19:11:44.597775,cart
U1318,P0035,2026-02-07 19:11:44.597806,view
U1106,P0291,2026-03-17 19:11:44.597834,view
U1421,P0379,2025-07-21 19:11:44.597863,cart
U0969,P0422,2025-12-19 19:11:44.597892,view
U0357,P0277,2025-04-26 19:11:44.597921,purchase
U1643,P0229,2026-03-24 19:11:44.597950,cart
U1930,P0385,2025-12-16 19:11:44.597979,view
U1597,P0319,2025-12-09 19:11:44.598008,view
U0756,P0324,2025-07-22 19:11:44.598037,view
U0017,P0187,2026-02-09 19:11:44.598067,wishlist
U0096,P0486,2025-07-09 19:11:44.598096,purchase
U0257,P0216,2026-03-19 19:11:44.598126,view
U0218,P0168,2025-11-24 19:11:44.598154,view
U1256,P0025,2025-04-06 19:11:44.598184,purchase
U0620,P0498,2026-03-15 19:11:44.598214,cart
U1228,P0500,2025-10-14 19:11:44.598245,cart
U1000,P0418,2025-10-28 19:11:44.598273,view
U0066,P0220,2025-04-17 19:11:44.598302,view
U0297,P0094,2026-03-30 19:11:44.598338,cart
U0044,P0398,2025-10-20 19:11:44.598369,cart
U0052,P0403,2025-06-02 19:11:44.598398,cart
U0901,P0405,2025-12-16 19:11:44.598428,view
U1912,P0210,2025-09-30 19:11:44.598459,view
U0196,P0328,2025-09-03 19:11:44.598491,view
U1004,P0027,2025-05-22 19:11:44.598520,view
U1467,P0470,2025-10-22 19:11:44.598550,view
U0744,P0367,2025-05-21 19:11:44.598579,purchase
U1017,P0391,2025-07-06 19:11:44.598608,wishlist
U0566,P0244,2025-10-12 19:11:44.598637,cart
U1041,P0427,2025-08-02 19:11:44.598671,purchase
U1261,P0414,2025-05-30 19:11:44.598699,view
U0254,P0196,2026-01-08 19:11:44.598729,view
U0297,P0404,2025-05-25 19:11:44.598757,cart
U1432,P0031,2025-09-17 19:11:44.598789,view
U0250,P0197,2026-03-19 19:11:44.598818,wishlist
U0280,P0245,2026-04-04 19:11:44.598850,cart
U1509,P0350,2025-11-02 19:11:44.598880,view
U1511,P0120,2025-05-29 19:11:44.598909,view
U0909,P0342,2026-02-05 19:11:44.598939,cart
U1184,P0071,2025-06-25 19:11:44.598968,cart
U1670,P0162,2025-09-24 19:11:44.598997,view
U1388,P0336,2025-09-30 19:11:44.599025,view
U1943,P0015,2026-03-14 19:11:44.599053,view
U1750,P0038,2026-01-19 19:11:44.599082,view
U1793,P0467,2025-08-29 19:11:44.599110,cart
U0565,P0367,2025-07-16 19:11:44.599139,view
U0596,P0488,2025-06-24 19:11:44.599168,cart
U1059,P0240,2025-12-07 19:11:44.599197,view
U1743,P0178,2025-10-09 19:11:44.599226,view
U0464,P0242,2026-01-20 19:11:44.599254,view
U1806,P0252,2025-10-30 19:11:44.599282,wishlist
U1285,P0236,2025-06-20 19:11:44.599310,cart
U0262,P0289,2026-03-18 19:11:44.599339,wishlist
U1538,P0006,2025-08-05 19:11:44.599367,view
U0339,P0212,2025-09-01 19:11:44.599397,view
U0395,P0121,2025-06-23 19:11:44.599427,cart
U1369,P0428,2025-09-10 19:11:44.599458,view
U1945,P0061,2026-02-15 19:11:44.599488,view
U0340,P0391,2025-11-04 19:11:44.599517,wishlist
U1425,P0008,2025-11-18 19:11:44.599545,view
U1233,P0025,2025-05-21 19:11:44.599573,view
U0219,P0048,2026-01-18 19:11:44.599601,view
U0075,P0199,2025-07-14 19:11:44.599630,purchase
U1343,P0338,2025-09-30 19:11:44.599657,view
U0330,P0146,2025-05-11 19:11:44.599685,view
U0199,P0406,2025-05-18 19:11:44.599715,view
U1439,P0334,2025-12-26 19:11:44.599743,view
U1222,P0278,2026-03-05 19:11:44.599774,cart
U1872,P0198,2025-09-08 19:11:44.599803,cart
U1254,P0059,2025-09-29 19:11:44.599832,wishlist
U0218,P0321,2025-09-14 19:11:44.599860,cart
U1607,P0200,2026-02-15 19:11:44.599889,view
U1491,P0029,2026-02-28 19:11:44.599917,view
U1972,P0371,2025-09-10 19:11:44.599946,view
U1850,P0497,2025-06-21 19:11:44.599974,view
U1622,P0236,2026-01-06 19:11:44.600003,view
U0216,P0465,2025-10-15 19:11:44.600031,view
U0679,P0233,2025-11-28 19:11:44.600059,cart
U0347,P0396,2025-04-28 19:11:44.600086,view
U1931,P0411,2025-10-24 19:11:44.600115,view
U0996,P0138,2025-12-15 19:11:44.600143,wishlist
U1169,P0276,2026-04-02 19:11:44.600171,wishlist
U1035,P0457,2026-03-11 19:11:44.600199,view
U0808,P0229,2025-07-06 19:11:44.600228,purchase
U0089,P0339,2025-08-31 19:11:44.600256,cart
U0505,P0153,2025-04-08 19:11:44.600284,view
U1646,P0406,2025-07-26 19:11:44.600312,view
U1843,P0253,2025-05-13 19:11:44.600348,purchase
U1451,P0448,2025-10-27 19:11:44.600377,view
U0988,P0319,2025-05-01 19:11:44.600405,view
U0192,P0052,2025-11-06 19:11:44.600434,cart
U1248,P0143,2025-11-30 19:11:44.600462,view
U0665,P0077,2025-08-10 19:11:44.600491,wishlist
U0016,P0240,2026-03-10 19:11:44.600518,view
U1053,P0392,2025-10-17 19:11:44.600546,view
U0461,P0167,2025-12-26 19:11:44.600573,view
U1177,P0063,2025-05-14 19:11:44.600600,view
U1786,P0169,2025-09-09 19:11:44.600628,view
U1585,P0239,2025-08-28 19:11:44.600655,view
U0901,P0012,2025-05-02 19:11:44.600684,view
U1063,P0219,2025-09-03 19:11:44.600712,view
U0130,P0431,2025-09-07 19:11:44.600740,view
U0524,P0404,2025-06-11 19:11:44.600768,view
U0093,P0073,2026-03-30 19:11:44.600796,cart
U1776,P0051,2025-12-11 19:11:44.600824,view
U1278,P0392,2025-05-24 19:11:44.600851,wishlist
U0550,P0348,2025-09-06 19:11:44.600879,purchase
U0697,P0272,2026-03-10 19:11:44.600906,view
U1026,P0006,2026-02-04 19:11:44.600933,view
U0495,P0245,2025-10-18 19:11:44.600960,view
U1186,P0161,2025-10-26 19:11:44.600987,wishlist
U1513,P0234,2025-10-16 19:11:44.601015,view
U1071,P0231,2026-01-27 19:11:44.601041,purchase
U0596,P0426,2026-03-15 19:11:44.601068,view
U1182,P0318,2025-11-10 19:11:44.601095,view
U1186,P0481,2025-08-13 19:11:44.601123,view
U0569,P0109,2025-12-16 19:11:44.601150,view
U1903,P0077,2025-08-07 19:11:44.601177,view
U0761,P0137,2025-12-11 19:11:44.601204,purchase
U0938,P0371,2025-05-20 19:11:44.601232,wishlist
U0854,P0108,2025-10-28 19:11:44.601261,purchase
U1552,P0294,2026-03-27 19:11:44.601288,view
U0352,P0189,2025-07-28 19:11:44.601317,view
U1715,P0185,2025-06-05 19:11:44.601348,cart
U0876,P0435,2025-09-04 19:11:44.601377,view
U1127,P0221,2026-03-03 19:11:44.601405,view
U0153,P0216,2025-08-14 19:11:44.601433,view
U1231,P0395,2025-07-22 19:11:44.601460,view
U1027,P0100,2025-06-01 19:11:44.601489,wishlist
U0137,P0328,2025-09-20 19:11:44.601517,view
U1485,P0110,2025-10-30 19:11:44.601550,cart
U0341,P0447,2025-09-02 19:11:44.601579,cart
U0273,P0105,2025-04-20 19:11:44.601607,wishlist
U1960,P0291,2025-12-03 19:11:44.601636,view
U0653,P0448,2025-06-25 19:11:44.601665,view
U1194,P0036,2025-11-04 19:11:44.601693,cart
U1582,P0055,2025-11-17 19:11:44.601720,view
U0812,P0442,2025-11-11 19:11:44.601747,view
U1452,P0040,2025-08-22 19:11:44.601775,view
U1378,P0100,2025-08-01 19:11:44.601804,view
U0604,P0377,2025-09-11 19:11:44.601832,view
U1847,P0215,2025-09-12 19:11:44.601859,view
U0119,P0198,2025-12-22 19:11:44.601891,purchase
U0408,P0180,2025-06-22 19:11:44.601921,wishlist
U1967,P0320,2026-03-13 19:11:44.601951,view
U1318,P0232,2025-11-29 19:11:44.601981,purchase
U1663,P0383,2025-09-11 19:11:44.602010,view
U1078,P0418,2025-07-18 19:11:44.602039,view
U1680,P0330,2025-11-01 19:11:44.602068,view
U0616,P0434,2025-10-29 19:11:44.602096,view
U0204,P0289,2026-01-24 19:11:44.602125,purchase
U0424,P0440,2025-08-28 19:11:44.602153,cart
U1341,P0054,2025-09-22 19:11:44.602183,view
U1914,P0323,2025-11-15 19:11:44.602211,purchase
U0856,P0414,2025-07-23 19:11:44.602240,wishlist
U0999,P0403,2025-07-30 19:11:44.602268,view
U1515,P0459,2025-05-22 19:11:44.602297,view
U1957,P0353,2026-01-18 19:11:44.602326,cart
U1897,P0099,2025-10-18 19:11:44.602363,view
U0554,P0020,2025-07-29 19:11:44.602394,view
U0008,P0236,2025-12-29 19:11:44.602424,cart
U0160,P0300,2026-01-12 19:11:44.602453,cart
U0543,P0267,2025-08-12 19:11:44.602482,view
U1669,P0111,2025-07-08 19:11:44.602512,view
U1562,P0240,2025-09-23 19:11:44.602553,cart
U0759,P0187,2025-08-08 19:11:44.602589,cart
U1732,P0397,2026-02-10 19:11:44.602619,view
U0964,P0018,2026-01-16 19:11:44.602649,view
U1577,P0185,2025-08-28 19:11:44.602679,view
U1662,P0193,2025-11-07 19:11:44.602708,view
U1414,P0325,2025-11-28 19:11:44.602737,view
U1812,P0119,2025-06-17 19:11:44.602766,cart
U1106,P0324,2025-04-23 19:11:44.602795,purchase
U0846,P0357,2025-05-23 19:11:44.602825,view
U1384,P0440,2025-08-26 19:11:44.602857,view
U1510,P0325,2025-04-08 19:11:44.602895,view
U0752,P0343,2026-02-10 19:11:44.602937,cart
U0680,P0238,2026-03-03 19:11:44.602968,view
U1173,P0490,2025-08-10 19:11:44.602997,view
U0510,P0433,2025-12-17 19:11:44.603025,view
U0810,P0416,2025-07-27 19:11:44.603056,wishlist
U0177,P0334,2025-11-16 19:11:44.603098,view
U1133,P0489,2026-01-08 19:11:44.603129,view
U1884,P0292,2025-10-29 19:11:44.603158,view
U1320,P0285,2025-05-04 19:11:44.603189,view
U0180,P0255,2025-09-02 19:11:44.603219,cart
U1448,P0274,2025-06-22 19:11:44.603249,wishlist
U1870,P0335,2025-10-02 19:11:44.603278,cart
U0168,P0269,2025-06-26 19:11:44.603307,cart
U1854,P0402,2025-05-06 19:11:44.603336,view
U0935,P0158,2025-08-30 19:11:44.603364,view
U0457,P0135,2026-01-03 19:11:44.603394,cart
U1295,P0460,2025-09-18 19:11:44.603424,view
U0160,P0212,2025-11-18 19:11:44.603452,wishlist
U1987,P0092,2026-02-05 19:11:44.603481,view
U0079,P0124,2026-04-03 19:11:44.603509,view
U1759,P0136,2025-08-30 19:11:44.603537,purchase
U0821,P0268,2025-10-09 19:11:44.603566,cart
U0577,P0370,2025-11-12 19:11:44.603595,view
U0824,P0333,2025-06-21 19:11:44.603624,wishlist
U1556,P0031,2025-10-22 19:11:44.603653,wishlist
U0463,P0289,2025-12-06 19:11:44.603681,purchase
U0622,P0096,2025-06-06 19:11:44.603710,cart
U0770,P0155,2025-10-10 19:11:44.603738,view
U1763,P0217,2026-01-27 19:11:44.603765,cart
U1047,P0194,2025-07-05 19:11:44.603793,purchase
U0972,P0342,2025-12-12 19:11:44.603821,cart
U0954,P0004,2025-11-03 19:11:44.603849,view
U1040,P0098,2025-10-29 19:11:44.603877,view
U1645,P0089,2025-05-02 19:11:44.603905,view
U0887,P0213,2026-01-02 19:11:44.603934,view
U0906,P0006,2025-12-15 19:11:44.603962,purchase
U0634,P0469,2025-12-11 19:11:44.603990,view
U1936,P0268,2026-01-23 19:11:44.604018,view
U0792,P0197,2025-04-06 19:11:44.604046,wishlist
U0279,P0437,2025-11-13 19:11:44.604074,view
U0561,P0086,2025-06-21 19:11:44.604102,view
U0301,P0353,2026-03-30 19:11:44.604129,wishlist
U0234,P0396,2025-11-12 19:11:44.604158,view
U1146,P0381,2025-05-15 19:11:44.604188,wishlist
U0739,P0093,2026-04-04 19:11:44.604217,view
U0993,P0157,2025-12-17 19:11:44.604245,view
U0239,P0029,2025-04-29 19:11:44.604273,view
U1404,P0119,2025-08-30 19:11:44.604312,view
U1062,P0158,2025-07-27 19:11:44.604377,view
U0826,P0123,2026-01-08 19:11:44.604412,purchase
U0610,P0349,2025-09-19 19:11:44.604449,view
U1134,P0017,2025-11-27 19:11:44.604481,view
U0400,P0352,2025-10-27 19:11:44.604512,view
U0985,P0008,2025-09-12 19:11:44.604542,view
U1678,P0190,2025-10-30 19:11:44.604571,view
U0306,P0351,2025-12-14 19:11:44.604601,view
U1054,P0264,2026-03-03 19:11:44.604630,cart
U0511,P0479,2026-01-25 19:11:44.604659,view
U0130,P0044,2025-12-12 19:11:44.604688,wishlist
U1465,P0215,2026-03-28 19:11:44.604718,view
U1823,P0345,2025-06-10 19:11:44.604748,view
U1612,P0078,2025-10-02 19:11:44.604778,cart
U0498,P0497,2025-05-13 19:11:44.604808,wishlist
U1780,P0073,2025-10-21 19:11:44.604837,view
U0536,P0351,2025-07-14 19:11:44.604867,view
U0656,P0282,2025-07-20 19:11:44.604895,view
U1417,P0452,2025-11-07 19:11:44.604923,view
U0157,P0115,2025-12-14 19:11:44.604951,view
U1789,P0046,2025-10-13 19:11:44.604982,view
U1885,P0438,2026-01-29 19:11:44.605011,cart
U1106,P0316,2025-06-03 19:11:44.605040,view
U0103,P0207,2026-03-30 19:11:44.605069,cart
U0373,P0269,2025-11-15 19:11:44.605099,view
U0351,P0090,2025-12-16 19:11:44.605129,cart
U1146,P0376,2025-07-30 19:11:44.605158,cart
U1236,P0320,2025-07-03 19:11:44.605188,cart
U0821,P0430,2026-02-20 19:11:44.605217,cart
U0862,P0077,2025-06-08 19:11:44.605248,view
U0862,P0440,2025-08-29 19:11:44.605277,view
U0676,P0440,2025-11-15 19:11:44.605309,view
U1451,P0415,2025-07-15 19:11:44.605339,view
U0236,P0242,2025-12-19 19:11:44.605367,view
U0302,P0384,2026-03-21 19:11:44.605397,wishlist
U1158,P0016,2025-06-06 19:11:44.605427,view
U1087,P0206,2026-03-24 19:11:44.605456,view
U0222,P0225,2025-09-23 19:11:44.605486,view
U1624,P0300,2026-03-30 19:11:44.605514,view
U0296,P0291,2025-07-26 19:11:44.605543,view
U0129,P0258,2025-07-25 19:11:44.605573,view
U1987,P0487,2025-04-16 19:11:44.605602,view
U0444,P0342,2025-09-17 19:11:44.605632,view
U0927,P0458,2025-10-25 19:11:44.605662,view
U0722,P0152,2025-11-11 19:11:44.605690,view
U0366,P0307,2025-08-28 19:11:44.605719,wishlist
U0442,P0153,2026-02-25 19:11:44.605749,cart
U0549,P0198,2026-02-05 19:11:44.605778,view
U1001,P0094,2025-07-04 19:11:44.605807,purchase
U1938,P0085,2026-03-03 19:11:44.605836,view
U1160,P0191,2026-01-06 19:11:44.605864,wishlist
U1130,P0323,2025-05-24 19:11:44.605893,view
U1066,P0313,2025-06-07 19:11:44.605925,purchase
U1516,P0103,2025-11-29 19:11:44.605955,view
U0306,P0477,2026-02-10 19:11:44.605984,view
U1475,P0413,2025-05-23 19:11:44.606012,purchase
U0984,P0488,2025-08-07 19:11:44.606042,view
U1664,P0084,2025-11-29 19:11:44.606071,cart
U0892,P0275,2025-06-30 19:11:44.606100,view
U1213,P0188,2025-05-21 19:11:44.606129,view
U0388,P0057,2025-09-25 19:11:44.606157,view
U0918,P0257,2025-07-14 19:11:44.606185,view
U0146,P0461,2026-01-18 19:11:44.606214,wishlist
U0048,P0154,2026-03-19 19:11:44.606245,wishlist
U1262,P0053,2025-10-08 19:11:44.606275,view
U1699,P0046,2026-01-23 19:11:44.606304,view
U0027,P0438,2025-04-25 19:11:44.606345,cart
U0205,P0151,2026-02-18 19:11:44.606379,view
U0163,P0404,2025-09-23 19:11:44.606410,view
U0854,P0316,2026-01-11 19:11:44.606439,view
U0365,P0044,2025-12-04 19:11:44.606468,view
U1354,P0478,2025-10-22 19:11:44.606496,view
U1116,P0014,2026-02-26 19:11:44.606527,view
U1145,P0063,2026-02-01 19:11:44.606555,view
U0168,P0270,2025-10-26 19:11:44.606584,cart
U1521,P0280,2025-04-24 19:11:44.606614,view
U0218,P0250,2025-08-01 19:11:44.606644,cart
U1732,P0218,2025-12-11 19:11:44.606673,view
U1716,P0330,2025-10-02 19:11:44.606702,view
U1526,P0438,2026-03-13 19:11:44.606731,purchase
U1934,P0302,2025-04-15 19:11:44.606761,view
U1655,P0226,2025-11-25 19:11:44.606790,wishlist
U1739,P0259,2025-09-25 19:11:44.606819,purchase
U0648,P0082,2025-04-05 19:11:44.606848,view
U1485,P0446,2025-09-22 19:11:44.606876,wishlist
U1367,P0311,2025-07-07 19:11:44.606905,view
U1403,P0285,2025-08-12 19:11:44.606934,view
U0658,P0071,2025-08-11 19:11:44.606966,view
U0336,P0435,2026-02-20 19:11:44.606993,wishlist
U0518,P0298,2025-08-10 19:11:44.607022,view
U1505,P0054,2025-04-10 19:11:44.607050,cart
U0162,P0185,2026-03-10 19:11:44.607078,wishlist
U1659,P0265,2025-08-18 19:11:44.607107,purchase
U1900,P0019,2025-09-20 19:11:44.607136,view
U0088,P0283,2025-05-20 19:11:44.607165,view
U1088,P0164,2025-08-19 19:11:44.607197,view
U0637,P0058,2025-04-06 19:11:44.607225,purchase
U1285,P0323,2025-11-07 19:11:44.607254,view
U0389,P0440,2025-12-10 19:11:44.607282,view
U1923,P0381,2025-11-20 19:11:44.607311,cart
U1157,P0227,2026-03-04 19:11:44.607340,view
U1137,P0399,2025-10-07 19:11:44.607369,view
U1004,P0475,2025-05-03 19:11:44.607397,view
U0064,P0148,2025-08-21 19:11:44.607427,view
U0071,P0255,2026-01-09 19:11:44.607455,view
U0382,P0361,2025-08-10 19:11:44.607482,view
U1495,P0351,2026-01-03 19:11:44.607509,cart
U1585,P0257,2025-10-28 19:11:44.607537,purchase
U1768,P0237,2026-03-21 19:11:44.607566,purchase
U0347,P0470,2026-03-06 19:11:44.607595,view
U0692,P0322,2025-09-18 19:11:44.607623,cart
U0474,P0313,2025-09-28 19:11:44.607651,view
U1307,P0129,2025-05-19 19:11:44.607680,cart
U0723,P0390,2026-04-04 19:11:44.607710,cart
U0611,P0493,2026-01-10 19:11:44.607738,view
U0078,P0153,2025-12-09 19:11:44.607766,wishlist
U0800,P0328,2026-02-09 19:11:44.607794,view
U1503,P0269,2026-02-24 19:11:44.607823,view
U1908,P0281,2025-07-16 19:11:44.607852,purchase
U1041,P0046,2025-11-30 19:11:44.607882,cart
U0721,P0437,2025-10-29 19:11:44.607911,wishlist
U0630,P0068,2025-05-15 19:11:44.607941,cart
U0548,P0249,2026-01-17 19:11:44.607970,cart
U0383,P0432,2025-08-19 19:11:44.607998,view
U1540,P0393,2025-10-04 19:11:44.608027,purchase
U1880,P0029,2026-02-04 19:11:44.608055,view
U0189,P0175,2025-10-27 19:11:44.608083,wishlist
U0679,P0136,2026-02-20 19:11:44.608113,view
U0975,P0336,2025-09-09 19:11:44.608141,cart
U1872,P0479,2025-04-20 19:11:44.608171,view
U0769,P0493,2025-04-24 19:11:44.608200,view
U0290,P0245,2025-04-30 19:11:44.608228,wishlist
U0319,P0109,2026-02-26 19:11:44.608257,cart
U0573,P0271,2025-06-24 19:11:44.608285,view
U0325,P0468,2026-03-13 19:11:44.608313,view
U0184,P0098,2025-12-04 19:11:44.608341,cart
U1501,P0472,2026-03-07 19:11:44.608378,view
U0947,P0338,2025-10-30 19:11:44.608407,view
U1494,P0143,2025-06-01 19:11:44.608436,cart
U0824,P0156,2026-01-13 19:11:44.608464,cart
U1839,P0332,2026-03-11 19:11:44.608495,view
U0510,P0403,2025-10-27 19:11:44.608524,view
U0424,P0494,2025-08-27 19:11:44.608553,cart
U0171,P0385,2026-03-29 19:11:44.608583,view
U1774,P0302,2025-10-30 19:11:44.608611,cart
U1595,P0330,2025-11-18 19:11:44.608640,view
U0795,P0128,2025-08-13 19:11:44.608669,cart
U1442,P0441,2025-12-02 19:11:44.608698,view
U0678,P0496,2025-07-02 19:11:44.608726,view
U0018,P0276,2025-07-22 19:11:44.608754,view
U1856,P0240,2025-11-16 19:11:44.608782,wishlist
U1268,P0204,2025-07-11 19:11:44.608811,view
U0923,P0071,2026-03-20 19:11:44.608839,view
U0029,P0050,2026-03-12 19:11:44.608867,view
U0870,P0396,2025-10-08 19:11:44.608898,cart
U1816,P0449,2026-04-02 19:11:44.608927,view
U0170,P0254,2026-04-02 19:11:44.608956,cart
U0053,P0427,2025-10-17 19:11:44.608984,cart
U1369,P0254,2026-02-18 19:11:44.609014,view
U0954,P0369,2025-11-19 19:11:44.609043,view
U0669,P0416,2025-07-18 19:11:44.609071,wishlist
U0468,P0483,2025-10-02 19:11:44.609098,wishlist
U1215,P0319,2025-12-27 19:11:44.609125,cart
U0657,P0039,2025-08-20 19:11:44.609153,view
U1456,P0033,2025-10-01 19:11:44.609181,purchase
U1936,P0482,2025-04-07 19:11:44.609209,wishlist
U0859,P0137,2025-10-21 19:11:44.609236,view
U0643,P0467,2025-10-03 19:11:44.609266,view
U1313,P0366,2025-04-13 19:11:44.609293,wishlist
U1980,P0133,2025-06-03 19:11:44.609322,view
U1148,P0326,2026-01-28 19:11:44.609350,view
U1968,P0069,2025-05-18 19:11:44.609377,view
U0215,P0058,2025-04-15 19:11:44.609407,view
U0210,P0405,2025-08-04 19:11:44.609435,purchase
U1553,P0297,2025-07-07 19:11:44.609464,view
U0105,P0483,2025-11-06 19:11:44.609492,cart
U1466,P0002,2025-06-17 19:11:44.609521,view
U1629,P0464,2026-01-02 19:11:44.609549,view
U0314,P0064,2025-08-01 19:11:44.609577,view
U1157,P0139,2025-05-07 19:11:44.609605,view
U0808,P0051,2026-02-04 19:11:44.609632,wishlist
U0210,P0279,2025-06-13 19:11:44.609660,wishlist
U1420,P0117,2025-06-19 19:11:44.609689,view
U1542,P0371,2025-09-05 19:11:44.609717,view
U0449,P0477,2025-08-23 19:11:44.609745,view
U1591,P0355,2025-11-09 19:11:44.609774,wishlist
U0647,P0240,2026-01-21 19:11:44.609802,view
U0719,P0363,2025-09-29 19:11:44.609830,cart
U0700,P0001,2025-10-25 19:11:44.609858,view
U1115,P0041,2025-08-13 19:11:44.609886,cart
U1799,P0299,2026-02-09 19:11:44.609917,view
U1249,P0001,2025-11-21 19:11:44.609945,view
U1395,P0046,2026-01-22 19:11:44.609972,view
U1033,P0050,2025-08-12 19:11:44.610003,view
U1115,P0445,2025-12-08 19:11:44.610030,cart
U0695,P0496,2025-07-29 19:11:44.610059,view
U1160,P0024,2025-12-29 19:11:44.610087,view
U1099,P0326,2025-05-17 19:11:44.610114,view
U1790,P0258,2025-10-07 19:11:44.610142,wishlist
U0478,P0414,2025-09-18 19:11:44.610169,view
U0120,P0264,2026-03-26 19:11:44.610196,view
U1453,P0318,2025-12-17 19:11:44.610223,purchase
U1175,P0433,2025-12-22 19:11:44.610250,view
U1654,P0478,2025-12-09 19:11:44.610277,view
U1745,P0339,2025-07-25 19:11:44.610305,view
U0972,P0136,2026-03-07 19:11:44.610332,purchase
U1616,P0232,2026-03-31 19:11:44.610371,cart
U0447,P0422,2025-09-23 19:11:44.610401,cart
U1395,P0365,2025-12-10 19:11:44.610429,view
U0988,P0470,2025-06-09 19:11:44.610457,view
U1874,P0202,2025-12-21 19:11:44.610485,view
U0568,P0340,2025-12-20 19:11:44.610513,view
U1687,P0182,2026-01-15 19:11:44.610541,view
U0427,P0043,2025-08-30 19:11:44.610569,view
U1823,P0333,2025-05-24 19:11:44.610597,view
U1956,P0400,2025-08-17 19:11:44.610625,view
U0894,P0215,2025-04-07 19:11:44.610652,view
U0557,P0475,2025-09-10 19:11:44.610679,purchase
U0365,P0061,2025-10-11 19:11:44.610705,cart
U0728,P0098,2025-06-09 19:11:44.610733,cart
U1054,P0460,2026-03-06 19:11:44.610760,view
U0650,P0141,2026-02-04 19:11:44.610788,wishlist
U0795,P0123,2025-08-31 19:11:44.610818,cart
U0514,P0253,2025-05-08 19:11:44.610847,view
U1504,P0344,2025-04-07 19:11:44.610875,cart
U1677,P0299,2025-07-01 19:11:44.610904,wishlist
U1572,P0083,2025-11-04 19:11:44.610933,cart
U1083,P0240,2025-07-08 19:11:44.610962,view
U1712,P0356,2025-06-24 19:11:44.610989,view
U1840,P0281,2025-08-14 19:11:44.611017,purchase
U0757,P0422,2025-10-09 19:11:44.611046,view
U0813,P0298,2026-01-01 19:11:44.611074,view
U0140,P0240,2025-10-26 19:11:44.611102,wishlist
U0385,P0024,2025-10-29 19:11:44.611131,purchase
U1294,P0201,2026-03-15 19:11:44.611158,view
U1084,P0180,2025-09-24 19:11:44.611186,view
U0770,P0063,2025-09-28 19:11:44.611212,cart
U1732,P0494,2025-05-22 19:11:44.611240,view
U1210,P0270,2025-09-04 19:11:44.611268,view
U1028,P0105,2025-11-05 19:11:44.611294,view
U1300,P0128,2026-03-27 19:11:44.611321,view
U1977,P0463,2025-10-03 19:11:44.611348,view
U1752,P0069,2025-07-17 19:11:44.611375,cart
U1705,P0287,2025-11-23 19:11:44.611403,view
U1310,P0188,2025-11-23 19:11:44.611431,cart
U0686,P0325,2025-07-21 19:11:44.611458,cart
U1138,P0155,2025-08-06 19:11:44.611485,cart
U0589,P0387,2025-12-29 19:11:44.611512,view
U0647,P0445,2025-04-19 19:11:44.611540,purchase
U0533,P0016,2026-04-05 19:11:44.611568,view
U1186,P0494,2026-04-04 19:11:44.611597,cart
U0124,P0097,2025-04-27 19:11:44.611626,view
U1372,P0404,2025-10-05 19:11:44.611656,view
U1229,P0315,2026-03-02 19:11:44.611684,view
U0901,P0214,2025-08-25 19:11:44.611715,view
U1260,P0091,2026-01-28 19:11:44.611745,view
U0820,P0488,2025-08-20 19:11:44.611775,view
U0754,P0457,2025-10-26 19:11:44.611806,view
U0297,P0187,2025-05-18 19:11:44.611838,cart
U1691,P0129,2025-09-14 19:11:44.611868,view
U1982,P0038,2026-02-28 19:11:44.611897,purchase
U1764,P0108,2025-06-28 19:11:44.611926,view
U0509,P0390,2025-07-02 19:11:44.611955,view
U0923,P0003,2025-05-06 19:11:44.611986,wishlist
U0743,P0108,2025-08-29 19:11:44.612033,view
U0671,P0136,2026-03-08 19:11:44.612065,cart
U0975,P0324,2025-07-07 19:11:44.612094,view
U1888,P0069,2025-10-29 19:11:44.612124,view
U0127,P0460,2025-05-09 19:11:44.612169,view
U1489,P0302,2025-05-25 19:11:44.612199,cart
U1060,P0041,2025-07-27 19:11:44.612228,purchase
U0929,P0458,2025-06-17 19:11:44.612258,purchase
U0207,P0120,2025-05-20 19:11:44.612288,cart
U1497,P0434,2025-10-06 19:11:44.612316,view
U1588,P0115,2026-02-22 19:11:44.612346,cart
U1854,P0356,2025-12-02 19:11:44.612382,cart
U1744,P0246,2025-11-25 19:11:44.612412,view
U1219,P0456,2026-02-27 19:11:44.612441,view
U0397,P0318,2026-02-09 19:11:44.612470,purchase
U1685,P0257,2025-09-19 19:11:44.612499,view
U0614,P0055,2025-12-30 19:11:44.612527,cart
U1521,P0195,2025-11-23 19:11:44.612555,cart
U1864,P0469,2026-01-31 19:11:44.612583,wishlist
U0065,P0336,2025-05-15 19:11:44.612614,cart
U0909,P0062,2025-07-15 19:11:44.612644,view
U1760,P0133,2026-04-03 19:11:44.612676,wishlist
U0757,P0105,2026-01-08 19:11:44.612705,view
U0908,P0133,2025-11-13 19:11:44.612733,view
U1991,P0269,2026-01-12 19:11:44.612762,view
U0632,P0107,2026-03-03 19:11:44.612791,view
U1990,P0153,2025-12-17 19:11:44.612820,view
U0120,P0463,2025-08-03 19:11:44.612850,cart
U1915,P0279,2025-12-17 19:11:44.612880,view
U0293,P0257,2025-10-29 19:11:44.612908,view
U0621,P0425,2025-07-18 19:11:44.612937,cart
U0771,P0348,2025-08-07 19:11:44.612965,wishlist
U1541,P0298,2025-12-16 19:11:44.612993,view
U1367,P0453,2025-12-13 19:11:44.613021,view
U0245,P0010,2026-01-15 19:11:44.613051,view
U1597,P0369,2025-07-25 19:11:44.613081,view
U0379,P0437,2025-04-05 19:11:44.613110,view
U0148,P0452,2025-05-20 19:11:44.613137,purchase
U0151,P0436,2025-12-21 19:11:44.613165,cart
U1394,P0426,2025-07-26 19:11:44.613193,cart
U1868,P0481,2026-02-01 19:11:44.613221,purchase
U0419,P0410,2026-03-30 19:11:44.613249,cart
U0271,P0113,2025-05-02 19:11:44.613278,view
U0026,P0312,2025-05-05 19:11:44.613308,cart
U1757,P0328,2026-02-07 19:11:44.613337,view
U0939,P0341,2025-06-24 19:11:44.613365,cart
U1609,P0267,2025-10-01 19:11:44.613393,view
U1826,P0009,2026-03-10 19:11:44.613421,purchase
U0086,P0176,2025-06-10 19:11:44.613449,cart
U1723,P0467,2025-05-04 19:11:44.613477,wishlist
U0373,P0001,2025-07-29 19:11:44.613505,wishlist
U0445,P0216,2025-08-23 19:11:44.613533,cart
U0637,P0067,2025-08-30 19:11:44.613562,view
U1466,P0313,2025-07-06 19:11:44.613594,view
U1345,P0154,2025-05-26 19:11:44.613624,view
U1640,P0101,2025-04-24 19:11:44.613655,view
U1979,P0220,2026-02-04 19:11:44.613684,view
U1483,P0319,2025-04-22 19:11:44.613714,view
U0901,P0442,2026-03-04 19:11:44.613745,view
U1406,P0197,2025-12-23 19:11:44.613774,view
U1982,P0009,2025-07-02 19:11:44.613802,view
U1841,P0336,2025-08-07 19:11:44.613832,view
U1441,P0310,2025-07-05 19:11:44.613863,view
U0221,P0386,2025-11-09 19:11:44.613892,view
U1469,P0267,2025-08-11 19:11:44.613921,wishlist
U1353,P0284,2025-08-09 19:11:44.613951,view
U0404,P0006,2025-06-20 19:11:44.613980,cart
U1759,P0062,2025-09-16 19:11:44.614010,view
U1701,P0041,2025-07-17 19:11:44.614038,view
U0851,P0146,2026-01-29 19:11:44.614066,view
U1229,P0476,2026-03-29 19:11:44.614094,view
U1875,P0303,2026-03-12 19:11:44.614122,view
U1803,P0424,2025-09-21 19:11:44.614150,view
U1857,P0188,2025-07-02 19:11:44.614178,view
U1450,P0061,2025-06-17 19:11:44.614207,view
U1676,P0485,2025-05-11 19:11:44.614235,view
U1422,P0486,2025-07-20 19:11:44.614263,view
U0014,P0322,2026-02-06 19:11:44.614292,view
U0082,P0118,2026-01-02 19:11:44.614323,view
U1423,P0290,2025-06-30 19:11:44.614353,view
U1662,P0201,2025-10-10 19:11:44.614390,cart
U0075,P0337,2026-01-02 19:11:44.614420,cart
U1724,P0282,2025-05-20 19:11:44.614448,cart
U1236,P0085,2026-02-20 19:11:44.614476,view
U1065,P0419,2025-04-28 19:11:44.614509,view
U1540,P0265,2025-09-16 19:11:44.614540,cart
U0425,P0236,2025-12-11 19:11:44.614569,view
U0888,P0264,2025-08-10 19:11:44.614597,view
U1499,P0301,2025-10-17 19:11:44.614626,wishlist
U1955,P0167,2025-10-05 19:11:44.614654,view
U0102,P0400,2025-05-06 19:11:44.614683,cart
U0291,P0451,2025-11-05 19:11:44.614713,view
U1822,P0175,2025-07-04 19:11:44.614741,cart
U0077,P0242,2025-07-05 19:11:44.614770,purchase
U0260,P0366,2025-04-29 19:11:44.614799,view
U1861,P0163,2025-11-30 19:11:44.614828,view
U0177,P0311,2026-02-19 19:11:44.614857,view
U1645,P0214,2026-01-23 19:11:44.614887,view
U0810,P0072,2025-12-13 19:11:44.614916,view
U0701,P0354,2025-07-26 19:11:44.614945,view
U0530,P0442,2025-11-09 19:11:44.614974,purchase
U1699,P0416,2026-02-13 19:11:44.615002,view
U1587,P0233,2025-10-15 19:11:44.615030,view
U0898,P0081,2025-07-04 19:11:44.615058,view
U0222,P0118,2025-10-14 19:11:44.615087,wishlist
U1097,P0163,2026-03-21 19:11:44.615116,wishlist
U0330,P0249,2025-05-05 19:11:44.615144,view
U1029,P0092,2026-02-24 19:11:44.615173,view
U1612,P0474,2025-12-07 19:11:44.615202,purchase
U0216,P0273,2025-07-19 19:11:44.615231,view
U1630,P0304,2025-07-22 19:11:44.615259,view
U0322,P0152,2025-04-09 19:11:44.615287,view
U1704,P0193,2025-06-09 19:11:44.615315,cart
U0512,P0079,2026-03-02 19:11:44.615343,wishlist
U1744,P0205,2025-04-10 19:11:44.615371,wishlist
U0007,P0133,2025-04-06 19:11:44.615398,view
U1645,P0042,2025-11-20 19:11:44.615426,view
U1458,P0033,2026-03-07 19:11:44.615455,view
U0742,P0116,2025-08-07 19:11:44.615483,view
U1129,P0176,2025-10-26 19:11:44.615511,view
U0896,P0016,2026-02-16 19:11:44.615539,view
U0966,P0419,2025-11-22 19:11:44.615567,view
U0820,P0245,2025-11-12 19:11:44.615596,view
U0275,P0428,2026-01-25 19:11:44.615677,view
U1237,P0257,2025-05-23 19:11:44.615708,wishlist
U1609,P0124,2025-10-03 19:11:44.615739,view
U1388,P0223,2025-11-02 19:11:44.615769,view
U1484,P0454,2025-09-09 19:11:44.615799,view
U1968,P0337,2025-08-28 19:11:44.615828,view
U1430,P0231,2025-07-30 19:11:44.615857,view
U1987,P0136,2025-09-29 19:11:44.615887,view
U0764,P0186,2025-07-28 19:11:44.615918,view
U1681,P0449,2025-12-13 19:11:44.615947,purchase
U1365,P0231,2025-10-28 19:11:44.615976,wishlist
U1243,P0441,2025-09-22 19:11:44.616006,wishlist
U0040,P0047,2025-07-14 19:11:44.616040,view
U1392,P0229,2026-02-12 19:11:44.616070,cart
U0474,P0441,2025-04-28 19:11:44.616100,view
U0735,P0093,2025-10-26 19:11:44.616131,view
U0753,P0467,2026-02-08 19:11:44.616161,view
U0768,P0318,2026-01-19 19:11:44.616190,view
U1353,P0235,2025-09-02 19:11:44.616219,view
U1243,P0368,2025-12-10 19:11:44.616248,cart
U0219,P0279,2025-09-08 19:11:44.616277,purchase
U1449,P0163,2025-04-20 19:11:44.616306,view
U0340,P0114,2026-04-03 19:11:44.616335,view
U1632,P0416,2025-12-05 19:11:44.616371,view
U1330,P0136,2025-10-25 19:11:44.616402,cart
U0313,P0450,2025-06-26 19:11:44.616431,view
U1232,P0249,2025-05-05 19:11:44.616461,view
U0999,P0428,2025-04-30 19:11:44.616491,view
U1411,P0138,2026-03-09 19:11:44.616521,view
U0698,P0154,2025-12-04 19:11:44.616550,cart
U1459,P0098,2025-06-05 19:11:44.616579,view
U0886,P0371,2025-11-04 19:11:44.616608,view
U0247,P0181,2025-07-11 19:11:44.616638,view
U1130,P0465,2026-03-07 19:11:44.616668,purchase
U0312,P0305,2025-11-25 19:11:44.616698,purchase
U0826,P0125,2025-04-09 19:11:44.616727,view
U0712,P0354,2025-11-12 19:11:44.616755,view
U0877,P0353,2025-09-27 19:11:44.616783,view
U1642,P0405,2026-01-11 19:11:44.616811,view
U0229,P0114,2025-09-21 19:11:44.616841,view
U1821,P0214,2025-04-08 19:11:44.616873,view
U0603,P0062,2025-04-22 19:11:44.616902,cart
U1921,P0402,2025-12-08 19:11:44.616931,view
U0777,P0450,2025-05-10 19:11:44.616960,wishlist
U1136,P0187,2025-09-16 19:11:44.616988,view
U0627,P0442,2025-07-05 19:11:44.617017,cart
U0844,P0149,2025-06-13 19:11:44.617046,wishlist
U0125,P0169,2025-04-07 19:11:44.617074,view
U1209,P0331,2026-01-25 19:11:44.617103,view
U0509,P0301,2025-05-19 19:11:44.617131,cart
U0213,P0413,2026-02-20 19:11:44.617159,view
U1122,P0342,2026-01-02 19:11:44.617188,view
U1183,P0212,2025-07-12 19:11:44.617217,view
U0809,P0193,2025-10-01 19:11:44.617245,view
U0525,P0217,2025-05-04 19:11:44.617274,view
U1527,P0014,2026-03-05 19:11:44.617303,view
U1791,P0491,2025-11-27 19:11:44.617332,view
U0051,P0252,2025-05-24 19:11:44.617361,view
U1561,P0263,2025-07-04 19:11:44.617390,purchase
U0774,P0411,2025-05-27 19:11:44.617419,cart
U0763,P0242,2025-12-05 19:11:44.617448,view
U1999,P0424,2026-03-21 19:11:44.617477,view
U0561,P0089,2025-10-25 19:11:44.617506,view
U1495,P0291,2025-07-16 19:11:44.617537,view
U1300,P0289,2025-10-06 19:11:44.617565,view
U1575,P0271,2025-06-22 19:11:44.617594,cart
U0507,P0022,2025-10-03 19:11:44.617623,cart
U1599,P0327,2025-10-05 19:11:44.617651,wishlist
U1313,P0446,2026-02-09 19:11:44.617679,view
U1106,P0138,2025-08-25 19:11:44.617709,view
U0073,P0239,2025-05-10 19:11:44.617739,view
U1125,P0048,2025-12-14 19:11:44.617766,wishlist
U0838,P0251,2025-06-14 19:11:44.617795,purchase
U1860,P0067,2025-06-26 19:11:44.617824,cart
U0856,P0427,2025-08-13 19:11:44.617853,cart
U1334,P0192,2025-09-16 19:11:44.617886,cart
U1320,P0114,2025-06-25 19:11:44.617915,purchase
U0996,P0495,2025-09-17 19:11:44.617944,view
U1767,P0264,2025-11-10 19:11:44.617973,view
U0289,P0153,2025-08-28 19:11:44.618001,cart
U1894,P0061,2025-04-13 19:11:44.618030,view
U1418,P0142,2025-12-14 19:11:44.618058,wishlist
U1107,P0337,2025-08-16 19:11:44.618087,view
U1048,P0098,2026-01-23 19:11:44.618116,wishlist
U1327,P0121,2026-01-14 19:11:44.618144,purchase
U1834,P0328,2026-03-25 19:11:44.618173,view
U0878,P0119,2025-06-28 19:11:44.618202,purchase
U0112,P0494,2025-04-23 19:11:44.618231,view
U1084,P0267,2025-09-02 19:11:44.618259,view
U0325,P0446,2025-07-18 19:11:44.618288,view
U0440,P0273,2025-05-03 19:11:44.618316,view
U0517,P0193,2026-03-20 19:11:44.618344,wishlist
U1675,P0235,2025-06-07 19:11:44.618385,view
U0701,P0134,2025-11-19 19:11:44.618416,view
U1821,P0290,2025-12-28 19:11:44.618445,cart
U1367,P0142,2025-10-29 19:11:44.618473,purchase
U1279,P0261,2025-08-18 19:11:44.618502,view
U0398,P0395,2025-06-04 19:11:44.618530,view
U1247,P0445,2025-10-25 19:11:44.618560,view
U0807,P0302,2026-01-19 19:11:44.618589,purchase
U1880,P0093,2025-05-14 19:11:44.618617,purchase
U0746,P0029,2025-05-16 19:11:44.618661,cart
U1610,P0330,2025-07-19 19:11:44.618706,view
U1382,P0329,2025-08-03 19:11:44.618750,view
U0800,P0027,2026-01-20 19:11:44.618794,view
U1119,P0013,2025-08-13 19:11:44.618826,view
U0490,P0466,2025-09-21 19:11:44.618855,cart
U0987,P0019,2025-09-12 19:11:44.618885,view
U0604,P0091,2025-07-19 19:11:44.618914,wishlist
U0576,P0246,2025-08-13 19:11:44.618944,view
U0279,P0358,2025-10-29 19:11:44.618986,cart
U0313,P0227,2025-05-11 19:11:44.619035,view
U1788,P0299,2026-02-21 19:11:44.619090,cart
U0827,P0282,2025-06-01 19:11:44.619146,cart
U0486,P0431,2025-04-05 19:11:44.619202,view
U1767,P0224,2025-04-08 19:11:44.619256,cart
U1331,P0456,2025-11-26 19:11:44.619309,wishlist
U0312,P0174,2025-11-06 19:11:44.619358,wishlist
U1273,P0215,2025-04-29 19:11:44.619407,view
U1418,P0313,2025-10-09 19:11:44.619443,view
U1756,P0175,2025-05-01 19:11:44.619486,wishlist
U0187,P0208,2025-04-05 19:11:44.619528,cart
U1895,P0360,2025-08-18 19:11:44.619560,view
U1120,P0116,2026-01-18 19:11:44.619591,view
U0965,P0429,2026-01-12 19:11:44.619620,view
U1759,P0180,2025-05-31 19:11:44.619653,view
U1218,P0123,2025-07-26 19:11:44.619683,purchase
U1711,P0188,2025-07-29 19:11:44.619712,wishlist
U1000,P0220,2025-11-30 19:11:44.619740,view
U1447,P0147,2026-02-25 19:11:44.619769,view
U1045,P0304,2026-01-19 19:11:44.619798,wishlist
U0022,P0325,2025-07-11 19:11:44.619828,view
U1646,P0167,2026-01-06 19:11:44.619858,view
U1633,P0144,2025-12-12 19:11:44.619888,view
U0211,P0125,2025-05-16 19:11:44.619917,cart
U0035,P0326,2025-09-05 19:11:44.619946,wishlist
U0510,P0271,2026-02-08 19:11:44.619975,wishlist
U0257,P0316,2025-05-20 19:11:44.620005,cart
U1002,P0120,2025-08-10 19:11:44.620033,cart
U1744,P0111,2025-07-21 19:11:44.620062,view
U1610,P0186,2026-01-26 19:11:44.620091,view
U0724,P0128,2025-04-09 19:11:44.620119,wishlist
U1332,P0352,2025-07-30 19:11:44.620148,purchase
U1299,P0254,2026-02-20 19:11:44.620177,view
U0468,P0198,2025-08-17 19:11:44.620205,view
U1452,P0403,2025-04-11 19:11:44.620234,view
U1405,P0380,2025-07-15 19:11:44.620262,view
U1468,P0162,2025-05-11 19:11:44.620290,cart
U0142,P0162,2025-11-11 19:11:44.620321,view
U1635,P0008,2026-03-30 19:11:44.620350,view
U0307,P0487,2025-10-01 19:11:44.620390,view
U0699,P0455,2025-08-24 19:11:44.620419,wishlist
U0839,P0393,2026-01-22 19:11:44.620451,cart
U0854,P0051,2025-10-15 19:11:44.620481,view
U1827,P0070,2026-02-23 19:11:44.620509,cart
U0064,P0213,2025-11-21 19:11:44.620538,view
U0993,P0368,2025-12-09 19:11:44.620566,view
U1155,P0284,2026-02-10 19:11:44.620594,view
U0477,P0024,2025-12-06 19:11:44.620623,view
U0527,P0181,2025-05-07 19:11:44.620651,view
U1983,P0063,2025-07-18 19:11:44.620681,view
U1875,P0300,2025-07-08 19:11:44.620711,view
U1362,P0331,2025-07-21 19:11:44.620739,purchase
U0716,P0163,2025-09-26 19:11:44.620768,view
U1008,P0457,2025-10-05 19:11:44.620798,view
U1541,P0296,2025-06-27 19:11:44.620828,view
U0137,P0385,2025-08-30 19:11:44.620857,view
U0919,P0236,2025-05-13 19:11:44.620885,cart
U1053,P0494,2025-09-14 19:11:44.620914,view
U1203,P0077,2025-10-30 19:11:44.620942,view
U0938,P0279,2025-09-06 19:11:44.620970,cart
U0149,P0304,2025-07-31 19:11:44.620999,view
U0638,P0175,2025-12-23 19:11:44.621027,view
U0993,P0366,2025-10-08 19:11:44.621055,view
U0458,P0314,2025-05-06 19:11:44.621083,cart
U0587,P0036,2025-04-27 19:11:44.621112,view
U0722,P0283,2025-10-08 19:11:44.621141,wishlist
U0400,P0394,2026-02-19 19:11:44.621169,view
U0564,P0268,2026-02-04 19:11:44.621197,view
U1074,P0223,2025-06-05 19:11:44.621226,wishlist
U1627,P0289,2025-06-20 19:11:44.621254,view
U1530,P0101,2026-01-03 19:11:44.621282,wishlist
U1318,P0191,2025-08-05 19:11:44.621309,view
U0775,P0409,2025-06-22 19:11:44.621336,cart
U0221,P0033,2025-06-15 19:11:44.621368,purchase
U0745,P0174,2026-03-04 19:11:44.621396,cart
U1737,P0021,2026-04-01 19:11:44.621425,cart
U1507,P0390,2025-08-17 19:11:44.621453,cart
U0478,P0311,2025-06-12 19:11:44.621482,cart
U0464,P0035,2025-04-12 19:11:44.621515,purchase
U1818,P0115,2026-03-05 19:11:44.621546,cart
U0705,P0122,2025-05-31 19:11:44.621576,wishlist
U1308,P0490,2026-01-08 19:11:44.621606,cart
U0607,P0050,2025-10-03 19:11:44.621635,purchase
U0711,P0042,2025-04-05 19:11:44.621664,view
U0873,P0285,2025-12-28 19:11:44.621693,cart
U1276,P0379,2026-04-02 19:11:44.621721,view
U0371,P0333,2025-10-27 19:11:44.621750,wishlist
U0173,P0003,2025-04-13 19:11:44.621780,cart
U1002,P0296,2025-10-30 19:11:44.621808,view
U1560,P0189,2025-09-18 19:11:44.621837,view
U0582,P0355,2026-02-07 19:11:44.621866,view
U1363,P0164,2025-07-10 19:11:44.621895,view
U0103,P0283,2025-11-06 19:11:44.621923,view
U1838,P0147,2025-05-23 19:11:44.621951,view
U0481,P0432,2025-12-23 19:11:44.621979,view
U0095,P0173,2025-11-13 19:11:44.622007,view
U1579,P0286,2025-11-12 19:11:44.622035,cart
U0280,P0012,2025-10-08 19:11:44.622064,view
U0806,P0251,2025-04-30 19:11:44.622092,view
U0732,P0397,2026-02-13 19:11:44.622120,view
U0862,P0202,2025-08-19 19:11:44.622165,view
U0413,P0214,2025-05-15 19:11:44.622195,cart
U0819,P0428,2025-10-30 19:11:44.622224,view
U1689,P0218,2025-04-24 19:11:44.622253,view
U0624,P0329,2026-02-27 19:11:44.622282,view
U1530,P0226,2026-01-15 19:11:44.622317,view
U1728,P0214,2025-04-18 19:11:44.622345,cart
U1272,P0241,2025-12-08 19:11:44.622381,view
U1800,P0404,2025-04-28 19:11:44.622411,cart
U1194,P0101,2025-07-25 19:11:44.622441,view
U1754,P0291,2025-09-22 19:11:44.622470,view
U0984,P0313,2026-01-14 19:11:44.622499,view
U1187,P0308,2025-11-01 19:11:44.622527,view
U1268,P0443,2025-09-03 19:11:44.622555,view
U1385,P0113,2025-08-14 19:11:44.622583,cart
U0459,P0343,2025-10-30 19:11:44.622611,purchase
U1475,P0326,2025-08-05 19:11:44.622640,purchase
U0485,P0043,2025-09-19 19:11:44.622669,cart
U1379,P0441,2025-09-26 19:11:44.622697,view
U0847,P0447,2025-06-03 19:11:44.622725,purchase
U0362,P0346,2025-06-04 19:11:44.622753,cart
U1286,P0373,2025-06-24 19:11:44.622784,view
U1807,P0218,2025-08-21 19:11:44.622812,cart
U0487,P0452,2026-03-21 19:11:44.622841,cart
U0946,P0110,2026-02-28 19:11:44.622869,view
U1002,P0340,2025-12-27 19:11:44.622897,view
U0679,P0298,2025-11-27 19:11:44.622925,cart
U1481,P0426,2025-12-30 19:11:44.622952,cart
U0686,P0033,2025-08-15 19:11:44.622980,view
U1254,P0299,2025-07-24 19:11:44.623008,purchase
U1826,P0417,2026-02-12 19:11:44.623036,cart
U0299,P0486,2025-06-12 19:11:44.623065,view
U1765,P0321,2026-02-19 19:11:44.623092,view
U1362,P0377,2025-12-19 19:11:44.623121,purchase
U1799,P0203,2025-10-16 19:11:44.623149,cart
U0757,P0452,2025-10-18 19:11:44.623177,purchase
U0546,P0477,2025-08-08 19:11:44.623205,purchase
U1272,P0294,2025-04-30 19:11:44.623235,cart
U0919,P0251,2025-06-30 19:11:44.623265,cart
U0898,P0198,2026-02-07 19:11:44.623293,wishlist
U0653,P0036,2025-11-08 19:11:44.623321,view
U1811,P0028,2025-10-09 19:11:44.623352,cart
U0783,P0258,2025-06-04 19:11:44.623381,view
U1045,P0039,2025-07-28 19:11:44.623408,cart
U1551,P0156,2025-06-16 19:11:44.623436,view
U0978,P0194,2025-08-19 19:11:44.623464,purchase
U1430,P0108,2025-04-29 19:11:44.623491,view
U1356,P0048,2025-06-23 19:11:44.623520,view
U1040,P0412,2025-09-12 19:11:44.623549,view
U1299,P0283,2025-10-01 19:11:44.623577,purchase
U1939,P0453,2025-04-09 19:11:44.623606,view
U1394,P0100,2026-02-11 19:11:44.623635,view
U0947,P0001,2025-10-23 19:11:44.623663,purchase
U0159,P0488,2026-03-31 19:11:44.623691,view
U1469,P0393,2025-06-28 19:11:44.623719,view
U1849,P0476,2026-02-16 19:11:44.623749,cart
U0693,P0381,2025-05-17 19:11:44.623780,cart
U1234,P0340,2025-06-13 19:11:44.623807,view
U1659,P0067,2026-01-08 19:11:44.623836,purchase
U0118,P0381,2025-09-09 19:11:44.623864,purchase
U1016,P0438,2025-04-30 19:11:44.623892,wishlist
U1342,P0394,2026-02-17 19:11:44.623921,view
U1540,P0486,2026-03-23 19:11:44.623949,view
U0989,P0197,2025-11-22 19:11:44.623976,wishlist
U1232,P0500,2025-05-08 19:11:44.624004,wishlist
U1698,P0215,2025-04-09 19:11:44.624032,wishlist
U1896,P0012,2026-03-25 19:11:44.624060,view
U0870,P0376,2025-11-22 19:11:44.624088,view
U1101,P0238,2025-06-27 19:11:44.624119,view
U1772,P0308,2026-03-05 19:11:44.624149,view
U1680,P0036,2025-07-07 19:11:44.624178,view
U1341,P0054,2025-06-08 19:11:44.624206,wishlist
U0684,P0142,2026-03-15 19:11:44.624234,cart
U1091,P0392,2025-08-01 19:11:44.624261,purchase
U1592,P0046,2026-03-21 19:11:44.624290,purchase
U0577,P0276,2026-01-19 19:11:44.624318,view
U0723,P0477,2025-11-10 19:11:44.624347,wishlist
U1102,P0500,2025-10-19 19:11:44.624375,view
U0696,P0080,2026-03-28 19:11:44.624413,view
U0037,P0291,2025-05-02 19:11:44.624442,cart
U0999,P0319,2026-01-07 19:11:44.624471,view
U1757,P0244,2025-04-24 19:11:44.624499,wishlist
U1098,P0194,2025-07-13 19:11:44.624528,wishlist
U1048,P0123,2025-08-19 19:11:44.624556,cart
U1023,P0113,2025-06-25 19:11:44.624588,wishlist
U0761,P0398,2025-06-11 19:11:44.624616,wishlist
U0027,P0223,2026-03-21 19:11:44.624646,view
U1611,P0484,2025-09-26 19:11:44.624675,wishlist
U0477,P0090,2025-05-28 19:11:44.624704,view
U1548,P0151,2025-08-25 19:11:44.624733,view
U0548,P0066,2026-03-11 19:11:44.624761,view
U1074,P0298,2025-05-07 19:11:44.624789,purchase
U0158,P0496,2025-09-29 19:11:44.624818,cart
U1681,P0301,2025-05-17 19:11:44.624847,wishlist
U1171,P0120,2025-08-09 19:11:44.624876,view
U0455,P0006,2025-10-01 19:11:44.624905,view
U0419,P0052,2025-08-10 19:11:44.624934,view
U1091,P0370,2025-05-18 19:11:44.624962,purchase
U0110,P0047,2025-12-28 19:11:44.624991,cart
U1116,P0093,2025-07-31 19:11:44.625020,cart
U0475,P0464,2025-04-10 19:11:44.625052,view
U0192,P0024,2025-10-03 19:11:44.625082,cart
U0091,P0481,2026-03-31 19:11:44.625111,view
U0134,P0012,2025-12-09 19:11:44.625139,view
U0523,P0249,2025-04-21 19:11:44.625167,view
U1886,P0039,2025-07-21 19:11:44.625198,cart
U0386,P0139,2025-07-04 19:11:44.625227,wishlist
U1215,P0005,2025-07-14 19:11:44.625257,purchase
U1222,P0300,2025-11-30 19:11:44.625290,cart
U0950,P0039,2025-08-15 19:11:44.625321,wishlist
U1684,P0352,2026-02-21 19:11:44.625353,wishlist
U0456,P0371,2025-12-08 19:11:44.625382,view
U1782,P0074,2025-11-07 19:11:44.625412,cart
U1825,P0242,2025-04-28 19:11:44.625441,view
U1508,P0441,2025-07-12 19:11:44.625471,cart
U1838,P0188,2025-08-20 19:11:44.625502,cart
U0094,P0287,2025-11-14 19:11:44.625533,purchase
U1558,P0330,2025-11-21 19:11:44.625562,cart
U0392,P0224,2025-07-20 19:11:44.625591,view
U0457,P0238,2026-01-25 19:11:44.625620,view
U1080,P0087,2026-03-25 19:11:44.625649,wishlist
U0487,P0137,2025-12-23 19:11:44.625677,view
U0865,P0435,2025-10-21 19:11:44.625706,view
U0992,P0184,2025-06-19 19:11:44.625736,purchase
U1011,P0399,2026-02-11 19:11:44.625766,view
U0918,P0256,2025-05-30 19:11:44.625798,cart
U0951,P0201,2026-01-19 19:11:44.625827,purchase
U1093,P0260,2025-05-16 19:11:44.625856,view
U1550,P0271,2025-05-04 19:11:44.625885,view
U0758,P0081,2025-09-16 19:11:44.625913,cart
U1383,P0178,2026-02-06 19:11:44.625942,view
U0247,P0316,2025-07-17 19:11:44.625970,purchase
U0805,P0225,2026-01-03 19:11:44.626002,wishlist
U1442,P0162,2025-04-25 19:11:44.626031,cart
U1722,P0281,2025-11-26 19:11:44.626060,view
U1445,P0210,2026-02-04 19:11:44.626089,view
U1341,P0293,2026-02-23 19:11:44.626116,wishlist
U1717,P0496,2025-10-06 19:11:44.626144,view
U1904,P0255,2025-12-13 19:11:44.626172,view
U1953,P0138,2025-11-21 19:11:44.626199,view
U0193,P0230,2025-09-23 19:11:44.626227,cart
U0809,P0439,2025-05-24 19:11:44.626255,purchase
U0680,P0001,2026-03-10 19:11:44.626283,view
U0971,P0374,2025-04-27 19:11:44.626311,purchase
U1890,P0280,2025-05-12 19:11:44.626340,view
U0086,P0411,2025-05-03 19:11:44.626368,view
U1638,P0076,2025-11-08 19:11:44.626404,view
U0277,P0126,2026-03-11 19:11:44.626433,cart
U1184,P0383,2026-02-04 19:11:44.626462,cart
U1319,P0230,2025-11-23 19:11:44.626490,view
U0482,P0045,2025-12-03 19:11:44.626519,view
U0828,P0366,2026-02-26 19:11:44.626623,view
U0974,P0181,2025-08-28 19:11:44.626653,view
U0720,P0021,2025-06-12 19:11:44.626682,view
U1915,P0442,2025-04-28 19:11:44.626712,cart
U0235,P0236,2026-03-06 19:11:44.626741,purchase
U0909,P0178,2025-09-24 19:11:44.626770,view
U0817,P0150,2025-09-30 19:11:44.626798,view
U1876,P0353,2025-04-05 19:11:44.626830,purchase
U0447,P0430,2025-04-08 19:11:44.626860,wishlist
U1971,P0368,2025-10-14 19:11:44.626888,purchase
U0949,P0292,2025-09-04 19:11:44.626916,view
U0280,P0186,2025-05-27 19:11:44.626944,view
U0690,P0135,2025-04-17 19:11:44.626972,purchase
U1519,P0003,2025-10-18 19:11:44.627004,view
U0376,P0187,2025-06-17 19:11:44.627033,view
U1341,P0494,2026-01-06 19:11:44.627061,view
U1705,P0312,2026-03-08 19:11:44.627089,cart
U0649,P0461,2025-07-05 19:11:44.627119,cart
U0648,P0055,2025-06-18 19:11:44.627153,purchase
U0232,P0480,2025-08-30 19:11:44.627199,view
U1919,P0052,2026-01-21 19:11:44.627228,view
U1449,P0309,2025-04-17 19:11:44.627257,purchase
U1554,P0127,2025-08-19 19:11:44.627286,purchase
U1269,P0143,2025-11-20 19:11:44.627314,view
U1835,P0143,2025-09-29 19:11:44.627342,view
U0427,P0423,2026-02-10 19:11:44.627371,purchase
U0887,P0025,2025-10-12 19:11:44.627400,purchase
U0187,P0309,2025-06-11 19:11:44.627429,wishlist
U0283,P0109,2026-01-03 19:11:44.627458,cart
U0777,P0473,2025-12-15 19:11:44.627487,view
U1598,P0261,2025-10-05 19:11:44.627517,view
U1798,P0309,2026-01-21 19:11:44.627546,view
U0694,P0016,2026-03-15 19:11:44.627575,view
U0883,P0366,2025-04-29 19:11:44.627604,wishlist
U1048,P0049,2026-03-18 19:11:44.627634,view
U1794,P0082,2025-05-01 19:11:44.627664,purchase
U0444,P0263,2026-03-27 19:11:44.627692,view
U1528,P0411,2025-10-08 19:11:44.627720,view
U0987,P0458,2025-11-07 19:11:44.627748,view
U1049,P0015,2026-03-20 19:11:44.627775,purchase
U0963,P0412,2026-01-24 19:11:44.627803,view
U1478,P0403,2025-12-21 19:11:44.627830,cart
U1594,P0015,2025-06-06 19:11:44.627859,view
U1139,P0363,2025-05-16 19:11:44.627888,cart
U0081,P0154,2025-10-31 19:11:44.627920,view
U0467,P0008,2026-02-25 19:11:44.627948,view
U0675,P0128,2025-08-17 19:11:44.627977,cart
U1233,P0118,2026-03-08 19:11:44.628004,view
U0528,P0397,2026-03-01 19:11:44.628033,view
U1688,P0100,2025-04-16 19:11:44.628063,wishlist
U0142,P0380,2025-07-13 19:11:44.628093,purchase
U0109,P0492,2025-07-30 19:11:44.628122,view
U1074,P0186,2025-12-22 19:11:44.628150,view
U0174,P0371,2025-12-04 19:11:44.628178,view
U0306,P0411,2025-07-31 19:11:44.628206,view
U0312,P0331,2025-11-21 19:11:44.628233,wishlist
U0138,P0296,2025-04-18 19:11:44.628262,view
U1704,P0099,2025-06-09 19:11:44.628291,view
U0085,P0042,2025-04-25 19:11:44.628320,purchase
U0821,P0033,2025-04-29 19:11:44.628349,purchase
U1570,P0168,2025-09-28 19:11:44.628378,purchase
U1613,P0444,2026-01-15 19:11:44.628415,wishlist
U0335,P0220,2026-01-29 19:11:44.628446,cart
U1134,P0275,2025-07-16 19:11:44.628476,view
U1240,P0234,2025-08-16 19:11:44.628505,view
U1058,P0258,2025-07-12 19:11:44.628534,view
U1292,P0176,2025-10-03 19:11:44.628563,cart
U1755,P0195,2025-05-20 19:11:44.628592,purchase
U1881,P0455,2025-08-12 19:11:44.628621,view
U1651,P0186,2025-09-18 19:11:44.628651,view
U1013,P0351,2025-05-15 19:11:44.628680,view
U1020,P0190,2025-06-30 19:11:44.628709,view
U1787,P0121,2025-10-04 19:11:44.628737,view
U2000,P0027,2025-08-04 19:11:44.628765,view
U0910,P0059,2026-03-15 19:11:44.628793,view
U0460,P0478,2026-01-08 19:11:44.628822,view
U0627,P0156,2025-07-25 19:11:44.628854,view
U0384,P0280,2025-05-19 19:11:44.628884,view
U1326,P0288,2025-10-08 19:11:44.628913,wishlist
U0682,P0236,2025-12-19 19:11:44.628941,view
U0704,P0229,2025-07-02 19:11:44.628968,cart
U0058,P0173,2025-09-21 19:11:44.628996,view
U1220,P0203,2026-01-15 19:11:44.629028,view
U0690,P0005,2025-10-25 19:11:44.629058,cart
U0133,P0134,2025-04-05 19:11:44.629088,wishlist
U1195,P0479,2025-11-18 19:11:44.629117,view
U1712,P0379,2025-04-23 19:11:44.629146,cart
U0287,P0145,2025-12-12 19:11:44.629175,purchase
U1833,P0026,2025-09-02 19:11:44.629204,purchase
U1621,P0021,2025-10-18 19:11:44.629232,view
U1438,P0423,2026-01-03 19:11:44.629261,view
U0740,P0092,2025-06-18 19:11:44.629289,cart
U0833,P0174,2025-07-03 19:11:44.629318,purchase
U1458,P0356,2026-01-31 19:11:44.629346,view
U0752,P0322,2026-03-26 19:11:44.629377,wishlist
U1903,P0021,2026-02-26 19:11:44.629405,view
U0237,P0099,2025-04-06 19:11:44.629433,view
U0734,P0324,2025-10-08 19:11:44.629462,cart
U1656,P0080,2025-05-20 19:11:44.629490,cart
U0872,P0442,2025-12-01 19:11:44.629518,view
U1956,P0244,2025-07-22 19:11:44.629547,view
U1982,P0220,2025-11-30 19:11:44.629576,cart
U1858,P0185,2025-10-03 19:11:44.629605,view
U0794,P0373,2025-07-13 19:11:44.629638,purchase
U1426,P0383,2025-05-02 19:11:44.629668,view
U0217,P0118,2025-12-14 19:11:44.629698,view
U0540,P0457,2025-12-04 19:11:44.629726,purchase
U1705,P0116,2025-05-07 19:11:44.629755,cart
U0148,P0387,2025-11-04 19:11:44.629787,view
U0098,P0448,2025-08-11 19:11:44.629816,view
U0946,P0283,2025-08-31 19:11:44.629845,cart
U1435,P0486,2025-10-15 19:11:44.629874,view
U0774,P0321,2025-12-14 19:11:44.629901,wishlist
U1844,P0473,2025-09-30 19:11:44.629930,wishlist
U0048,P0256,2025-08-23 19:11:44.629959,purchase
U0148,P0302,2025-06-07 19:11:44.629987,view
U1191,P0252,2025-07-25 19:11:44.630016,wishlist
U1302,P0387,2026-02-23 19:11:44.630044,view
U1049,P0222,2026-04-01 19:11:44.630072,view
U1426,P0032,2025-06-10 19:11:44.630100,cart
U1300,P0426,2025-07-28 19:11:44.630129,cart
U1534,P0365,2026-03-26 19:11:44.630156,view
U0821,P0006,2026-02-24 19:11:44.630185,view
U1785,P0178,2026-02-05 19:11:44.630213,view
U1576,P0179,2026-01-09 19:11:44.630240,cart
U1368,P0339,2025-07-28 19:11:44.630268,purchase
U0810,P0316,2025-04-18 19:11:44.630297,view
U1375,P0487,2025-06-23 19:11:44.630325,cart
U0340,P0333,2025-10-20 19:11:44.630353,view
U0849,P0341,2025-10-11 19:11:44.630382,view
U1532,P0082,2026-03-09 19:11:44.630418,cart
U0372,P0329,2026-01-09 19:11:44.630447,cart
U1765,P0486,2025-08-15 19:11:44.630475,view
U0535,P0103,2026-03-14 19:11:44.630503,purchase
U0803,P0169,2025-07-01 19:11:44.630532,view
U1658,P0364,2026-01-14 19:11:44.630561,view
U0227,P0157,2025-10-11 19:11:44.630589,wishlist
U0120,P0234,2026-02-01 19:11:44.630618,view
U1392,P0218,2026-03-06 19:11:44.630646,view
U1376,P0364,2026-01-03 19:11:44.630674,view
U0256,P0150,2026-01-14 19:11:44.630703,view
U0030,P0026,2025-11-17 19:11:44.630731,cart
U1250,P0495,2026-02-03 19:11:44.630760,wishlist
U0825,P0149,2026-02-14 19:11:44.630789,view
U0001,P0141,2025-05-11 19:11:44.630818,wishlist
U0856,P0435,2025-08-07 19:11:44.630848,wishlist
U0037,P0195,2025-12-21 19:11:44.630878,view
U0495,P0488,2025-09-04 19:11:44.630907,wishlist
U1606,P0129,2025-07-26 19:11:44.630935,wishlist
U0614,P0409,2025-09-10 19:11:44.630964,cart
U1777,P0438,2026-02-01 19:11:44.630992,purchase
U1523,P0452,2025-04-27 19:11:44.631021,view
U0512,P0346,2025-07-22 19:11:44.631050,view
U0292,P0366,2026-03-22 19:11:44.631077,wishlist
U0722,P0192,2025-07-29 19:11:44.631105,wishlist
U1081,P0138,2025-05-16 19:11:44.631134,view
U0933,P0212,2025-05-13 19:11:44.631163,view
U0890,P0212,2025-09-06 19:11:44.631191,cart
U0066,P0310,2025-05-07 19:11:44.631220,view
U0032,P0413,2025-09-06 19:11:44.631248,view
U1589,P0331,2026-02-01 19:11:44.631275,cart
U1133,P0209,2025-11-16 19:11:44.631303,wishlist
U1891,P0381,2025-09-30 19:11:44.631330,wishlist
U1966,P0304,2025-10-26 19:11:44.631358,purchase
U1304,P0004,2025-09-11 19:11:44.631385,cart
U0427,P0221,2025-07-19 19:11:44.631414,view
U1495,P0111,2025-11-27 19:11:44.631443,view
U1184,P0292,2026-02-02 19:11:44.631471,view
U1110,P0401,2025-08-14 19:11:44.631498,view
U1693,P0097,2026-02-03 19:11:44.631525,purchase
U1823,P0354,2025-04-07 19:11:44.631552,view
U0164,P0442,2026-02-10 19:11:44.631580,view
U0500,P0069,2025-04-12 19:11:44.631609,cart
U1745,P0171,2026-01-17 19:11:44.631637,view
U1314,P0200,2025-05-13 19:11:44.631665,view
U0021,P0483,2025-05-05 19:11:44.631695,cart
U0232,P0174,2026-01-30 19:11:44.631724,cart
U1163,P0449,2025-10-28 19:11:44.631752,view
U0332,P0046,2025-04-14 19:11:44.631780,cart
U0327,P0430,2025-11-08 19:11:44.631808,view
U1670,P0246,2026-02-08 19:11:44.631835,view
U0173,P0320,2025-06-03 19:11:44.631863,view
U0753,P0346,2025-06-04 19:11:44.631891,view
U0635,P0066,2025-10-13 19:11:44.631919,view
U1370,P0209,2026-03-07 19:11:44.631947,cart
U1754,P0308,2025-06-09 19:11:44.631975,view
U0797,P0352,2025-06-20 19:11:44.632004,cart
U0067,P0276,2025-06-04 19:11:44.632032,cart
U1476,P0465,2025-11-22 19:11:44.632061,view
U1217,P0022,2025-12-10 19:11:44.632093,cart
U0912,P0040,2025-07-18 19:11:44.632123,cart
U1897,P0416,2025-12-27 19:11:44.632152,view
U1846,P0481,2025-11-23 19:11:44.632181,view
U1802,P0081,2026-01-27 19:11:44.632210,view
U0625,P0172,2025-11-14 19:11:44.632238,cart
U0607,P0406,2025-09-18 19:11:44.632265,view
U0505,P0448,2025-10-16 19:11:44.632295,cart
U0318,P0429,2026-02-06 19:11:44.632322,view
U0466,P0385,2025-05-14 19:11:44.632351,wishlist
U0419,P0165,2025-12-15 19:11:44.632380,view
U0608,P0103,2026-03-17 19:11:44.632416,view
U1051,P0018,2026-01-16 19:11:44.632446,view
U0851,P0176,2025-09-04 19:11:44.632474,view
U1010,P0335,2025-07-08 19:11:44.632505,cart
U0058,P0392,2025-12-02 19:11:44.632534,cart
U0151,P0421,2025-05-24 19:11:44.632562,view
U1075,P0324,2025-06-21 19:11:44.632590,view
U0603,P0448,2025-07-02 19:11:44.632618,view
U0661,P0028,2026-02-04 19:11:44.632645,cart
U0383,P0478,2025-05-23 19:11:44.632673,view
U0402,P0076,2025-08-01 19:11:44.632700,view
U1263,P0292,2026-01-07 19:11:44.632727,view
U1029,P0211,2025-04-25 19:11:44.632755,purchase
U0584,P0355,2025-12-30 19:11:44.632782,view
U0626,P0406,2026-01-22 19:11:44.632810,view
U1454,P0357,2026-02-15 19:11:44.632837,view
U1733,P0042,2025-09-19 19:11:44.632864,view
U1440,P0361,2025-10-24 19:11:44.632891,view
U0116,P0423,2026-03-26 19:11:44.632920,view
U1324,P0290,2025-10-04 19:11:44.632948,view
U0682,P0098,2025-08-03 19:11:44.632977,view
U0292,P0254,2025-10-18 19:11:44.633005,wishlist
U0869,P0401,2025-09-18 19:11:44.633034,wishlist
U1519,P0484,2025-12-20 19:11:44.633063,wishlist
U1484,P0472,2026-03-26 19:11:44.633090,wishlist
U0942,P0374,2025-10-23 19:11:44.633118,view
U0048,P0212,2025-12-18 19:11:44.633146,view
U1444,P0429,2025-09-08 19:11:44.633174,view
U1940,P0022,2025-09-19 19:11:44.633201,view
U0170,P0331,2026-01-17 19:11:44.633229,view
U0860,P0410,2025-10-10 19:11:44.633256,view
U0012,P0145,2025-12-02 19:11:44.633284,view
U1305,P0128,2025-12-21 19:11:44.633312,view
U1597,P0153,2025-11-28 19:11:44.633340,view
U1261,P0041,2025-05-25 19:11:44.633367,cart
U1981,P0462,2025-04-30 19:11:44.633398,view
U0082,P0297,2025-04-22 19:11:44.633427,purchase
U0160,P0388,2026-03-16 19:11:44.633456,cart
U0161,P0301,2025-10-18 19:11:44.633484,wishlist
U0640,P0475,2025-06-15 19:11:44.633512,view
U0183,P0343,2026-02-07 19:11:44.633541,wishlist
U0373,P0016,2026-01-16 19:11:44.633569,cart
U0123,P0446,2025-06-03 19:11:44.633597,purchase
U0619,P0055,2025-12-06 19:11:44.633625,view
U1113,P0083,2025-04-30 19:11:44.633655,view
U1792,P0040,2025-12-10 19:11:44.633683,view
U0705,P0500,2025-05-19 19:11:44.633711,cart
U1572,P0366,2026-01-27 19:11:44.633739,purchase
U0968,P0199,2025-09-14 19:11:44.633768,view
U1132,P0218,2025-10-25 19:11:44.633796,view
U1147,P0342,2026-02-02 19:11:44.633826,purchase
U0633,P0280,2025-07-30 19:11:44.633854,view
U0425,P0315,2026-01-30 19:11:44.633881,wishlist
U1174,P0085,2025-08-06 19:11:44.633914,view
U0392,P0346,2025-11-07 19:11:44.633944,view
U1563,P0475,2025-09-04 19:11:44.633973,view
U1976,P0174,2026-04-01 19:11:44.634002,wishlist
U0684,P0265,2025-09-24 19:11:44.634032,view
U0162,P0107,2025-09-20 19:11:44.634061,view
U1521,P0267,2025-05-26 19:11:44.634089,view
U0309,P0139,2025-08-28 19:11:44.634119,view
U1780,P0363,2025-09-03 19:11:44.634148,wishlist
U1328,P0454,2025-05-13 19:11:44.634177,purchase
U0643,P0410,2025-09-27 19:11:44.634207,view
U0412,P0328,2025-05-04 19:11:44.634236,view
U0299,P0329,2026-02-01 19:11:44.634265,cart
U0228,P0299,2025-11-01 19:11:44.634294,view
U0515,P0122,2025-12-11 19:11:44.634327,view
U0214,P0430,2025-09-12 19:11:44.634357,view
U1146,P0067,2025-10-28 19:11:44.634385,purchase
U1077,P0070,2026-03-01 19:11:44.634420,view
U0350,P0308,2025-07-22 19:11:44.634450,cart
U1715,P0228,2025-05-31 19:11:44.634480,cart
U0881,P0385,2025-05-18 19:11:44.634512,view
U1540,P0224,2025-10-03 19:11:44.634543,view
U1930,P0096,2026-03-05 19:11:44.634571,view
U1166,P0335,2025-09-27 19:11:44.634599,view
U1726,P0228,2026-01-08 19:11:44.634628,cart
U1312,P0101,2025-08-19 19:11:44.634656,view
U0990,P0461,2026-01-25 19:11:44.634684,purchase
U0665,P0074,2025-05-01 19:11:44.634713,view
U1054,P0042,2026-02-01 19:11:44.634740,view
U1411,P0115,2025-11-09 19:11:44.634768,wishlist
U1703,P0092,2026-03-23 19:11:44.634796,view
U1775,P0051,2025-10-29 19:11:44.634824,cart
U0028,P0285,2026-01-02 19:11:44.634852,wishlist
U1039,P0282,2025-11-30 19:11:44.634883,view
U1701,P0359,2025-06-15 19:11:44.634912,view
U0860,P0449,2025-06-16 19:11:44.634940,purchase
U0761,P0081,2025-08-07 19:11:44.634968,purchase
U0663,P0279,2026-04-05 19:11:44.634998,view
U0438,P0207,2025-07-13 19:11:44.635028,cart
U0504,P0165,2025-05-17 19:11:44.635058,purchase
U0045,P0041,2025-08-04 19:11:44.635088,view
U0431,P0239,2026-01-17 19:11:44.635117,view
U1280,P0280,2025-11-24 19:11:44.635145,view
U1336,P0114,2026-02-20 19:11:44.635173,cart
U1426,P0080,2025-07-01 19:11:44.635202,wishlist
U0323,P0425,2025-05-02 19:11:44.635234,cart
U0819,P0465,2025-04-27 19:11:44.635263,cart
U1718,P0077,2025-08-27 19:11:44.635292,view
U1976,P0215,2026-03-20 19:11:44.635321,cart
U0296,P0372,2026-01-23 19:11:44.635349,purchase
U1171,P0032,2026-02-24 19:11:44.635380,cart
U0876,P0266,2025-10-21 19:11:44.635408,wishlist
U0217,P0393,2025-06-20 19:11:44.635440,view
U0665,P0250,2025-06-18 19:11:44.635469,purchase
U1251,P0418,2025-12-17 19:11:44.635498,wishlist
U0054,P0337,2026-02-24 19:11:44.635527,view
U1972,P0212,2025-04-12 19:11:44.635555,cart
U0310,P0147,2026-03-25 19:11:44.635584,view
U1632,P0070,2025-04-18 19:11:44.635613,cart
U0166,P0263,2026-02-25 19:11:44.635641,cart
U1198,P0352,2025-12-20 19:11:44.635670,view
U0635,P0269,2025-07-12 19:11:44.635698,purchase
U1840,P0374,2025-05-07 19:11:44.635728,cart
U0889,P0071,2025-09-04 19:11:44.635757,view
U0926,P0349,2026-04-03 19:11:44.635786,view
U0443,P0170,2025-06-15 19:11:44.635815,wishlist
U0189,P0476,2026-02-09 19:11:44.635843,wishlist
U0417,P0270,2026-03-11 19:11:44.635871,cart
U0783,P0048,2025-08-26 19:11:44.635900,cart
U0704,P0343,2026-01-12 19:11:44.635928,view
U1184,P0088,2025-10-28 19:11:44.635955,cart
U0390,P0471,2026-03-15 19:11:44.635983,wishlist
U0837,P0216,2025-11-11 19:11:44.636010,view
U0580,P0374,2025-08-30 19:11:44.636038,wishlist
U1183,P0496,2025-06-01 19:11:44.636066,view
U0382,P0034,2025-06-13 19:11:44.636095,cart
U1879,P0477,2026-03-13 19:11:44.636123,view
U1586,P0130,2025-04-12 19:11:44.636154,wishlist
U0931,P0007,2025-12-16 19:11:44.636182,view
U0238,P0288,2025-12-12 19:11:44.636211,wishlist
U1652,P0277,2025-10-27 19:11:44.636240,view
U0603,P0027,2025-10-06 19:11:44.636267,cart
U0991,P0415,2025-04-24 19:11:44.636295,cart
U0832,P0070,2025-11-03 19:11:44.636323,cart
U1311,P0329,2026-01-15 19:11:44.636355,cart
U1066,P0400,2025-05-23 19:11:44.636386,cart
U0719,P0429,2025-08-16 19:11:44.636425,view
U1664,P0237,2025-07-11 19:11:44.636456,view
U1518,P0034,2025-07-20 19:11:44.636486,view
U1341,P0082,2026-01-11 19:11:44.636514,cart
U0054,P0262,2025-05-11 19:11:44.636543,purchase
U0858,P0012,2025-05-06 19:11:44.636573,view
U0944,P0151,2026-02-11 19:11:44.636602,cart
U0382,P0192,2025-10-31 19:11:44.636631,cart
U1354,P0214,2025-11-14 19:11:44.636660,wishlist
U1657,P0094,2025-07-18 19:11:44.636689,wishlist
U0807,P0136,2025-04-11 19:11:44.636718,purchase
U1122,P0147,2025-06-22 19:11:44.636746,view
U0234,P0321,2025-07-27 19:11:44.636775,view
U0904,P0419,2025-12-20 19:11:44.636804,wishlist
U1428,P0384,2026-03-04 19:11:44.636832,purchase
U1826,P0396,2026-03-30 19:11:44.636864,view
U1404,P0467,2025-08-24 19:11:44.636892,cart
U1224,P0103,2025-12-07 19:11:44.636921,view
U1856,P0371,2025-07-15 19:11:44.636950,cart
U1685,P0077,2025-11-21 19:11:44.636982,view
U1997,P0346,2025-09-16 19:11:44.637010,view
U0656,P0469,2025-09-26 19:11:44.637039,wishlist
U1671,P0195,2025-10-05 19:11:44.637067,view
U0821,P0488,2025-12-17 19:11:44.637098,view
U0593,P0355,2025-10-31 19:11:44.637128,view
U1188,P0236,2025-11-17 19:11:44.637157,view
U1884,P0398,2025-07-30 19:11:44.637186,view
U1115,P0137,2025-06-12 19:11:44.637214,view
U1257,P0307,2026-01-18 19:11:44.637243,cart
U0689,P0402,2025-12-26 19:11:44.637272,view
U0972,P0024,2025-05-01 19:11:44.637301,view
U1388,P0037,2026-02-06 19:11:44.637331,cart
U0970,P0215,2025-12-31 19:11:44.637360,view
U1242,P0058,2025-10-14 19:11:44.637388,view
U0350,P0260,2025-11-18 19:11:44.637416,view
U0057,P0231,2026-03-25 19:11:44.637444,purchase
U0368,P0400,2025-12-19 19:11:44.637472,purchase
U0239,P0205,2026-01-28 19:11:44.637501,cart
U1324,P0110,2025-05-07 19:11:44.637530,view
U1683,P0039,2025-04-24 19:11:44.637559,view
U0256,P0003,2025-04-16 19:11:44.637588,view
U1512,P0305,2025-12-08 19:11:44.637617,purchase
U1054,P0310,2025-07-17 19:11:44.637645,purchase
U1725,P0309,2026-03-14 19:11:44.637675,cart
U0268,P0361,2025-09-04 19:11:44.637704,cart
U0871,P0003,2026-03-15 19:11:44.637732,view
U1629,P0309,2025-10-31 19:11:44.637760,cart
U1635,P0288,2025-09-25 19:11:44.637788,view
U0877,P0199,2026-02-06 19:11:44.637816,view
U0869,P0261,2025-05-03 19:11:44.637844,purchase
U1439,P0179,2025-11-22 19:11:44.637874,view
U0473,P0240,2026-04-04 19:11:44.637903,view
U0562,P0392,2025-12-02 19:11:44.637932,view
U0260,P0185,2025-08-19 19:11:44.637960,view
U1177,P0465,2025-12-31 19:11:44.637988,view
U1313,P0294,2025-10-16 19:11:44.638020,view
U0597,P0253,2025-09-10 19:11:44.638048,view
U1351,P0372,2025-07-30 19:11:44.638077,view
U1792,P0390,2025-08-15 19:11:44.638106,view
U1911,P0059,2026-02-08 19:11:44.638134,purchase
U1552,P0122,2025-10-23 19:11:44.638163,view
U1876,P0450,2026-03-13 19:11:44.638193,view
U1002,P0028,2025-11-28 19:11:44.638221,view
U0905,P0322,2025-08-09 19:11:44.638249,view
U0931,P0070,2025-08-04 19:11:44.638277,wishlist
U1731,P0479,2026-01-21 19:11:44.638305,view
U0523,P0456,2026-03-22 19:11:44.638335,cart
U0311,P0336,2025-11-04 19:11:44.638363,view
U0145,P0188,2026-01-20 19:11:44.638391,cart
U1651,P0113,2025-04-17 19:11:44.638427,cart
U1010,P0284,2026-04-04 19:11:44.638456,wishlist
U1178,P0309,2025-06-26 19:11:44.638485,purchase
U0367,P0278,2025-09-10 19:11:44.638514,view
U1999,P0417,2026-03-17 19:11:44.638544,purchase
U1228,P0147,2025-06-13 19:11:44.638571,view
U1104,P0260,2026-02-13 19:11:44.638600,cart
U0297,P0413,2026-01-01 19:11:44.638628,cart
U1232,P0218,2025-04-17 19:11:44.638657,view
U0106,P0112,2025-12-16 19:11:44.638685,view
U0710,P0425,2025-08-17 19:11:44.638714,view
U0815,P0145,2026-02-23 19:11:44.638743,cart
U0036,P0251,2025-07-11 19:11:44.638772,view
U0127,P0380,2025-07-21 19:11:44.638801,purchase
U0164,P0454,2025-10-20 19:11:44.638833,cart
U1370,P0328,2025-08-29 19:11:44.638862,cart
U0091,P0098,2026-03-17 19:11:44.638891,wishlist
U0875,P0499,2025-12-09 19:11:44.638921,view
U1222,P0380,2025-12-14 19:11:44.638951,view
U1788,P0324,2026-01-21 19:11:44.638979,view
U1989,P0248,2025-10-03 19:11:44.639007,view
U0227,P0166,2025-04-22 19:11:44.639036,view
U1937,P0249,2025-07-04 19:11:44.639065,view
U1045,P0308,2025-10-22 19:11:44.639093,view
U0148,P0003,2025-12-09 19:11:44.639122,cart
U0012,P0393,2026-02-11 19:11:44.639152,view
U1140,P0092,2025-05-25 19:11:44.639180,cart
U0249,P0185,2025-11-27 19:11:44.639209,cart
U0840,P0490,2026-03-16 19:11:44.639237,view
U0317,P0416,2025-10-04 19:11:44.639266,view
U0177,P0313,2025-11-19 19:11:44.639295,view
U1861,P0408,2025-04-13 19:11:44.639324,view
U0673,P0139,2026-01-21 19:11:44.639353,wishlist
U1803,P0327,2025-07-20 19:11:44.639383,view
U0162,P0109,2025-08-22 19:11:44.639412,view
U0077,P0375,2026-01-17 19:11:44.639444,cart
U0570,P0407,2025-09-02 19:11:44.639474,view
U0473,P0121,2025-09-09 19:11:44.639504,view
U0861,P0440,2025-05-14 19:11:44.639533,view
U1986,P0260,2025-09-08 19:11:44.639563,view
U1714,P0247,2025-08-12 19:11:44.639593,cart
U0122,P0336,2026-03-02 19:11:44.639623,cart
U1672,P0057,2025-07-06 19:11:44.639652,view
U1992,P0040,2025-10-28 19:11:44.639681,cart
U1203,P0091,2025-12-14 19:11:44.639710,purchase
U1271,P0196,2026-03-19 19:11:44.639739,view
U0813,P0492,2025-06-24 19:11:44.639767,purchase
U1355,P0381,2025-07-20 19:11:44.639797,view
U1327,P0032,2025-09-27 19:11:44.639827,view
U0545,P0415,2025-08-30 19:11:44.639862,view
U1472,P0412,2025-05-01 19:11:44.639891,view
U1167,P0283,2025-12-18 19:11:44.639920,view
U1631,P0342,2025-09-14 19:11:44.639949,cart
U1811,P0014,2025-05-10 19:11:44.639978,view
U1708,P0003,2025-04-22 19:11:44.640007,view
U1734,P0403,2026-02-01 19:11:44.640035,view
U0714,P0080,2025-05-12 19:11:44.640067,purchase
U1848,P0456,2026-01-12 19:11:44.640096,cart
U1919,P0203,2025-05-16 19:11:44.640126,purchase
U1283,P0491,2025-06-17 19:11:44.640155,view
U1877,P0382,2026-02-06 19:11:44.640184,view
U0339,P0270,2025-09-12 19:11:44.640214,view
U1055,P0154,2026-02-28 19:11:44.640242,view
U1613,P0079,2025-08-28 19:11:44.640271,view
U1980,P0287,2025-11-11 19:11:44.640301,cart
U0331,P0036,2025-11-13 19:11:44.640328,view
U1700,P0203,2026-01-23 19:11:44.640358,cart
U1582,P0396,2025-09-11 19:11:44.640388,view
U1988,P0465,2025-05-14 19:11:44.640424,view
U0210,P0439,2025-04-13 19:11:44.640455,cart
U1531,P0264,2026-03-03 19:11:44.640484,cart
U1055,P0309,2025-05-30 19:11:44.640513,view
U0322,P0427,2026-02-09 19:11:44.640542,view
U0061,P0011,2025-11-30 19:11:44.640572,view
U0396,P0084,2025-08-25 19:11:44.640600,cart
U1800,P0236,2025-07-06 19:11:44.640628,view
U0638,P0123,2025-12-02 19:11:44.640657,wishlist
U1874,P0007,2025-12-04 19:11:44.640686,view
U0487,P0038,2026-01-22 19:11:44.640715,view
U0408,P0021,2025-05-20 19:11:44.640743,view
U1816,P0353,2026-02-15 19:11:44.640772,cart
U1819,P0275,2025-06-27 19:11:44.640803,purchase
U1945,P0183,2025-12-03 19:11:44.640832,purchase
U1632,P0325,2025-12-03 19:11:44.640861,wishlist
U1350,P0345,2025-07-06 19:11:44.640890,view
U0024,P0496,2025-06-23 19:11:44.640919,view
U1538,P0052,2025-06-07 19:11:44.640947,cart
U0809,P0036,2025-05-10 19:11:44.640976,view
U0277,P0253,2025-05-22 19:11:44.641005,view
U0908,P0324,2025-05-21 19:11:44.641033,view
U0267,P0048,2025-08-15 19:11:44.641061,cart
U1117,P0174,2026-02-09 19:11:44.641090,view
U0818,P0329,2025-06-23 19:11:44.641118,view
U0015,P0137,2026-03-04 19:11:44.641147,view
U1830,P0288,2025-05-18 19:11:44.641175,wishlist
U1112,P0399,2025-11-06 19:11:44.641204,cart
U0419,P0189,2025-07-15 19:11:44.641233,view
U1816,P0084,2025-04-25 19:11:44.641262,view
U1764,P0355,2025-09-05 19:11:44.641292,cart
U0970,P0150,2025-11-22 19:11:44.641324,view
U1373,P0314,2025-07-27 19:11:44.641353,cart
U1534,P0421,2026-01-05 19:11:44.641382,cart
U1079,P0319,2025-06-25 19:11:44.641411,view
U0928,P0494,2025-07-02 19:11:44.641440,view
U0887,P0177,2025-05-24 19:11:44.641469,view
U0335,P0049,2025-11-04 19:11:44.641497,view
U1970,P0060,2025-10-05 19:11:44.641527,purchase
U1933,P0010,2025-12-03 19:11:44.641555,cart
U1254,P0008,2025-09-14 19:11:44.641583,view
U1276,P0339,2025-06-29 19:11:44.641610,view
U1660,P0022,2025-05-15 19:11:44.641639,view
U1372,P0316,2025-09-28 19:11:44.641682,view
U0632,P0100,2026-01-15 19:11:44.641711,view
U1585,P0490,2025-12-03 19:11:44.641741,wishlist
U0860,P0083,2025-07-12 19:11:44.641770,view
U1220,P0025,2025-05-30 19:11:44.641799,view
U0736,P0114,2025-07-07 19:11:44.641826,view
U0963,P0256,2026-02-23 19:11:44.641854,wishlist
U1282,P0013,2025-09-08 19:11:44.641883,wishlist
U1196,P0444,2026-01-01 19:11:44.641911,purchase
U1276,P0374,2025-09-22 19:11:44.641944,view
U0729,P0076,2025-04-22 19:11:44.641973,view
U1436,P0291,2026-02-05 19:11:44.642003,cart
U0502,P0056,2026-01-09 19:11:44.642032,view
U0592,P0101,2026-01-07 19:11:44.642060,purchase
U1400,P0447,2025-11-04 19:11:44.642089,purchase
U1595,P0387,2025-05-13 19:11:44.642118,view
U1140,P0027,2025-08-04 19:11:44.642148,view
U0023,P0388,2025-05-21 19:11:44.642177,view
U1740,P0297,2026-01-08 19:11:44.642206,view
U1717,P0087,2025-09-29 19:11:44.642237,cart
U0665,P0195,2025-12-25 19:11:44.642266,cart
U1843,P0066,2025-09-28 19:11:44.642295,cart
U0367,P0326,2026-03-07 19:11:44.642324,cart
U1633,P0307,2025-09-06 19:11:44.642354,wishlist
U1862,P0285,2025-08-18 19:11:44.642383,purchase
U0717,P0159,2026-03-26 19:11:44.642419,view
U0195,P0154,2026-03-23 19:11:44.642451,purchase
U1553,P0125,2025-10-31 19:11:44.642480,view
U1849,P0339,2025-08-30 19:11:44.642509,view
U0319,P0010,2025-12-17 19:11:44.642539,cart
U0561,P0023,2026-03-08 19:11:44.642570,view
U0604,P0352,2025-07-14 19:11:44.642601,cart
U0818,P0403,2025-07-22 19:11:44.642631,cart
U1997,P0231,2025-10-31 19:11:44.642661,wishlist
U0769,P0390,2025-11-14 19:11:44.642691,purchase
U0005,P0139,2025-08-15 19:11:44.642721,cart
U1847,P0206,2025-06-27 19:11:44.642751,cart
U1197,P0003,2025-09-24 19:11:44.642780,view
U1465,P0169,2025-07-11 19:11:44.642809,view
U1779,P0056,2025-09-11 19:11:44.642838,cart
U0734,P0076,2025-11-01 19:11:44.642867,cart
U0126,P0458,2026-02-28 19:11:44.642896,view
U0655,P0113,2026-02-20 19:11:44.642925,view
U1095,P0131,2025-10-06 19:11:44.642954,view
U1790,P0247,2025-08-23 19:11:44.642982,view
U0539,P0120,2025-07-17 19:11:44.643011,view
U1591,P0351,2026-02-24 19:11:44.643039,cart
U1287,P0487,2026-01-04 19:11:44.643068,view
U1518,P0153,2025-08-18 19:11:44.643096,view
U1916,P0494,2025-05-18 19:11:44.643125,view
U0069,P0392,2025-08-10 19:11:44.643154,view
U1597,P0295,2025-07-23 19:11:44.643182,view
U0613,P0327,2025-06-22 19:11:44.643210,view
U0881,P0298,2025-05-16 19:11:44.643238,view
U0361,P0011,2025-11-06 19:11:44.643267,view
U0439,P0164,2026-02-10 19:11:44.643295,cart
U1289,P0366,2025-06-29 19:11:44.643324,view
U0048,P0094,2025-08-23 19:11:44.643352,wishlist
U0021,P0230,2025-12-23 19:11:44.643381,view
U1905,P0344,2025-05-10 19:11:44.643409,view
U0078,P0454,2025-09-25 19:11:44.643438,view
U0990,P0073,2025-07-09 19:11:44.643466,purchase
U1024,P0285,2025-09-29 19:11:44.643496,view
U1689,P0200,2025-09-12 19:11:44.643525,view
U0768,P0138,2026-02-28 19:11:44.643554,view
U1045,P0249,2025-04-10 19:11:44.643584,cart
U0573,P0231,2025-08-25 19:11:44.643614,view
U0564,P0071,2025-09-11 19:11:44.643643,view
U0799,P0016,2025-05-25 19:11:44.643672,view
U0616,P0289,2025-05-22 19:11:44.643701,view
U1877,P0436,2025-12-26 19:11:44.643731,cart
U1799,P0401,2025-07-29 19:11:44.643760,wishlist
U1986,P0423,2025-05-02 19:11:44.643790,purchase
U0033,P0269,2026-03-20 19:11:44.643825,view
U1894,P0006,2025-12-14 19:11:44.643856,view
U0767,P0486,2025-11-22 19:11:44.643887,wishlist
U1412,P0383,2025-06-21 19:11:44.643916,view
U1770,P0446,2025-04-19 19:11:44.643945,view
U0882,P0032,2025-10-08 19:11:44.643974,wishlist
U0448,P0205,2025-10-13 19:11:44.644003,view
U1254,P0033,2025-11-14 19:11:44.644032,view
U0150,P0499,2025-10-18 19:11:44.644061,cart
U1900,P0443,2025-11-30 19:11:44.644091,cart
U0672,P0038,2026-02-06 19:11:44.644120,purchase
U0254,P0024,2025-05-09 19:11:44.644149,purchase
U0972,P0181,2025-06-21 19:11:44.644178,wishlist
U0627,P0485,2026-03-01 19:11:44.644207,view
U0548,P0127,2025-10-13 19:11:44.644235,view
U1925,P0328,2025-05-05 19:11:44.644264,cart
U0708,P0250,2025-10-26 19:11:44.644292,cart
U0229,P0294,2025-10-25 19:11:44.644320,view
U0225,P0009,2025-04-17 19:11:44.644350,cart
U1059,P0211,2025-06-06 19:11:44.644379,view
U1590,P0098,2025-04-08 19:11:44.644407,view
U0863,P0447,2025-10-26 19:11:44.644443,purchase
U0845,P0238,2025-10-11 19:11:44.644473,view
U0031,P0283,2025-07-25 19:11:44.644503,view
U0888,P0424,2026-02-12 19:11:44.644534,cart
U0590,P0258,2026-03-29 19:11:44.644563,view
U1923,P0461,2025-09-28 19:11:44.644594,cart
U0769,P0225,2025-11-13 19:11:44.644623,cart
U0419,P0306,2026-03-15 19:11:44.644651,purchase
U0465,P0196,2025-09-20 19:11:44.644679,view
U1775,P0031,2025-04-05 19:11:44.644707,view
U1218,P0005,2025-12-15 19:11:44.644735,view
U0141,P0055,2025-08-13 19:11:44.644764,view
U1000,P0142,2026-03-29 19:11:44.644793,cart
U0117,P0426,2025-07-06 19:11:44.644822,purchase
U1612,P0141,2025-12-02 19:11:44.644851,view
U1444,P0087,2025-10-15 19:11:44.644880,cart
U1190,P0099,2026-01-17 19:11:44.644908,view
U0466,P0468,2025-05-15 19:11:44.644937,view
U1590,P0134,2025-09-26 19:11:44.644965,view
U1811,P0378,2025-04-26 19:11:44.644993,view
U1374,P0437,2025-12-11 19:11:44.645023,view
U0918,P0002,2025-09-23 19:11:44.645051,view
U0125,P0469,2026-02-28 19:11:44.645079,cart
U1259,P0022,2025-08-31 19:11:44.645108,view
U1882,P0318,2025-04-16 19:11:44.645135,view
U0128,P0051,2025-07-02 19:11:44.645164,view
U0784,P0221,2025-05-31 19:11:44.645192,cart
U1541,P0425,2025-09-30 19:11:44.645221,view
U1704,P0481,2025-12-20 19:11:44.645250,view
U1579,P0485,2025-06-11 19:11:44.645279,view
U1348,P0459,2026-03-28 19:11:44.645309,view
U1217,P0452,2026-02-18 19:11:44.645337,view
U1081,P0404,2025-09-05 19:11:44.645366,view
U0870,P0174,2025-07-25 19:11:44.645394,view
U1004,P0149,2025-11-02 19:11:44.645423,cart
U0415,P0167,2025-10-14 19:11:44.645455,view
U1103,P0204,2026-03-27 19:11:44.645483,view
U0353,P0484,2025-05-09 19:11:44.645513,wishlist
U1450,P0079,2025-09-22 19:11:44.645543,view
U1867,P0260,2025-09-22 19:11:44.645572,cart
U0768,P0370,2025-08-23 19:11:44.645601,view
U0423,P0321,2025-09-11 19:11:44.645675,cart
U1467,P0483,2026-03-23 19:11:44.645710,view
U1892,P0457,2026-01-04 19:11:44.645741,cart
U0667,P0379,2026-01-14 19:11:44.645772,view
U1282,P0008,2025-06-01 19:11:44.645802,view
U1124,P0275,2026-01-27 19:11:44.645833,wishlist
U1518,P0155,2026-03-09 19:11:44.645864,view
U0791,P0206,2025-07-01 19:11:44.645895,cart
U1371,P0265,2025-04-16 19:11:44.645925,view
U0830,P0484,2025-07-22 19:11:44.645955,view
U1924,P0427,2026-03-18 19:11:44.645985,cart
U1974,P0423,2026-04-05 19:11:44.646014,purchase
U0129,P0353,2025-09-03 19:11:44.646046,view
U0618,P0309,2025-06-11 19:11:44.646076,view
U0839,P0268,2025-08-27 19:11:44.646106,view
U1399,P0274,2025-08-26 19:11:44.646135,wishlist
U1102,P0386,2026-03-27 19:11:44.646163,view
U1183,P0431,2025-08-19 19:11:44.646192,cart
U0415,P0211,2025-07-25 19:11:44.646220,view
U1691,P0287,2025-07-10 19:11:44.646248,view
U1833,P0035,2025-05-07 19:11:44.646277,view
U1025,P0458,2025-12-28 19:11:44.646305,cart
U1944,P0216,2025-10-18 19:11:44.646334,view
U0714,P0172,2025-08-18 19:11:44.646364,cart
U1209,P0001,2025-06-19 19:11:44.646392,wishlist
U0434,P0295,2026-02-19 19:11:44.646432,view
U0303,P0394,2025-08-12 19:11:44.646464,view
U1826,P0202,2025-09-27 19:11:44.646494,cart
U1218,P0092,2026-02-14 19:11:44.646523,view
U0275,P0058,2025-06-20 19:11:44.646553,view
U1053,P0454,2025-09-23 19:11:44.646583,cart
U1125,P0197,2025-10-29 19:11:44.646612,view
U1137,P0496,2025-08-13 19:11:44.646640,purchase
U0518,P0479,2025-07-05 19:11:44.646670,view
U0488,P0409,2026-03-21 19:11:44.646699,cart
U1524,P0372,2026-01-13 19:11:44.646728,wishlist
U0105,P0225,2025-08-19 19:11:44.646757,purchase
U1470,P0076,2026-02-25 19:11:44.646785,purchase
U0827,P0407,2025-11-19 19:11:44.646812,wishlist
U0805,P0374,2025-12-27 19:11:44.646840,view
U0951,P0219,2026-02-06 19:11:44.646869,wishlist
U0334,P0215,2025-05-21 19:11:44.646898,view
U0609,P0411,2025-08-14 19:11:44.646927,wishlist
U0733,P0084,2026-01-19 19:11:44.646956,view
U0076,P0028,2025-06-03 19:11:44.646987,view
U0458,P0135,2025-07-13 19:11:44.647015,view
U1560,P0049,2025-11-05 19:11:44.647044,view
U1666,P0073,2025-04-25 19:11:44.647072,view
U1622,P0333,2026-01-30 19:11:44.647100,view
U1005,P0388,2025-11-18 19:11:44.647129,view
U1153,P0229,2025-11-10 19:11:44.647157,purchase
U0095,P0435,2025-09-22 19:11:44.647185,purchase
U1571,P0405,2026-01-22 19:11:44.647213,view
U1475,P0487,2025-11-21 19:11:44.647240,cart
U1584,P0047,2025-07-04 19:11:44.647268,view
U1905,P0436,2025-04-14 19:11:44.647296,cart
U0705,P0458,2025-11-20 19:11:44.647325,purchase
U1101,P0139,2025-08-26 19:11:44.647355,view
U1610,P0383,2025-10-16 19:11:44.647382,view
U0647,P0457,2026-01-05 19:11:44.647410,view
U0152,P0276,2025-09-08 19:11:44.647439,cart
U0809,P0405,2026-01-15 19:11:44.647467,view
U1736,P0032,2025-05-16 19:11:44.647495,view
U1070,P0488,2025-08-24 19:11:44.647524,wishlist
U0818,P0179,2025-05-26 19:11:44.647552,purchase
U0163,P0222,2025-12-24 19:11:44.647583,purchase
U0794,P0201,2026-01-03 19:11:44.647612,view
U1186,P0313,2025-05-01 19:11:44.647640,view
U0696,P0415,2025-07-10 19:11:44.647668,view
U1710,P0046,2025-09-02 19:11:44.647697,view
U1165,P0281,2025-04-17 19:11:44.647724,view
U1389,P0482,2025-07-28 19:11:44.647752,view
U0081,P0185,2025-09-14 19:11:44.647780,view
U1299,P0481,2025-10-07 19:11:44.647807,cart
U1054,P0158,2025-04-24 19:11:44.647835,view
U0841,P0134,2025-06-12 19:11:44.647863,view
U1938,P0414,2026-02-24 19:11:44.647891,view
U1668,P0111,2025-10-10 19:11:44.647919,cart
U1693,P0230,2025-09-07 19:11:44.647947,view
U0291,P0299,2025-09-19 19:11:44.647975,purchase
U1793,P0185,2026-03-21 19:11:44.648002,view
U1014,P0051,2025-12-12 19:11:44.648030,purchase
U1087,P0244,2026-03-18 19:11:44.648058,view
U1284,P0243,2025-06-16 19:11:44.648085,purchase
U1892,P0136,2025-11-03 19:11:44.648113,purchase
U0189,P0175,2025-11-14 19:11:44.648141,purchase
U1165,P0142,2025-04-13 19:11:44.648170,cart
U1536,P0398,2025-10-15 19:11:44.648199,view
U1657,P0442,2025-09-09 19:11:44.648228,view
U0868,P0066,2025-04-25 19:11:44.648259,view
U1542,P0348,2025-09-17 19:11:44.648287,purchase
U1629,P0474,2025-04-13 19:11:44.648315,view
U0819,P0391,2026-03-05 19:11:44.648343,view
U0193,P0061,2025-09-08 19:11:44.648371,purchase
U0187,P0246,2026-01-25 19:11:44.648399,cart
U1200,P0026,2025-12-09 19:11:44.648433,view
U1007,P0343,2026-01-09 19:11:44.648463,view
U1391,P0344,2025-10-05 19:11:44.648493,cart
U0734,P0485,2025-04-19 19:11:44.648522,view
U1731,P0484,2026-02-15 19:11:44.648562,cart
U0225,P0246,2025-04-05 19:11:44.648593,purchase
U1671,P0008,2025-12-08 19:11:44.648623,view
U1590,P0012,2025-07-13 19:11:44.648652,cart
U0919,P0287,2025-11-20 19:11:44.648682,cart
U1466,P0317,2025-05-31 19:11:44.648711,view
U0491,P0305,2025-10-10 19:11:44.648741,view
U1320,P0299,2025-08-15 19:11:44.648769,view
U1472,P0137,2025-07-18 19:11:44.648798,cart
U1281,P0099,2026-03-19 19:11:44.648826,wishlist
U0049,P0337,2026-02-19 19:11:44.648854,view
U1504,P0171,2025-07-10 19:11:44.648885,view
U1032,P0371,2025-09-23 19:11:44.648914,wishlist
U1165,P0406,2025-12-07 19:11:44.648943,view
U1560,P0112,2025-12-04 19:11:44.648970,view
U0812,P0039,2025-10-27 19:11:44.648998,view
U0768,P0287,2025-12-11 19:11:44.649027,wishlist
U1863,P0023,2025-10-26 19:11:44.649055,wishlist
U1489,P0039,2025-06-20 19:11:44.649084,view
U0426,P0249,2025-06-23 19:11:44.649112,cart
U1828,P0097,2026-01-10 19:11:44.649140,view
U1293,P0215,2026-03-07 19:11:44.649169,view
U0642,P0437,2025-09-10 19:11:44.649200,cart
U1177,P0395,2025-11-22 19:11:44.649228,view
U0134,P0355,2026-02-08 19:11:44.649257,view
U0538,P0071,2026-02-07 19:11:44.649285,view
U0336,P0461,2025-08-07 19:11:44.649313,wishlist
U0233,P0207,2025-10-17 19:11:44.649341,purchase
U0741,P0498,2026-02-11 19:11:44.649369,wishlist
U1957,P0201,2026-03-23 19:11:44.649397,purchase
U0116,P0461,2026-01-17 19:11:44.649430,view
U0748,P0106,2025-10-29 19:11:44.649459,view
U1062,P0484,2026-01-14 19:11:44.649487,view
U1175,P0479,2025-06-21 19:11:44.649516,view
U0973,P0069,2025-05-16 19:11:44.649544,view
U0694,P0285,2025-04-15 19:11:44.649573,view
U0142,P0476,2026-01-05 19:11:44.649601,view
U1158,P0400,2025-06-08 19:11:44.649629,view
U0355,P0005,2026-02-21 19:11:44.649656,wishlist
U1745,P0101,2025-12-10 19:11:44.649684,view
U1893,P0215,2025-10-02 19:11:44.649711,view
U1444,P0376,2026-03-28 19:11:44.649739,view
U1903,P0485,2025-12-25 19:11:44.649768,purchase
U1467,P0170,2025-10-02 19:11:44.649796,cart
U1577,P0053,2025-09-24 19:11:44.649824,purchase
U0900,P0002,2025-12-22 19:11:44.649853,view
U0152,P0010,2025-08-25 19:11:44.649881,view
U0289,P0125,2026-03-04 19:11:44.649910,purchase
U1974,P0145,2025-09-22 19:11:44.649937,view
U0314,P0128,2025-05-07 19:11:44.649966,cart
U0128,P0273,2025-10-18 19:11:44.649998,purchase
U1507,P0154,2026-01-01 19:11:44.650025,view
U1140,P0172,2026-03-12 19:11:44.650053,purchase
U1729,P0319,2026-02-10 19:11:44.650083,wishlist
U1919,P0441,2025-08-09 19:11:44.650111,view
U0866,P0061,2026-03-06 19:11:44.650139,cart
U1102,P0147,2025-12-24 19:11:44.650167,view
U1095,P0050,2025-10-16 19:11:44.650194,view
U1827,P0332,2025-04-28 19:11:44.650221,view
U1175,P0109,2025-04-19 19:11:44.650250,view
U0894,P0008,2025-08-09 19:11:44.650277,view
U0936,P0377,2025-12-26 19:11:44.650305,view
U0142,P0059,2025-04-15 19:11:44.650334,view
U0795,P0212,2026-01-02 19:11:44.650362,wishlist
U0129,P0345,2025-07-09 19:11:44.650390,view
U1208,P0407,2025-06-30 19:11:44.650418,view
U0248,P0330,2026-03-26 19:11:44.650459,view
U1635,P0237,2026-01-14 19:11:44.650488,view
U1677,P0024,2025-07-27 19:11:44.650517,view
U1441,P0097,2025-10-30 19:11:44.650546,cart
U0064,P0433,2025-09-09 19:11:44.650575,view
U0034,P0481,2025-04-25 19:11:44.650603,purchase
U1495,P0477,2026-02-04 19:11:44.650686,wishlist
U0836,P0184,2025-07-07 19:11:44.650981,view
U1151,P0156,2025-12-11 19:11:44.651151,view
U1471,P0162,2026-01-26 19:11:44.651262,purchase
U1228,P0270,2026-01-19 19:11:44.651362,view
U1057,P0102,2025-11-17 19:11:44.651457,wishlist
U0365,P0427,2026-01-08 19:11:44.651578,cart
U1943,P0327,2026-02-17 19:11:44.651672,view
U0311,P0042,2025-07-27 19:11:44.651765,view
U1705,P0338,2026-03-03 19:11:44.651851,cart
U0988,P0355,2026-01-17 19:11:44.651937,view
U0286,P0224,2026-03-23 19:11:44.652025,view
U1702,P0472,2026-03-23 19:11:44.652108,view
U1715,P0375,2025-07-24 19:11:44.652188,view
U1239,P0363,2025-04-22 19:11:44.652219,view
U0752,P0339,2025-06-13 19:11:44.652250,cart
U1669,P0313,2025-04-17 19:11:44.652280,view
U1707,P0342,2025-11-13 19:11:44.652311,view
U1052,P0153,2025-05-27 19:11:44.652343,view
U0950,P0500,2025-08-07 19:11:44.652373,view
U1394,P0411,2025-04-30 19:11:44.652405,cart
U0504,P0483,2025-10-02 19:11:44.652437,view
U1044,P0230,2025-08-19 19:11:44.652485,wishlist
U0275,P0371,2026-01-02 19:11:44.652520,view
U0534,P0355,2025-08-25 19:11:44.652553,view
U1664,P0046,2026-01-27 19:11:44.652583,view
U1536,P0420,2026-02-20 19:11:44.652614,view
U0368,P0451,2026-03-05 19:11:44.652643,cart
U0909,P0398,2025-11-26 19:11:44.652672,view
U0236,P0013,2026-02-19 19:11:44.652706,view
U1182,P0453,2025-06-29 19:11:44.652735,purchase
U1099,P0175,2026-03-01 19:11:44.652764,view
U0712,P0430,2025-07-17 19:11:44.652794,cart
U0907,P0114,2025-11-17 19:11:44.652824,view
U0898,P0143,2026-01-29 19:11:44.652854,view
U1155,P0379,2025-06-02 19:11:44.652883,view
U1502,P0240,2025-07-31 19:11:44.652913,view
U1800,P0401,2025-07-23 19:11:44.652943,view
U1692,P0345,2025-12-03 19:11:44.652972,view
U1670,P0017,2025-10-05 19:11:44.653001,view
U1890,P0316,2025-12-27 19:11:44.653031,view
U1742,P0328,2025-08-22 19:11:44.653059,view
U0065,P0190,2025-12-21 19:11:44.653087,purchase
U0688,P0407,2025-04-27 19:11:44.653119,view
U1964,P0117,2025-09-23 19:11:44.653152,view
U0709,P0198,2026-01-09 19:11:44.653188,cart
U0147,P0240,2025-06-29 19:11:44.653219,view
U1351,P0382,2025-04-23 19:11:44.653251,wishlist
U1571,P0320,2025-09-16 19:11:44.653281,view
U1864,P0465,2025-10-14 19:11:44.653311,cart
U0525,P0383,2025-05-16 19:11:44.653342,view
U0419,P0032,2025-05-28 19:11:44.653372,view
U1901,P0419,2026-03-18 19:11:44.653401,cart
U1513,P0290,2025-08-29 19:11:44.653433,cart
U1172,P0133,2025-05-31 19:11:44.653468,view
U0501,P0133,2025-12-23 19:11:44.653501,cart
U0974,P0372,2025-12-05 19:11:44.653531,view
U0376,P0173,2025-08-31 19:11:44.653564,view
U0789,P0211,2025-07-01 19:11:44.653594,view
U1038,P0235,2025-05-24 19:11:44.653624,view
U0625,P0136,2026-02-28 19:11:44.653653,wishlist
U0516,P0190,2025-09-18 19:11:44.653683,view
U0605,P0013,2025-08-20 19:11:44.653713,cart
U1575,P0067,2025-05-02 19:11:44.653741,cart
U1118,P0049,2025-08-24 19:11:44.653770,view
U0761,P0262,2025-09-11 19:11:44.653800,view
U0920,P0206,2026-03-31 19:11:44.653831,view
U1206,P0167,2025-09-20 19:11:44.653862,view
U1808,P0302,2026-01-21 19:11:44.653891,cart
U1368,P0087,2025-08-30 19:11:44.653922,view
U1488,P0248,2025-11-22 19:11:44.653951,view
U0216,P0111,2025-05-02 19:11:44.653981,wishlist
U1949,P0368,2025-08-02 19:11:44.654011,cart
U0149,P0390,2025-04-05 19:11:44.654041,cart
U1962,P0113,2026-01-18 19:11:44.654070,cart
U0151,P0007,2025-12-18 19:11:44.654101,view
U1094,P0004,2025-09-21 19:11:44.654130,view
U0033,P0446,2026-03-16 19:11:44.654163,cart
U0439,P0404,2025-07-26 19:11:44.654193,view
U0131,P0471,2025-11-07 19:11:44.654222,cart
U0368,P0026,2025-11-02 19:11:44.654255,view
U0153,P0004,2025-06-23 19:11:44.654284,view
U0078,P0303,2025-10-18 19:11:44.654314,view
U0548,P0245,2025-04-24 19:11:44.654343,view
U0910,P0195,2025-07-02 19:11:44.654372,wishlist
U0446,P0373,2026-01-24 19:11:44.654404,view
U1352,P0320,2025-12-12 19:11:44.654433,cart
U0105,P0210,2025-05-16 19:11:44.654467,cart
U0489,P0018,2025-07-12 19:11:44.654499,view
U0767,P0237,2025-08-28 19:11:44.654529,view
U1158,P0010,2025-06-27 19:11:44.654560,view
U1128,P0174,2025-09-27 19:11:44.654590,view
U1717,P0192,2025-08-09 19:11:44.654619,view
U1802,P0056,2025-12-29 19:11:44.654650,view
U1503,P0110,2025-12-24 19:11:44.654680,view
U1607,P0393,2026-03-21 19:11:44.654710,view
U0919,P0229,2025-04-28 19:11:44.654739,cart
U1833,P0351,2025-04-13 19:11:44.654769,view
U0953,P0124,2025-07-26 19:11:44.654798,wishlist
U0728,P0236,2025-05-26 19:11:44.654828,view
U1339,P0256,2025-10-27 19:11:44.654857,view
U0071,P0157,2025-05-23 19:11:44.654885,view
U1530,P0473,2026-01-02 19:11:44.654914,cart
U1472,P0474,2025-11-24 19:11:44.654942,view
U1841,P0484,2026-02-05 19:11:44.654971,wishlist
U1327,P0422,2025-11-14 19:11:44.655000,view
U0372,P0016,2025-08-24 19:11:44.655028,cart
U0115,P0053,2026-01-29 19:11:44.655055,cart
U1168,P0015,2025-08-17 19:11:44.655085,view
U1618,P0338,2025-11-18 19:11:44.655118,view
U1914,P0293,2026-04-05 19:11:44.655146,cart
U1213,P0480,2025-04-30 19:11:44.655176,view
U0947,P0186,2025-07-31 19:11:44.655206,wishlist
U1416,P0356,2025-04-14 19:11:44.655235,cart
U1145,P0378,2026-02-02 19:11:44.655264,view
U0447,P0145,2025-10-19 19:11:44.655294,wishlist
U1043,P0111,2025-08-29 19:11:44.655323,view
U1065,P0061,2025-06-24 19:11:44.655352,wishlist
U1730,P0261,2026-03-02 19:11:44.655381,view
U1843,P0309,2025-11-10 19:11:44.655409,wishlist
U1486,P0018,2025-08-27 19:11:44.655438,view
U1678,P0043,2025-09-05 19:11:44.655471,view
U1813,P0265,2025-12-12 19:11:44.655501,view
U0264,P0204,2026-02-02 19:11:44.655529,view
U0806,P0158,2025-04-07 19:11:44.655557,view
U0458,P0246,2025-07-14 19:11:44.655586,cart
U0284,P0230,2026-03-31 19:11:44.655614,view
U0696,P0124,2025-08-04 19:11:44.655642,purchase
U1383,P0223,2026-03-28 19:11:44.655674,view
U1496,P0261,2025-10-24 19:11:44.655702,view
U1163,P0260,2026-02-28 19:11:44.655730,cart
U0047,P0294,2025-07-08 19:11:44.655761,cart
U0855,P0107,2025-09-02 19:11:44.655795,view
U1642,P0313,2025-08-22 19:11:44.655825,view
U0975,P0134,2025-07-04 19:11:44.655853,view
U0420,P0238,2025-11-15 19:11:44.655882,view
U0596,P0427,2026-03-16 19:11:44.655910,cart
U0513,P0321,2025-09-06 19:11:44.655940,cart
U1110,P0315,2026-03-16 19:11:44.655967,view
U1049,P0450,2025-05-29 19:11:44.655997,view
U1486,P0283,2025-07-14 19:11:44.656027,view
U1435,P0291,2025-04-24 19:11:44.656054,view
U1130,P0120,2025-09-06 19:11:44.656081,view
U0251,P0149,2026-01-09 19:11:44.656109,wishlist
U1989,P0454,2025-06-17 19:11:44.656138,view
U1418,P0415,2026-04-02 19:11:44.656166,cart
U1569,P0407,2026-03-13 19:11:44.656194,view
U0856,P0465,2026-02-15 19:11:44.656221,cart
U1089,P0409,2025-12-18 19:11:44.656249,view
U0960,P0278,2025-12-11 19:11:44.656281,wishlist
U1006,P0147,2025-08-10 19:11:44.656310,purchase
U0956,P0333,2026-03-16 19:11:44.656338,view
U1547,P0290,2025-07-27 19:11:44.656366,view
U0096,P0481,2025-06-01 19:11:44.656393,view
U0978,P0052,2025-10-29 19:11:44.656421,view
U0007,P0345,2025-12-23 19:11:44.656448,wishlist
U1599,P0467,2026-03-01 19:11:44.656482,view
U0752,P0190,2026-01-22 19:11:44.656511,view
U1034,P0392,2026-01-09 19:11:44.656539,view
U1922,P0319,2025-05-31 19:11:44.656567,view
U1361,P0461,2025-10-07 19:11:44.656595,purchase
U0621,P0185,2025-10-23 19:11:44.656622,purchase
U0491,P0291,2025-09-03 19:11:44.656650,view
U0452,P0410,2025-11-13 19:11:44.656678,view
U0192,P0075,2025-07-07 19:11:44.656706,cart
U0407,P0368,2025-10-03 19:11:44.656736,purchase
U1787,P0205,2025-09-08 19:11:44.656764,cart
U0007,P0453,2025-08-08 19:11:44.656791,view
U1316,P0325,2025-11-26 19:11:44.656821,view
U0212,P0327,2025-08-21 19:11:44.656849,purchase
U0891,P0347,2026-01-06 19:11:44.656877,cart
U0493,P0175,2025-12-12 19:11:44.656907,wishlist
U1547,P0238,2025-06-23 19:11:44.656938,wishlist
U0687,P0041,2025-04-20 19:11:44.656968,view
U1515,P0375,2026-03-07 19:11:44.656997,wishlist
U1466,P0272,2026-01-02 19:11:44.657026,view
U0647,P0299,2025-09-11 19:11:44.657054,cart
U0927,P0043,2025-12-02 19:11:44.657083,cart
U1175,P0491,2025-06-29 19:11:44.657112,wishlist
U0642,P0079,2025-09-22 19:11:44.657142,cart
U1199,P0286,2025-07-16 19:11:44.657171,view
U1161,P0409,2025-05-12 19:11:44.657199,cart
U1391,P0020,2025-06-11 19:11:44.657231,cart
U1333,P0066,2026-01-23 19:11:44.657260,view
U0858,P0287,2025-12-30 19:11:44.657289,view
U1795,P0496,2025-09-06 19:11:44.657319,purchase
U1049,P0018,2026-03-10 19:11:44.657347,view
U0187,P0169,2026-03-11 19:11:44.657376,view
U0346,P0243,2025-11-01 19:11:44.657404,view
U0166,P0470,2025-08-27 19:11:44.657434,view
U0365,P0322,2025-05-24 19:11:44.657488,view
U1266,P0057,2025-11-14 19:11:44.657523,cart
U1115,P0353,2025-12-14 19:11:44.657553,view
U1630,P0285,2025-09-07 19:11:44.657582,wishlist
U1270,P0402,2025-04-13 19:11:44.657625,view
U0218,P0269,2025-05-24 19:11:44.657656,purchase
U1558,P0406,2026-03-04 19:11:44.657686,view
U1592,P0299,2025-05-31 19:11:44.657715,view
U0628,P0318,2025-11-29 19:11:44.657745,cart
U1639,P0442,2025-10-02 19:11:44.657774,cart
U1804,P0008,2026-02-22 19:11:44.657803,view
U0070,P0432,2025-11-23 19:11:44.657832,view
U0751,P0275,2026-01-21 19:11:44.657860,purchase
U0338,P0343,2025-10-23 19:11:44.657889,wishlist
U0252,P0350,2025-06-28 19:11:44.657918,wishlist
U0066,P0151,2025-10-01 19:11:44.657947,cart
U1935,P0105,2025-08-21 19:11:44.657976,view
U0675,P0160,2025-06-30 19:11:44.658004,view
U1310,P0131,2025-05-07 19:11:44.658034,view
U1079,P0409,2026-02-02 19:11:44.658063,view
U0512,P0465,2025-09-22 19:11:44.658090,view
U0706,P0151,2025-04-23 19:11:44.658117,view
U0603,P0185,2025-07-17 19:11:44.658145,view
U0088,P0124,2026-02-17 19:11:44.658178,cart
U1622,P0216,2025-09-13 19:11:44.658206,view
U0706,P0287,2025-06-13 19:11:44.658234,view
U1402,P0195,2026-02-18 19:11:44.658262,view
U1252,P0208,2025-05-05 19:11:44.658293,cart
U1257,P0003,2025-08-24 19:11:44.658322,view
U1312,P0446,2025-07-24 19:11:44.658350,view
U1549,P0411,2026-04-04 19:11:44.658378,purchase
U0234,P0323,2025-11-12 19:11:44.658406,view
U1176,P0119,2025-06-18 19:11:44.658434,view
U0189,P0057,2025-08-17 19:11:44.658468,view
U1923,P0278,2026-02-02 19:11:44.658501,view
U0402,P0128,2025-06-24 19:11:44.658532,view
U1868,P0066,2025-08-03 19:11:44.658563,view
U0955,P0210,2026-02-23 19:11:44.658592,view
U1800,P0195,2025-07-19 19:11:44.658622,view
U1341,P0027,2026-03-31 19:11:44.658652,view
U0972,P0472,2025-11-03 19:11:44.658684,purchase
U1248,P0374,2025-09-26 19:11:44.658714,view
U0040,P0257,2025-10-13 19:11:44.658744,view
U0115,P0352,2026-03-29 19:11:44.658773,cart
U1088,P0112,2025-08-09 19:11:44.658803,view
U0419,P0293,2026-02-02 19:11:44.658832,view
U1498,P0150,2025-04-25 19:11:44.658861,view
U1957,P0181,2025-06-19 19:11:44.658890,cart
U0361,P0107,2025-12-26 19:11:44.658919,cart
U1765,P0474,2025-10-12 19:11:44.658949,view
U1860,P0345,2025-10-11 19:11:44.658978,purchase
U0515,P0278,2025-11-15 19:11:44.659007,view
U1907,P0120,2025-12-30 19:11:44.659036,view
U0033,P0006,2026-01-14 19:11:44.659066,view
U1387,P0215,2025-08-11 19:11:44.659094,view
U1676,P0265,2026-01-28 19:11:44.659123,purchase
U1666,P0447,2026-03-05 19:11:44.659153,purchase
U0747,P0396,2025-09-07 19:11:44.659181,wishlist
U1845,P0419,2025-07-07 19:11:44.659210,cart
U1186,P0247,2025-11-26 19:11:44.659238,view
U1120,P0235,2025-08-19 19:11:44.659267,view
U1599,P0231,2025-10-23 19:11:44.659294,view
U1520,P0053,2025-12-06 19:11:44.659323,view
U0697,P0488,2025-04-19 19:11:44.659351,view
U0729,P0146,2025-07-07 19:11:44.659380,purchase
U1126,P0476,2025-06-21 19:11:44.659408,view
U1182,P0390,2025-09-28 19:11:44.659437,view
U0210,P0406,2026-02-04 19:11:44.659472,view
U0858,P0296,2025-08-15 19:11:44.659503,view
U1101,P0293,2025-09-26 19:11:44.659532,view
U1024,P0313,2025-07-07 19:11:44.659560,cart
U0068,P0211,2026-01-20 19:11:44.659589,purchase
U1202,P0330,2025-12-21 19:11:44.659617,view
U1272,P0087,2025-05-18 19:11:44.659646,purchase
U0120,P0456,2025-06-13 19:11:44.659675,cart
U0053,P0415,2025-10-27 19:11:44.659704,view
U0218,P0212,2025-12-09 19:11:44.659733,view
U0030,P0180,2025-09-12 19:11:44.659765,view
U0527,P0406,2026-03-12 19:11:44.659794,view
U0652,P0128,2025-07-22 19:11:44.659825,view
U1866,P0402,2026-03-29 19:11:44.659854,cart
U0809,P0458,2026-02-14 19:11:44.659882,purchase
U0433,P0311,2025-06-23 19:11:44.659910,view
U1132,P0268,2026-03-20 19:11:44.659939,view
U0141,P0431,2025-12-25 19:11:44.659968,cart
U0036,P0296,2025-11-29 19:11:44.659996,view
U1082,P0067,2025-05-11 19:11:44.660025,view
U1373,P0309,2025-10-22 19:11:44.660055,view
U0223,P0334,2025-10-28 19:11:44.660085,view
U0239,P0083,2026-01-23 19:11:44.660114,wishlist
U1147,P0488,2025-06-26 19:11:44.660143,view
U1057,P0395,2025-05-08 19:11:44.660171,cart
U0985,P0362,2026-03-22 19:11:44.660199,purchase
U0111,P0015,2025-04-18 19:11:44.660229,view
U1990,P0065,2025-05-10 19:11:44.660258,view
U1607,P0095,2025-04-08 19:11:44.660288,view
U1488,P0388,2026-01-21 19:11:44.660316,purchase
U1980,P0119,2025-12-11 19:11:44.660345,cart
U1342,P0232,2025-12-23 19:11:44.660372,view
U0206,P0390,2025-10-06 19:11:44.660401,view
U0412,P0159,2025-07-07 19:11:44.660430,cart
U0565,P0287,2025-08-22 19:11:44.660459,cart
U0060,P0032,2025-09-15 19:11:44.660492,view
U1377,P0053,2025-05-07 19:11:44.660521,cart
U1397,P0489,2025-07-29 19:11:44.660550,view
U1981,P0486,2026-03-21 19:11:44.660578,cart
U0117,P0314,2026-02-02 19:11:44.660607,cart
U0177,P0334,2025-05-21 19:11:44.660636,view
U1526,P0498,2026-01-16 19:11:44.660669,view
U1917,P0198,2025-11-30 19:11:44.660701,wishlist
U0237,P0117,2025-04-08 19:11:44.660730,view
U0633,P0141,2025-10-07 19:11:44.660762,view
U1307,P0390,2026-01-22 19:11:44.660791,purchase
U1880,P0238,2026-03-11 19:11:44.660820,view
U0028,P0418,2025-05-24 19:11:44.660849,view
U0445,P0066,2025-11-25 19:11:44.660877,view
U0101,P0414,2025-06-25 19:11:44.660906,view
U0582,P0234,2025-12-20 19:11:44.660935,purchase
U0941,P0374,2025-08-19 19:11:44.660963,view
U0487,P0002,2025-07-24 19:11:44.660992,view
U1585,P0320,2025-12-20 19:11:44.661020,view
U0383,P0058,2025-09-27 19:11:44.661048,view
U0586,P0055,2025-07-19 19:11:44.661077,cart
U1470,P0096,2025-10-10 19:11:44.661106,wishlist
U0972,P0074,2025-07-27 19:11:44.661135,cart
U0665,P0356,2025-09-05 19:11:44.661164,cart
U0795,P0472,2025-10-21 19:11:44.661193,view
U0631,P0284,2025-09-19 19:11:44.661222,purchase
U1763,P0105,2025-08-02 19:11:44.661250,cart
U1771,P0174,2025-11-03 19:11:44.661278,view
U1500,P0338,2025-07-11 19:11:44.661305,view
U1045,P0428,2025-09-03 19:11:44.661334,cart
U1844,P0455,2025-08-10 19:11:44.661362,purchase
U0502,P0189,2026-03-22 19:11:44.661390,cart
U1235,P0162,2025-06-01 19:11:44.661418,purchase
U0337,P0310,2025-04-21 19:11:44.661447,view
U1766,P0050,2025-07-14 19:11:44.661494,view
U1386,P0307,2025-10-15 19:11:44.661526,view
U1739,P0104,2025-04-29 19:11:44.661555,wishlist
U1417,P0242,2025-10-01 19:11:44.661584,view
U1909,P0096,2025-09-01 19:11:44.661613,view
U1907,P0021,2025-07-04 19:11:44.661646,view
U0652,P0216,2025-11-06 19:11:44.661674,cart
U0698,P0445,2025-06-09 19:11:44.661703,view
U1903,P0233,2026-02-28 19:11:44.661732,view
U0587,P0160,2025-11-10 19:11:44.661763,view
U0164,P0064,2025-07-29 19:11:44.661792,view
U1983,P0158,2025-09-09 19:11:44.661821,cart
U0084,P0316,2025-05-24 19:11:44.661850,view
U1595,P0468,2025-05-19 19:11:44.661878,wishlist
U1403,P0359,2026-02-07 19:11:44.661907,view
U0369,P0059,2025-04-30 19:11:44.661939,view
U0127,P0143,2025-08-14 19:11:44.661967,purchase
U1890,P0098,2025-11-15 19:11:44.661995,view
U0191,P0155,2025-07-28 19:11:44.662023,view
U1738,P0477,2025-05-11 19:11:44.662052,purchase
U1661,P0117,2025-10-30 19:11:44.662080,view
U1664,P0335,2025-10-22 19:11:44.662107,view
U1143,P0272,2026-03-23 19:11:44.662135,view
U1289,P0080,2025-09-05 19:11:44.662163,view
U1888,P0417,2025-06-14 19:11:44.662190,view
U1023,P0069,2025-11-14 19:11:44.662218,view
U1396,P0238,2025-04-21 19:11:44.662247,view
U0966,P0152,2025-10-08 19:11:44.662276,view
U1092,P0482,2025-06-04 19:11:44.662304,view
U0386,P0085,2026-02-04 19:11:44.662334,view
U1207,P0257,2025-07-28 19:11:44.662363,purchase
U1725,P0058,2026-01-20 19:11:44.662393,view
U0317,P0012,2025-11-01 19:11:44.662421,view
U1154,P0069,2026-02-12 19:11:44.662450,cart
U0259,P0314,2026-03-13 19:11:44.662483,view
U0748,P0279,2025-07-16 19:11:44.662512,wishlist
U0131,P0060,2025-11-28 19:11:44.662544,view
U1996,P0005,2026-04-05 19:11:44.662574,purchase
U0629,P0357,2025-11-13 19:11:44.662603,purchase
U1328,P0351,2026-04-03 19:11:44.662632,view
U1943,P0133,2025-11-14 19:11:44.662661,view
U1067,P0205,2025-05-24 19:11:44.662689,view
U0818,P0286,2025-09-11 19:11:44.662717,view
U1342,P0414,2026-02-07 19:11:44.662746,view
U0093,P0033,2026-01-17 19:11:44.662775,view
U0209,P0157,2025-08-10 19:11:44.662804,view
U0326,P0134,2025-12-28 19:11:44.662832,cart
U0482,P0052,2025-10-01 19:11:44.662860,purchase
U1217,P0283,2025-07-17 19:11:44.662889,view
U1327,P0225,2025-06-06 19:11:44.662918,wishlist
U1881,P0139,2026-01-30 19:11:44.662946,cart
U1250,P0368,2025-10-05 19:11:44.662976,view
U0783,P0471,2025-09-22 19:11:44.663005,cart
U1911,P0405,2025-10-01 19:11:44.663034,view
U0826,P0288,2025-07-17 19:11:44.663063,wishlist
U1345,P0147,2026-02-11 19:11:44.663092,view
U0587,P0394,2025-05-01 19:11:44.663120,view
U1519,P0181,2026-03-02 19:11:44.663149,purchase
U0642,P0150,2025-04-10 19:11:44.663182,view
U0944,P0458,2026-01-30 19:11:44.663212,cart
U1417,P0097,2025-05-18 19:11:44.663241,purchase
U1096,P0215,2025-04-22 19:11:44.663269,view
U1919,P0395,2025-09-23 19:11:44.663298,view
U0664,P0036,2025-07-25 19:11:44.663327,view
U1978,P0492,2025-06-21 19:11:44.663355,view
U1870,P0052,2025-11-27 19:11:44.663385,cart
U0863,P0393,2025-05-20 19:11:44.663414,view
U1560,P0145,2026-01-21 19:11:44.663445,cart
U0859,P0325,2026-04-02 19:11:44.663482,cart
U1302,P0022,2025-12-07 19:11:44.663511,view
U1918,P0262,2025-08-03 19:11:44.663540,view
U0579,P0372,2025-06-17 19:11:44.663568,view
U0899,P0456,2025-07-29 19:11:44.663596,purchase
U0266,P0301,2025-06-16 19:11:44.663626,view
U1969,P0031,2025-06-09 19:11:44.663655,view
U1905,P0138,2025-07-28 19:11:44.663684,cart
U1999,P0433,2025-10-27 19:11:44.663712,purchase
U1768,P0371,2026-02-12 19:11:44.663741,view
U1613,P0027,2026-01-31 19:11:44.663770,view
U1034,P0418,2026-03-22 19:11:44.663798,view
U0424,P0431,2026-03-20 19:11:44.663826,wishlist
U0702,P0405,2025-04-25 19:11:44.663854,view
U0804,P0143,2025-11-19 19:11:44.663882,view
U1059,P0062,2025-11-14 19:11:44.663912,cart
U1197,P0079,2025-10-23 19:11:44.663940,view
U1204,P0128,2025-11-05 19:11:44.663968,purchase
U0990,P0167,2025-05-11 19:11:44.663996,view
U0878,P0023,2025-08-09 19:11:44.664024,view
U0028,P0169,2025-09-07 19:11:44.664052,purchase
U0498,P0445,2025-12-30 19:11:44.664080,view
U0093,P0309,2025-04-24 19:11:44.664108,view
U1897,P0248,2025-07-16 19:11:44.664137,cart
U0681,P0395,2025-04-27 19:11:44.664166,view
U0772,P0169,2025-12-24 19:11:44.664195,view
U0811,P0123,2026-01-07 19:11:44.664222,cart
U1752,P0362,2026-03-28 19:11:44.664250,view
U0285,P0452,2025-11-19 19:11:44.664278,view
U0757,P0011,2025-05-29 19:11:44.664307,view
U1401,P0182,2025-04-24 19:11:44.664335,purchase
U1348,P0370,2025-10-02 19:11:44.664365,purchase
U0586,P0474,2025-12-29 19:11:44.664397,purchase
U0866,P0169,2025-08-18 19:11:44.664426,cart
U1480,P0339,2025-10-24 19:11:44.664460,cart
U1305,P0184,2025-08-15 19:11:44.664495,wishlist
U1537,P0425,2025-10-15 19:11:44.664524,view
U1983,P0419,2026-01-05 19:11:44.664553,cart
U1980,P0328,2025-06-09 19:11:44.664581,view
U0266,P0019,2025-04-10 19:11:44.664609,view
U0016,P0246,2025-10-01 19:11:44.664638,view
U1101,P0283,2025-08-22 19:11:44.664666,cart
U1210,P0143,2025-07-22 19:11:44.664694,wishlist
U1304,P0020,2025-07-04 19:11:44.664722,view
U0255,P0162,2025-10-20 19:11:44.664751,cart
U0024,P0179,2025-11-01 19:11:44.664779,cart
U0365,P0360,2026-03-13 19:11:44.664807,view
U1133,P0063,2026-02-12 19:11:44.664835,view
U1536,P0299,2026-03-30 19:11:44.664862,view
U0452,P0183,2025-08-04 19:11:44.664890,view
U0603,P0013,2025-10-01 19:11:44.664919,cart
U0511,P0189,2025-05-30 19:11:44.664948,view
U0569,P0374,2025-04-05 19:11:44.664977,view
U1557,P0431,2025-07-06 19:11:44.665007,view
U1221,P0298,2026-01-06 19:11:44.665037,view
U0978,P0052,2025-06-10 19:11:44.665066,view
U1248,P0384,2025-06-29 19:11:44.665094,view
U0987,P0201,2026-03-16 19:11:44.665122,wishlist
U0903,P0499,2025-10-06 19:11:44.665152,view
U1501,P0101,2025-05-17 19:11:44.665181,wishlist
U0990,P0339,2026-02-08 19:11:44.665211,view
U1648,P0093,2025-11-25 19:11:44.665240,view
U0388,P0121,2025-11-19 19:11:44.665269,wishlist
U0283,P0287,2026-02-10 19:11:44.665298,view
U0701,P0360,2025-04-15 19:11:44.665331,cart
U0211,P0215,2025-07-17 19:11:44.665360,purchase
U1439,P0412,2025-07-30 19:11:44.665391,view
U1192,P0370,2026-02-12 19:11:44.665422,view
U0715,P0447,2026-01-29 19:11:44.665452,view
U0559,P0398,2025-04-09 19:11:44.665487,view
U0257,P0351,2025-08-17 19:11:44.665517,view
U0779,P0211,2025-11-11 19:11:44.665546,wishlist
U1859,P0452,2025-08-27 19:11:44.665575,view
U0331,P0338,2026-01-08 19:11:44.665604,cart
U0484,P0185,2025-07-06 19:11:44.665637,wishlist
U0642,P0432,2026-01-18 19:11:44.665666,view
U1818,P0168,2026-01-27 19:11:44.665696,purchase
U1835,P0254,2025-10-17 19:11:44.665724,view
U0315,P0453,2025-05-03 19:11:44.665752,cart
U0845,P0036,2025-07-07 19:11:44.665780,view
U1013,P0405,2025-09-26 19:11:44.665809,purchase
U0519,P0066,2025-09-04 19:11:44.665838,cart
U1961,P0183,2026-01-25 19:11:44.665866,cart
U0105,P0250,2025-06-07 19:11:44.665896,purchase
U0663,P0010,2026-03-29 19:11:44.665927,purchase
U0291,P0434,2025-12-21 19:11:44.665955,view
U1050,P0354,2025-06-17 19:11:44.665982,wishlist
U1400,P0127,2025-12-13 19:11:44.666011,cart
U1501,P0215,2025-08-16 19:11:44.666040,view
U1355,P0046,2025-11-20 19:11:44.666068,view
U1995,P0019,2025-07-29 19:11:44.666096,view
U0847,P0155,2025-09-09 19:11:44.666123,view
U1269,P0265,2026-01-13 19:11:44.666151,view
U1525,P0393,2025-07-14 19:11:44.666179,cart
U0812,P0452,2026-03-06 19:11:44.666208,view
U1548,P0026,2025-07-22 19:11:44.666239,view
U0815,P0430,2025-05-27 19:11:44.666270,view
U0378,P0311,2025-07-02 19:11:44.666298,view
U1390,P0122,2025-05-28 19:11:44.666326,view
U0854,P0494,2025-08-29 19:11:44.666353,view
U0622,P0318,2025-09-25 19:11:44.666382,cart
U0514,P0064,2026-03-28 19:11:44.666411,view
U1246,P0050,2025-10-13 19:11:44.666439,cart
U0945,P0394,2025-06-05 19:11:44.666500,view
U1435,P0409,2025-05-23 19:11:44.666551,view
U1346,P0100,2025-05-02 19:11:44.666597,view
U0711,P0135,2025-10-18 19:11:44.666640,purchase
U1869,P0166,2026-01-12 19:11:44.666687,wishlist
U0142,P0191,2025-08-29 19:11:44.666744,view
U0574,P0083,2025-09-27 19:11:44.666802,view
U0221,P0102,2026-03-29 19:11:44.666842,view
U0954,P0003,2026-02-25 19:11:44.666874,cart
U1127,P0096,2025-08-01 19:11:44.666907,view
U1328,P0253,2026-01-28 19:11:44.666937,view
U1948,P0081,2026-04-05 19:11:44.666967,wishlist
U1651,P0181,2025-07-07 19:11:44.666997,view
U1084,P0160,2025-05-12 19:11:44.667029,cart
U1614,P0373,2025-11-19 19:11:44.667060,view
U1669,P0001,2025-04-19 19:11:44.667090,view
U0544,P0267,2025-06-04 19:11:44.667120,view
U1694,P0335,2025-08-24 19:11:44.667149,view
U0777,P0388,2025-06-16 19:11:44.667180,view
U1895,P0310,2026-02-02 19:11:44.667209,cart
U0212,P0235,2025-04-27 19:11:44.667238,view
U1865,P0207,2025-04-16 19:11:44.667268,purchase
U0945,P0040,2025-07-07 19:11:44.667297,cart
U1437,P0296,2025-06-27 19:11:44.667328,view
U0257,P0037,2025-07-11 19:11:44.667362,view
U1763,P0467,2025-05-06 19:11:44.667392,view
U1241,P0154,2026-01-13 19:11:44.667422,view
U0969,P0442,2025-08-09 19:11:44.667454,view
U1334,P0302,2025-08-25 19:11:44.667492,view
U0203,P0178,2025-09-21 19:11:44.667522,cart
U0109,P0480,2026-03-31 19:11:44.667552,view
U0578,P0354,2025-06-26 19:11:44.667581,view
U0780,P0046,2026-01-19 19:11:44.667612,cart
U0834,P0371,2025-06-23 19:11:44.667641,view
U1695,P0240,2025-08-20 19:11:44.667670,purchase
U0040,P0480,2025-05-27 19:11:44.667703,view
U0683,P0031,2025-09-05 19:11:44.667734,view
U1301,P0328,2025-12-18 19:11:44.667763,view
U0645,P0274,2025-06-24 19:11:44.667793,cart
U0078,P0260,2025-05-21 19:11:44.667822,cart
U1901,P0287,2026-01-15 19:11:44.667851,view
U1930,P0045,2025-07-09 19:11:44.667880,view
U0812,P0398,2025-12-09 19:11:44.667908,cart
U0827,P0017,2025-05-12 19:11:44.667937,purchase
U1325,P0191,2025-05-03 19:11:44.667966,view
U1227,P0233,2026-02-05 19:11:44.667995,purchase
U1438,P0356,2025-12-25 19:11:44.668025,view
U1249,P0191,2026-02-19 19:11:44.668055,view
U0926,P0462,2026-02-27 19:11:44.668086,view
U0282,P0076,2025-08-26 19:11:44.668117,wishlist
U0628,P0073,2025-07-02 19:11:44.668147,view
U0126,P0351,2026-03-10 19:11:44.668177,view
U1656,P0251,2025-12-14 19:11:44.668205,view
U1872,P0220,2026-03-05 19:11:44.668233,view
U0651,P0442,2025-04-19 19:11:44.668262,cart
U0604,P0061,2026-03-12 19:11:44.668292,view
U0319,P0070,2025-06-09 19:11:44.668327,view
U1968,P0266,2025-06-28 19:11:44.668357,view
U0765,P0429,2025-09-24 19:11:44.668386,view
U0310,P0295,2026-02-17 19:11:44.668416,cart
U1121,P0379,2025-12-18 19:11:44.668445,view
U0322,P0241,2025-08-08 19:11:44.668478,view
U1792,P0378,2025-08-21 19:11:44.668507,view
U1596,P0408,2025-12-30 19:11:44.668536,cart
U0047,P0269,2025-06-29 19:11:44.668566,view
U1902,P0173,2026-01-27 19:11:44.668595,purchase
U0279,P0255,2025-12-17 19:11:44.668623,view
U1183,P0224,2025-06-17 19:11:44.668652,view
U1641,P0284,2025-10-27 19:11:44.668680,view
U1066,P0254,2025-08-27 19:11:44.668709,view
U1743,P0259,2025-11-10 19:11:44.668737,wishlist
U0403,P0423,2025-09-06 19:11:44.668766,view
U0694,P0052,2026-01-22 19:11:44.668796,cart
U0533,P0083,2025-05-14 19:11:44.668824,view
U1276,P0324,2025-11-14 19:11:44.668853,purchase
U0538,P0052,2026-03-30 19:11:44.668882,view
U1480,P0275,2026-04-04 19:11:44.668911,view
U0610,P0079,2026-04-01 19:11:44.668938,purchase
U1921,P0370,2025-12-20 19:11:44.668966,purchase
U0890,P0106,2026-01-25 19:11:44.668995,view
U0818,P0029,2026-03-24 19:11:44.669023,cart
U1357,P0422,2025-10-27 19:11:44.669052,cart
U0477,P0264,2026-03-18 19:11:44.669081,view
U0355,P0081,2025-06-18 19:11:44.669112,view
U1817,P0056,2026-02-24 19:11:44.669142,view
U1832,P0202,2026-04-03 19:11:44.669171,wishlist
U1986,P0435,2025-08-25 19:11:44.669200,view
U0114,P0230,2025-06-12 19:11:44.669229,cart
U0367,P0373,2025-12-23 19:11:44.669261,cart
U1830,P0201,2025-11-02 19:11:44.669288,purchase
U0820,P0317,2025-09-16 19:11:44.669316,view
U0421,P0039,2026-02-24 19:11:44.669344,cart
U0495,P0386,2025-05-23 19:11:44.669372,view
U0435,P0385,2026-01-02 19:11:44.669401,cart
U1553,P0305,2025-10-24 19:11:44.669430,view
U1048,P0325,2025-05-17 19:11:44.669458,cart
U1481,P0008,2026-03-13 19:11:44.669494,view
U1658,P0149,2025-09-12 19:11:44.669523,wishlist
U0327,P0222,2025-04-27 19:11:44.669554,view
U1579,P0314,2025-11-25 19:11:44.669583,view
U1501,P0195,2025-09-22 19:11:44.669612,cart
U1469,P0390,2025-09-24 19:11:44.669640,view
U0688,P0206,2025-08-11 19:11:44.669669,purchase
U1855,P0381,2025-11-09 19:11:44.669697,purchase
U0820,P0168,2025-11-19 19:11:44.669725,wishlist
U1497,P0153,2025-07-14 19:11:44.669752,wishlist
U1543,P0138,2025-05-13 19:11:44.669780,wishlist
U1070,P0492,2025-05-10 19:11:44.669808,view
U0835,P0124,2025-10-14 19:11:44.669836,view
U1240,P0040,2026-03-12 19:11:44.669864,view
U0333,P0363,2025-05-31 19:11:44.669892,view
U1828,P0131,2025-06-07 19:11:44.669920,wishlist
U1092,P0416,2025-10-18 19:11:44.669949,view
U0809,P0246,2026-03-16 19:11:44.669977,cart
U1421,P0122,2025-10-13 19:11:44.670004,view
U1122,P0087,2025-04-10 19:11:44.670031,view
U0510,P0011,2025-07-01 19:11:44.670059,view
U0557,P0410,2025-11-15 19:11:44.670087,view
U1034,P0298,2025-08-30 19:11:44.670115,view
U1607,P0460,2025-12-25 19:11:44.670146,view
U0113,P0105,2026-02-01 19:11:44.670175,cart
U1249,P0005,2025-04-15 19:11:44.670203,view
U1914,P0190,2026-01-04 19:11:44.670231,view
U0199,P0223,2025-11-14 19:11:44.670260,purchase
U0313,P0218,2026-02-01 19:11:44.670288,view
U0919,P0131,2025-09-22 19:11:44.670316,view
U0064,P0196,2025-04-06 19:11:44.670344,view
U0032,P0472,2025-06-04 19:11:44.670372,view
U1115,P0243,2025-08-18 19:11:44.670401,view
U1300,P0073,2025-09-12 19:11:44.670430,cart
U1455,P0403,2025-10-20 19:11:44.670459,purchase
U1048,P0343,2025-09-23 19:11:44.670494,cart
U0670,P0470,2025-09-26 19:11:44.670526,view
U0418,P0490,2026-03-02 19:11:44.670555,view
U0385,P0187,2025-11-10 19:11:44.670585,cart
U1630,P0155,2025-05-09 19:11:44.670618,view
U0226,P0028,2025-06-22 19:11:44.670649,view
U0526,P0259,2025-08-23 19:11:44.670678,view
U0156,P0025,2025-06-29 19:11:44.670708,view
U0097,P0272,2025-09-13 19:11:44.670737,view
U0054,P0268,2025-06-03 19:11:44.670767,view
U1938,P0479,2025-09-12 19:11:44.670800,cart
U1716,P0048,2025-04-15 19:11:44.670829,wishlist
U1866,P0202,2025-06-04 19:11:44.670858,view
U1059,P0160,2025-12-10 19:11:44.670888,view
U1622,P0296,2025-11-16 19:11:44.670917,view
U1445,P0215,2025-05-16 19:11:44.670945,purchase
U1091,P0408,2025-11-06 19:11:44.670973,view
U0859,P0088,2025-04-23 19:11:44.671002,view
U0820,P0313,2025-08-23 19:11:44.671029,view
U1883,P0145,2025-05-24 19:11:44.671058,view
U1351,P0423,2025-10-22 19:11:44.671089,view
U0557,P0067,2025-10-19 19:11:44.671119,view
U1394,P0076,2025-11-20 19:11:44.671147,view
U0218,P0284,2025-11-22 19:11:44.671176,view
U0402,P0254,2025-04-23 19:11:44.671203,view
U0829,P0488,2025-05-15 19:11:44.671232,cart
U1484,P0114,2025-05-19 19:11:44.671259,view
U0340,P0268,2025-12-29 19:11:44.671288,purchase
U1733,P0438,2026-02-20 19:11:44.671318,cart
U1193,P0077,2025-12-13 19:11:44.671347,wishlist
U0588,P0023,2025-06-21 19:11:44.671376,view
U0279,P0056,2025-06-26 19:11:44.671409,view
U0036,P0114,2025-11-02 19:11:44.671438,view
U0428,P0450,2025-04-18 19:11:44.671483,view
U0352,P0026,2026-01-29 19:11:44.671517,view
U0611,P0409,2025-10-16 19:11:44.671547,view
U1924,P0023,2025-09-28 19:11:44.671576,view
U1858,P0153,2025-12-25 19:11:44.671604,view
U1288,P0010,2025-12-26 19:11:44.671632,view
U1467,P0437,2025-06-06 19:11:44.671660,cart
U1281,P0279,2025-05-05 19:11:44.671690,cart
U1082,P0309,2025-05-20 19:11:44.671719,view
U1419,P0060,2025-11-20 19:11:44.671749,cart
U1160,P0386,2025-07-23 19:11:44.671778,view
U0284,P0408,2025-07-01 19:11:44.671806,view
U0958,P0336,2025-09-18 19:11:44.671836,wishlist
U0596,P0036,2025-09-22 19:11:44.671866,cart
U0113,P0051,2025-11-30 19:11:44.671894,cart
U0239,P0370,2025-04-21 19:11:44.671922,purchase
U0848,P0121,2025-07-15 19:11:44.671952,view
U0509,P0018,2025-10-25 19:11:44.671980,view
U0554,P0127,2026-01-05 19:11:44.672007,view
U1487,P0362,2026-02-07 19:11:44.672039,view
U1591,P0042,2025-07-30 19:11:44.672068,view
U0921,P0307,2025-08-03 19:11:44.672099,wishlist
U0407,P0045,2026-01-09 19:11:44.672128,view
U1400,P0491,2026-03-25 19:11:44.672155,view
U0227,P0165,2025-12-08 19:11:44.672184,cart
U1904,P0352,2025-12-04 19:11:44.672214,view
U0746,P0200,2026-03-29 19:11:44.672242,cart
U1199,P0278,2025-05-07 19:11:44.672271,wishlist
U0937,P0191,2025-08-31 19:11:44.672301,view
U1149,P0021,2025-08-04 19:11:44.672330,purchase
U0860,P0430,2025-07-25 19:11:44.672358,view
U0413,P0314,2026-01-10 19:11:44.672385,view
U0757,P0173,2025-07-21 19:11:44.672414,view
U0001,P0155,2026-01-27 19:11:44.687782,purchase
U0002,P0243,2025-06-12 19:11:44.687837,purchase
U0003,P0441,2025-04-11 19:11:44.687872,purchase
U0004,P0119,2026-02-15 19:11:44.687903,purchase
U0005,P0446,2026-02-27 19:11:44.687932,purchase
U0006,P0010,2025-11-17 19:11:44.687967,purchase
U0007,P0183,2025-12-02 19:11:44.687995,purchase
U0008,P0134,2026-03-03 19:11:44.688022,purchase
U0009,P0054,2025-06-21 19:11:44.688048,purchase
U0010,P0376,2025-10-14 19:11:44.688076,purchase
U0011,P0264,2026-02-27 19:11:44.688102,purchase
U0012,P0201,2025-09-06 19:11:44.688128,purchase
U0013,P0031,2025-11-28 19:11:44.688153,purchase
U0014,P0154,2026-02-01 19:11:44.688177,purchase
U0015,P0454,2025-12-20 19:11:44.688202,purchase
U0016,P0093,2025-05-19 19:11:44.688228,purchase
U0017,P0128,2025-09-24 19:11:44.688251,purchase
U0018,P0389,2025-11-14 19:11:44.688276,purchase
U0019,P0191,2025-06-07 19:11:44.688300,purchase
U0020,P0095,2025-10-11 19:11:44.688324,purchase
U0021,P0214,2025-04-30 19:11:44.688347,purchase
U0022,P0461,2025-06-12 19:11:44.688371,purchase
U0023,P0177,2026-02-12 19:11:44.688395,purchase
U0024,P0413,2025-12-04 19:11:44.688418,purchase
U0025,P0214,2025-07-12 19:11:44.688442,purchase
U0026,P0237,2026-03-19 19:11:44.688475,purchase
U0027,P0312,2026-01-06 19:11:44.688501,purchase
U0028,P0462,2025-09-10 19:11:44.688525,purchase
U0029,P0205,2025-12-08 19:11:44.688550,purchase
U0030,P0464,2025-04-20 19:11:44.688575,purchase
U0031,P0215,2026-01-25 19:11:44.688601,purchase
U0032,P0127,2026-03-10 19:11:44.688627,purchase
U0033,P0400,2026-02-15 19:11:44.688651,purchase
U0034,P0243,2026-02-02 19:11:44.688675,purchase
U0035,P0398,2025-12-24 19:11:44.688699,purchase
U0036,P0020,2026-01-24 19:11:44.688723,purchase
U0037,P0067,2025-06-07 19:11:44.688746,purchase
U0038,P0416,2025-12-04 19:11:44.688771,purchase
U0039,P0091,2025-06-06 19:11:44.688795,purchase
U0040,P0311,2025-09-06 19:11:44.688820,purchase
U0041,P0004,2025-07-17 19:11:44.688843,purchase
U0042,P0170,2025-05-31 19:11:44.688867,purchase
U0043,P0433,2025-10-13 19:11:44.688890,purchase
U0044,P0246,2025-11-10 19:11:44.688914,purchase
U0045,P0030,2025-05-25 19:11:44.688937,purchase
U0046,P0278,2025-04-06 19:11:44.688962,purchase
U0047,P0147,2025-08-06 19:11:44.688986,purchase
U0048,P0073,2025-10-27 19:11:44.689010,purchase
U0049,P0271,2026-02-19 19:11:44.689033,purchase
U0050,P0163,2026-03-10 19:11:44.689056,purchase
U0051,P0066,2025-08-24 19:11:44.689079,purchase
U0052,P0059,2025-06-17 19:11:44.689104,purchase
U0053,P0288,2025-12-19 19:11:44.689128,purchase
U0054,P0201,2025-07-23 19:11:44.689152,purchase
U0055,P0345,2025-07-24 19:11:44.689175,purchase
U0056,P0177,2025-09-01 19:11:44.689198,purchase
U0057,P0224,2025-04-08 19:11:44.689222,purchase
U0058,P0125,2025-12-11 19:11:44.689246,purchase
U0059,P0251,2025-09-07 19:11:44.689270,purchase
U0060,P0116,2025-10-30 19:11:44.689294,purchase
U0061,P0263,2025-05-15 19:11:44.689317,purchase
U0062,P0261,2025-08-17 19:11:44.689341,purchase
U0063,P0042,2026-03-09 19:11:44.689365,purchase
U0064,P0201,2025-06-27 19:11:44.689390,purchase
U0065,P0314,2025-04-21 19:11:44.689413,purchase
U0066,P0036,2025-12-02 19:11:44.689443,purchase
U0067,P0324,2026-01-10 19:11:44.689472,purchase
U0068,P0429,2025-09-13 19:11:44.689498,purchase
U0069,P0004,2025-09-14 19:11:44.689522,purchase
U0070,P0064,2025-04-17 19:11:44.689547,purchase
U0071,P0453,2026-03-30 19:11:44.689571,purchase
U0072,P0054,2025-11-03 19:11:44.689601,purchase
U0073,P0361,2026-03-22 19:11:44.689627,purchase
U0074,P0187,2026-01-09 19:11:44.689652,purchase
U0075,P0394,2026-03-13 19:11:44.689677,purchase
U0076,P0101,2025-07-18 19:11:44.689705,purchase
U0077,P0292,2025-11-03 19:11:44.689730,purchase
U0078,P0347,2026-03-29 19:11:44.689756,purchase
U0079,P0411,2026-03-07 19:11:44.689781,purchase
U0080,P0231,2025-07-10 19:11:44.689805,purchase
U0081,P0245,2026-01-06 19:11:44.689829,purchase
U0082,P0476,2025-08-09 19:11:44.689853,purchase
U0083,P0007,2026-01-21 19:11:44.689876,purchase
U0084,P0210,2025-06-18 19:11:44.689900,purchase
U0085,P0088,2025-11-29 19:11:44.689923,purchase
U0086,P0449,2025-11-01 19:11:44.689946,purchase
U0087,P0486,2025-06-01 19:11:44.689970,purchase
U0088,P0458,2025-10-03 19:11:44.689994,purchase
U0089,P0162,2026-03-15 19:11:44.690018,purchase
U0090,P0065,2025-09-27 19:11:44.690042,purchase
U0091,P0068,2026-01-18 19:11:44.690065,purchase
U0092,P0442,2025-11-14 19:11:44.690091,purchase
U0093,P0355,2025-07-18 19:11:44.690116,purchase
U0094,P0393,2025-11-06 19:11:44.690143,purchase
U0095,P0045,2026-02-13 19:11:44.690167,purchase
U0096,P0075,2025-08-27 19:11:44.690191,purchase
U0097,P0294,2025-12-11 19:11:44.690215,purchase
U0098,P0088,2025-09-14 19:11:44.690238,purchase
U0099,P0452,2026-02-19 19:11:44.690261,purchase
U0100,P0309,2025-05-31 19:11:44.690285,purchase
U0101,P0275,2026-02-17 19:11:44.690309,purchase
U0102,P0120,2025-05-15 19:11:44.690332,purchase
U0103,P0128,2025-04-25 19:11:44.690355,purchase
U0104,P0211,2025-07-10 19:11:44.690378,purchase
U0105,P0041,2025-09-24 19:11:44.690401,purchase
U0106,P0459,2026-01-02 19:11:44.690425,purchase
U0107,P0211,2025-05-22 19:11:44.690449,purchase
U0108,P0013,2025-09-22 19:11:44.690479,purchase
U0109,P0338,2025-08-03 19:11:44.690503,purchase
U0110,P0128,2025-06-10 19:11:44.690527,purchase
U0111,P0273,2025-09-17 19:11:44.690551,purchase
U0112,P0043,2025-11-02 19:11:44.690576,purchase
U0113,P0472,2025-08-31 19:11:44.690599,purchase
U0114,P0364,2025-12-21 19:11:44.690622,purchase
U0115,P0449,2025-10-20 19:11:44.690645,purchase
U0116,P0362,2026-01-26 19:11:44.690671,purchase
U0117,P0027,2026-02-13 19:11:44.690695,purchase
U0118,P0429,2025-06-07 19:11:44.690718,purchase
U0119,P0338,2026-01-16 19:11:44.690742,purchase
U0120,P0398,2025-07-24 19:11:44.690765,purchase
U0121,P0074,2025-07-24 19:11:44.690789,purchase
U0122,P0497,2025-07-07 19:11:44.690812,purchase
U0123,P0093,2025-10-28 19:11:44.690835,purchase
U0124,P0349,2025-05-18 19:11:44.690858,purchase
U0125,P0355,2025-10-03 19:11:44.690881,purchase
U0126,P0011,2025-12-23 19:11:44.690904,purchase
U0127,P0247,2025-05-04 19:11:44.690926,purchase
U0128,P0245,2025-11-05 19:11:44.690951,purchase
U0129,P0195,2025-04-12 19:11:44.690973,purchase
U0130,P0387,2026-03-06 19:11:44.690997,purchase
U0131,P0306,2026-03-31 19:11:44.691019,purchase
U0132,P0274,2025-12-24 19:11:44.691041,purchase
U0133,P0118,2025-12-13 19:11:44.691064,purchase
U0134,P0142,2025-08-12 19:11:44.691086,purchase
U0135,P0099,2025-09-24 19:11:44.691112,purchase
U0136,P0163,2026-01-30 19:11:44.691134,purchase
U0137,P0471,2025-05-14 19:11:44.691156,purchase
U0138,P0241,2025-07-01 19:11:44.691181,purchase
U0139,P0480,2025-12-14 19:11:44.691205,purchase
U0140,P0468,2025-08-17 19:11:44.691228,purchase
U0141,P0224,2025-10-19 19:11:44.691251,purchase
U0142,P0495,2026-03-08 19:11:44.691274,purchase
U0143,P0190,2025-10-19 19:11:44.691296,purchase
U0144,P0222,2026-03-14 19:11:44.691317,purchase
U0145,P0059,2025-12-30 19:11:44.691339,purchase
U0146,P0139,2026-01-16 19:11:44.691362,purchase
U0147,P0221,2026-03-11 19:11:44.691384,purchase
U0148,P0408,2025-05-06 19:11:44.691408,purchase
U0149,P0104,2025-04-29 19:11:44.691431,purchase
U0150,P0176,2026-03-13 19:11:44.691455,purchase
U0151,P0181,2025-08-14 19:11:44.691482,purchase
U0152,P0180,2025-10-07 19:11:44.691505,purchase
U0153,P0480,2025-11-22 19:11:44.691527,purchase
U0154,P0362,2025-11-07 19:11:44.691550,purchase
U0155,P0259,2026-01-20 19:11:44.691572,purchase
U0156,P0309,2025-12-01 19:11:44.691595,purchase
U0157,P0126,2025-12-14 19:11:44.691618,purchase
U0158,P0241,2025-12-04 19:11:44.691640,purchase
U0159,P0137,2025-06-23 19:11:44.691663,purchase
U0160,P0250,2025-09-15 19:11:44.691686,purchase
U0161,P0371,2025-10-12 19:11:44.691708,purchase
U0162,P0228,2026-03-16 19:11:44.691730,purchase
U0163,P0277,2025-06-25 19:11:44.691752,purchase
U0164,P0328,2026-02-19 19:11:44.691775,purchase
U0165,P0247,2025-06-06 19:11:44.691797,purchase
U0166,P0059,2025-09-18 19:11:44.691819,purchase
U0167,P0119,2026-01-26 19:11:44.691845,purchase
U0168,P0101,2025-11-16 19:11:44.691868,purchase
U0169,P0300,2025-08-25 19:11:44.691893,purchase
U0170,P0194,2025-06-13 19:11:44.691917,purchase
U0171,P0020,2025-04-06 19:11:44.691940,purchase
U0172,P0400,2025-10-25 19:11:44.691964,purchase
U0173,P0252,2025-07-23 19:11:44.691987,purchase
U0174,P0020,2025-04-29 19:11:44.692011,purchase
U0175,P0356,2026-03-10 19:11:44.692034,purchase
U0176,P0386,2025-05-01 19:11:44.692057,purchase
U0177,P0404,2025-08-07 19:11:44.692080,purchase
U0178,P0316,2025-09-30 19:11:44.692103,purchase
U0179,P0355,2025-08-07 19:11:44.692126,purchase
U0180,P0327,2026-02-28 19:11:44.692149,purchase
U0181,P0109,2025-07-21 19:11:44.692172,purchase
U0182,P0208,2025-11-16 19:11:44.692196,purchase
U0183,P0101,2025-09-20 19:11:44.692218,purchase
U0184,P0282,2025-04-22 19:11:44.692242,purchase
U0185,P0250,2025-09-25 19:11:44.692265,purchase
U0186,P0266,2025-08-06 19:11:44.692288,purchase
U0187,P0361,2025-12-08 19:11:44.692311,purchase
U0188,P0287,2025-05-17 19:11:44.692333,purchase
U0189,P0071,2025-11-22 19:11:44.692357,purchase
U0190,P0052,2025-12-11 19:11:44.692380,purchase
U0191,P0400,2026-04-02 19:11:44.692403,purchase
U0192,P0308,2025-12-28 19:11:44.692426,purchase
U0193,P0479,2025-07-20 19:11:44.692449,purchase
U0194,P0264,2025-12-03 19:11:44.692494,purchase
U0195,P0036,2025-08-14 19:11:44.692521,purchase
U0196,P0460,2025-07-05 19:11:44.692546,purchase
U0197,P0166,2025-11-09 19:11:44.692570,purchase
U0198,P0237,2026-03-11 19:11:44.692593,purchase
U0199,P0277,2025-04-12 19:11:44.692620,purchase
U0200,P0040,2025-10-03 19:11:44.692644,purchase
U0201,P0004,2025-11-10 19:11:44.692670,purchase
U0202,P0400,2025-06-13 19:11:44.692695,purchase
U0203,P0162,2025-10-28 19:11:44.692719,purchase
U0204,P0069,2026-03-13 19:11:44.692743,purchase
U0205,P0120,2025-11-12 19:11:44.692766,purchase
U0206,P0398,2025-09-16 19:11:44.692789,purchase
U0207,P0475,2026-02-04 19:11:44.692812,purchase
U0208,P0320,2025-11-22 19:11:44.692836,purchase
U0209,P0438,2025-09-10 19:11:44.692858,purchase
U0210,P0286,2026-02-01 19:11:44.692880,purchase
U0211,P0320,2025-12-23 19:11:44.692903,purchase
U0212,P0163,2025-07-04 19:11:44.692925,purchase
U0213,P0210,2025-07-05 19:11:44.692948,purchase
U0214,P0224,2025-05-30 19:11:44.692971,purchase
U0215,P0165,2025-08-18 19:11:44.692993,purchase
U0216,P0427,2026-03-15 19:11:44.693016,purchase
U0217,P0137,2025-07-20 19:11:44.693038,purchase
U0218,P0071,2025-10-30 19:11:44.693061,purchase
U0219,P0178,2025-10-04 19:11:44.693088,purchase
U0220,P0457,2025-09-25 19:11:44.693112,purchase
U0221,P0184,2026-02-08 19:11:44.693135,purchase
U0222,P0260,2026-03-12 19:11:44.693159,purchase
U0223,P0413,2026-03-19 19:11:44.693182,purchase
U0224,P0033,2025-10-06 19:11:44.693205,purchase
U0225,P0328,2025-06-17 19:11:44.693228,purchase
U0226,P0037,2025-10-31 19:11:44.693251,purchase
U0227,P0435,2025-12-23 19:11:44.693274,purchase
U0228,P0484,2025-09-04 19:11:44.693296,purchase
U0229,P0234,2025-06-18 19:11:44.693320,purchase
U0230,P0092,2025-06-28 19:11:44.693343,purchase
U0231,P0432,2026-03-25 19:11:44.693367,purchase
U0232,P0017,2025-06-05 19:11:44.693391,purchase
U0233,P0340,2025-08-27 19:11:44.693417,purchase
U0234,P0351,2025-09-04 19:11:44.693441,purchase
U0235,P0117,2025-11-21 19:11:44.693468,purchase
U0236,P0021,2025-05-22 19:11:44.693492,purchase
U0237,P0394,2025-08-29 19:11:44.693514,purchase
U0238,P0444,2025-05-21 19:11:44.693538,purchase
U0239,P0251,2026-03-01 19:11:44.693560,purchase
U0240,P0500,2026-01-07 19:11:44.693582,purchase
U0241,P0207,2025-04-29 19:11:44.693605,purchase
U0242,P0244,2025-08-09 19:11:44.693627,purchase
U0243,P0473,2025-10-24 19:11:44.693650,purchase
U0244,P0024,2025-04-19 19:11:44.693672,purchase
U0245,P0192,2025-10-02 19:11:44.693695,purchase
U0246,P0293,2025-05-13 19:11:44.693718,purchase
U0247,P0132,2025-07-04 19:11:44.693741,purchase
U0248,P0005,2025-06-30 19:11:44.693764,purchase
U0249,P0430,2026-01-04 19:11:44.693787,purchase
U0250,P0095,2025-09-04 19:11:44.693810,purchase
U0251,P0362,2025-05-21 19:11:44.693833,purchase
U0252,P0147,2025-12-30 19:11:44.693856,purchase
U0253,P0210,2025-04-11 19:11:44.693879,purchase
U0254,P0149,2026-04-01 19:11:44.693901,purchase
U0255,P0203,2025-10-09 19:11:44.693923,purchase
U0256,P0179,2025-06-08 19:11:44.693946,purchase
U0257,P0435,2026-02-19 19:11:44.693969,purchase
U0258,P0284,2025-12-29 19:11:44.693992,purchase
U0259,P0004,2025-09-25 19:11:44.694014,purchase
U0260,P0154,2025-06-13 19:11:44.694036,purchase
U0261,P0470,2025-06-02 19:11:44.694059,purchase
U0262,P0422,2026-03-23 19:11:44.694083,purchase
U0263,P0098,2026-03-27 19:11:44.694108,purchase
U0264,P0214,2026-02-28 19:11:44.694131,purchase
U0265,P0384,2025-11-08 19:11:44.694157,purchase
U0266,P0331,2026-02-18 19:11:44.694180,purchase
U0267,P0119,2026-03-18 19:11:44.694203,purchase
U0268,P0329,2025-07-09 19:11:44.694227,purchase
U0269,P0422,2025-07-30 19:11:44.694253,purchase
U0270,P0399,2025-05-12 19:11:44.694277,purchase
U0271,P0099,2026-01-23 19:11:44.694300,purchase
U0272,P0265,2025-10-05 19:11:44.694323,purchase
U0273,P0156,2025-10-08 19:11:44.694346,purchase
U0274,P0256,2026-02-11 19:11:44.694369,purchase
U0275,P0487,2026-02-03 19:11:44.694391,purchase
U0276,P0123,2026-01-04 19:11:44.694414,purchase
U0277,P0370,2025-04-17 19:11:44.694437,purchase
U0278,P0107,2025-06-09 19:11:44.694460,purchase
U0279,P0179,2025-05-09 19:11:44.694489,purchase
U0280,P0380,2025-04-11 19:11:44.694513,purchase
U0281,P0443,2025-10-15 19:11:44.694536,purchase
U0282,P0437,2025-11-23 19:11:44.694559,purchase
U0283,P0230,2025-10-13 19:11:44.694582,purchase
U0284,P0208,2026-01-09 19:11:44.694605,purchase
U0285,P0277,2026-01-26 19:11:44.694628,purchase
U0286,P0136,2026-01-10 19:11:44.694650,purchase
U0287,P0093,2025-07-03 19:11:44.694672,purchase
U0288,P0110,2025-10-05 19:11:44.694695,purchase
U0289,P0145,2026-02-02 19:11:44.694717,purchase
U0290,P0300,2025-04-26 19:11:44.694740,purchase
U0291,P0019,2025-05-30 19:11:44.694762,purchase
U0292,P0497,2026-02-06 19:11:44.694786,purchase
U0293,P0484,2025-08-29 19:11:44.694808,purchase
U0294,P0256,2025-12-22 19:11:44.694830,purchase
U0295,P0095,2026-01-13 19:11:44.694853,purchase
U0296,P0088,2025-07-28 19:11:44.694878,purchase
U0297,P0423,2026-03-25 19:11:44.694900,purchase
U0298,P0085,2026-01-02 19:11:44.694923,purchase
U0299,P0479,2025-09-06 19:11:44.694945,purchase
U0300,P0431,2025-07-11 19:11:44.694967,purchase
U0301,P0188,2025-11-10 19:11:44.694989,purchase
U0302,P0099,2025-04-23 19:11:44.695012,purchase
U0303,P0045,2026-01-18 19:11:44.695034,purchase
U0304,P0099,2025-07-20 19:11:44.695057,purchase
U0305,P0027,2025-05-04 19:11:44.695079,purchase
U0306,P0487,2026-03-02 19:11:44.695101,purchase
U0307,P0344,2025-09-13 19:11:44.695123,purchase
U0308,P0454,2025-09-09 19:11:44.695147,purchase
U0309,P0026,2025-07-22 19:11:44.695170,purchase
U0310,P0273,2026-01-28 19:11:44.695194,purchase
U0311,P0262,2025-06-02 19:11:44.695216,purchase
U0312,P0014,2026-04-05 19:11:44.695239,purchase
U0313,P0221,2025-05-25 19:11:44.695262,purchase
U0314,P0234,2025-11-14 19:11:44.695285,purchase
U0315,P0059,2025-10-16 19:11:44.695308,purchase
U0316,P0091,2025-04-08 19:11:44.695330,purchase
U0317,P0012,2026-02-27 19:11:44.695353,purchase
U0318,P0207,2025-07-09 19:11:44.695375,purchase
U0319,P0406,2026-03-15 19:11:44.695398,purchase
U0320,P0312,2025-06-25 19:11:44.695424,purchase
U0321,P0086,2026-03-14 19:11:44.695447,purchase
U0322,P0442,2025-08-26 19:11:44.695475,purchase
U0323,P0274,2025-09-16 19:11:44.695498,purchase
U0324,P0183,2026-03-01 19:11:44.695520,purchase
U0325,P0491,2025-12-28 19:11:44.695543,purchase
U0326,P0353,2026-01-22 19:11:44.695565,purchase
U0327,P0292,2025-09-14 19:11:44.695593,purchase
U0328,P0437,2025-07-04 19:11:44.695622,purchase
U0329,P0414,2025-09-29 19:11:44.695647,purchase
U0330,P0261,2025-10-16 19:11:44.695670,purchase
U0331,P0174,2025-08-07 19:11:44.695694,purchase
U0332,P0152,2026-02-24 19:11:44.695717,purchase
U0333,P0445,2025-11-15 19:11:44.695741,purchase
U0334,P0020,2025-09-15 19:11:44.695764,purchase
U0335,P0151,2025-11-21 19:11:44.695787,purchase
U0336,P0078,2026-01-11 19:11:44.695811,purchase
U0337,P0141,2025-07-07 19:11:44.695834,purchase
U0338,P0495,2026-02-15 19:11:44.695858,purchase
U0339,P0167,2025-06-22 19:11:44.695881,purchase
U0340,P0248,2025-09-05 19:11:44.695905,purchase
U0341,P0500,2025-10-01 19:11:44.695928,purchase
U0342,P0054,2025-04-23 19:11:44.695951,purchase
U0343,P0232,2025-10-09 19:11:44.695975,purchase
U0344,P0123,2026-03-25 19:11:44.695998,purchase
U0345,P0093,2025-05-12 19:11:44.696021,purchase
U0346,P0341,2025-11-27 19:11:44.696044,purchase
U0347,P0173,2025-05-08 19:11:44.696067,purchase
U0348,P0254,2026-03-16 19:11:44.696091,purchase
U0349,P0474,2025-09-26 19:11:44.696114,purchase
U0350,P0281,2025-10-17 19:11:44.696137,purchase
U0351,P0415,2026-03-13 19:11:44.696159,purchase
U0352,P0212,2025-12-05 19:11:44.696183,purchase
U0353,P0036,2025-12-09 19:11:44.696206,purchase
U0354,P0002,2026-02-15 19:11:44.696230,purchase
U0355,P0070,2025-08-22 19:11:44.696252,purchase
U0356,P0033,2025-08-12 19:11:44.696275,purchase
U0357,P0283,2025-10-19 19:11:44.696298,purchase
U0358,P0224,2026-03-17 19:11:44.696320,purchase
U0359,P0330,2025-08-18 19:11:44.696343,purchase
U0360,P0252,2026-03-23 19:11:44.696367,purchase
U0361,P0231,2026-01-21 19:11:44.696389,purchase
U0362,P0480,2026-02-11 19:11:44.696414,purchase
U0363,P0013,2025-08-04 19:11:44.696436,purchase
U0364,P0121,2025-05-06 19:11:44.696458,purchase
U0365,P0365,2026-03-24 19:11:44.696496,purchase
U0366,P0092,2026-01-20 19:11:44.696520,purchase
U0367,P0090,2025-07-13 19:11:44.696543,purchase
U0368,P0421,2025-08-22 19:11:44.696566,purchase
U0369,P0040,2025-04-26 19:11:44.696590,purchase
U0370,P0496,2025-11-15 19:11:44.696616,purchase
U0371,P0124,2025-05-17 19:11:44.696642,purchase
U0372,P0322,2025-05-09 19:11:44.696667,purchase
U0373,P0429,2026-01-03 19:11:44.696690,purchase
U0374,P0262,2026-03-05 19:11:44.696713,purchase
U0375,P0144,2025-07-10 19:11:44.696736,purchase
U0376,P0422,2025-04-09 19:11:44.696759,purchase
U0377,P0111,2025-05-16 19:11:44.696781,purchase
U0378,P0491,2025-11-26 19:11:44.696804,purchase
U0379,P0277,2026-02-05 19:11:44.696826,purchase
U0380,P0191,2025-12-10 19:11:44.696849,purchase
U0381,P0353,2026-03-19 19:11:44.696871,purchase
U0382,P0216,2026-01-17 19:11:44.696895,purchase
U0383,P0001,2025-09-20 19:11:44.696918,purchase
U0384,P0260,2026-04-02 19:11:44.696940,purchase
U0385,P0065,2025-09-01 19:11:44.696963,purchase
U0386,P0097,2026-02-03 19:11:44.696985,purchase
U0387,P0300,2025-07-30 19:11:44.697008,purchase
U0388,P0175,2025-11-23 19:11:44.697029,purchase
U0389,P0303,2026-02-01 19:11:44.697051,purchase
U0390,P0424,2026-01-06 19:11:44.697076,purchase
U0391,P0192,2025-07-21 19:11:44.697099,purchase
U0392,P0228,2025-07-18 19:11:44.697124,purchase
U0393,P0397,2025-11-23 19:11:44.697148,purchase
U0394,P0005,2025-06-07 19:11:44.697171,purchase
U0395,P0380,2025-08-17 19:11:44.697194,purchase
U0396,P0126,2026-04-04 19:11:44.697217,purchase
U0397,P0488,2025-11-29 19:11:44.697239,purchase
U0398,P0315,2025-07-17 19:11:44.697262,purchase
U0399,P0453,2026-01-27 19:11:44.697285,purchase
U0400,P0471,2025-05-31 19:11:44.697310,purchase
U0401,P0208,2025-11-11 19:11:44.697333,purchase
U0402,P0386,2026-01-02 19:11:44.697357,purchase
U0403,P0393,2026-01-30 19:11:44.697379,purchase
U0404,P0021,2026-02-17 19:11:44.697401,purchase
U0405,P0052,2025-06-07 19:11:44.697423,purchase
U0406,P0404,2026-01-12 19:11:44.697447,purchase
U0407,P0230,2025-04-12 19:11:44.697476,purchase
U0408,P0270,2026-01-12 19:11:44.697500,purchase
U0409,P0188,2025-06-23 19:11:44.697525,purchase
U0410,P0005,2025-11-26 19:11:44.697548,purchase
U0411,P0004,2026-01-27 19:11:44.697571,purchase
U0412,P0315,2026-01-20 19:11:44.697594,purchase
U0413,P0313,2025-05-19 19:11:44.697617,purchase
U0414,P0214,2026-04-04 19:11:44.697641,purchase
U0415,P0143,2025-09-25 19:11:44.697664,purchase
U0416,P0024,2025-07-05 19:11:44.697686,purchase
U0417,P0055,2025-04-07 19:11:44.697709,purchase
U0418,P0110,2025-08-27 19:11:44.697731,purchase
U0419,P0133,2026-01-11 19:11:44.697754,purchase
U0420,P0141,2025-05-15 19:11:44.697776,purchase
U0421,P0278,2025-04-29 19:11:44.697799,purchase
U0422,P0183,2025-05-08 19:11:44.697823,purchase
U0423,P0298,2025-08-29 19:11:44.697853,purchase
U0424,P0479,2025-05-02 19:11:44.697877,purchase
U0425,P0391,2026-01-29 19:11:44.697901,purchase
U0426,P0075,2025-06-17 19:11:44.697924,purchase
U0427,P0159,2025-10-01 19:11:44.697947,purchase
U0428,P0350,2025-07-26 19:11:44.697970,purchase
U0429,P0023,2025-11-03 19:11:44.697993,purchase
U0430,P0008,2025-07-16 19:11:44.698016,purchase
U0431,P0431,2026-03-01 19:11:44.698040,purchase
U0432,P0471,2025-11-27 19:11:44.698063,purchase
U0433,P0382,2025-10-13 19:11:44.698087,purchase
U0434,P0059,2025-09-26 19:11:44.698111,purchase
U0435,P0359,2026-01-07 19:11:44.698134,purchase
U0436,P0176,2025-08-22 19:11:44.698159,purchase
U0437,P0099,2025-04-29 19:11:44.698181,purchase
U0438,P0010,2025-10-26 19:11:44.698204,purchase
U0439,P0480,2025-07-21 19:11:44.698227,purchase
U0440,P0500,2025-11-23 19:11:44.698250,purchase
U0441,P0369,2025-04-21 19:11:44.698273,purchase
U0442,P0290,2025-09-07 19:11:44.698296,purchase
U0443,P0242,2025-10-10 19:11:44.698319,purchase
U0444,P0400,2025-06-05 19:11:44.698341,purchase
U0445,P0245,2025-11-23 19:11:44.698364,purchase
U0446,P0376,2025-11-01 19:11:44.698386,purchase
U0447,P0117,2025-10-27 19:11:44.698408,purchase
U0448,P0453,2026-02-28 19:11:44.698431,purchase
U0449,P0358,2025-04-28 19:11:44.698454,purchase
U0450,P0370,2025-08-10 19:11:44.698532,purchase
U0451,P0125,2025-05-18 19:11:44.698577,purchase
U0452,P0004,2025-08-16 19:11:44.698616,purchase
U0453,P0380,2025-12-04 19:11:44.698653,purchase
U0454,P0170,2025-10-15 19:11:44.698691,purchase
U0455,P0152,2026-03-16 19:11:44.698719,purchase
U0456,P0233,2025-11-17 19:11:44.698746,purchase
U0457,P0044,2026-02-28 19:11:44.698771,purchase
U0458,P0100,2025-06-24 19:11:44.698796,purchase
U0459,P0209,2026-03-24 19:11:44.698820,purchase
U0460,P0054,2025-04-27 19:11:44.698844,purchase
U0461,P0091,2025-11-24 19:11:44.698867,purchase
U0462,P0061,2025-06-06 19:11:44.698890,purchase
U0463,P0194,2026-02-08 19:11:44.698913,purchase
U0464,P0141,2025-11-17 19:11:44.698937,purchase
U0465,P0398,2025-12-24 19:11:44.698961,purchase
U0466,P0045,2025-07-11 19:11:44.698984,purchase
U0467,P0302,2025-12-08 19:11:44.699007,purchase
U0468,P0041,2025-08-29 19:11:44.699030,purchase
U0469,P0085,2025-08-14 19:11:44.699053,purchase
U0470,P0335,2026-01-09 19:11:44.699076,purchase
U0471,P0182,2026-03-16 19:11:44.699099,purchase
U0472,P0102,2025-05-21 19:11:44.699122,purchase
U0473,P0352,2025-07-28 19:11:44.699147,purchase
U0474,P0114,2026-01-27 19:11:44.699172,purchase
U0475,P0092,2025-09-08 19:11:44.699196,purchase
U0476,P0242,2025-08-07 19:11:44.699220,purchase
U0477,P0005,2025-09-03 19:11:44.699243,purchase
U0478,P0303,2025-06-06 19:11:44.699266,purchase
U0479,P0293,2026-02-17 19:11:44.699290,purchase
U0480,P0427,2025-06-01 19:11:44.699313,purchase
U0481,P0040,2025-07-14 19:11:44.699336,purchase
U0482,P0074,2025-12-21 19:11:44.699359,purchase
U0483,P0014,2025-12-06 19:11:44.699382,purchase
U0484,P0087,2025-10-08 19:11:44.699404,purchase
U0485,P0155,2025-06-23 19:11:44.699427,purchase
U0486,P0187,2025-11-17 19:11:44.699450,purchase
U0487,P0395,2025-11-29 19:11:44.699483,purchase
U0488,P0308,2025-06-24 19:11:44.699506,purchase
U0489,P0125,2025-06-02 19:11:44.699530,purchase
U0490,P0411,2025-05-26 19:11:44.699554,purchase
U0491,P0040,2026-02-12 19:11:44.699578,purchase
U0492,P0059,2025-09-01 19:11:44.699601,purchase
U0493,P0460,2026-01-22 19:11:44.699624,purchase
U0494,P0268,2026-03-25 19:11:44.699647,purchase
U0495,P0179,2026-02-16 19:11:44.699671,purchase
U0496,P0420,2025-09-06 19:11:44.699696,purchase
U0497,P0411,2026-04-03 19:11:44.699719,purchase
U0498,P0244,2025-09-19 19:11:44.699743,purchase
U0499,P0068,2025-05-18 19:11:44.699766,purchase
U0500,P0380,2025-08-02 19:11:44.699788,purchase
U0501,P0092,2025-10-04 19:11:44.699826,purchase
U0502,P0285,2025-10-11 19:11:44.699850,purchase
U0503,P0074,2025-10-20 19:11:44.699874,purchase
U0504,P0003,2025-05-05 19:11:44.699897,purchase
U0505,P0455,2025-05-29 19:11:44.699921,purchase
U0506,P0130,2025-08-30 19:11:44.699946,purchase
U0507,P0300,2025-09-26 19:11:44.699969,purchase
U0508,P0282,2025-11-17 19:11:44.699992,purchase
U0509,P0417,2026-03-20 19:11:44.700014,purchase
U0510,P0479,2025-09-22 19:11:44.700037,purchase
U0511,P0140,2025-12-25 19:11:44.700059,purchase
U0512,P0442,2025-07-02 19:11:44.700082,purchase
U0513,P0328,2026-03-23 19:11:44.700104,purchase
U0514,P0337,2025-11-19 19:11:44.700127,purchase
U0515,P0469,2025-09-03 19:11:44.700149,purchase
U0516,P0228,2025-12-30 19:11:44.700172,purchase
U0517,P0383,2025-04-19 19:11:44.700195,purchase
U0518,P0243,2026-03-17 19:11:44.700220,purchase
U0519,P0027,2026-03-16 19:11:44.700243,purchase
U0520,P0321,2026-04-02 19:11:44.700267,purchase
U0521,P0018,2025-04-25 19:11:44.700290,purchase
U0522,P0436,2025-08-29 19:11:44.700315,purchase
U0523,P0330,2026-03-13 19:11:44.700338,purchase
U0524,P0172,2025-08-11 19:11:44.700361,purchase
U0525,P0015,2026-04-03 19:11:44.700383,purchase
U0526,P0294,2025-11-12 19:11:44.700406,purchase
U0527,P0418,2025-12-23 19:11:44.700429,purchase
U0528,P0393,2025-10-30 19:11:44.700451,purchase
U0529,P0309,2025-04-09 19:11:44.700479,purchase
U0530,P0378,2025-12-21 19:11:44.700503,purchase
U0531,P0443,2025-04-06 19:11:44.700527,purchase
U0532,P0350,2025-05-17 19:11:44.700551,purchase
U0533,P0078,2026-01-27 19:11:44.700574,purchase
U0534,P0032,2025-09-15 19:11:44.700598,purchase
U0535,P0053,2026-02-15 19:11:44.700621,purchase
U0536,P0204,2026-01-16 19:11:44.700644,purchase
U0537,P0074,2026-04-02 19:11:44.700666,purchase
U0538,P0026,2025-04-12 19:11:44.700688,purchase
U0539,P0104,2025-05-16 19:11:44.700713,purchase
U0540,P0267,2025-07-22 19:11:44.700737,purchase
U0541,P0065,2025-05-19 19:11:44.700760,purchase
U0542,P0046,2025-04-25 19:11:44.700783,purchase
U0543,P0374,2025-09-08 19:11:44.700806,purchase
U0544,P0192,2025-04-23 19:11:44.700829,purchase
U0545,P0317,2026-03-10 19:11:44.700851,purchase
U0546,P0476,2025-11-10 19:11:44.700874,purchase
U0547,P0142,2026-03-30 19:11:44.700896,purchase
U0548,P0324,2026-02-26 19:11:44.700918,purchase
U0549,P0210,2026-03-09 19:11:44.700940,purchase
U0550,P0175,2025-08-17 19:11:44.700963,purchase
U0551,P0248,2025-10-12 19:11:44.700986,purchase
U0552,P0268,2025-12-16 19:11:44.701009,purchase
U0553,P0122,2026-03-23 19:11:44.701031,purchase
U0554,P0387,2025-04-17 19:11:44.701054,purchase
U0555,P0265,2025-12-12 19:11:44.701076,purchase
U0556,P0004,2025-07-25 19:11:44.701098,purchase
U0557,P0047,2026-01-02 19:11:44.701120,purchase
U0558,P0336,2025-10-24 19:11:44.701142,purchase
U0559,P0382,2025-10-30 19:11:44.701164,purchase
U0560,P0428,2025-12-02 19:11:44.701187,purchase
U0561,P0382,2026-02-27 19:11:44.701209,purchase
U0562,P0013,2025-09-03 19:11:44.701231,purchase
U0563,P0415,2025-12-25 19:11:44.701254,purchase
U0564,P0306,2025-09-30 19:11:44.701277,purchase
U0565,P0233,2025-09-26 19:11:44.701300,purchase
U0566,P0067,2025-04-05 19:11:44.701323,purchase
U0567,P0003,2025-08-15 19:11:44.701346,purchase
U0568,P0113,2025-11-28 19:11:44.701369,purchase
U0569,P0442,2025-07-03 19:11:44.701392,purchase
U0570,P0198,2025-11-11 19:11:44.701414,purchase
U0571,P0300,2025-07-22 19:11:44.701437,purchase
U0572,P0159,2026-01-20 19:11:44.701460,purchase
U0573,P0090,2026-02-15 19:11:44.701487,purchase
U0574,P0398,2025-08-13 19:11:44.701510,purchase
U0575,P0222,2025-06-02 19:11:44.701534,purchase
U0576,P0459,2025-10-18 19:11:44.701559,purchase
U0577,P0273,2026-04-02 19:11:44.701581,purchase
U0578,P0211,2025-04-18 19:11:44.701604,purchase
U0579,P0244,2026-04-05 19:11:44.701627,purchase
U0580,P0053,2025-10-07 19:11:44.701650,purchase
U0581,P0123,2025-04-13 19:11:44.701673,purchase
U0582,P0181,2026-03-27 19:11:44.701700,purchase
U0583,P0497,2025-05-03 19:11:44.701725,purchase
U0584,P0082,2026-02-11 19:11:44.701749,purchase
U0585,P0284,2026-02-22 19:11:44.701773,purchase
U0586,P0174,2025-08-27 19:11:44.701796,purchase
U0587,P0307,2025-12-15 19:11:44.701819,purchase
U0588,P0248,2025-05-20 19:11:44.701841,purchase
U0589,P0247,2025-09-29 19:11:44.701864,purchase
U0590,P0422,2025-08-23 19:11:44.701887,purchase
U0591,P0299,2025-12-25 19:11:44.701911,purchase
U0592,P0180,2025-10-07 19:11:44.701935,purchase
U0593,P0153,2025-06-24 19:11:44.701958,purchase
U0594,P0074,2025-06-11 19:11:44.701982,purchase
U0595,P0478,2025-09-14 19:11:44.702005,purchase
U0596,P0315,2026-01-27 19:11:44.702028,purchase
U0597,P0017,2025-07-17 19:11:44.702050,purchase
U0598,P0305,2025-12-05 19:11:44.702073,purchase
U0599,P0370,2025-12-19 19:11:44.702095,purchase
U0600,P0234,2025-11-12 19:11:44.702117,purchase
U0601,P0276,2025-11-27 19:11:44.702140,purchase
U0602,P0195,2025-07-26 19:11:44.702163,purchase
U0603,P0457,2026-01-04 19:11:44.702186,purchase
U0604,P0132,2026-03-13 19:11:44.702208,purchase
U0605,P0398,2025-12-09 19:11:44.702230,purchase
U0606,P0232,2026-01-07 19:11:44.702253,purchase
U0607,P0205,2025-05-24 19:11:44.702276,purchase
U0608,P0037,2026-03-29 19:11:44.702299,purchase
U0609,P0081,2026-04-02 19:11:44.702322,purchase
U0610,P0233,2026-02-16 19:11:44.702346,purchase
U0611,P0179,2026-03-05 19:11:44.702368,purchase
U0612,P0123,2025-04-19 19:11:44.702391,purchase
U0613,P0266,2025-04-23 19:11:44.702414,purchase
U0614,P0369,2025-04-12 19:11:44.702440,purchase
U0615,P0287,2025-08-04 19:11:44.702475,purchase
U0616,P0110,2026-03-05 19:11:44.702501,purchase
U0617,P0494,2025-06-22 19:11:44.702525,purchase
U0618,P0332,2025-05-02 19:11:44.702548,purchase
U0619,P0247,2025-09-05 19:11:44.702572,purchase
U0620,P0302,2025-08-12 19:11:44.702596,purchase
U0621,P0094,2025-07-12 19:11:44.702619,purchase
U0622,P0116,2026-01-28 19:11:44.702645,purchase
U0623,P0325,2026-01-02 19:11:44.702668,purchase
U0624,P0306,2025-06-03 19:11:44.702693,purchase
U0625,P0201,2025-05-17 19:11:44.702716,purchase
U0626,P0497,2026-01-21 19:11:44.702739,purchase
U0627,P0157,2026-04-05 19:11:44.702762,purchase
U0628,P0473,2025-05-13 19:11:44.702786,purchase
U0629,P0350,2025-07-03 19:11:44.702809,purchase
U0630,P0091,2026-01-19 19:11:44.702832,purchase
U0631,P0462,2025-08-08 19:11:44.702855,purchase
U0632,P0391,2025-05-20 19:11:44.702878,purchase
U0633,P0237,2025-07-08 19:11:44.702902,purchase
U0634,P0244,2025-11-04 19:11:44.702924,purchase
U0635,P0204,2025-06-04 19:11:44.702947,purchase
U0636,P0389,2026-02-02 19:11:44.702969,purchase
U0637,P0164,2025-12-19 19:11:44.702992,purchase
U0638,P0174,2025-08-07 19:11:44.703015,purchase
U0639,P0435,2025-12-08 19:11:44.703037,purchase
U0640,P0166,2026-03-15 19:11:44.703060,purchase
U0641,P0454,2025-11-13 19:11:44.703083,purchase
U0642,P0334,2025-12-09 19:11:44.703105,purchase
U0643,P0351,2025-11-01 19:11:44.703128,purchase
U0644,P0344,2026-01-18 19:11:44.703151,purchase
U0645,P0130,2025-04-23 19:11:44.703175,purchase
U0646,P0247,2025-05-26 19:11:44.703201,purchase
U0647,P0473,2025-08-31 19:11:44.703224,purchase
U0648,P0005,2025-05-02 19:11:44.703252,purchase
U0649,P0290,2025-06-04 19:11:44.703275,purchase
U0650,P0107,2025-11-15 19:11:44.703299,purchase
U0651,P0348,2025-05-19 19:11:44.703322,purchase
U0652,P0041,2025-10-29 19:11:44.703345,purchase
U0653,P0162,2026-02-13 19:11:44.703368,purchase
U0654,P0160,2025-08-26 19:11:44.703391,purchase
U0655,P0090,2026-03-27 19:11:44.703414,purchase
U0656,P0456,2026-03-10 19:11:44.703437,purchase
U0657,P0080,2025-07-14 19:11:44.703460,purchase
U0658,P0341,2025-06-01 19:11:44.703495,purchase
U0659,P0368,2025-11-20 19:11:44.703520,purchase
U0660,P0324,2025-07-30 19:11:44.703544,purchase
U0661,P0409,2026-02-03 19:11:44.703567,purchase
U0662,P0045,2026-02-18 19:11:44.703590,purchase
U0663,P0038,2025-05-01 19:11:44.703614,purchase
U0664,P0242,2025-09-27 19:11:44.703638,purchase
U0665,P0393,2025-12-10 19:11:44.703661,purchase
U0666,P0226,2026-03-31 19:11:44.703684,purchase
U0667,P0435,2025-05-13 19:11:44.703707,purchase
U0668,P0386,2025-12-13 19:11:44.703730,purchase
U0669,P0115,2025-08-18 19:11:44.703753,purchase
U0670,P0486,2025-11-18 19:11:44.703777,purchase
U0671,P0087,2025-05-06 19:11:44.703800,purchase
U0672,P0150,2026-03-22 19:11:44.703826,purchase
U0673,P0319,2025-09-21 19:11:44.703849,purchase
U0674,P0249,2025-04-30 19:11:44.703875,purchase
U0675,P0013,2026-02-14 19:11:44.703898,purchase
U0676,P0364,2025-05-31 19:11:44.703921,purchase
U0677,P0158,2026-03-30 19:11:44.703947,purchase
U0678,P0068,2025-07-17 19:11:44.703970,purchase
U0679,P0355,2025-04-19 19:11:44.703994,purchase
U0680,P0360,2026-03-28 19:11:44.704017,purchase
U0681,P0006,2025-09-10 19:11:44.704041,purchase
U0682,P0374,2025-12-04 19:11:44.704064,purchase
U0683,P0088,2025-11-04 19:11:44.704087,purchase
U0684,P0045,2025-12-21 19:11:44.704110,purchase
U0685,P0272,2026-01-22 19:11:44.704133,purchase
U0686,P0310,2025-10-05 19:11:44.704156,purchase
U0687,P0396,2026-02-05 19:11:44.704179,purchase
U0688,P0068,2026-01-25 19:11:44.704202,purchase
U0689,P0028,2025-12-10 19:11:44.704225,purchase
U0690,P0464,2025-07-30 19:11:44.704248,purchase
U0691,P0422,2025-12-12 19:11:44.704271,purchase
U0692,P0282,2025-10-14 19:11:44.704294,purchase
U0693,P0053,2025-05-01 19:11:44.704317,purchase
U0694,P0072,2025-11-10 19:11:44.704340,purchase
U0695,P0218,2025-11-11 19:11:44.704363,purchase
U0696,P0417,2025-07-21 19:11:44.704386,purchase
U0697,P0013,2026-01-09 19:11:44.704409,purchase
U0698,P0395,2025-09-04 19:11:44.704432,purchase
U0699,P0487,2025-10-02 19:11:44.704455,purchase
U0700,P0480,2026-01-23 19:11:44.704484,purchase
U0701,P0341,2025-04-13 19:11:44.704508,purchase
U0702,P0008,2026-02-18 19:11:44.704532,purchase
U0703,P0289,2026-02-21 19:11:44.704556,purchase
U0704,P0278,2025-08-30 19:11:44.704580,purchase
U0705,P0016,2025-11-02 19:11:44.704604,purchase
U0706,P0309,2025-10-24 19:11:44.704628,purchase
U0707,P0499,2025-08-30 19:11:44.704651,purchase
U0708,P0419,2026-03-02 19:11:44.704674,purchase
U0709,P0117,2025-06-04 19:11:44.704701,purchase
U0710,P0344,2025-05-04 19:11:44.704728,purchase
U0711,P0492,2026-03-28 19:11:44.704752,purchase
U0712,P0203,2025-05-19 19:11:44.704776,purchase
U0713,P0004,2025-12-22 19:11:44.704800,purchase
U0714,P0044,2025-12-08 19:11:44.704824,purchase
U0715,P0466,2025-09-22 19:11:44.704847,purchase
U0716,P0306,2025-07-20 19:11:44.704869,purchase
U0717,P0050,2026-01-14 19:11:44.704893,purchase
U0718,P0347,2025-08-21 19:11:44.704916,purchase
U0719,P0414,2026-02-15 19:11:44.704943,purchase
U0720,P0114,2025-12-07 19:11:44.704967,purchase
U0721,P0096,2025-07-22 19:11:44.704991,purchase
U0722,P0442,2025-07-24 19:11:44.705015,purchase
U0723,P0313,2025-09-04 19:11:44.705038,purchase
U0724,P0156,2025-09-17 19:11:44.705061,purchase
U0725,P0240,2025-04-22 19:11:44.705084,purchase
U0726,P0215,2025-08-30 19:11:44.705107,purchase
U0727,P0469,2025-07-07 19:11:44.705129,purchase
U0728,P0336,2026-02-16 19:11:44.705151,purchase
U0729,P0148,2025-10-01 19:11:44.705174,purchase
U0730,P0014,2026-01-04 19:11:44.705196,purchase
U0731,P0049,2025-07-17 19:11:44.705219,purchase
U0732,P0418,2025-12-25 19:11:44.705242,purchase
U0733,P0173,2025-04-09 19:11:44.705264,purchase
U0734,P0047,2025-09-11 19:11:44.705288,purchase
U0735,P0416,2025-10-14 19:11:44.705311,purchase
U0736,P0037,2026-02-12 19:11:44.705333,purchase
U0737,P0087,2025-07-31 19:11:44.705355,purchase
U0738,P0028,2025-06-28 19:11:44.705378,purchase
U0739,P0375,2026-01-08 19:11:44.705401,purchase
U0740,P0228,2025-05-06 19:11:44.705423,purchase
U0741,P0322,2025-05-10 19:11:44.705449,purchase
U0742,P0258,2025-12-06 19:11:44.705544,purchase
U0743,P0379,2026-01-14 19:11:44.705574,purchase
U0744,P0440,2025-04-28 19:11:44.705599,purchase
U0745,P0306,2026-02-23 19:11:44.705624,purchase
U0746,P0235,2025-06-26 19:11:44.705649,purchase
U0747,P0129,2025-08-15 19:11:44.705673,purchase
U0748,P0467,2025-10-23 19:11:44.705697,purchase
U0749,P0183,2025-06-25 19:11:44.705722,purchase
U0750,P0233,2025-07-27 19:11:44.705746,purchase
U0751,P0450,2025-08-16 19:11:44.705771,purchase
U0752,P0381,2025-12-24 19:11:44.705794,purchase
U0753,P0449,2026-03-04 19:11:44.705818,purchase
U0754,P0163,2025-10-29 19:11:44.705842,purchase
U0755,P0250,2025-06-14 19:11:44.705866,purchase
U0756,P0141,2025-12-21 19:11:44.705889,purchase
U0757,P0457,2026-01-06 19:11:44.705913,purchase
U0758,P0331,2025-09-14 19:11:44.705936,purchase
U0759,P0242,2026-02-13 19:11:44.705959,purchase
U0760,P0057,2025-07-13 19:11:44.705982,purchase
U0761,P0445,2025-08-08 19:11:44.706005,purchase
U0762,P0081,2025-08-23 19:11:44.706030,purchase
U0763,P0072,2025-11-03 19:11:44.706054,purchase
U0764,P0242,2026-03-18 19:11:44.706077,purchase
U0765,P0338,2025-09-30 19:11:44.706101,purchase
U0766,P0189,2026-03-20 19:11:44.706125,purchase
U0767,P0331,2025-10-11 19:11:44.706149,purchase
U0768,P0361,2025-09-01 19:11:44.706174,purchase
U0769,P0084,2026-01-20 19:11:44.706201,purchase
U0770,P0015,2025-06-06 19:11:44.706225,purchase
U0771,P0361,2025-12-17 19:11:44.706248,purchase
U0772,P0223,2025-10-04 19:11:44.706273,purchase
U0773,P0091,2026-01-12 19:11:44.706300,purchase
U0774,P0037,2025-08-20 19:11:44.706324,purchase
U0775,P0046,2025-06-08 19:11:44.706347,purchase
U0776,P0444,2026-02-10 19:11:44.706371,purchase
U0777,P0320,2025-10-24 19:11:44.706396,purchase
U0778,P0479,2026-02-08 19:11:44.706420,purchase
U0779,P0127,2025-07-15 19:11:44.706443,purchase
U0780,P0473,2025-08-06 19:11:44.706471,purchase
U0781,P0087,2026-03-28 19:11:44.706495,purchase
U0782,P0157,2025-04-26 19:11:44.706519,purchase
U0783,P0037,2026-02-17 19:11:44.706542,purchase
U0784,P0326,2026-03-20 19:11:44.706565,purchase
U0785,P0207,2025-06-30 19:11:44.706588,purchase
U0786,P0325,2026-02-14 19:11:44.706612,purchase
U0787,P0469,2026-01-27 19:11:44.706635,purchase
U0788,P0478,2025-09-05 19:11:44.706658,purchase
U0789,P0138,2026-02-06 19:11:44.706680,purchase
U0790,P0405,2026-03-09 19:11:44.706703,purchase
U0791,P0002,2025-09-16 19:11:44.706726,purchase
U0792,P0259,2025-08-09 19:11:44.706749,purchase
U0793,P0445,2025-09-30 19:11:44.706772,purchase
U0794,P0401,2025-07-02 19:11:44.706798,purchase
U0795,P0112,2026-02-19 19:11:44.706821,purchase
U0796,P0387,2026-03-23 19:11:44.706844,purchase
U0797,P0465,2025-05-19 19:11:44.706867,purchase
U0798,P0460,2026-02-19 19:11:44.706891,purchase
U0799,P0327,2026-01-17 19:11:44.706915,purchase
U0800,P0055,2026-01-09 19:11:44.706937,purchase
U0801,P0289,2026-03-07 19:11:44.706960,purchase
U0802,P0345,2026-03-08 19:11:44.706984,purchase
U0803,P0065,2025-06-22 19:11:44.707007,purchase
U0804,P0097,2025-06-19 19:11:44.707033,purchase
U0805,P0356,2026-03-10 19:11:44.707057,purchase
U0806,P0083,2025-11-17 19:11:44.707079,purchase
U0807,P0272,2025-09-12 19:11:44.707102,purchase
U0808,P0447,2025-07-29 19:11:44.707127,purchase
U0809,P0117,2025-06-10 19:11:44.707149,purchase
U0810,P0179,2025-11-26 19:11:44.707173,purchase
U0811,P0223,2025-04-28 19:11:44.707195,purchase
U0812,P0152,2025-12-25 19:11:44.707219,purchase
U0813,P0014,2026-01-30 19:11:44.707242,purchase
U0814,P0275,2025-10-25 19:11:44.707265,purchase
U0815,P0101,2025-08-02 19:11:44.707289,purchase
U0816,P0447,2025-12-22 19:11:44.707312,purchase
U0817,P0031,2025-09-10 19:11:44.707335,purchase
U0818,P0201,2025-08-28 19:11:44.707357,purchase
U0819,P0039,2025-10-13 19:11:44.707379,purchase
U0820,P0104,2025-10-23 19:11:44.707404,purchase
U0821,P0370,2026-01-08 19:11:44.707427,purchase
U0822,P0008,2025-10-14 19:11:44.707449,purchase
U0823,P0181,2025-10-06 19:11:44.707476,purchase
U0824,P0214,2026-01-12 19:11:44.707500,purchase
U0825,P0370,2026-03-27 19:11:44.707523,purchase
U0826,P0281,2025-05-19 19:11:44.707546,purchase
U0827,P0289,2026-03-02 19:11:44.707570,purchase
U0828,P0206,2025-04-11 19:11:44.707593,purchase
U0829,P0375,2025-08-22 19:11:44.707616,purchase
U0830,P0283,2026-04-03 19:11:44.707638,purchase
U0831,P0417,2025-08-12 19:11:44.707661,purchase
U0832,P0094,2026-01-24 19:11:44.707683,purchase
U0833,P0319,2025-11-25 19:11:44.707706,purchase
U0834,P0318,2026-03-05 19:11:44.707729,purchase
U0835,P0243,2025-06-06 19:11:44.707751,purchase
U0836,P0464,2025-04-21 19:11:44.707777,purchase
U0837,P0414,2026-03-16 19:11:44.707805,purchase
U0838,P0418,2026-03-09 19:11:44.707830,purchase
U0839,P0436,2025-08-14 19:11:44.707855,purchase
U0840,P0027,2026-04-02 19:11:44.707878,purchase
U0841,P0099,2025-06-27 19:11:44.707901,purchase
U0842,P0063,2025-07-21 19:11:44.707926,purchase
U0843,P0277,2026-02-05 19:11:44.707949,purchase
U0844,P0240,2026-02-07 19:11:44.707972,purchase
U0845,P0415,2025-08-16 19:11:44.707994,purchase
U0846,P0355,2025-07-10 19:11:44.708017,purchase
U0847,P0259,2025-09-26 19:11:44.708039,purchase
U0848,P0461,2026-03-21 19:11:44.708062,purchase
U0849,P0322,2026-03-17 19:11:44.708085,purchase
U0850,P0249,2026-02-09 19:11:44.708107,purchase
U0851,P0184,2026-02-20 19:11:44.708130,purchase
U0852,P0147,2025-09-24 19:11:44.708154,purchase
U0853,P0351,2025-12-02 19:11:44.708176,purchase
U0854,P0481,2026-01-09 19:11:44.708199,purchase
U0855,P0121,2025-05-21 19:11:44.708221,purchase
U0856,P0180,2025-04-27 19:11:44.708244,purchase
U0857,P0290,2025-10-20 19:11:44.708267,purchase
U0858,P0278,2025-07-11 19:11:44.708290,purchase
U0859,P0366,2025-11-24 19:11:44.708313,purchase
U0860,P0370,2025-12-27 19:11:44.708335,purchase
U0861,P0141,2025-06-18 19:11:44.708358,purchase
U0862,P0167,2025-10-27 19:11:44.708389,purchase
U0863,P0457,2025-11-07 19:11:44.708412,purchase
U0864,P0283,2025-09-30 19:11:44.708435,purchase
U0865,P0053,2025-11-17 19:11:44.708458,purchase
U0866,P0494,2026-02-26 19:11:44.708487,purchase
U0867,P0093,2026-01-26 19:11:44.708511,purchase
U0868,P0038,2025-10-18 19:11:44.708538,purchase
U0869,P0045,2025-10-16 19:11:44.708561,purchase
U0870,P0005,2025-04-19 19:11:44.708584,purchase
U0871,P0179,2025-10-22 19:11:44.708609,purchase
U0872,P0280,2026-03-23 19:11:44.708632,purchase
U0873,P0167,2025-09-22 19:11:44.708657,purchase
U0874,P0060,2025-09-07 19:11:44.708679,purchase
U0875,P0292,2025-10-13 19:11:44.708702,purchase
U0876,P0083,2025-11-16 19:11:44.708725,purchase
U0877,P0249,2025-06-08 19:11:44.708748,purchase
U0878,P0153,2025-12-16 19:11:44.708770,purchase
U0879,P0286,2026-02-22 19:11:44.708795,purchase
U0880,P0181,2025-08-16 19:11:44.708818,purchase
U0881,P0294,2026-03-05 19:11:44.708841,purchase
U0882,P0269,2025-11-24 19:11:44.708864,purchase
U0883,P0037,2026-03-30 19:11:44.708886,purchase
U0884,P0419,2026-03-28 19:11:44.708909,purchase
U0885,P0465,2026-01-01 19:11:44.708931,purchase
U0886,P0205,2026-01-27 19:11:44.708953,purchase
U0887,P0120,2025-06-05 19:11:44.708975,purchase
U0888,P0481,2025-11-06 19:11:44.708998,purchase
U0889,P0112,2025-06-09 19:11:44.709020,purchase
U0890,P0156,2025-08-21 19:11:44.709043,purchase
U0891,P0287,2026-03-12 19:11:44.709065,purchase
U0892,P0259,2025-05-08 19:11:44.709087,purchase
U0893,P0045,2025-04-08 19:11:44.709110,purchase
U0894,P0049,2026-02-07 19:11:44.709132,purchase
U0895,P0446,2026-03-22 19:11:44.709155,purchase
U0896,P0251,2025-09-09 19:11:44.709177,purchase
U0897,P0154,2026-03-23 19:11:44.709200,purchase
U0898,P0091,2025-11-06 19:11:44.709223,purchase
U0899,P0213,2025-04-15 19:11:44.709246,purchase
U0900,P0204,2025-08-06 19:11:44.709275,purchase
U0901,P0407,2026-03-28 19:11:44.709298,purchase
U0902,P0336,2026-02-18 19:11:44.709321,purchase
U0903,P0172,2026-02-25 19:11:44.709343,purchase
U0904,P0410,2025-06-13 19:11:44.709366,purchase
U0905,P0267,2025-05-21 19:11:44.709389,purchase
U0906,P0471,2025-08-10 19:11:44.709411,purchase
U0907,P0119,2025-08-18 19:11:44.709434,purchase
U0908,P0166,2025-04-26 19:11:44.709457,purchase
U0909,P0056,2025-07-23 19:11:44.709486,purchase
U0910,P0493,2025-09-28 19:11:44.709509,purchase
U0911,P0084,2025-07-31 19:11:44.709533,purchase
U0912,P0300,2025-04-11 19:11:44.709555,purchase
U0913,P0307,2025-12-15 19:11:44.709579,purchase
U0914,P0243,2026-03-16 19:11:44.709601,purchase
U0915,P0315,2025-10-01 19:11:44.709623,purchase
U0916,P0192,2025-10-16 19:11:44.709646,purchase
U0917,P0361,2025-10-30 19:11:44.709668,purchase
U0918,P0485,2025-12-12 19:11:44.709691,purchase
U0919,P0455,2025-08-26 19:11:44.709713,purchase
U0920,P0263,2025-06-08 19:11:44.709736,purchase
U0921,P0424,2025-06-14 19:11:44.709759,purchase
U0922,P0257,2026-02-08 19:11:44.709782,purchase
U0923,P0264,2025-04-17 19:11:44.709809,purchase
U0924,P0207,2025-09-18 19:11:44.709833,purchase
U0925,P0019,2025-05-12 19:11:44.709857,purchase
U0926,P0469,2025-09-11 19:11:44.709879,purchase
U0927,P0112,2026-03-09 19:11:44.709902,purchase
U0928,P0193,2026-03-07 19:11:44.709924,purchase
U0929,P0361,2025-04-08 19:11:44.709946,purchase
U0930,P0375,2025-10-18 19:11:44.709969,purchase
U0931,P0200,2025-04-22 19:11:44.709994,purchase
U0932,P0016,2025-09-14 19:11:44.710017,purchase
U0933,P0260,2026-02-19 19:11:44.710039,purchase
U0934,P0021,2025-06-21 19:11:44.710062,purchase
U0935,P0326,2025-11-03 19:11:44.710084,purchase
U0936,P0450,2025-05-23 19:11:44.710106,purchase
U0937,P0004,2025-11-03 19:11:44.710128,purchase
U0938,P0374,2026-02-05 19:11:44.710150,purchase
U0939,P0379,2025-12-11 19:11:44.710173,purchase
U0940,P0438,2025-06-25 19:11:44.710196,purchase
U0941,P0298,2025-06-29 19:11:44.710218,purchase
U0942,P0334,2025-04-23 19:11:44.710240,purchase
U0943,P0101,2025-09-15 19:11:44.710263,purchase
U0944,P0372,2026-04-02 19:11:44.710286,purchase
U0945,P0339,2026-01-05 19:11:44.710308,purchase
U0946,P0300,2026-02-23 19:11:44.710330,purchase
U0947,P0100,2025-10-30 19:11:44.710352,purchase
U0948,P0103,2025-08-04 19:11:44.710374,purchase
U0949,P0464,2025-05-01 19:11:44.710397,purchase
U0950,P0394,2025-08-31 19:11:44.710419,purchase
U0951,P0314,2026-01-08 19:11:44.710441,purchase
U0952,P0257,2026-03-01 19:11:44.710468,purchase
U0953,P0397,2025-09-04 19:11:44.710492,purchase
U0954,P0164,2025-04-25 19:11:44.710514,purchase
U0955,P0492,2025-08-02 19:11:44.710537,purchase
U0956,P0195,2025-12-06 19:11:44.710561,purchase
U0957,P0009,2026-03-01 19:11:44.710584,purchase
U0958,P0379,2025-11-06 19:11:44.710606,purchase
U0959,P0479,2025-10-21 19:11:44.710629,purchase
U0960,P0237,2025-11-17 19:11:44.710651,purchase
U0961,P0486,2026-02-17 19:11:44.710674,purchase
U0962,P0110,2026-03-28 19:11:44.710698,purchase
U0963,P0320,2026-01-30 19:11:44.710724,purchase
U0964,P0202,2025-12-21 19:11:44.710753,purchase
U0965,P0186,2025-09-22 19:11:44.710777,purchase
U0966,P0372,2025-05-12 19:11:44.710801,purchase
U0967,P0067,2025-04-15 19:11:44.710825,purchase
U0968,P0343,2025-04-11 19:11:44.710848,purchase
U0969,P0008,2025-07-06 19:11:44.710872,purchase
U0970,P0116,2026-03-16 19:11:44.710936,purchase
U0971,P0309,2025-04-10 19:11:44.710963,purchase
U0972,P0352,2026-01-24 19:11:44.710988,purchase
U0973,P0238,2026-04-02 19:11:44.711016,purchase
U0974,P0414,2025-05-05 19:11:44.711044,purchase
U0975,P0036,2026-01-15 19:11:44.711068,purchase
U0976,P0290,2025-10-25 19:11:44.711091,purchase
U0977,P0476,2026-01-28 19:11:44.711115,purchase
U0978,P0153,2026-01-17 19:11:44.711139,purchase
U0979,P0494,2026-04-01 19:11:44.711163,purchase
U0980,P0353,2025-07-29 19:11:44.711186,purchase
U0981,P0440,2026-02-03 19:11:44.711209,purchase
U0982,P0420,2025-12-17 19:11:44.711233,purchase
U0983,P0471,2025-08-02 19:11:44.711256,purchase
U0984,P0213,2025-09-23 19:11:44.711279,purchase
U0985,P0266,2025-06-16 19:11:44.711301,purchase
U0986,P0473,2025-08-29 19:11:44.711325,purchase
U0987,P0082,2025-07-26 19:11:44.711348,purchase
U0988,P0075,2025-05-08 19:11:44.711373,purchase
U0989,P0237,2026-01-15 19:11:44.711396,purchase
U0990,P0118,2025-04-05 19:11:44.711420,purchase
U0991,P0274,2025-05-11 19:11:44.711443,purchase
U0992,P0111,2026-03-20 19:11:44.711471,purchase
U0993,P0332,2025-12-27 19:11:44.711495,purchase
U0994,P0246,2025-07-10 19:11:44.711518,purchase
U0995,P0312,2025-07-17 19:11:44.711544,purchase
U0996,P0295,2025-05-27 19:11:44.711568,purchase
U0997,P0068,2025-05-17 19:11:44.711590,purchase
U0998,P0366,2025-04-07 19:11:44.711612,purchase
U0999,P0149,2025-08-29 19:11:44.711636,purchase
U1000,P0334,2025-07-27 19:11:44.711658,purchase
U1001,P0225,2025-06-10 19:11:44.711693,purchase
U1002,P0428,2025-07-10 19:11:44.711716,purchase
U1003,P0379,2025-08-20 19:11:44.711739,purchase
U1004,P0225,2025-07-08 19:11:44.711761,purchase
U1005,P0495,2025-06-27 19:11:44.711784,purchase
U1006,P0368,2025-06-03 19:11:44.711806,purchase
U1007,P0135,2025-04-11 19:11:44.711828,purchase
U1008,P0277,2026-02-26 19:11:44.711850,purchase
U1009,P0301,2025-09-22 19:11:44.711873,purchase
U1010,P0403,2025-12-14 19:11:44.711895,purchase
U1011,P0436,2025-09-26 19:11:44.711917,purchase
U1012,P0436,2025-05-14 19:11:44.711940,purchase
U1013,P0483,2025-08-23 19:11:44.711962,purchase
U1014,P0453,2025-08-15 19:11:44.711985,purchase
U1015,P0107,2025-05-07 19:11:44.712007,purchase
U1016,P0445,2025-09-15 19:11:44.712030,purchase
U1017,P0171,2025-12-23 19:11:44.712054,purchase
U1018,P0372,2025-11-07 19:11:44.712076,purchase
U1019,P0251,2026-01-26 19:11:44.712098,purchase
U1020,P0018,2025-08-09 19:11:44.712120,purchase
U1021,P0172,2025-05-23 19:11:44.712141,purchase
U1022,P0078,2026-03-31 19:11:44.712164,purchase
U1023,P0117,2025-08-04 19:11:44.712186,purchase
U1024,P0172,2025-07-10 19:11:44.712208,purchase
U1025,P0340,2026-03-07 19:11:44.712231,purchase
U1026,P0104,2025-07-15 19:11:44.712253,purchase
U1027,P0459,2025-09-27 19:11:44.712276,purchase
U1028,P0472,2025-06-23 19:11:44.712300,purchase
U1029,P0151,2026-02-15 19:11:44.712322,purchase
U1030,P0063,2025-12-14 19:11:44.712345,purchase
U1031,P0211,2025-05-17 19:11:44.712368,purchase
U1032,P0384,2025-07-08 19:11:44.712391,purchase
U1033,P0317,2025-11-13 19:11:44.712414,purchase
U1034,P0497,2026-02-19 19:11:44.712436,purchase
U1035,P0321,2025-08-08 19:11:44.712459,purchase
U1036,P0180,2025-05-05 19:11:44.712499,purchase
U1037,P0488,2025-05-10 19:11:44.712525,purchase
U1038,P0206,2025-05-25 19:11:44.712549,purchase
U1039,P0109,2025-09-15 19:11:44.712573,purchase
U1040,P0337,2025-11-01 19:11:44.712597,purchase
U1041,P0270,2026-03-10 19:11:44.712620,purchase
U1042,P0057,2026-02-01 19:11:44.712643,purchase
U1043,P0089,2025-08-03 19:11:44.712666,purchase
U1044,P0076,2025-08-16 19:11:44.712689,purchase
U1045,P0341,2025-12-05 19:11:44.712713,purchase
U1046,P0208,2026-02-25 19:11:44.712736,purchase
U1047,P0250,2025-12-22 19:11:44.712760,purchase
U1048,P0274,2025-04-18 19:11:44.712782,purchase
U1049,P0337,2025-05-08 19:11:44.712806,purchase
U1050,P0003,2025-06-06 19:11:44.712829,purchase
U1051,P0176,2026-03-17 19:11:44.712852,purchase
U1052,P0096,2026-03-15 19:11:44.712875,purchase
U1053,P0181,2025-08-27 19:11:44.712897,purchase
U1054,P0145,2025-09-07 19:11:44.712919,purchase
U1055,P0023,2025-07-28 19:11:44.712942,purchase
U1056,P0487,2025-11-06 19:11:44.712964,purchase
U1057,P0293,2025-10-11 19:11:44.712987,purchase
U1058,P0045,2026-01-22 19:11:44.713011,purchase
U1059,P0493,2025-06-30 19:11:44.713033,purchase
U1060,P0380,2025-04-05 19:11:44.713056,purchase
U1061,P0429,2025-07-05 19:11:44.713079,purchase
U1062,P0154,2025-07-29 19:11:44.713102,purchase
U1063,P0404,2025-08-19 19:11:44.713124,purchase
U1064,P0396,2025-09-15 19:11:44.713148,purchase
U1065,P0194,2026-03-05 19:11:44.713171,purchase
U1066,P0005,2025-04-19 19:11:44.713194,purchase
U1067,P0213,2025-08-29 19:11:44.713217,purchase
U1068,P0442,2025-09-16 19:11:44.713240,purchase
U1069,P0100,2025-12-06 19:11:44.713262,purchase
U1070,P0456,2026-03-02 19:11:44.713284,purchase
U1071,P0319,2025-08-26 19:11:44.713307,purchase
U1072,P0002,2025-05-22 19:11:44.713329,purchase
U1073,P0425,2026-02-05 19:11:44.713352,purchase
U1074,P0201,2026-01-20 19:11:44.713375,purchase
U1075,P0316,2026-03-11 19:11:44.713397,purchase
U1076,P0424,2025-11-16 19:11:44.713420,purchase
U1077,P0416,2025-06-11 19:11:44.713442,purchase
U1078,P0068,2025-07-04 19:11:44.713470,purchase
U1079,P0066,2026-01-15 19:11:44.713494,purchase
U1080,P0036,2025-05-01 19:11:44.713517,purchase
U1081,P0056,2025-09-28 19:11:44.713540,purchase
U1082,P0299,2025-10-28 19:11:44.713563,purchase
U1083,P0042,2025-07-27 19:11:44.713585,purchase
U1084,P0053,2025-04-10 19:11:44.713608,purchase
U1085,P0306,2026-03-18 19:11:44.713630,purchase
U1086,P0406,2025-11-27 19:11:44.713653,purchase
U1087,P0446,2025-07-01 19:11:44.713676,purchase
U1088,P0499,2025-04-19 19:11:44.713699,purchase
U1089,P0089,2025-12-30 19:11:44.713722,purchase
U1090,P0429,2025-05-07 19:11:44.713748,purchase
U1091,P0455,2025-09-20 19:11:44.713771,purchase
U1092,P0003,2025-09-18 19:11:44.713798,purchase
U1093,P0429,2026-01-04 19:11:44.713824,purchase
U1094,P0243,2026-03-23 19:11:44.713848,purchase
U1095,P0179,2025-10-05 19:11:44.713871,purchase
U1096,P0246,2026-03-16 19:11:44.713894,purchase
U1097,P0001,2026-03-18 19:11:44.713917,purchase
U1098,P0379,2025-08-07 19:11:44.713939,purchase
U1099,P0018,2026-01-05 19:11:44.713960,purchase
U1100,P0094,2025-06-03 19:11:44.713981,purchase
U1101,P0232,2025-11-12 19:11:44.714003,purchase
U1102,P0265,2025-05-29 19:11:44.714026,purchase
U1103,P0099,2026-01-25 19:11:44.714048,purchase
U1104,P0320,2025-11-01 19:11:44.714070,purchase
U1105,P0251,2025-04-24 19:11:44.714091,purchase
U1106,P0034,2026-01-24 19:11:44.714113,purchase
U1107,P0173,2025-12-31 19:11:44.714134,purchase
U1108,P0332,2025-06-28 19:11:44.714155,purchase
U1109,P0092,2026-03-16 19:11:44.714177,purchase
U1110,P0376,2025-07-09 19:11:44.714198,purchase
U1111,P0019,2025-09-07 19:11:44.714219,purchase
U1112,P0451,2026-03-01 19:11:44.714241,purchase
U1113,P0299,2026-02-04 19:11:44.714262,purchase
U1114,P0020,2025-12-06 19:11:44.714283,purchase
U1115,P0209,2025-06-15 19:11:44.714304,purchase
U1116,P0100,2025-12-30 19:11:44.714325,purchase
U1117,P0425,2025-07-28 19:11:44.714346,purchase
U1118,P0044,2025-06-19 19:11:44.714367,purchase
U1119,P0356,2025-08-22 19:11:44.714388,purchase
U1120,P0370,2025-07-24 19:11:44.714410,purchase
U1121,P0368,2025-09-24 19:11:44.714431,purchase
U1122,P0331,2026-01-12 19:11:44.714455,purchase
U1123,P0220,2025-11-29 19:11:44.714512,purchase
U1124,P0011,2026-01-16 19:11:44.714549,purchase
U1125,P0238,2025-12-31 19:11:44.714586,purchase
U1126,P0485,2025-10-27 19:11:44.714625,purchase
U1127,P0328,2026-01-03 19:11:44.714662,purchase
U1128,P0210,2025-09-25 19:11:44.714705,purchase
U1129,P0425,2025-12-03 19:11:44.714742,purchase
U1130,P0204,2025-06-17 19:11:44.714769,purchase
U1131,P0268,2026-01-30 19:11:44.714794,purchase
U1132,P0155,2026-02-02 19:11:44.714818,purchase
U1133,P0071,2026-02-07 19:11:44.714842,purchase
U1134,P0130,2025-12-03 19:11:44.714866,purchase
U1135,P0244,2026-03-02 19:11:44.714889,purchase
U1136,P0276,2025-05-06 19:11:44.714912,purchase
U1137,P0299,2025-05-26 19:11:44.714936,purchase
U1138,P0050,2026-03-10 19:11:44.714958,purchase
U1139,P0174,2025-09-29 19:11:44.714981,purchase
U1140,P0430,2025-05-15 19:11:44.715004,purchase
U1141,P0480,2025-07-23 19:11:44.715026,purchase
U1142,P0004,2026-03-13 19:11:44.715048,purchase
U1143,P0078,2025-06-16 19:11:44.715071,purchase
U1144,P0044,2025-07-24 19:11:44.715094,purchase
U1145,P0414,2026-01-12 19:11:44.715117,purchase
U1146,P0409,2025-09-04 19:11:44.715140,purchase
U1147,P0250,2025-12-09 19:11:44.715163,purchase
U1148,P0376,2026-03-10 19:11:44.715186,purchase
U1149,P0149,2025-10-01 19:11:44.715209,purchase
U1150,P0049,2026-03-11 19:11:44.715231,purchase
U1151,P0354,2025-12-11 19:11:44.715254,purchase
U1152,P0331,2026-01-09 19:11:44.715276,purchase
U1153,P0324,2025-10-23 19:11:44.715299,purchase
U1154,P0139,2025-09-13 19:11:44.715326,purchase
U1155,P0382,2025-06-07 19:11:44.715352,purchase
U1156,P0332,2025-11-05 19:11:44.715375,purchase
U1157,P0350,2026-01-15 19:11:44.715398,purchase
U1158,P0489,2025-04-10 19:11:44.715421,purchase
U1159,P0348,2025-11-21 19:11:44.715444,purchase
U1160,P0395,2026-01-25 19:11:44.715474,purchase
U1161,P0024,2025-06-23 19:11:44.715498,purchase
U1162,P0326,2025-06-20 19:11:44.715521,purchase
U1163,P0039,2025-10-25 19:11:44.715543,purchase
U1164,P0377,2025-11-19 19:11:44.715565,purchase
U1165,P0086,2025-11-20 19:11:44.715587,purchase
U1166,P0419,2025-07-22 19:11:44.715609,purchase
U1167,P0421,2025-06-22 19:11:44.715632,purchase
U1168,P0343,2025-05-02 19:11:44.715654,purchase
U1169,P0007,2025-11-17 19:11:44.715676,purchase
U1170,P0004,2025-07-01 19:11:44.715699,purchase
U1171,P0433,2025-11-28 19:11:44.715721,purchase
U1172,P0390,2025-09-25 19:11:44.715744,purchase
U1173,P0073,2025-12-10 19:11:44.715767,purchase
U1174,P0210,2025-11-03 19:11:44.715789,purchase
U1175,P0289,2025-12-03 19:11:44.715811,purchase
U1176,P0341,2025-04-17 19:11:44.715833,purchase
U1177,P0497,2025-07-02 19:11:44.715855,purchase
U1178,P0285,2025-04-26 19:11:44.715877,purchase
U1179,P0278,2025-11-06 19:11:44.715900,purchase
U1180,P0408,2025-07-23 19:11:44.715923,purchase
U1181,P0154,2026-02-22 19:11:44.715945,purchase
U1182,P0293,2026-04-04 19:11:44.715967,purchase
U1183,P0014,2025-12-31 19:11:44.715989,purchase
U1184,P0461,2026-01-16 19:11:44.716011,purchase
U1185,P0431,2025-10-16 19:11:44.716035,purchase
U1186,P0041,2026-02-14 19:11:44.716057,purchase
U1187,P0046,2025-09-04 19:11:44.716078,purchase
U1188,P0286,2025-10-29 19:11:44.716100,purchase
U1189,P0344,2025-07-20 19:11:44.716121,purchase
U1190,P0003,2025-06-26 19:11:44.716144,purchase
U1191,P0086,2026-01-07 19:11:44.716166,purchase
U1192,P0037,2026-01-24 19:11:44.716188,purchase
U1193,P0298,2025-12-07 19:11:44.716209,purchase
U1194,P0429,2025-12-06 19:11:44.716231,purchase
U1195,P0481,2025-06-17 19:11:44.716252,purchase
U1196,P0212,2025-11-18 19:11:44.716274,purchase
U1197,P0449,2025-09-17 19:11:44.716296,purchase
U1198,P0262,2025-11-18 19:11:44.716318,purchase
U1199,P0270,2025-05-28 19:11:44.716340,purchase
U1200,P0073,2026-01-16 19:11:44.716364,purchase
U1201,P0471,2025-10-03 19:11:44.716386,purchase
U1202,P0449,2025-11-15 19:11:44.716408,purchase
U1203,P0495,2025-05-12 19:11:44.716429,purchase
U1204,P0075,2025-09-15 19:11:44.716452,purchase
U1205,P0375,2025-09-03 19:11:44.716480,purchase
U1206,P0404,2025-07-31 19:11:44.716504,purchase
U1207,P0270,2025-08-31 19:11:44.716526,purchase
U1208,P0173,2025-12-13 19:11:44.716548,purchase
U1209,P0116,2025-08-08 19:11:44.716570,purchase
U1210,P0479,2025-11-09 19:11:44.716592,purchase
U1211,P0150,2025-05-02 19:11:44.716614,purchase
U1212,P0111,2026-01-20 19:11:44.716637,purchase
U1213,P0057,2026-03-12 19:11:44.716659,purchase
U1214,P0192,2025-04-23 19:11:44.716681,purchase
U1215,P0295,2025-12-30 19:11:44.716703,purchase
U1216,P0214,2026-03-01 19:11:44.716724,purchase
U1217,P0375,2025-04-18 19:11:44.716749,purchase
U1218,P0057,2025-06-02 19:11:44.716771,purchase
U1219,P0339,2026-01-14 19:11:44.716799,purchase
U1220,P0189,2025-08-06 19:11:44.716823,purchase
U1221,P0029,2025-07-13 19:11:44.716845,purchase
U1222,P0011,2026-01-17 19:11:44.716867,purchase
U1223,P0167,2026-03-24 19:11:44.716889,purchase
U1224,P0109,2025-11-12 19:11:44.716910,purchase
U1225,P0338,2025-08-14 19:11:44.716932,purchase
U1226,P0068,2025-12-23 19:11:44.716953,purchase
U1227,P0430,2025-11-14 19:11:44.716975,purchase
U1228,P0228,2025-05-23 19:11:44.716997,purchase
U1229,P0154,2025-11-27 19:11:44.717018,purchase
U1230,P0302,2026-03-25 19:11:44.717040,purchase
U1231,P0123,2026-01-29 19:11:44.717061,purchase
U1232,P0045,2026-02-18 19:11:44.717083,purchase
U1233,P0234,2025-10-04 19:11:44.717105,purchase
U1234,P0149,2025-04-22 19:11:44.717127,purchase
U1235,P0271,2026-03-09 19:11:44.717148,purchase
U1236,P0315,2026-01-23 19:11:44.717170,purchase
U1237,P0050,2025-12-13 19:11:44.717190,purchase
U1238,P0182,2025-09-24 19:11:44.717212,purchase
U1239,P0300,2025-08-04 19:11:44.717233,purchase
U1240,P0444,2025-11-20 19:11:44.717255,purchase
U1241,P0316,2025-09-24 19:11:44.717276,purchase
U1242,P0105,2025-06-03 19:11:44.717297,purchase
U1243,P0094,2025-10-30 19:11:44.717319,purchase
U1244,P0176,2025-07-31 19:11:44.717341,purchase
U1245,P0489,2026-03-04 19:11:44.717363,purchase
U1246,P0151,2026-03-17 19:11:44.717387,purchase
U1247,P0338,2025-11-08 19:11:44.717408,purchase
U1248,P0080,2025-06-10 19:11:44.717430,purchase
U1249,P0261,2025-08-16 19:11:44.717455,purchase
U1250,P0433,2025-11-07 19:11:44.717481,purchase
U1251,P0412,2026-03-31 19:11:44.717502,purchase
U1252,P0150,2025-06-21 19:11:44.717524,purchase
U1253,P0457,2026-02-22 19:11:44.717545,purchase
U1254,P0098,2025-07-18 19:11:44.717566,purchase
U1255,P0266,2026-02-28 19:11:44.717588,purchase
U1256,P0432,2025-10-02 19:11:44.717609,purchase
U1257,P0408,2026-03-30 19:11:44.717630,purchase
U1258,P0245,2025-05-07 19:11:44.717651,purchase
U1259,P0151,2025-12-25 19:11:44.717673,purchase
U1260,P0147,2025-04-17 19:11:44.717694,purchase
U1261,P0479,2026-01-25 19:11:44.717716,purchase
U1262,P0005,2026-03-07 19:11:44.717738,purchase
U1263,P0472,2026-01-20 19:11:44.717759,purchase
U1264,P0330,2026-01-07 19:11:44.717781,purchase
U1265,P0409,2026-01-15 19:11:44.717802,purchase
U1266,P0221,2025-06-24 19:11:44.717823,purchase
U1267,P0467,2025-04-07 19:11:44.717845,purchase
U1268,P0198,2025-07-02 19:11:44.717867,purchase
U1269,P0188,2025-07-17 19:11:44.717893,purchase
U1270,P0113,2025-12-02 19:11:44.717915,purchase
U1271,P0092,2025-06-13 19:11:44.717936,purchase
U1272,P0398,2025-05-23 19:11:44.717958,purchase
U1273,P0105,2025-05-29 19:11:44.717980,purchase
U1274,P0130,2026-04-01 19:11:44.718002,purchase
U1275,P0309,2026-02-25 19:11:44.718024,purchase
U1276,P0310,2025-12-28 19:11:44.718046,purchase
U1277,P0077,2025-04-10 19:11:44.718067,purchase
U1278,P0244,2025-11-18 19:11:44.718089,purchase
U1279,P0077,2025-05-02 19:11:44.718111,purchase
U1280,P0391,2026-01-20 19:11:44.718132,purchase
U1281,P0161,2025-05-02 19:11:44.718156,purchase
U1282,P0253,2025-04-26 19:11:44.718179,purchase
U1283,P0204,2025-04-26 19:11:44.718203,purchase
U1284,P0402,2025-05-25 19:11:44.718225,purchase
U1285,P0111,2026-02-05 19:11:44.718247,purchase
U1286,P0333,2025-07-07 19:11:44.718268,purchase
U1287,P0419,2026-01-06 19:11:44.718290,purchase
U1288,P0089,2026-02-24 19:11:44.718312,purchase
U1289,P0100,2025-05-14 19:11:44.718337,purchase
U1290,P0472,2025-12-02 19:11:44.718359,purchase
U1291,P0077,2025-11-08 19:11:44.718381,purchase
U1292,P0364,2025-04-18 19:11:44.718403,purchase
U1293,P0247,2025-08-10 19:11:44.718424,purchase
U1294,P0303,2026-04-01 19:11:44.718445,purchase
U1295,P0131,2025-10-14 19:11:44.718480,purchase
U1296,P0358,2025-07-12 19:11:44.718504,purchase
U1297,P0184,2025-04-22 19:11:44.718528,purchase
U1298,P0247,2026-03-29 19:11:44.718550,purchase
U1299,P0149,2025-06-06 19:11:44.718571,purchase
U1300,P0064,2025-08-02 19:11:44.718592,purchase
U1301,P0439,2025-06-17 19:11:44.718614,purchase
U1302,P0466,2025-08-13 19:11:44.718636,purchase
U1303,P0462,2025-09-14 19:11:44.718661,purchase
U1304,P0406,2025-06-03 19:11:44.718684,purchase
U1305,P0060,2025-04-14 19:11:44.718706,purchase
U1306,P0337,2025-11-19 19:11:44.718729,purchase
U1307,P0427,2025-07-19 19:11:44.718751,purchase
U1308,P0389,2025-12-01 19:11:44.718774,purchase
U1309,P0252,2026-01-14 19:11:44.718797,purchase
U1310,P0188,2025-11-13 19:11:44.718818,purchase
U1311,P0346,2025-11-30 19:11:44.718840,purchase
U1312,P0155,2025-07-12 19:11:44.718864,purchase
U1313,P0228,2025-05-13 19:11:44.718886,purchase
U1314,P0321,2025-08-11 19:11:44.718908,purchase
U1315,P0459,2025-11-28 19:11:44.718932,purchase
U1316,P0231,2025-10-17 19:11:44.718955,purchase
U1317,P0158,2025-11-12 19:11:44.718976,purchase
U1318,P0055,2026-02-08 19:11:44.718998,purchase
U1319,P0441,2026-01-10 19:11:44.719019,purchase
U1320,P0354,2025-06-16 19:11:44.719044,purchase
U1321,P0482,2025-09-23 19:11:44.719067,purchase
U1322,P0094,2025-12-27 19:11:44.719089,purchase
U1323,P0145,2025-06-18 19:11:44.719111,purchase
U1324,P0214,2025-11-13 19:11:44.719132,purchase
U1325,P0179,2026-02-03 19:11:44.719154,purchase
U1326,P0148,2026-01-11 19:11:44.719175,purchase
U1327,P0233,2025-10-14 19:11:44.719196,purchase
U1328,P0124,2026-03-09 19:11:44.719217,purchase
U1329,P0314,2025-05-18 19:11:44.719239,purchase
U1330,P0102,2026-03-28 19:11:44.719260,purchase
U1331,P0338,2025-08-07 19:11:44.719282,purchase
U1332,P0137,2025-06-24 19:11:44.719303,purchase
U1333,P0460,2025-08-28 19:11:44.719325,purchase
U1334,P0015,2025-11-29 19:11:44.719347,purchase
U1335,P0452,2025-05-05 19:11:44.719369,purchase
U1336,P0254,2025-06-30 19:11:44.719390,purchase
U1337,P0065,2026-02-07 19:11:44.719412,purchase
U1338,P0391,2026-02-13 19:11:44.719433,purchase
U1339,P0186,2025-06-05 19:11:44.719455,purchase
U1340,P0213,2025-12-03 19:11:44.719483,purchase
U1341,P0495,2025-10-19 19:11:44.719505,purchase
U1342,P0044,2025-04-17 19:11:44.719526,purchase
U1343,P0143,2025-09-19 19:11:44.719548,purchase
U1344,P0078,2025-06-11 19:11:44.719572,purchase
U1345,P0215,2025-09-19 19:11:44.719593,purchase
U1346,P0256,2025-09-12 19:11:44.719615,purchase
U1347,P0001,2026-03-12 19:11:44.719641,purchase
U1348,P0051,2026-01-20 19:11:44.719664,purchase
U1349,P0063,2025-10-05 19:11:44.719686,purchase
U1350,P0251,2026-03-03 19:11:44.719708,purchase
U1351,P0371,2026-04-03 19:11:44.719730,purchase
U1352,P0302,2025-07-27 19:11:44.719754,purchase
U1353,P0217,2026-03-06 19:11:44.719776,purchase
U1354,P0175,2026-02-17 19:11:44.719799,purchase
U1355,P0079,2025-05-19 19:11:44.719820,purchase
U1356,P0246,2026-03-10 19:11:44.719842,purchase
U1357,P0242,2025-09-05 19:11:44.719865,purchase
U1358,P0489,2025-08-08 19:11:44.719886,purchase
U1359,P0418,2025-10-11 19:11:44.719909,purchase
U1360,P0403,2025-09-27 19:11:44.719931,purchase
U1361,P0358,2025-06-18 19:11:44.719953,purchase
U1362,P0103,2025-12-11 19:11:44.719976,purchase
U1363,P0308,2025-05-11 19:11:44.719998,purchase
U1364,P0458,2025-07-31 19:11:44.720020,purchase
U1365,P0439,2025-08-04 19:11:44.720042,purchase
U1366,P0139,2025-07-01 19:11:44.720064,purchase
U1367,P0277,2025-05-13 19:11:44.720088,purchase
U1368,P0405,2026-03-25 19:11:44.720111,purchase
U1369,P0500,2025-07-17 19:11:44.720144,purchase
U1370,P0139,2026-03-16 19:11:44.720168,purchase
U1371,P0368,2025-12-27 19:11:44.720194,purchase
U1372,P0332,2026-04-04 19:11:44.720217,purchase
U1373,P0145,2025-12-13 19:11:44.720239,purchase
U1374,P0016,2026-01-11 19:11:44.720261,purchase
U1375,P0121,2025-12-08 19:11:44.720284,purchase
U1376,P0377,2025-06-01 19:11:44.720308,purchase
U1377,P0012,2025-05-06 19:11:44.720331,purchase
U1378,P0483,2025-04-09 19:11:44.720353,purchase
U1379,P0121,2026-03-18 19:11:44.720375,purchase
U1380,P0272,2026-03-24 19:11:44.720396,purchase
U1381,P0294,2025-08-26 19:11:44.720418,purchase
U1382,P0408,2026-03-19 19:11:44.720440,purchase
U1383,P0124,2026-01-27 19:11:44.720461,purchase
U1384,P0143,2025-07-19 19:11:44.720488,purchase
U1385,P0054,2026-01-06 19:11:44.720510,purchase
U1386,P0447,2025-06-05 19:11:44.720532,purchase
U1387,P0138,2026-01-11 19:11:44.720553,purchase
U1388,P0071,2025-10-13 19:11:44.720574,purchase
U1389,P0050,2026-03-24 19:11:44.720596,purchase
U1390,P0107,2025-07-16 19:11:44.720620,purchase
U1391,P0319,2025-05-29 19:11:44.720642,purchase
U1392,P0101,2025-07-24 19:11:44.720665,purchase
U1393,P0143,2025-06-22 19:11:44.720686,purchase
U1394,P0272,2025-08-16 19:11:44.720709,purchase
U1395,P0175,2026-03-06 19:11:44.720730,purchase
U1396,P0411,2025-09-19 19:11:44.720754,purchase
U1397,P0205,2025-10-22 19:11:44.720776,purchase
U1398,P0198,2025-05-12 19:11:44.720798,purchase
U1399,P0469,2026-02-05 19:11:44.720819,purchase
U1400,P0464,2025-08-17 19:11:44.720844,purchase
U1401,P0409,2025-04-09 19:11:44.720865,purchase
U1402,P0455,2025-07-08 19:11:44.720887,purchase
U1403,P0035,2025-11-18 19:11:44.720909,purchase
U1404,P0351,2025-08-25 19:11:44.720931,purchase
U1405,P0401,2025-12-17 19:11:44.720953,purchase
U1406,P0152,2025-11-25 19:11:44.720979,purchase
U1407,P0467,2025-05-02 19:11:44.721000,purchase
U1408,P0178,2025-09-19 19:11:44.721025,purchase
U1409,P0315,2025-12-18 19:11:44.721047,purchase
U1410,P0037,2025-07-26 19:11:44.721071,purchase
U1411,P0454,2025-10-01 19:11:44.721093,purchase
U1412,P0057,2026-03-04 19:11:44.721115,purchase
U1413,P0019,2025-12-31 19:11:44.721137,purchase
U1414,P0468,2026-03-20 19:11:44.721157,purchase
U1415,P0436,2025-05-21 19:11:44.721179,purchase
U1416,P0245,2025-04-20 19:11:44.721201,purchase
U1417,P0139,2025-06-28 19:11:44.721222,purchase
U1418,P0291,2025-12-08 19:11:44.721244,purchase
U1419,P0282,2025-10-18 19:11:44.721265,purchase
U1420,P0117,2025-06-22 19:11:44.721288,purchase
U1421,P0496,2025-09-29 19:11:44.721309,purchase
U1422,P0487,2026-01-04 19:11:44.721331,purchase
U1423,P0128,2025-05-07 19:11:44.721357,purchase
U1424,P0034,2025-05-15 19:11:44.721381,purchase
U1425,P0454,2026-02-27 19:11:44.721403,purchase
U1426,P0111,2025-09-15 19:11:44.721425,purchase
U1427,P0048,2025-06-10 19:11:44.721448,purchase
U1428,P0412,2025-06-20 19:11:44.721475,purchase
U1429,P0249,2026-01-12 19:11:44.721498,purchase
U1430,P0319,2026-03-15 19:11:44.721520,purchase
U1431,P0019,2026-01-23 19:11:44.721543,purchase
U1432,P0278,2026-01-01 19:11:44.721566,purchase
U1433,P0372,2025-07-01 19:11:44.721589,purchase
U1434,P0333,2025-12-02 19:11:44.721611,purchase
U1435,P0197,2025-12-19 19:11:44.721634,purchase
U1436,P0072,2026-02-22 19:11:44.721657,purchase
U1437,P0052,2025-11-27 19:11:44.721679,purchase
U1438,P0465,2025-07-03 19:11:44.721702,purchase
U1439,P0368,2025-05-31 19:11:44.721727,purchase
U1440,P0207,2025-12-14 19:11:44.721749,purchase
U1441,P0051,2026-03-25 19:11:44.721771,purchase
U1442,P0188,2025-10-08 19:11:44.721792,purchase
U1443,P0197,2025-12-03 19:11:44.721814,purchase
U1444,P0221,2026-01-11 19:11:44.721835,purchase
U1445,P0092,2025-08-29 19:11:44.721856,purchase
U1446,P0498,2026-03-10 19:11:44.721877,purchase
U1447,P0105,2026-02-21 19:11:44.721899,purchase
U1448,P0394,2026-01-07 19:11:44.721921,purchase
U1449,P0148,2026-02-01 19:11:44.721943,purchase
U1450,P0276,2026-02-01 19:11:44.721964,purchase
U1451,P0101,2026-03-07 19:11:44.721985,purchase
U1452,P0124,2025-12-26 19:11:44.722006,purchase
U1453,P0464,2025-11-28 19:11:44.722027,purchase
U1454,P0364,2025-10-03 19:11:44.722049,purchase
U1455,P0394,2025-06-05 19:11:44.722070,purchase
U1456,P0263,2025-04-13 19:11:44.722095,purchase
U1457,P0450,2025-07-08 19:11:44.722117,purchase
U1458,P0038,2026-01-05 19:11:44.722139,purchase
U1459,P0342,2025-07-26 19:11:44.722161,purchase
U1460,P0262,2025-05-21 19:11:44.722183,purchase
U1461,P0113,2025-12-21 19:11:44.722204,purchase
U1462,P0241,2025-12-04 19:11:44.722226,purchase
U1463,P0291,2026-02-01 19:11:44.722248,purchase
U1464,P0251,2025-08-03 19:11:44.722269,purchase
U1465,P0292,2025-11-16 19:11:44.722290,purchase
U1466,P0319,2025-06-14 19:11:44.722311,purchase
U1467,P0374,2025-07-30 19:11:44.722333,purchase
U1468,P0007,2025-06-06 19:11:44.722354,purchase
U1469,P0296,2026-02-21 19:11:44.722376,purchase
U1470,P0474,2025-09-22 19:11:44.722397,purchase
U1471,P0477,2025-04-16 19:11:44.722421,purchase
U1472,P0212,2026-03-25 19:11:44.722442,purchase
U1473,P0195,2025-10-10 19:11:44.722481,purchase
U1474,P0243,2025-12-02 19:11:44.722510,purchase
U1475,P0014,2025-05-03 19:11:44.722537,purchase
U1476,P0179,2026-03-20 19:11:44.722559,purchase
U1477,P0150,2025-04-05 19:11:44.722581,purchase
U1478,P0283,2025-11-28 19:11:44.722603,purchase
U1479,P0352,2025-06-02 19:11:44.722625,purchase
U1480,P0034,2026-02-19 19:11:44.722648,purchase
U1481,P0430,2025-12-19 19:11:44.722669,purchase
U1482,P0375,2025-10-05 19:11:44.722691,purchase
U1483,P0017,2026-03-21 19:11:44.722714,purchase
U1484,P0325,2026-02-24 19:11:44.722736,purchase
U1485,P0357,2026-02-23 19:11:44.722758,purchase
U1486,P0259,2025-11-04 19:11:44.722780,purchase
U1487,P0306,2025-04-29 19:11:44.722801,purchase
U1488,P0476,2026-01-23 19:11:44.722823,purchase
U1489,P0470,2026-01-06 19:11:44.722845,purchase
U1490,P0040,2025-05-23 19:11:44.722866,purchase
U1491,P0346,2025-07-10 19:11:44.722888,purchase
U1492,P0413,2025-05-18 19:11:44.722909,purchase
U1493,P0229,2025-11-25 19:11:44.722931,purchase
U1494,P0353,2026-03-10 19:11:44.722953,purchase
U1495,P0116,2025-08-18 19:11:44.722975,purchase
U1496,P0016,2025-07-31 19:11:44.722996,purchase
U1497,P0091,2025-12-05 19:11:44.723017,purchase
U1498,P0052,2025-11-17 19:11:44.723039,purchase
U1499,P0130,2025-04-21 19:11:44.723060,purchase
U1500,P0478,2025-04-08 19:11:44.723082,purchase
U1501,P0099,2026-03-06 19:11:44.723117,purchase
U1502,P0167,2025-04-12 19:11:44.723139,purchase
U1503,P0444,2026-01-15 19:11:44.723164,purchase
U1504,P0058,2025-09-23 19:11:44.723186,purchase
U1505,P0348,2026-03-25 19:11:44.723208,purchase
U1506,P0262,2026-01-06 19:11:44.723231,purchase
U1507,P0172,2026-01-25 19:11:44.723253,purchase
U1508,P0387,2026-01-03 19:11:44.723275,purchase
U1509,P0055,2025-07-18 19:11:44.723298,purchase
U1510,P0365,2025-10-12 19:11:44.723319,purchase
U1511,P0165,2026-03-29 19:11:44.723341,purchase
U1512,P0388,2025-12-05 19:11:44.723363,purchase
U1513,P0356,2025-08-16 19:11:44.723385,purchase
U1514,P0052,2026-01-17 19:11:44.723407,purchase
U1515,P0372,2025-04-07 19:11:44.723429,purchase
U1516,P0268,2026-01-29 19:11:44.723451,purchase
U1517,P0340,2026-02-14 19:11:44.723479,purchase
U1518,P0487,2025-11-01 19:11:44.723501,purchase
U1519,P0270,2025-09-05 19:11:44.723524,purchase
U1520,P0145,2025-06-22 19:11:44.723546,purchase
U1521,P0124,2025-09-27 19:11:44.723568,purchase
U1522,P0022,2025-12-31 19:11:44.723591,purchase
U1523,P0235,2025-09-04 19:11:44.723613,purchase
U1524,P0334,2025-04-20 19:11:44.723636,purchase
U1525,P0267,2026-03-18 19:11:44.723658,purchase
U1526,P0452,2025-09-24 19:11:44.723680,purchase
U1527,P0172,2025-09-06 19:11:44.723701,purchase
U1528,P0494,2026-01-15 19:11:44.723723,purchase
U1529,P0400,2025-08-10 19:11:44.723745,purchase
U1530,P0065,2026-02-08 19:11:44.723766,purchase
U1531,P0264,2026-03-30 19:11:44.723789,purchase
U1532,P0059,2025-10-16 19:11:44.723812,purchase
U1533,P0345,2025-08-03 19:11:44.723834,purchase
U1534,P0474,2025-09-26 19:11:44.723856,purchase
U1535,P0147,2025-06-02 19:11:44.723878,purchase
U1536,P0295,2025-04-22 19:11:44.723900,purchase
U1537,P0251,2026-03-30 19:11:44.723922,purchase
U1538,P0283,2025-04-19 19:11:44.723947,purchase
U1539,P0136,2025-10-26 19:11:44.723969,purchase
U1540,P0180,2026-03-31 19:11:44.723992,purchase
U1541,P0046,2025-06-29 19:11:44.724014,purchase
U1542,P0356,2025-10-18 19:11:44.724036,purchase
U1543,P0477,2026-02-06 19:11:44.724057,purchase
U1544,P0397,2025-11-01 19:11:44.724079,purchase
U1545,P0227,2025-08-04 19:11:44.724101,purchase
U1546,P0009,2026-03-01 19:11:44.724124,purchase
U1547,P0090,2025-11-01 19:11:44.724146,purchase
U1548,P0014,2025-12-23 19:11:44.724168,purchase
U1549,P0237,2025-07-30 19:11:44.724189,purchase
U1550,P0497,2025-12-31 19:11:44.724210,purchase
U1551,P0034,2025-04-12 19:11:44.724231,purchase
U1552,P0164,2025-08-26 19:11:44.724253,purchase
U1553,P0379,2025-07-15 19:11:44.724275,purchase
U1554,P0143,2026-03-01 19:11:44.724297,purchase
U1555,P0401,2025-06-29 19:11:44.724319,purchase
U1556,P0150,2025-07-22 19:11:44.724340,purchase
U1557,P0489,2025-04-16 19:11:44.724361,purchase
U1558,P0439,2025-07-27 19:11:44.724383,purchase
U1559,P0234,2025-04-06 19:11:44.724407,purchase
U1560,P0263,2025-05-27 19:11:44.724428,purchase
U1561,P0408,2026-01-27 19:11:44.724450,purchase
U1562,P0041,2025-12-10 19:11:44.724479,purchase
U1563,P0231,2026-01-17 19:11:44.724502,purchase
U1564,P0194,2025-10-23 19:11:44.724525,purchase
U1565,P0366,2025-06-22 19:11:44.724547,purchase
U1566,P0209,2025-04-21 19:11:44.724569,purchase
U1567,P0266,2026-01-17 19:11:44.724591,purchase
U1568,P0447,2025-12-01 19:11:44.724613,purchase
U1569,P0353,2025-05-08 19:11:44.724635,purchase
U1570,P0296,2025-05-01 19:11:44.724658,purchase
U1571,P0226,2026-02-19 19:11:44.724680,purchase
U1572,P0224,2025-08-22 19:11:44.724702,purchase
U1573,P0206,2025-08-02 19:11:44.724723,purchase
U1574,P0495,2025-06-19 19:11:44.724745,purchase
U1575,P0114,2025-10-19 19:11:44.724766,purchase
U1576,P0484,2026-01-19 19:11:44.724788,purchase
U1577,P0367,2026-03-22 19:11:44.724809,purchase
U1578,P0068,2025-12-05 19:11:44.724831,purchase
U1579,P0182,2025-04-30 19:11:44.724852,purchase
U1580,P0498,2025-09-25 19:11:44.724874,purchase
U1581,P0138,2025-09-05 19:11:44.724896,purchase
U1582,P0145,2025-11-12 19:11:44.724917,purchase
U1583,P0419,2025-10-15 19:11:44.724938,purchase
U1584,P0042,2025-05-06 19:11:44.724959,purchase
U1585,P0240,2025-05-18 19:11:44.724980,purchase
U1586,P0436,2026-03-14 19:11:44.725007,purchase
U1587,P0194,2025-11-03 19:11:44.725028,purchase
U1588,P0208,2026-03-13 19:11:44.725049,purchase
U1589,P0430,2025-06-02 19:11:44.725070,purchase
U1590,P0161,2025-05-19 19:11:44.725092,purchase
U1591,P0356,2026-02-11 19:11:44.725114,purchase
U1592,P0010,2026-02-08 19:11:44.725137,purchase
U1593,P0482,2026-01-26 19:11:44.725158,purchase
U1594,P0465,2026-02-01 19:11:44.725179,purchase
U1595,P0112,2025-08-04 19:11:44.725200,purchase
U1596,P0124,2025-11-23 19:11:44.725222,purchase
U1597,P0401,2026-02-10 19:11:44.725243,purchase
U1598,P0033,2025-04-07 19:11:44.725266,purchase
U1599,P0167,2025-10-18 19:11:44.725287,purchase
U1600,P0347,2026-02-06 19:11:44.725309,purchase
U1601,P0093,2025-05-08 19:11:44.725330,purchase
U1602,P0213,2025-09-30 19:11:44.725353,purchase
U1603,P0306,2025-04-14 19:11:44.725375,purchase
U1604,P0199,2025-04-15 19:11:44.725398,purchase
U1605,P0295,2025-07-27 19:11:44.725420,purchase
U1606,P0371,2025-06-02 19:11:44.725442,purchase
U1607,P0451,2025-05-23 19:11:44.725476,purchase
U1608,P0085,2026-03-17 19:11:44.725502,purchase
U1609,P0083,2026-02-16 19:11:44.725525,purchase
U1610,P0027,2025-10-12 19:11:44.725548,purchase
U1611,P0399,2025-11-18 19:11:44.725570,purchase
U1612,P0115,2026-01-29 19:11:44.725592,purchase
U1613,P0083,2025-04-11 19:11:44.725614,purchase
U1614,P0281,2026-03-30 19:11:44.725637,purchase
U1615,P0175,2025-12-08 19:11:44.725659,purchase
U1616,P0174,2026-03-15 19:11:44.725680,purchase
U1617,P0381,2025-12-02 19:11:44.725702,purchase
U1618,P0137,2025-12-01 19:11:44.725727,purchase
U1619,P0245,2025-06-16 19:11:44.725764,purchase
U1620,P0289,2025-12-15 19:11:44.725800,purchase
U1621,P0219,2026-02-06 19:11:44.725834,purchase
U1622,P0394,2025-10-09 19:11:44.725868,purchase
U1623,P0320,2025-10-08 19:11:44.725924,purchase
U1624,P0493,2025-10-09 19:11:44.725964,purchase
U1625,P0036,2026-03-27 19:11:44.726007,purchase
U1626,P0230,2025-08-19 19:11:44.726042,purchase
U1627,P0283,2025-06-08 19:11:44.726075,purchase
U1628,P0374,2026-01-12 19:11:44.726110,purchase
U1629,P0282,2026-01-08 19:11:44.726143,purchase
U1630,P0341,2025-05-19 19:11:44.726181,purchase
U1631,P0354,2025-05-11 19:11:44.726215,purchase
U1632,P0360,2026-04-04 19:11:44.726248,purchase
U1633,P0465,2025-06-24 19:11:44.726282,purchase
U1634,P0400,2025-05-03 19:11:44.726315,purchase
U1635,P0152,2026-03-23 19:11:44.726349,purchase
U1636,P0279,2026-03-09 19:11:44.726381,purchase
U1637,P0025,2025-06-16 19:11:44.726414,purchase
U1638,P0255,2026-04-01 19:11:44.726446,purchase
U1639,P0164,2026-01-15 19:11:44.726486,purchase
U1640,P0254,2025-05-26 19:11:44.726520,purchase
U1641,P0450,2025-11-25 19:11:44.726552,purchase
U1642,P0414,2025-09-27 19:11:44.726584,purchase
U1643,P0189,2025-04-08 19:11:44.726617,purchase
U1644,P0179,2025-06-06 19:11:44.726652,purchase
U1645,P0059,2025-06-27 19:11:44.726684,purchase
U1646,P0383,2025-04-23 19:11:44.726717,purchase
U1647,P0206,2026-03-21 19:11:44.726750,purchase
U1648,P0299,2026-03-01 19:11:44.726777,purchase
U1649,P0399,2025-05-02 19:11:44.726800,purchase
U1650,P0155,2026-01-29 19:11:44.726823,purchase
U1651,P0452,2025-12-22 19:11:44.726845,purchase
U1652,P0372,2025-09-06 19:11:44.726869,purchase
U1653,P0234,2026-03-26 19:11:44.726892,purchase
U1654,P0034,2025-06-19 19:11:44.726914,purchase
U1655,P0458,2025-09-06 19:11:44.726937,purchase
U1656,P0485,2025-11-03 19:11:44.726960,purchase
U1657,P0338,2025-04-22 19:11:44.726982,purchase
U1658,P0350,2026-02-24 19:11:44.727004,purchase
U1659,P0184,2025-12-25 19:11:44.727027,purchase
U1660,P0045,2025-12-04 19:11:44.727049,purchase
U1661,P0437,2025-05-29 19:11:44.727071,purchase
U1662,P0212,2026-03-25 19:11:44.727104,purchase
U1663,P0318,2025-10-26 19:11:44.727127,purchase
U1664,P0378,2025-12-13 19:11:44.727148,purchase
U1665,P0429,2025-06-09 19:11:44.727170,purchase
U1666,P0095,2025-05-19 19:11:44.727193,purchase
U1667,P0067,2025-12-02 19:11:44.727216,purchase
U1668,P0125,2026-02-25 19:11:44.727238,purchase
U1669,P0143,2025-05-28 19:11:44.727261,purchase
U1670,P0327,2025-10-24 19:11:44.727283,purchase
U1671,P0390,2025-08-06 19:11:44.727305,purchase
U1672,P0046,2026-01-07 19:11:44.727328,purchase
U1673,P0155,2025-12-06 19:11:44.727349,purchase
U1674,P0241,2026-03-07 19:11:44.727372,purchase
U1675,P0309,2025-09-25 19:11:44.727394,purchase
U1676,P0382,2025-10-10 19:11:44.727415,purchase
U1677,P0259,2025-04-11 19:11:44.727437,purchase
U1678,P0222,2025-06-16 19:11:44.727459,purchase
U1679,P0171,2025-10-22 19:11:44.727488,purchase
U1680,P0411,2025-12-02 19:11:44.727511,purchase
U1681,P0002,2026-02-04 19:11:44.727533,purchase
U1682,P0110,2025-07-01 19:11:44.727555,purchase
U1683,P0427,2025-08-14 19:11:44.727577,purchase
U1684,P0297,2025-09-13 19:11:44.727598,purchase
U1685,P0122,2025-12-15 19:11:44.727621,purchase
U1686,P0243,2026-03-30 19:11:44.727643,purchase
U1687,P0454,2025-04-09 19:11:44.727664,purchase
U1688,P0498,2025-07-12 19:11:44.727686,purchase
U1689,P0301,2025-08-02 19:11:44.727708,purchase
U1690,P0212,2025-11-06 19:11:44.727729,purchase
U1691,P0196,2025-07-14 19:11:44.727750,purchase
U1692,P0230,2025-06-07 19:11:44.727772,purchase
U1693,P0045,2025-08-15 19:11:44.727794,purchase
U1694,P0206,2026-03-07 19:11:44.727817,purchase
U1695,P0333,2026-02-07 19:11:44.727839,purchase
U1696,P0340,2025-12-21 19:11:44.727862,purchase
U1697,P0495,2025-04-09 19:11:44.727883,purchase
U1698,P0293,2026-01-14 19:11:44.727905,purchase
U1699,P0408,2025-07-15 19:11:44.727927,purchase
U1700,P0318,2025-11-12 19:11:44.727950,purchase
U1701,P0075,2025-11-24 19:11:44.727972,purchase
U1702,P0019,2025-10-27 19:11:44.727994,purchase
U1703,P0165,2026-01-28 19:11:44.728016,purchase
U1704,P0365,2025-08-07 19:11:44.728038,purchase
U1705,P0023,2025-04-16 19:11:44.728060,purchase
U1706,P0198,2026-01-19 19:11:44.728082,purchase
U1707,P0314,2025-05-24 19:11:44.728104,purchase
U1708,P0168,2025-11-28 19:11:44.728126,purchase
U1709,P0286,2025-05-09 19:11:44.728147,purchase
U1710,P0048,2026-03-18 19:11:44.728169,purchase
U1711,P0323,2025-08-26 19:11:44.728190,purchase
U1712,P0372,2025-09-12 19:11:44.728212,purchase
U1713,P0157,2026-03-31 19:11:44.728233,purchase
U1714,P0388,2025-05-21 19:11:44.728255,purchase
U1715,P0231,2025-10-17 19:11:44.728276,purchase
U1716,P0177,2025-10-10 19:11:44.728297,purchase
U1717,P0254,2025-05-25 19:11:44.728319,purchase
U1718,P0312,2025-09-14 19:11:44.728340,purchase
U1719,P0161,2026-01-22 19:11:44.728362,purchase
U1720,P0300,2026-03-24 19:11:44.728386,purchase
U1721,P0320,2025-04-25 19:11:44.728407,purchase
U1722,P0470,2025-08-15 19:11:44.728429,purchase
U1723,P0173,2025-07-29 19:11:44.728450,purchase
U1724,P0065,2025-05-02 19:11:44.728476,purchase
U1725,P0055,2025-05-29 19:11:44.728499,purchase
U1726,P0218,2025-06-05 19:11:44.728521,purchase
U1727,P0060,2025-11-24 19:11:44.728542,purchase
U1728,P0477,2025-04-17 19:11:44.728564,purchase
U1729,P0041,2025-05-09 19:11:44.728585,purchase
U1730,P0459,2025-04-24 19:11:44.728607,purchase
U1731,P0173,2025-09-03 19:11:44.728628,purchase
U1732,P0120,2025-11-04 19:11:44.728650,purchase
U1733,P0232,2026-01-25 19:11:44.728671,purchase
U1734,P0264,2025-11-18 19:11:44.728692,purchase
U1735,P0471,2025-08-05 19:11:44.728713,purchase
U1736,P0312,2026-01-11 19:11:44.728735,purchase
U1737,P0277,2025-12-22 19:11:44.728756,purchase
U1738,P0174,2025-10-01 19:11:44.728777,purchase
U1739,P0298,2025-04-13 19:11:44.728798,purchase
U1740,P0053,2025-09-17 19:11:44.728819,purchase
U1741,P0261,2025-07-27 19:11:44.728840,purchase
U1742,P0305,2025-04-10 19:11:44.728862,purchase
U1743,P0398,2026-03-15 19:11:44.728883,purchase
U1744,P0331,2025-11-29 19:11:44.728904,purchase
U1745,P0005,2026-03-27 19:11:44.728926,purchase
U1746,P0222,2025-06-11 19:11:44.728947,purchase
U1747,P0273,2025-06-18 19:11:44.728968,purchase
U1748,P0385,2025-08-01 19:11:44.728990,purchase
U1749,P0247,2025-07-19 19:11:44.729011,purchase
U1750,P0439,2025-07-10 19:11:44.729033,purchase
U1751,P0354,2026-01-18 19:11:44.729054,purchase
U1752,P0058,2026-01-04 19:11:44.729075,purchase
U1753,P0257,2025-10-28 19:11:44.729097,purchase
U1754,P0247,2025-12-06 19:11:44.729117,purchase
U1755,P0420,2025-11-12 19:11:44.729139,purchase
U1756,P0286,2025-06-09 19:11:44.729161,purchase
U1757,P0051,2025-11-24 19:11:44.729182,purchase
U1758,P0037,2025-07-13 19:11:44.729204,purchase
U1759,P0489,2025-10-07 19:11:44.729226,purchase
U1760,P0458,2025-08-12 19:11:44.729247,purchase
U1761,P0092,2025-09-14 19:11:44.729270,purchase
U1762,P0052,2026-03-09 19:11:44.729291,purchase
U1763,P0397,2025-10-12 19:11:44.729312,purchase
U1764,P0379,2025-10-04 19:11:44.729333,purchase
U1765,P0058,2026-01-18 19:11:44.729354,purchase
U1766,P0368,2025-09-20 19:11:44.729376,purchase
U1767,P0105,2025-07-30 19:11:44.729397,purchase
U1768,P0044,2025-07-19 19:11:44.729419,purchase
U1769,P0038,2025-07-07 19:11:44.729441,purchase
U1770,P0480,2025-06-01 19:11:44.729468,purchase
U1771,P0281,2025-05-26 19:11:44.729490,purchase
U1772,P0307,2025-06-10 19:11:44.729511,purchase
U1773,P0450,2025-06-14 19:11:44.729533,purchase
U1774,P0375,2026-03-02 19:11:44.729554,purchase
U1775,P0273,2025-07-31 19:11:44.729575,purchase
U1776,P0173,2026-01-16 19:11:44.729597,purchase
U1777,P0131,2025-09-29 19:11:44.729618,purchase
U1778,P0228,2026-01-23 19:11:44.729639,purchase
U1779,P0401,2025-12-22 19:11:44.729661,purchase
U1780,P0445,2025-11-10 19:11:44.729683,purchase
U1781,P0166,2026-03-09 19:11:44.729704,purchase
U1782,P0349,2025-05-14 19:11:44.729726,purchase
U1783,P0038,2025-12-16 19:11:44.729756,purchase
U1784,P0026,2025-10-05 19:11:44.729782,purchase
U1785,P0389,2025-06-04 19:11:44.729804,purchase
U1786,P0493,2025-12-26 19:11:44.729825,purchase
U1787,P0160,2025-06-28 19:11:44.729847,purchase
U1788,P0441,2025-09-06 19:11:44.729868,purchase
U1789,P0040,2026-03-11 19:11:44.729890,purchase
U1790,P0200,2025-11-22 19:11:44.729915,purchase
U1791,P0044,2026-01-04 19:11:44.729936,purchase
U1792,P0491,2026-03-31 19:11:44.729958,purchase
U1793,P0221,2025-06-17 19:11:44.729979,purchase
U1794,P0039,2026-02-16 19:11:44.730000,purchase
U1795,P0437,2025-05-04 19:11:44.730021,purchase
U1796,P0231,2026-02-11 19:11:44.730042,purchase
U1797,P0030,2025-05-24 19:11:44.730063,purchase
U1798,P0033,2025-04-12 19:11:44.730084,purchase
U1799,P0091,2025-07-15 19:11:44.730105,purchase
U1800,P0173,2025-11-02 19:11:44.730127,purchase
U1801,P0344,2025-09-04 19:11:44.730148,purchase
U1802,P0011,2025-11-12 19:11:44.730173,purchase
U1803,P0043,2025-05-29 19:11:44.730195,purchase
U1804,P0300,2026-03-04 19:11:44.730219,purchase
U1805,P0083,2025-07-27 19:11:44.730241,purchase
U1806,P0159,2025-04-05 19:11:44.730262,purchase
U1807,P0259,2025-12-03 19:11:44.730283,purchase
U1808,P0063,2025-12-28 19:11:44.730307,purchase
U1809,P0206,2025-11-27 19:11:44.730328,purchase
U1810,P0243,2026-03-31 19:11:44.730350,purchase
U1811,P0301,2026-04-03 19:11:44.730374,purchase
U1812,P0261,2025-07-07 19:11:44.730397,purchase
U1813,P0081,2025-09-25 19:11:44.730418,purchase
U1814,P0047,2025-05-19 19:11:44.730439,purchase
U1815,P0188,2025-11-20 19:11:44.730461,purchase
U1816,P0388,2025-10-18 19:11:44.730568,purchase
U1817,P0355,2026-02-04 19:11:44.730607,purchase
U1818,P0415,2025-07-26 19:11:44.730642,purchase
U1819,P0454,2025-12-10 19:11:44.730680,purchase
U1820,P0289,2026-03-31 19:11:44.730719,purchase
U1821,P0114,2026-03-19 19:11:44.730747,purchase
U1822,P0125,2026-03-08 19:11:44.730771,purchase
U1823,P0141,2025-08-07 19:11:44.730794,purchase
U1824,P0371,2025-12-14 19:11:44.730817,purchase
U1825,P0319,2025-10-21 19:11:44.730838,purchase
U1826,P0131,2025-09-17 19:11:44.730860,purchase
U1827,P0472,2025-10-10 19:11:44.730882,purchase
U1828,P0244,2025-08-15 19:11:44.730906,purchase
U1829,P0387,2025-09-02 19:11:44.730930,purchase
U1830,P0309,2025-09-26 19:11:44.730952,purchase
U1831,P0285,2025-05-03 19:11:44.730974,purchase
U1832,P0349,2026-01-16 19:11:44.730997,purchase
U1833,P0421,2026-01-27 19:11:44.731019,purchase
U1834,P0365,2026-02-06 19:11:44.731041,purchase
U1835,P0467,2025-08-19 19:11:44.731063,purchase
U1836,P0263,2025-11-30 19:11:44.731085,purchase
U1837,P0367,2026-02-21 19:11:44.731106,purchase
U1838,P0143,2025-11-09 19:11:44.731128,purchase
U1839,P0191,2025-10-03 19:11:44.731149,purchase
U1840,P0497,2026-02-12 19:11:44.731171,purchase
U1841,P0196,2025-07-07 19:11:44.731193,purchase
U1842,P0038,2025-11-04 19:11:44.731216,purchase
U1843,P0399,2025-11-03 19:11:44.731237,purchase
U1844,P0065,2025-06-12 19:11:44.731259,purchase
U1845,P0138,2026-01-27 19:11:44.731281,purchase
U1846,P0238,2025-06-24 19:11:44.731303,purchase
U1847,P0464,2025-06-26 19:11:44.731325,purchase
U1848,P0458,2025-04-25 19:11:44.731347,purchase
U1849,P0084,2025-06-20 19:11:44.731369,purchase
U1850,P0462,2026-03-17 19:11:44.731390,purchase
U1851,P0284,2026-03-28 19:11:44.731412,purchase
U1852,P0087,2025-05-06 19:11:44.731437,purchase
U1853,P0325,2025-08-05 19:11:44.731459,purchase
U1854,P0450,2026-02-25 19:11:44.731489,purchase
U1855,P0451,2025-11-17 19:11:44.731512,purchase
U1856,P0310,2026-01-06 19:11:44.731534,purchase
U1857,P0024,2025-10-08 19:11:44.731565,purchase
U1858,P0233,2025-08-08 19:11:44.731588,purchase
U1859,P0245,2025-06-29 19:11:44.731610,purchase
U1860,P0185,2025-09-09 19:11:44.731633,purchase
U1861,P0223,2025-12-20 19:11:44.731655,purchase
U1862,P0238,2025-08-21 19:11:44.731676,purchase
U1863,P0282,2025-11-11 19:11:44.731698,purchase
U1864,P0482,2025-06-06 19:11:44.731720,purchase
U1865,P0285,2025-04-30 19:11:44.731742,purchase
U1866,P0246,2026-02-05 19:11:44.731764,purchase
U1867,P0391,2025-07-15 19:11:44.731785,purchase
U1868,P0460,2025-08-03 19:11:44.731807,purchase
U1869,P0142,2025-09-04 19:11:44.731828,purchase
U1870,P0333,2025-05-01 19:11:44.731849,purchase
U1871,P0496,2025-05-10 19:11:44.731871,purchase
U1872,P0445,2025-09-25 19:11:44.731892,purchase
U1873,P0217,2025-05-24 19:11:44.731914,purchase
U1874,P0370,2025-10-09 19:11:44.731936,purchase
U1875,P0445,2025-07-25 19:11:44.731957,purchase
U1876,P0240,2025-04-15 19:11:44.731979,purchase
U1877,P0363,2025-07-08 19:11:44.732000,purchase
U1878,P0317,2025-08-11 19:11:44.732022,purchase
U1879,P0231,2025-12-01 19:11:44.732042,purchase
U1880,P0094,2025-07-17 19:11:44.732064,purchase
U1881,P0092,2025-10-17 19:11:44.732085,purchase
U1882,P0336,2025-08-31 19:11:44.732106,purchase
U1883,P0080,2025-05-11 19:11:44.732127,purchase
U1884,P0466,2025-06-14 19:11:44.732148,purchase
U1885,P0180,2025-12-19 19:11:44.732169,purchase
U1886,P0403,2025-07-28 19:11:44.732191,purchase
U1887,P0059,2025-10-06 19:11:44.732212,purchase
U1888,P0499,2025-08-16 19:11:44.732233,purchase
U1889,P0088,2025-04-18 19:11:44.732254,purchase
U1890,P0455,2025-06-01 19:11:44.732275,purchase
U1891,P0095,2025-04-11 19:11:44.732297,purchase
U1892,P0250,2025-10-31 19:11:44.732317,purchase
U1893,P0135,2025-09-28 19:11:44.732338,purchase
U1894,P0392,2025-04-15 19:11:44.732360,purchase
U1895,P0445,2026-03-09 19:11:44.732380,purchase
U1896,P0040,2026-02-01 19:11:44.732402,purchase
U1897,P0349,2025-08-21 19:11:44.732423,purchase
U1898,P0314,2025-05-19 19:11:44.732444,purchase
U1899,P0103,2025-08-19 19:11:44.732480,purchase
U1900,P0173,2025-04-14 19:11:44.732505,purchase
U1901,P0319,2025-12-31 19:11:44.732527,purchase
U1902,P0298,2025-11-14 19:11:44.732549,purchase
U1903,P0010,2025-11-09 19:11:44.732570,purchase
U1904,P0474,2025-05-27 19:11:44.732591,purchase
U1905,P0260,2026-01-14 19:11:44.732615,purchase
U1906,P0231,2025-11-07 19:11:44.732636,purchase
U1907,P0051,2025-05-07 19:11:44.732658,purchase
U1908,P0339,2025-07-18 19:11:44.732681,purchase
U1909,P0093,2025-07-22 19:11:44.732703,purchase
U1910,P0033,2026-03-25 19:11:44.732724,purchase
U1911,P0393,2026-02-24 19:11:44.732746,purchase
U1912,P0468,2025-08-14 19:11:44.732768,purchase
U1913,P0155,2025-05-04 19:11:44.732790,purchase
U1914,P0459,2025-10-13 19:11:44.732811,purchase
U1915,P0139,2025-10-25 19:11:44.732833,purchase
U1916,P0127,2025-12-25 19:11:44.732859,purchase
U1917,P0120,2025-09-25 19:11:44.732881,purchase
U1918,P0308,2026-02-25 19:11:44.732903,purchase
U1919,P0254,2026-02-06 19:11:44.732925,purchase
U1920,P0318,2025-09-15 19:11:44.732950,purchase
U1921,P0099,2025-07-12 19:11:44.732972,purchase
U1922,P0441,2025-09-08 19:11:44.732994,purchase
U1923,P0372,2025-05-08 19:11:44.733019,purchase
U1924,P0117,2026-01-27 19:11:44.733043,purchase
U1925,P0026,2025-05-30 19:11:44.733065,purchase
U1926,P0472,2026-04-05 19:11:44.733087,purchase
U1927,P0409,2025-05-07 19:11:44.733110,purchase
U1928,P0342,2026-03-10 19:11:44.733133,purchase
U1929,P0186,2025-05-31 19:11:44.733156,purchase
U1930,P0439,2025-04-24 19:11:44.733179,purchase
U1931,P0125,2025-09-25 19:11:44.733202,purchase
U1932,P0361,2025-09-09 19:11:44.733224,purchase
U1933,P0255,2025-12-09 19:11:44.733246,purchase
U1934,P0092,2026-02-12 19:11:44.733268,purchase
U1935,P0267,2025-04-24 19:11:44.733289,purchase
U1936,P0007,2026-02-18 19:11:44.733311,purchase
U1937,P0222,2025-05-13 19:11:44.733332,purchase
U1938,P0499,2025-12-26 19:11:44.733354,purchase
U1939,P0140,2025-06-02 19:11:44.733375,purchase
U1940,P0274,2025-10-27 19:11:44.733397,purchase
U1941,P0363,2025-11-16 19:11:44.733418,purchase
U1942,P0072,2025-07-10 19:11:44.733439,purchase
U1943,P0185,2025-07-31 19:11:44.733461,purchase
U1944,P0301,2025-11-20 19:11:44.733488,purchase
U1945,P0029,2025-09-08 19:11:44.733510,purchase
U1946,P0104,2026-02-09 19:11:44.733531,purchase
U1947,P0246,2025-07-16 19:11:44.733555,purchase
U1948,P0462,2025-08-03 19:11:44.733577,purchase
U1949,P0120,2025-05-12 19:11:44.733599,purchase
U1950,P0385,2025-10-31 19:11:44.733620,purchase
U1951,P0404,2025-04-17 19:11:44.733642,purchase
U1952,P0423,2026-04-03 19:11:44.733664,purchase
U1953,P0134,2025-08-12 19:11:44.733686,purchase
U1954,P0436,2025-10-25 19:11:44.733707,purchase
U1955,P0235,2026-03-21 19:11:44.733729,purchase
U1956,P0329,2025-11-22 19:11:44.733752,purchase
U1957,P0080,2025-12-21 19:11:44.733774,purchase
U1958,P0389,2025-05-20 19:11:44.733796,purchase
U1959,P0182,2025-09-11 19:11:44.733817,purchase
U1960,P0469,2025-06-29 19:11:44.733839,purchase
U1961,P0485,2025-09-04 19:11:44.733861,purchase
U1962,P0071,2025-07-09 19:11:44.733883,purchase
U1963,P0109,2026-03-04 19:11:44.733905,purchase
U1964,P0463,2025-11-03 19:11:44.733926,purchase
U1965,P0363,2025-05-13 19:11:44.733947,purchase
U1966,P0316,2025-12-02 19:11:44.733969,purchase
U1967,P0241,2025-11-22 19:11:44.733990,purchase
U1968,P0072,2025-11-20 19:11:44.734011,purchase
U1969,P0384,2025-06-09 19:11:44.734032,purchase
U1970,P0382,2025-11-18 19:11:44.734054,purchase
U1971,P0454,2025-08-18 19:11:44.734075,purchase
U1972,P0461,2025-08-16 19:11:44.734096,purchase
U1973,P0344,2026-01-05 19:11:44.734120,purchase
U1974,P0321,2025-07-19 19:11:44.734141,purchase
U1975,P0437,2025-12-04 19:11:44.734163,purchase
U1976,P0105,2025-07-04 19:11:44.734184,purchase
U1977,P0141,2025-04-30 19:11:44.734206,purchase
U1978,P0379,2025-07-02 19:11:44.734228,purchase
U1979,P0295,2025-08-28 19:11:44.734251,purchase
U1980,P0148,2025-08-05 19:11:44.734273,purchase
U1981,P0080,2026-02-03 19:11:44.734294,purchase
U1982,P0110,2025-08-26 19:11:44.734315,purchase
U1983,P0118,2025-04-12 19:11:44.734336,purchase
U1984,P0171,2025-12-04 19:11:44.734360,purchase
U1985,P0215,2025-06-06 19:11:44.734381,purchase
U1986,P0481,2025-04-16 19:11:44.734403,purchase
U1987,P0299,2026-01-12 19:11:44.734425,purchase
U1988,P0261,2025-04-18 19:11:44.734446,purchase
U1989,P0287,2025-11-26 19:11:44.734472,purchase
U1990,P0218,2025-07-20 19:11:44.734494,purchase
U1991,P0261,2026-03-21 19:11:44.734515,purchase
U1992,P0430,2025-08-10 19:11:44.734537,purchase
U1993,P0005,2025-07-12 19:11:44.734558,purchase
U1994,P0006,2025-12-08 19:11:44.734581,purchase
U1995,P0434,2025-11-16 19:11:44.734602,purchase
U1996,P0416,2025-04-06 19:11:44.734623,purchase
U1997,P0406,2025-08-23 19:11:44.734645,purchase
U1998,P0124,2026-01-10 19:11:44.734666,purchase
U1999,P0073,2025-06-13 19:11:44.734687,purchase
U2000,P0078,2025-04-09 19:11:44.734709,purchase
