user_id,product_id,timestamp,event_type
U1542,P0394,2025-10-07 13:44:26.354069,view
U0204,P0387,2026-02-02 13:44:26.356004,view
U1101,P0146,2026-02-05 13:44:26.357045,view
U1197,P0091,2025-07-31 13:44:26.357895,cart
U1464,P0235,2025-11-15 13:44:26.358501,cart
U0067,P0318,2026-03-12 13:44:26.358868,view
U1309,P0367,2025-12-08 13:44:26.359187,wishlist
U0421,P0170,2025-07-15 13:44:26.359584,view
U1412,P0149,2026-01-04 13:44:26.359846,view
U0134,P0376,2026-03-25 13:44:26.360197,view
U0106,P0115,2025-05-18 13:44:26.360611,cart
U0842,P0386,2025-10-29 13:44:26.361439,view
U1403,P0332,2025-08-30 13:44:26.361761,view
U1086,P0353,2025-08-16 13:44:26.362046,view
U1475,P0460,2026-04-01 13:44:26.362626,cart
U0874,P0144,2025-05-27 13:44:26.362982,view
U1545,P0330,2025-12-13 13:44:26.364690,cart
U1554,P0297,2025-04-29 13:44:26.365137,view
U1014,P0088,2025-08-05 13:44:26.365552,view
U1687,P0054,2025-07-20 13:44:26.365768,view
U1497,P0110,2025-09-05 13:44:26.366003,view
U0300,P0357,2026-01-31 13:44:26.366437,view
U0502,P0062,2025-12-24 13:44:26.366714,cart
U1849,P0489,2025-12-07 13:44:26.366987,view
U0303,P0263,2025-07-14 13:44:26.368676,view
U0144,P0010,2026-03-28 13:44:26.369301,view
U1445,P0167,2025-10-23 13:44:26.369901,cart
U0237,P0087,2025-10-08 13:44:26.370221,view
U1001,P0078,2025-11-24 13:44:26.371392,view
U1160,P0472,2025-09-10 13:44:26.371816,view
U1638,P0421,2025-12-22 13:44:26.372187,wishlist
U1090,P0312,2026-01-13 13:44:26.373316,view
U0688,P0140,2025-07-10 13:44:26.373888,wishlist
U1947,P0007,2025-10-29 13:44:26.374254,view
U0337,P0332,2025-06-11 13:44:26.374726,view
U1634,P0290,2025-07-10 13:44:26.375104,view
U1606,P0167,2026-02-16 13:44:26.375537,view
U1661,P0043,2025-09-07 13:44:26.376049,view
U0085,P0227,2026-02-21 13:44:26.376403,view
U0402,P0335,2025-09-17 13:44:26.376919,wishlist
U0918,P0189,2025-04-06 13:44:26.377309,view
U1457,P0461,2025-10-22 13:44:26.377734,view
U1804,P0392,2025-06-22 13:44:26.378148,purchase
U0700,P0345,2025-09-05 13:44:26.380057,view
U1985,P0454,2025-11-07 13:44:26.380453,cart
U0816,P0476,2026-03-02 13:44:26.380856,wishlist
U1750,P0153,2026-01-31 13:44:26.381138,view
U1113,P0455,2026-01-07 13:44:26.381401,view
U0112,P0154,2025-08-06 13:44:26.382183,cart
U1613,P0442,2025-04-10 13:44:26.382719,view
U1465,P0191,2025-04-26 13:44:26.383069,view
U1594,P0247,2025-08-21 13:44:26.383625,view
U0280,P0305,2026-01-08 13:44:26.383997,view
U1503,P0176,2025-07-21 13:44:26.384354,view
U1485,P0227,2025-12-17 13:44:26.385360,wishlist
U0949,P0467,2025-08-21 13:44:26.385911,view
U1121,P0052,2025-06-04 13:44:26.386233,view
U0786,P0131,2025-12-26 13:44:26.386704,view
U0152,P0409,2025-11-12 13:44:26.387496,wishlist
U0403,P0334,2026-01-28 13:44:26.387891,cart
U1914,P0192,2025-11-11 13:44:26.388259,view
U0256,P0317,2025-05-07 13:44:26.389391,cart
U0791,P0289,2025-05-20 13:44:26.389854,purchase
U0053,P0116,2025-09-11 13:44:26.390627,view
U0420,P0301,2025-11-23 13:44:26.392274,view
U0551,P0248,2025-09-09 13:44:26.392622,view
U0848,P0340,2025-12-23 13:44:26.392954,view
U1449,P0367,2025-07-05 13:44:26.393429,wishlist
U0494,P0017,2025-08-16 13:44:26.395809,view
U1243,P0117,2025-06-17 13:44:26.396419,view
U1687,P0021,2025-10-14 13:44:26.396898,view
U1559,P0059,2025-08-20 13:44:26.397599,cart
U1202,P0472,2026-03-08 13:44:26.397965,view
U0625,P0377,2025-11-19 13:44:26.398263,purchase
U0435,P0428,2025-04-10 13:44:26.399085,view
U0756,P0289,2026-02-15 13:44:26.399740,cart
U0230,P0072,2025-12-08 13:44:26.400179,view
U0207,P0126,2026-02-26 13:44:26.400764,view
U1286,P0028,2025-05-13 13:44:26.401660,wishlist
U1236,P0354,2026-01-16 13:44:26.402694,purchase
U0630,P0191,2025-05-16 13:44:26.403114,view
U1607,P0272,2025-06-27 13:44:26.403435,view
U1470,P0154,2025-09-19 13:44:26.403882,view
U0681,P0455,2025-04-07 13:44:26.404422,view
U0007,P0046,2025-05-05 13:44:26.404887,view
U0793,P0266,2025-07-26 13:44:26.405357,wishlist
U0829,P0064,2025-10-03 13:44:26.405652,view
U1546,P0384,2026-03-08 13:44:26.406108,cart
U0096,P0150,2025-07-14 13:44:26.406453,cart
U1758,P0066,2025-04-21 13:44:26.406724,view
U0360,P0186,2025-12-22 13:44:26.407119,view
U1743,P0458,2025-05-10 13:44:26.407438,wishlist
U1798,P0215,2025-09-30 13:44:26.407686,view
U1682,P0226,2025-09-29 13:44:26.408413,wishlist
U1213,P0333,2026-03-05 13:44:26.409722,wishlist
U0139,P0278,2026-01-31 13:44:26.410488,view
U1429,P0237,2025-12-07 13:44:26.410792,cart
U0406,P0021,2025-07-13 13:44:26.411175,view
U0670,P0053,2025-11-09 13:44:26.411451,view
U0425,P0476,2025-11-22 13:44:26.411723,view
U0368,P0006,2025-09-28 13:44:26.412127,wishlist
U1323,P0486,2026-03-24 13:44:26.412389,view
U1800,P0340,2025-07-23 13:44:26.412640,view
U1439,P0243,2025-08-26 13:44:26.412892,view
U1489,P0065,2026-01-06 13:44:26.413244,view
U0175,P0077,2025-12-27 13:44:26.413491,wishlist
U1753,P0191,2026-01-07 13:44:26.413741,view
U0523,P0092,2026-04-04 13:44:26.414122,wishlist
U0735,P0236,2025-05-27 13:44:26.414379,view
U0462,P0400,2025-10-24 13:44:26.414631,view
U1819,P0462,2025-07-14 13:44:26.414854,view
U0655,P0196,2025-12-05 13:44:26.415206,cart
U1914,P0073,2026-01-09 13:44:26.415454,view
U0115,P0380,2025-10-19 13:44:26.415717,view
U0834,P0058,2025-05-18 13:44:26.416109,view
U0284,P0085,2025-05-24 13:44:26.416370,view
U0553,P0303,2025-11-27 13:44:26.417389,view
U1420,P0368,2025-07-12 13:44:26.417690,wishlist
U1742,P0297,2025-10-01 13:44:26.418078,view
U0416,P0119,2025-10-05 13:44:26.418342,view
U1367,P0370,2025-08-16 13:44:26.418617,wishlist
U0234,P0246,2026-02-09 13:44:26.418853,cart
U1648,P0300,2026-03-13 13:44:26.419173,view
U1297,P0415,2026-02-20 13:44:26.419408,view
U0633,P0123,2026-01-26 13:44:26.419635,view
U1552,P0306,2026-03-05 13:44:26.419861,view
U1910,P0279,2025-11-18 13:44:26.420247,view
U0671,P0498,2025-10-13 13:44:26.420497,view
U1207,P0467,2025-12-03 13:44:26.420732,view
U0418,P0192,2025-06-06 13:44:26.421080,view
U0029,P0438,2025-04-22 13:44:26.421300,wishlist
U0089,P0392,2025-05-02 13:44:26.421523,view
U1875,P0421,2025-05-05 13:44:26.421746,view
U1729,P0078,2025-06-24 13:44:26.422128,cart
U1759,P0421,2025-08-03 13:44:26.422382,view
U1395,P0397,2025-07-14 13:44:26.422620,view
U0918,P0017,2026-02-20 13:44:26.422855,purchase
U1468,P0190,2025-05-09 13:44:26.423225,view
U1148,P0269,2026-01-24 13:44:26.423468,view
U1622,P0365,2025-05-15 13:44:26.423693,wishlist
U0795,P0288,2025-04-06 13:44:26.424032,cart
U0597,P0236,2025-12-19 13:44:26.424317,view
U0916,P0142,2025-08-23 13:44:26.424947,view
U0416,P0395,2025-11-17 13:44:26.425435,view
U0306,P0075,2026-02-04 13:44:26.425861,view
U1271,P0384,2026-02-04 13:44:26.426177,wishlist
U1799,P0361,2025-05-22 13:44:26.427532,view
U1803,P0052,2026-03-16 13:44:26.428077,view
U0368,P0141,2025-05-24 13:44:26.428555,view
U0245,P0006,2025-11-16 13:44:26.429005,view
U0911,P0030,2025-07-22 13:44:26.429333,purchase
U0270,P0400,2025-06-26 13:44:26.429651,view
U1349,P0193,2025-12-20 13:44:26.430942,purchase
U1933,P0427,2025-12-21 13:44:26.431480,cart
U1762,P0049,2025-07-11 13:44:26.432095,view
U0331,P0261,2025-11-20 13:44:26.432524,view
U1580,P0393,2026-03-21 13:44:26.433056,purchase
U1524,P0145,2025-09-26 13:44:26.433427,view
U0814,P0088,2025-07-25 13:44:26.433939,purchase
U0933,P0278,2026-02-02 13:44:26.434418,view
U0441,P0068,2025-07-05 13:44:26.434943,wishlist
U1491,P0343,2025-10-27 13:44:26.435260,view
U0353,P0353,2026-01-11 13:44:26.435742,view
U0743,P0079,2025-11-12 13:44:26.436432,view
U1790,P0312,2025-05-10 13:44:26.437064,view
U0141,P0241,2025-12-02 13:44:26.437853,view
U1687,P0038,2025-12-29 13:44:26.438866,view
U0452,P0019,2025-09-14 13:44:26.439243,view
U1704,P0478,2026-04-04 13:44:26.439759,view
U1622,P0005,2026-01-13 13:44:26.441672,wishlist
U0089,P0224,2025-12-04 13:44:26.442239,view
U0716,P0347,2025-04-20 13:44:26.443843,view
U0299,P0317,2026-01-09 13:44:26.444685,view
U0603,P0245,2025-05-28 13:44:26.445054,cart
U0947,P0310,2025-12-26 13:44:26.445377,purchase
U1557,P0141,2025-11-25 13:44:26.445824,cart
U0746,P0283,2025-09-26 13:44:26.446139,view
U0968,P0157,2025-10-18 13:44:26.446497,view
U0718,P0056,2025-06-20 13:44:26.446934,wishlist
U1482,P0045,2025-10-19 13:44:26.447295,cart
U1028,P0359,2025-11-01 13:44:26.447633,cart
U1220,P0182,2026-02-25 13:44:26.448156,view
U0100,P0325,2026-01-21 13:44:26.448594,cart
U1843,P0198,2025-07-30 13:44:26.449093,cart
U1687,P0314,2025-08-28 13:44:26.449479,wishlist
U1212,P0134,2026-03-24 13:44:26.449971,wishlist
U1347,P0129,2025-09-12 13:44:26.450397,cart
U1872,P0010,2025-11-12 13:44:26.450855,view
U1252,P0432,2025-12-10 13:44:26.451245,view
U0276,P0040,2025-09-03 13:44:26.451597,purchase
U0115,P0112,2026-03-05 13:44:26.452070,view
U1687,P0236,2025-08-13 13:44:26.452479,wishlist
U1467,P0074,2025-11-08 13:44:26.452948,view
U0773,P0487,2026-02-27 13:44:26.453306,view
U1131,P0262,2025-05-19 13:44:26.454289,cart
U1430,P0422,2025-06-24 13:44:26.455212,cart
U0312,P0062,2025-06-08 13:44:26.456392,view
U1711,P0341,2025-05-23 13:44:26.457515,view
U1901,P0452,2025-10-30 13:44:26.458000,view
U0402,P0016,2026-03-21 13:44:26.458343,view
U1385,P0274,2026-01-21 13:44:26.458654,cart
U1454,P0320,2025-11-18 13:44:26.459557,view
U1019,P0307,2025-09-28 13:44:26.461068,wishlist
U0021,P0195,2025-04-06 13:44:26.461667,cart
U1067,P0496,2025-06-06 13:44:26.462230,view
U0304,P0101,2026-02-25 13:44:26.462741,cart
U1002,P0034,2025-09-19 13:44:26.463597,cart
U0656,P0056,2025-10-31 13:44:26.464219,wishlist
U1701,P0387,2025-12-23 13:44:26.465324,view
U0762,P0234,2025-04-22 13:44:26.465695,view
U1698,P0232,2025-12-29 13:44:26.466126,cart
U0585,P0205,2025-11-01 13:44:26.466765,view
U1186,P0355,2025-09-13 13:44:26.467554,view
U0765,P0069,2026-04-01 13:44:26.468082,purchase
U0250,P0269,2025-10-21 13:44:26.468522,view
U0502,P0241,2025-05-18 13:44:26.469052,wishlist
U1144,P0278,2025-09-06 13:44:26.469457,view
U0475,P0278,2026-04-04 13:44:26.469915,cart
U0126,P0115,2025-06-27 13:44:26.470276,view
U0156,P0109,2025-12-23 13:44:26.470726,wishlist
U0060,P0362,2025-11-04 13:44:26.471210,view
U0886,P0047,2025-04-28 13:44:26.471583,view
U0506,P0228,2025-05-11 13:44:26.473129,view
U0431,P0051,2025-12-02 13:44:26.474063,cart
U0507,P0197,2026-03-21 13:44:26.474446,view
U1709,P0472,2025-06-02 13:44:26.474769,view
U0333,P0343,2026-04-05 13:44:26.475172,cart
U0946,P0194,2025-11-02 13:44:26.475496,wishlist
U0208,P0128,2026-02-04 13:44:26.475949,cart
U1233,P0057,2026-02-15 13:44:26.476353,view
U0794,P0131,2025-08-23 13:44:26.476788,cart
U1421,P0231,2025-06-01 13:44:26.477343,view
U1752,P0026,2025-12-23 13:44:26.477720,view
U0071,P0023,2026-01-01 13:44:26.478199,view
U1103,P0031,2025-04-22 13:44:26.478528,view
U1778,P0264,2025-07-04 13:44:26.479020,view
U1082,P0219,2025-06-09 13:44:26.479352,view
U1162,P0046,2025-10-25 13:44:26.479665,purchase
U1889,P0166,2025-08-09 13:44:26.480089,view
U0443,P0230,2025-04-20 13:44:26.480403,cart
U0564,P0107,2025-07-22 13:44:26.480779,view
U0243,P0347,2025-09-16 13:44:26.481115,cart
U0266,P0157,2025-06-05 13:44:26.481320,wishlist
U1219,P0178,2026-01-06 13:44:26.481541,cart
U1156,P0490,2025-05-03 13:44:26.481962,view
U1669,P0495,2025-12-26 13:44:26.482258,view
U1768,P0136,2025-04-20 13:44:26.482551,view
U1227,P0463,2025-09-06 13:44:26.484232,cart
U0311,P0195,2025-09-07 13:44:26.484824,view
U0559,P0383,2025-08-30 13:44:26.485650,view
U0531,P0469,2025-12-19 13:44:26.486170,view
U1540,P0447,2025-04-27 13:44:26.486783,view
U1149,P0420,2025-11-04 13:44:26.490061,view
U1613,P0291,2025-05-22 13:44:26.490784,view
U0097,P0497,2025-06-18 13:44:26.491126,cart
U0333,P0095,2026-03-14 13:44:26.492239,wishlist
U0750,P0443,2025-07-26 13:44:26.492883,wishlist
U0074,P0274,2025-09-23 13:44:26.493220,view
U0053,P0037,2026-04-05 13:44:26.493523,view
U1513,P0263,2025-10-31 13:44:26.493906,view
U1926,P0344,2025-11-01 13:44:26.494200,cart
U1793,P0354,2025-06-10 13:44:26.494429,cart
U0685,P0285,2025-12-23 13:44:26.494655,purchase
U0856,P0033,2026-03-04 13:44:26.494957,view
U0327,P0394,2025-12-26 13:44:26.495227,wishlist
U0606,P0280,2025-07-29 13:44:26.495506,purchase
U0122,P0101,2026-01-22 13:44:26.495898,cart
U0826,P0287,2025-06-04 13:44:26.496258,view
U0940,P0242,2025-09-29 13:44:26.496514,view
U1948,P0371,2025-11-09 13:44:26.497449,cart
U0473,P0328,2025-09-04 13:44:26.498156,view
U0179,P0417,2025-07-30 13:44:26.498471,view
U1302,P0066,2025-12-13 13:44:26.498814,view
U1467,P0472,2025-04-13 13:44:26.499103,purchase
U1731,P0271,2025-10-06 13:44:26.499413,view
U1977,P0373,2025-10-08 13:44:26.499741,view
U1578,P0288,2025-10-28 13:44:26.500307,cart
U1376,P0122,2026-01-24 13:44:26.500663,cart
U0645,P0261,2025-12-24 13:44:26.501096,view
U0091,P0480,2025-08-30 13:44:26.501459,cart
U0666,P0379,2026-01-02 13:44:26.501774,view
U0366,P0328,2026-02-02 13:44:26.502871,wishlist
U0328,P0153,2026-03-22 13:44:26.503409,wishlist
U1191,P0318,2025-10-14 13:44:26.503712,purchase
U1789,P0342,2025-05-23 13:44:26.504286,view
U0995,P0361,2025-06-14 13:44:26.504550,view
U0125,P0141,2026-01-02 13:44:26.504770,view
U0989,P0344,2025-12-17 13:44:26.505180,purchase
U1189,P0042,2025-09-11 13:44:26.505436,view
U1080,P0143,2025-05-19 13:44:26.505686,cart
U1917,P0219,2025-05-07 13:44:26.506097,wishlist
U0261,P0410,2026-01-13 13:44:26.506435,view
U1178,P0084,2025-06-10 13:44:26.506724,view
U0644,P0491,2026-03-28 13:44:26.507378,view
U0235,P0163,2026-01-12 13:44:26.508086,cart
U0925,P0260,2025-09-03 13:44:26.508690,view
U0716,P0200,2025-07-28 13:44:26.509061,view
U0541,P0332,2025-08-02 13:44:26.509333,cart
U1369,P0053,2025-04-10 13:44:26.509691,cart
U1960,P0006,2026-03-28 13:44:26.509957,view
U0516,P0129,2025-09-01 13:44:26.510207,view
U0822,P0289,2025-10-18 13:44:26.510632,wishlist
U1652,P0395,2025-09-18 13:44:26.510942,view
U1157,P0354,2026-01-31 13:44:26.511201,view
U0878,P0076,2026-03-27 13:44:26.511443,view
U1822,P0152,2025-08-29 13:44:26.511800,view
U1859,P0412,2025-05-23 13:44:26.512111,view
U1703,P0046,2025-12-09 13:44:26.512429,view
U0772,P0126,2025-09-03 13:44:26.512858,cart
U0398,P0145,2025-05-03 13:44:26.513194,view
U0714,P0338,2026-01-04 13:44:26.513532,view
U0239,P0177,2025-12-20 13:44:26.514151,view
U1151,P0099,2026-01-25 13:44:26.514735,cart
U1256,P0122,2025-08-23 13:44:26.515061,view
U1747,P0315,2026-01-29 13:44:26.515409,purchase
U0804,P0337,2025-04-24 13:44:26.515635,view
U1825,P0245,2025-11-28 13:44:26.516007,wishlist
U1945,P0457,2026-03-01 13:44:26.516272,view
U0219,P0171,2025-12-08 13:44:26.516510,view
U1008,P0241,2025-08-07 13:44:26.516744,cart
U1812,P0301,2026-02-25 13:44:26.516980,view
U0375,P0271,2025-11-26 13:44:26.517314,cart
U1704,P0372,2026-03-16 13:44:26.517565,view
U0320,P0037,2025-08-26 13:44:26.517854,view
U1760,P0047,2025-10-13 13:44:26.518160,view
U1034,P0207,2025-04-26 13:44:26.518386,view
U0516,P0350,2025-09-25 13:44:26.518600,view
U0361,P0123,2026-02-20 13:44:26.518805,wishlist
U0890,P0272,2025-05-29 13:44:26.519138,view
U0984,P0423,2026-01-09 13:44:26.519365,cart
U1761,P0457,2025-09-28 13:44:26.519588,wishlist
U0392,P0337,2025-06-29 13:44:26.519859,view
U1317,P0369,2025-04-11 13:44:26.520242,view
U0499,P0266,2026-02-18 13:44:26.520893,view
U1723,P0286,2026-01-26 13:44:26.521668,view
U1512,P0380,2025-07-01 13:44:26.522102,view
U0161,P0080,2025-05-07 13:44:26.522365,purchase
U1413,P0402,2025-06-20 13:44:26.523017,view
U1082,P0172,2025-09-17 13:44:26.523319,wishlist
U1501,P0137,2025-06-02 13:44:26.524468,view
U0983,P0463,2025-06-05 13:44:26.525613,view
U0331,P0493,2025-07-04 13:44:26.525896,view
U1289,P0293,2025-09-02 13:44:26.526344,wishlist
U0901,P0393,2025-07-21 13:44:26.526651,view
U1532,P0406,2026-02-10 13:44:26.526941,cart
U0567,P0253,2026-04-03 13:44:26.527350,view
U0423,P0167,2025-04-21 13:44:26.527698,view
U1161,P0009,2025-08-15 13:44:26.528004,view
U1261,P0278,2025-05-18 13:44:26.528486,view
U1175,P0017,2025-08-26 13:44:26.528783,cart
U0474,P0233,2026-02-08 13:44:26.529375,view
U1505,P0119,2025-06-02 13:44:26.529830,view
U0111,P0217,2025-06-03 13:44:26.530182,view
U0343,P0048,2025-11-04 13:44:26.543109,view
U1898,P0328,2025-08-05 13:44:26.545979,purchase
U1090,P0191,2025-10-12 13:44:26.547292,view
U1124,P0234,2025-05-18 13:44:26.547914,view
U1806,P0118,2025-04-19 13:44:26.549265,view
U0649,P0181,2025-10-03 13:44:26.549737,view
U1852,P0058,2025-10-13 13:44:26.550169,cart
U1138,P0349,2025-08-25 13:44:26.550574,view
U1685,P0324,2025-09-19 13:44:26.551059,view
U1327,P0138,2025-05-07 13:44:26.551403,view
U1639,P0380,2025-11-06 13:44:26.551767,view
U0353,P0262,2025-12-02 13:44:26.552241,view
U0210,P0067,2026-01-31 13:44:26.552673,cart
U0255,P0309,2025-07-06 13:44:26.553161,view
U0861,P0382,2025-12-19 13:44:26.555323,purchase
U0003,P0211,2025-06-09 13:44:26.556053,view
U1888,P0295,2025-12-21 13:44:26.558289,cart
U1271,P0206,2025-11-08 13:44:26.558881,cart
U1378,P0043,2025-07-31 13:44:26.559344,view
U0181,P0066,2025-07-15 13:44:26.559634,purchase
U1841,P0242,2026-01-02 13:44:26.559894,view
U0127,P0271,2025-06-14 13:44:26.560397,view
U0649,P0042,2025-09-17 13:44:26.560676,view
U0270,P0493,2025-08-17 13:44:26.560939,view
U1035,P0450,2025-07-12 13:44:26.561334,cart
U0983,P0474,2025-07-12 13:44:26.561619,view
U0271,P0488,2025-10-05 13:44:26.561856,cart
U0843,P0038,2025-11-30 13:44:26.562128,purchase
U0296,P0216,2026-02-15 13:44:26.562481,view
U0470,P0323,2025-05-18 13:44:26.563377,view
U0938,P0242,2025-06-03 13:44:26.563803,view
U0880,P0041,2025-09-03 13:44:26.564045,view
U1975,P0072,2025-12-25 13:44:26.564388,cart
U1469,P0148,2025-07-27 13:44:26.564636,cart
U1650,P0365,2026-03-06 13:44:26.564889,view
U1330,P0021,2025-11-07 13:44:26.565119,view
U0620,P0239,2026-01-06 13:44:26.565974,view
U0421,P0374,2025-06-25 13:44:26.566547,purchase
U1465,P0471,2025-12-12 13:44:26.567756,wishlist
U1803,P0049,2025-08-20 13:44:26.568526,view
U1128,P0202,2026-02-05 13:44:26.568923,view
U1592,P0328,2025-09-19 13:44:26.569391,cart
U0811,P0124,2026-03-19 13:44:26.569734,view
U0645,P0248,2025-09-30 13:44:26.570117,view
U1746,P0127,2025-04-21 13:44:26.572691,view
U1920,P0056,2025-09-15 13:44:26.573381,view
U1372,P0418,2026-03-24 13:44:26.574588,view
U0591,P0250,2025-10-15 13:44:26.575206,view
U0978,P0274,2025-08-21 13:44:26.575562,view
U1334,P0248,2025-11-07 13:44:26.575861,view
U1819,P0080,2026-02-04 13:44:26.576253,purchase
U1268,P0365,2026-02-12 13:44:26.576554,view
U0708,P0325,2025-11-16 13:44:26.576891,wishlist
U1418,P0128,2026-02-20 13:44:26.577288,cart
U0377,P0028,2025-10-26 13:44:26.577595,view
U1131,P0312,2026-02-13 13:44:26.577869,cart
U1143,P0133,2025-12-30 13:44:26.578258,view
U1868,P0245,2025-11-20 13:44:26.579917,view
U1485,P0403,2026-03-31 13:44:26.587361,view
U1715,P0221,2025-11-06 13:44:26.587897,view
U0830,P0276,2026-03-25 13:44:26.591222,view
U1353,P0101,2026-03-03 13:44:26.592700,wishlist
U1251,P0160,2025-06-07 13:44:26.593035,view
U0883,P0121,2025-12-29 13:44:26.597997,view
U1633,P0273,2026-01-12 13:44:26.599550,cart
U0120,P0382,2026-01-24 13:44:26.600819,view
U1361,P0274,2025-05-18 13:44:26.602864,cart
U0804,P0394,2025-05-04 13:44:26.603318,view
U1667,P0426,2025-06-25 13:44:26.603804,view
U0037,P0245,2025-07-20 13:44:26.604575,view
U1704,P0457,2025-11-05 13:44:26.604913,view
U0742,P0314,2025-10-31 13:44:26.605140,view
U0961,P0280,2026-01-18 13:44:26.605441,view
U1564,P0260,2025-09-07 13:44:26.605635,view
U0119,P0275,2025-08-29 13:44:26.605864,view
U0409,P0018,2025-05-22 13:44:26.606088,purchase
U0322,P0470,2025-08-19 13:44:26.607565,view
U1356,P0376,2025-07-24 13:44:26.607921,cart
U1840,P0404,2025-06-05 13:44:26.608192,purchase
U0071,P0293,2025-06-13 13:44:26.608558,view
U0380,P0361,2025-11-06 13:44:26.608825,cart
U1717,P0358,2025-11-09 13:44:26.609073,view
U1513,P0262,2026-01-07 13:44:26.609350,wishlist
U0518,P0046,2025-08-20 13:44:26.610316,view
U1453,P0298,2025-12-26 13:44:26.610904,cart
U0475,P0072,2025-12-04 13:44:26.611255,view
U0131,P0442,2025-08-13 13:44:26.614909,cart
U0195,P0276,2026-01-11 13:44:26.633184,view
U1792,P0269,2025-08-29 13:44:26.635464,view
U1639,P0164,2025-09-11 13:44:26.636742,view
U0469,P0004,2026-03-16 13:44:26.637440,view
U1224,P0087,2025-04-15 13:44:26.637744,view
U1485,P0238,2025-10-17 13:44:26.638050,view
U0969,P0007,2025-11-07 13:44:26.638473,view
U1868,P0310,2026-03-14 13:44:26.638787,wishlist
U1451,P0032,2026-04-03 13:44:26.639122,view
U0787,P0500,2025-04-10 13:44:26.639601,cart
U0628,P0003,2025-04-30 13:44:26.639952,cart
U0205,P0213,2025-09-01 13:44:26.641893,view
U1917,P0084,2025-09-12 13:44:26.642304,view
U1335,P0211,2026-01-15 13:44:26.642703,view
U1792,P0064,2025-11-14 13:44:26.643157,cart
U1217,P0270,2025-07-31 13:44:26.644887,view
U1609,P0046,2025-07-29 13:44:26.645158,wishlist
U1755,P0484,2025-12-01 13:44:26.645404,cart
U1400,P0119,2025-04-23 13:44:26.645797,view
U0605,P0271,2025-05-31 13:44:26.646108,cart
U0029,P0385,2025-12-23 13:44:26.646517,view
U0634,P0418,2025-05-20 13:44:26.647036,wishlist
U1744,P0411,2025-07-20 13:44:26.647388,view
U1476,P0296,2025-07-27 13:44:26.647715,view
U0418,P0008,2026-02-22 13:44:26.648172,wishlist
U0391,P0327,2026-03-26 13:44:26.648594,view
U1388,P0103,2025-07-17 13:44:26.649088,view
U1159,P0407,2025-11-06 13:44:26.649850,wishlist
U1831,P0394,2026-03-15 13:44:26.650261,purchase
U0089,P0340,2026-02-23 13:44:26.651341,purchase
U1498,P0166,2025-07-07 13:44:26.653062,view
U0250,P0209,2025-11-11 13:44:26.654741,view
U0133,P0087,2025-06-29 13:44:26.655137,purchase
U1410,P0365,2025-06-11 13:44:26.660007,view
U0405,P0257,2025-05-22 13:44:26.660985,view
U0016,P0366,2025-06-16 13:44:26.661638,wishlist
U0551,P0183,2025-10-05 13:44:26.662072,view
U1156,P0477,2026-02-08 13:44:26.662448,view
U0728,P0498,2026-01-16 13:44:26.662949,cart
U1693,P0362,2025-09-29 13:44:26.663424,view
U1602,P0294,2026-03-28 13:44:26.663923,cart
U0967,P0005,2025-09-16 13:44:26.664234,cart
U0605,P0146,2025-11-10 13:44:26.664925,view
U0217,P0359,2026-02-13 13:44:26.665241,cart
U0199,P0030,2025-07-14 13:44:26.665476,view
U0513,P0250,2025-10-14 13:44:26.665810,view
U0467,P0282,2025-06-26 13:44:26.666044,view
U0738,P0095,2025-05-13 13:44:26.666297,view
U0094,P0456,2026-04-05 13:44:26.666691,view
U1110,P0027,2025-12-22 13:44:26.666949,view
U1542,P0171,2026-01-06 13:44:26.667203,view
U0942,P0461,2025-11-30 13:44:26.667461,view
U0944,P0203,2025-10-24 13:44:26.667815,view
U1075,P0433,2026-03-26 13:44:26.668126,view
U0769,P0119,2025-09-30 13:44:26.668538,view
U1361,P0223,2025-08-16 13:44:26.669110,view
U0350,P0212,2026-01-13 13:44:26.669465,view
U0304,P0359,2025-12-14 13:44:26.669799,view
U1543,P0483,2025-07-05 13:44:26.671256,cart
U1922,P0094,2025-10-04 13:44:26.671840,view
U0483,P0017,2026-01-25 13:44:26.672941,view
U1699,P0160,2026-02-10 13:44:26.673579,view
U0363,P0147,2025-09-04 13:44:26.676766,purchase
U1943,P0242,2026-01-26 13:44:26.683191,view
U0523,P0196,2025-04-20 13:44:26.683887,view
U1189,P0328,2025-05-29 13:44:26.685368,view
U1097,P0181,2026-01-22 13:44:26.688890,wishlist
U0889,P0095,2026-02-26 13:44:26.690087,wishlist
U1833,P0127,2025-09-07 13:44:26.690747,cart
U1919,P0448,2025-10-02 13:44:26.691067,wishlist
U0022,P0428,2025-07-14 13:44:26.694852,view
U1317,P0105,2025-07-05 13:44:26.696749,view
U1264,P0086,2025-12-18 13:44:26.699833,view
U0465,P0077,2026-03-25 13:44:26.703721,purchase
U1733,P0437,2025-08-03 13:44:26.705210,wishlist
U1358,P0490,2025-07-21 13:44:26.707865,cart
U0645,P0136,2025-09-02 13:44:26.712115,cart
U1391,P0090,2025-12-11 13:44:26.717346,view
U1548,P0482,2025-10-12 13:44:26.718996,cart
U1430,P0139,2025-11-14 13:44:26.719562,wishlist
U0393,P0457,2026-02-17 13:44:26.720836,view
U1635,P0322,2025-04-20 13:44:26.722444,cart
U0171,P0240,2025-10-04 13:44:26.722894,view
U0157,P0060,2025-07-05 13:44:26.723868,cart
U1845,P0381,2026-01-25 13:44:26.724199,view
U1771,P0333,2025-09-06 13:44:26.724599,wishlist
U0464,P0108,2025-08-27 13:44:26.725260,view
U1004,P0355,2025-12-18 13:44:26.730182,view
U1228,P0278,2025-11-15 13:44:26.731282,view
U0228,P0014,2025-07-11 13:44:26.731780,view
U1306,P0094,2025-10-18 13:44:26.732080,view
U1796,P0347,2025-12-07 13:44:26.734444,view
U1363,P0375,2025-05-26 13:44:26.737907,view
U1447,P0144,2025-10-27 13:44:26.738836,cart
U0709,P0459,2025-05-07 13:44:26.739171,view
U1529,P0207,2025-10-27 13:44:26.740328,purchase
U1692,P0205,2025-07-24 13:44:26.740854,view
U1113,P0382,2025-12-24 13:44:26.741367,view
U0122,P0031,2026-02-13 13:44:26.741703,cart
U0887,P0371,2025-11-17 13:44:26.742474,view
U1027,P0422,2025-04-06 13:44:26.743964,view
U0211,P0496,2025-08-20 13:44:26.744660,view
U0420,P0361,2025-10-26 13:44:26.746571,purchase
U1452,P0047,2026-02-22 13:44:26.753815,view
U0960,P0270,2025-06-22 13:44:26.759289,view
U1900,P0266,2026-02-18 13:44:26.760044,cart
U0526,P0363,2026-03-21 13:44:26.760741,view
U1703,P0376,2026-02-04 13:44:26.762182,purchase
U1246,P0048,2026-01-12 13:44:26.773550,purchase
U1359,P0494,2025-08-15 13:44:26.781208,view
U1887,P0290,2025-08-06 13:44:26.784122,view
U0829,P0257,2026-03-23 13:44:26.786079,view
U0328,P0164,2025-06-21 13:44:26.790078,view
U1200,P0157,2026-03-29 13:44:26.792087,view
U0298,P0487,2026-02-07 13:44:26.800833,view
U0001,P0182,2025-11-05 13:44:26.801187,cart
U1141,P0264,2026-01-26 13:44:26.801411,purchase
U0702,P0128,2026-03-04 13:44:26.801706,view
U0235,P0211,2025-11-22 13:44:26.801943,purchase
U1773,P0305,2025-07-07 13:44:26.802139,view
U1142,P0486,2025-05-17 13:44:26.804267,wishlist
U1103,P0147,2025-07-07 13:44:26.808865,purchase
U1893,P0092,2025-09-17 13:44:26.815750,wishlist
U0860,P0211,2026-03-09 13:44:26.818591,view
U0192,P0465,2025-04-28 13:44:26.822378,view
U1833,P0034,2025-07-17 13:44:26.823082,cart
U1181,P0467,2026-03-30 13:44:26.825690,view
U1299,P0286,2025-05-10 13:44:26.839281,view
U0458,P0402,2025-12-12 13:44:26.851679,view
U1664,P0376,2025-11-24 13:44:26.855362,view
U1242,P0243,2025-10-12 13:44:26.857868,view
U1542,P0228,2025-12-26 13:44:26.858947,wishlist
U0359,P0152,2025-08-06 13:44:26.866364,view
U1443,P0132,2025-11-02 13:44:26.871722,view
U0009,P0454,2026-04-06 13:44:26.872971,view
U0329,P0013,2025-09-10 13:44:26.875206,view
U0523,P0488,2025-08-17 13:44:26.876269,view
U1217,P0209,2025-07-06 13:44:26.878369,cart
U1562,P0199,2025-07-29 13:44:26.878877,view
U1915,P0164,2025-11-08 13:44:26.879160,view
U1666,P0337,2025-09-09 13:44:26.879446,view
U1560,P0469,2026-02-20 13:44:26.881004,view
U0191,P0208,2026-01-02 13:44:26.885799,cart
U0572,P0241,2025-05-30 13:44:26.887863,purchase
U1333,P0002,2025-10-20 13:44:26.892563,cart
U1908,P0177,2025-12-01 13:44:26.921132,view
U1609,P0419,2026-02-11 13:44:26.922189,wishlist
U0482,P0226,2025-08-29 13:44:26.924100,view
U1514,P0492,2025-04-28 13:44:26.925393,view
U1019,P0217,2025-10-09 13:44:26.926157,wishlist
U1674,P0470,2025-07-09 13:44:26.928233,view
U1089,P0339,2025-08-12 13:44:26.928839,view
U0830,P0083,2025-10-19 13:44:26.934112,view
U1054,P0277,2026-01-20 13:44:26.936120,cart
U1163,P0227,2026-03-18 13:44:26.939392,cart
U0990,P0384,2025-07-12 13:44:26.941643,purchase
U1073,P0081,2026-02-26 13:44:26.942080,view
U1151,P0283,2025-08-17 13:44:26.942396,cart
U0559,P0248,2025-05-13 13:44:26.944344,view
U1349,P0433,2026-01-04 13:44:26.945703,view
U0904,P0034,2025-09-29 13:44:26.948713,cart
U0874,P0392,2025-06-22 13:44:26.949793,purchase
U1924,P0447,2025-10-16 13:44:26.950391,purchase
U0622,P0254,2026-03-10 13:44:26.950782,cart
U0001,P0279,2025-09-14 13:44:26.951230,view
U0439,P0442,2026-02-02 13:44:26.951823,purchase
U0261,P0192,2025-08-24 13:44:26.952202,view
U1477,P0326,2025-10-15 13:44:26.953131,view
U1063,P0225,2026-03-02 13:44:26.955394,view
U1952,P0349,2025-08-14 13:44:26.956142,view
U1579,P0203,2026-02-19 13:44:26.958951,purchase
U0867,P0098,2025-12-24 13:44:26.960121,view
U0764,P0118,2025-06-01 13:44:26.960716,view
U1160,P0436,2025-07-09 13:44:26.961181,view
U1584,P0107,2026-01-05 13:44:26.961527,purchase
U1917,P0477,2025-08-17 13:44:26.961875,view
U1824,P0252,2025-12-24 13:44:26.962140,cart
U0359,P0099,2026-01-09 13:44:26.962422,cart
U0368,P0195,2025-10-28 13:44:26.962665,purchase
U0812,P0085,2025-06-18 13:44:26.963040,view
U0234,P0136,2025-09-20 13:44:26.963367,purchase
U1579,P0460,2025-06-05 13:44:26.963711,view
U0659,P0034,2025-09-16 13:44:26.965142,wishlist
U0130,P0432,2026-02-04 13:44:26.965471,view
U0190,P0462,2025-12-19 13:44:26.965892,purchase
U0078,P0256,2025-08-10 13:44:26.967247,wishlist
U1376,P0463,2025-07-07 13:44:26.967672,view
U0875,P0058,2026-03-19 13:44:26.967988,wishlist
U0810,P0215,2025-11-15 13:44:26.968336,purchase
U0778,P0379,2025-08-27 13:44:26.968556,cart
U0072,P0494,2025-09-28 13:44:26.968822,wishlist
U1059,P0494,2025-11-29 13:44:26.969316,view
U0925,P0299,2026-01-27 13:44:26.969582,view
U0701,P0210,2025-04-20 13:44:26.969812,view
U0562,P0077,2025-05-21 13:44:26.970714,view
U1835,P0428,2025-12-06 13:44:26.971763,view
U0226,P0362,2025-07-15 13:44:26.972135,view
U0234,P0004,2025-04-30 13:44:26.972560,view
U0375,P0494,2025-06-03 13:44:26.973958,view
U0750,P0105,2025-05-26 13:44:26.974439,view
U1789,P0199,2026-01-22 13:44:26.974820,view
U0101,P0248,2025-08-31 13:44:26.975158,view
U1614,P0113,2025-09-10 13:44:26.975579,wishlist
U1419,P0103,2026-03-25 13:44:26.978197,cart
U0343,P0170,2026-03-22 13:44:26.978851,view
U1543,P0067,2025-12-22 13:44:26.982220,view
U0962,P0209,2025-06-22 13:44:26.983224,view
U0908,P0150,2025-06-11 13:44:26.983610,wishlist
U0643,P0290,2025-10-28 13:44:26.984040,cart
U1087,P0245,2025-11-29 13:44:26.984391,view
U1753,P0387,2025-06-24 13:44:26.984706,purchase
U0322,P0055,2026-04-03 13:44:26.985526,purchase
U1227,P0359,2025-06-13 13:44:26.985950,view
U0424,P0136,2026-02-02 13:44:26.986872,view
U1966,P0282,2025-08-30 13:44:26.988112,view
U0880,P0328,2025-07-07 13:44:26.988534,view
U1269,P0217,2026-01-07 13:44:26.989766,purchase
U1756,P0411,2025-11-03 13:44:26.990114,view
U0934,P0111,2026-03-16 13:44:26.990551,view
U1366,P0386,2025-10-23 13:44:26.990900,view
U0334,P0021,2025-12-22 13:44:26.991337,view
U0295,P0229,2025-04-06 13:44:26.991696,view
U0483,P0354,2025-11-29 13:44:26.992266,view
U0177,P0198,2025-11-26 13:44:26.995865,view
U0416,P0228,2025-04-27 13:44:26.997660,wishlist
U0087,P0322,2025-05-29 13:44:26.998140,cart
U0469,P0136,2025-12-06 13:44:26.998640,view
U0743,P0267,2025-04-17 13:44:27.000015,view
U1954,P0002,2026-04-06 13:44:27.001149,cart
U0780,P0318,2025-04-30 13:44:27.001764,cart
U1861,P0302,2025-05-01 13:44:27.002159,wishlist
U1524,P0156,2025-05-29 13:44:27.002809,cart
U0550,P0183,2025-07-30 13:44:27.004354,view
U0663,P0049,2026-03-15 13:44:27.005265,purchase
U1125,P0182,2026-01-14 13:44:27.005630,view
U0849,P0031,2025-07-12 13:44:27.005852,cart
U1059,P0171,2025-10-25 13:44:27.006049,cart
U0382,P0270,2025-06-17 13:44:27.006355,wishlist
U0708,P0368,2025-12-31 13:44:27.006829,view
U1921,P0280,2026-01-22 13:44:27.008188,wishlist
U1512,P0222,2025-10-08 13:44:27.008694,view
U1438,P0338,2025-08-07 13:44:27.008987,cart
U1325,P0457,2025-11-08 13:44:27.009681,purchase
U0848,P0178,2025-09-24 13:44:27.010327,purchase
U0161,P0284,2025-12-25 13:44:27.010695,view
U0164,P0261,2026-01-10 13:44:27.011023,cart
U0968,P0143,2026-01-25 13:44:27.011383,view
U0222,P0301,2025-07-03 13:44:27.011627,view
U1228,P0330,2025-10-04 13:44:27.011881,view
U1439,P0256,2026-01-06 13:44:27.012282,view
U1417,P0147,2026-03-23 13:44:27.012578,cart
U0465,P0184,2025-06-30 13:44:27.012841,view
U0707,P0497,2025-07-17 13:44:27.013162,view
U0549,P0032,2026-02-18 13:44:27.013826,view
U0617,P0445,2025-11-08 13:44:27.014724,view
U0418,P0338,2026-03-27 13:44:27.016035,view
U1673,P0294,2026-04-03 13:44:27.016879,view
U1950,P0079,2025-09-28 13:44:27.017401,view
U1380,P0353,2025-09-25 13:44:27.017689,wishlist
U0235,P0074,2025-10-24 13:44:27.020275,view
U0728,P0257,2026-01-06 13:44:27.021011,view
U1835,P0476,2025-08-07 13:44:27.021610,purchase
U1723,P0421,2025-11-02 13:44:27.022243,view
U1222,P0047,2025-04-16 13:44:27.022661,view
U1534,P0359,2025-04-27 13:44:27.023066,wishlist
U0780,P0080,2025-08-28 13:44:27.023563,view
U0333,P0212,2026-01-21 13:44:27.023970,view
U1151,P0372,2026-01-04 13:44:27.024343,view
U0448,P0446,2025-07-02 13:44:27.024631,view
U0002,P0097,2025-11-06 13:44:27.024916,wishlist
U0956,P0101,2026-01-22 13:44:27.025311,view
U1878,P0026,2025-12-15 13:44:27.025575,view
U1820,P0106,2025-12-22 13:44:27.028908,view
U0431,P0337,2025-04-15 13:44:27.030819,view
U1913,P0173,2026-03-17 13:44:27.031378,purchase
U1342,P0005,2025-11-01 13:44:27.032339,wishlist
U1817,P0105,2026-03-16 13:44:27.032816,view
U0175,P0390,2025-04-11 13:44:27.033239,view
U1299,P0309,2025-05-14 13:44:27.033974,view
U0609,P0442,2026-01-01 13:44:27.034778,view
U0623,P0046,2025-09-26 13:44:27.036847,view
U0361,P0445,2025-09-27 13:44:27.037514,wishlist
U1347,P0377,2026-02-14 13:44:27.037858,view
U0081,P0061,2025-04-27 13:44:27.038233,cart
U1448,P0174,2026-01-09 13:44:27.038791,view
U1362,P0455,2025-05-15 13:44:27.039176,cart
U0733,P0238,2025-05-22 13:44:27.040467,wishlist
U1080,P0202,2025-06-24 13:44:27.041601,cart
U0845,P0090,2026-02-11 13:44:27.043784,view
U0669,P0354,2026-01-14 13:44:27.044690,wishlist
U1221,P0359,2026-02-27 13:44:27.045070,view
U0389,P0329,2026-01-06 13:44:27.045667,view
U1366,P0327,2025-09-15 13:44:27.045997,wishlist
U1166,P0385,2025-12-10 13:44:27.046237,cart
U0075,P0193,2026-04-03 13:44:27.047030,wishlist
U1413,P0091,2025-12-03 13:44:27.047634,view
U0143,P0131,2025-06-30 13:44:27.048096,view
U1050,P0221,2025-07-16 13:44:27.048612,wishlist
U0130,P0336,2025-07-27 13:44:27.048980,purchase
U1696,P0010,2025-07-02 13:44:27.049434,view
U0279,P0283,2026-03-17 13:44:27.055141,view
U1633,P0071,2026-01-29 13:44:27.056405,purchase
U1068,P0267,2026-03-04 13:44:27.056850,cart
U1046,P0040,2026-03-22 13:44:27.057131,cart
U1070,P0115,2025-10-07 13:44:27.057533,view
U0888,P0290,2025-12-09 13:44:27.057818,view
U1092,P0469,2025-09-08 13:44:27.058057,cart
U1469,P0102,2025-09-15 13:44:27.058407,cart
U1008,P0283,2025-05-04 13:44:27.058651,cart
U1028,P0067,2025-09-13 13:44:27.058921,view
U0891,P0085,2025-09-11 13:44:27.059186,view
U1774,P0276,2025-09-20 13:44:27.059624,view
U1925,P0019,2025-08-01 13:44:27.059956,wishlist
U1358,P0148,2026-03-19 13:44:27.060400,view
U0201,P0207,2026-01-13 13:44:27.060727,view
U0841,P0263,2025-08-11 13:44:27.061036,view
U1665,P0041,2025-11-13 13:44:27.061353,purchase
U0425,P0093,2025-08-06 13:44:27.061870,view
U1622,P0397,2026-01-05 13:44:27.062210,cart
U0773,P0201,2025-11-27 13:44:27.062627,view
U0123,P0482,2026-02-27 13:44:27.062971,cart
U1065,P0045,2026-02-02 13:44:27.063300,view
U0140,P0282,2025-08-02 13:44:27.064804,view
U0370,P0397,2025-04-25 13:44:27.065823,view
U1831,P0063,2025-11-24 13:44:27.066397,view
U1478,P0175,2026-01-17 13:44:27.067737,view
U0717,P0484,2025-08-10 13:44:27.068064,view
U1455,P0499,2025-09-10 13:44:27.068939,view
U1117,P0324,2025-08-28 13:44:27.069545,wishlist
U1854,P0140,2025-09-01 13:44:27.069963,cart
U1391,P0415,2025-09-05 13:44:27.070380,view
U1085,P0154,2026-02-22 13:44:27.070845,view
U1961,P0365,2026-02-18 13:44:27.071121,view
U0941,P0122,2025-08-08 13:44:27.071480,view
U1654,P0274,2025-05-27 13:44:27.071774,view
U1312,P0363,2026-01-24 13:44:27.072691,view
U1356,P0261,2025-05-30 13:44:27.074397,view
U1104,P0096,2025-12-09 13:44:27.076052,cart
U1806,P0498,2026-01-08 13:44:27.076557,purchase
U1340,P0046,2026-03-16 13:44:27.076788,purchase
U0936,P0369,2026-03-28 13:44:27.077025,view
U0618,P0475,2025-08-23 13:44:27.077399,view
U1109,P0034,2026-03-03 13:44:27.077661,cart
U0852,P0436,2025-08-03 13:44:27.077900,view
U0023,P0479,2025-04-22 13:44:27.080770,purchase
U0206,P0102,2025-11-03 13:44:27.082658,view
U1056,P0089,2026-02-12 13:44:27.085623,view
U1611,P0073,2025-12-22 13:44:27.087392,view
U1667,P0022,2025-11-25 13:44:27.088222,purchase
U1380,P0250,2025-07-22 13:44:27.089646,cart
U0388,P0358,2025-07-11 13:44:27.091124,view
U1869,P0355,2026-01-17 13:44:27.095548,view
U1829,P0106,2026-03-10 13:44:27.097185,view
U1670,P0350,2026-02-15 13:44:27.097743,cart
U0737,P0336,2026-03-29 13:44:27.098106,view
U0692,P0388,2025-08-23 13:44:27.098613,view
U1917,P0294,2025-10-15 13:44:27.098949,wishlist
U0535,P0370,2026-03-18 13:44:27.099821,view
U0234,P0476,2026-03-15 13:44:27.100266,cart
U1250,P0475,2025-05-01 13:44:27.101004,view
U0330,P0334,2025-10-30 13:44:27.101355,view
U0908,P0086,2025-11-28 13:44:27.101833,view
U0131,P0097,2025-10-03 13:44:27.102182,view
U1246,P0464,2025-11-24 13:44:27.102823,view
U0050,P0479,2026-02-20 13:44:27.103468,cart
U1132,P0082,2025-05-03 13:44:27.107849,view
U0144,P0094,2025-12-16 13:44:27.108297,view
U0401,P0227,2026-03-23 13:44:27.108569,view
U1362,P0194,2025-05-23 13:44:27.108906,view
U1509,P0318,2025-04-22 13:44:27.109153,view
U1979,P0424,2025-09-20 13:44:27.109388,view
U1061,P0136,2025-05-31 13:44:27.109614,view
U1132,P0178,2025-09-22 13:44:27.109955,purchase
U0158,P0223,2025-07-16 13:44:27.110210,wishlist
U0611,P0087,2025-07-01 13:44:27.110449,view
U1126,P0456,2025-04-15 13:44:27.110688,view
U1777,P0014,2025-09-25 13:44:27.111128,view
U1121,P0069,2025-06-18 13:44:27.111428,cart
U0919,P0193,2025-10-05 13:44:27.111698,view
U0446,P0226,2025-06-06 13:44:27.112118,purchase
U0299,P0082,2026-02-24 13:44:27.112413,view
U0942,P0429,2025-08-28 13:44:27.112669,view
U1848,P0188,2025-08-15 13:44:27.113019,view
U1997,P0283,2025-06-30 13:44:27.113248,view
U0722,P0331,2025-05-26 13:44:27.113537,cart
U1195,P0138,2026-03-26 13:44:27.113900,cart
U0627,P0353,2026-02-02 13:44:27.114217,view
U1085,P0115,2025-12-04 13:44:27.114444,cart
U0079,P0002,2026-03-21 13:44:27.114694,view
U1228,P0312,2026-04-01 13:44:27.115012,view
U1817,P0149,2025-10-12 13:44:27.115214,view
U0821,P0240,2026-03-18 13:44:27.115427,view
U1977,P0336,2025-07-20 13:44:27.115616,wishlist
U1387,P0067,2025-12-02 13:44:27.115904,wishlist
U0786,P0170,2026-02-11 13:44:27.116109,view
U1454,P0442,2025-09-25 13:44:27.116411,wishlist
U0432,P0300,2025-08-14 13:44:27.116725,cart
U1264,P0124,2025-10-01 13:44:27.117157,cart
U1203,P0407,2025-10-02 13:44:27.117459,view
U0123,P0122,2025-09-25 13:44:27.117757,purchase
U1378,P0030,2025-05-16 13:44:27.118213,cart
U1137,P0079,2025-08-14 13:44:27.118553,view
U0717,P0243,2025-04-16 13:44:27.121514,purchase
U1246,P0083,2026-03-26 13:44:27.122210,view
U0837,P0284,2025-08-10 13:44:27.122685,view
U1811,P0073,2025-10-08 13:44:27.123065,view
U0524,P0091,2025-09-29 13:44:27.123314,view
U0386,P0359,2025-08-01 13:44:27.125192,view
U1631,P0097,2026-01-18 13:44:27.126383,purchase
U0128,P0133,2025-08-26 13:44:27.127268,wishlist
U0250,P0454,2025-04-21 13:44:27.128456,view
U0186,P0345,2025-11-22 13:44:27.129660,cart
U0591,P0094,2026-02-11 13:44:27.130190,wishlist
U1710,P0096,2025-04-26 13:44:27.130859,wishlist
U0509,P0209,2025-08-06 13:44:27.131929,view
U0066,P0089,2026-04-01 13:44:27.133403,view
U0960,P0483,2025-12-03 13:44:27.134245,view
U1092,P0282,2025-09-14 13:44:27.134842,cart
U0579,P0168,2025-11-13 13:44:27.135172,wishlist
U0328,P0379,2026-03-21 13:44:27.135436,view
U0265,P0175,2025-08-25 13:44:27.135844,cart
U0460,P0332,2025-12-11 13:44:27.136140,view
U0666,P0143,2026-01-19 13:44:27.136440,cart
U0800,P0492,2025-04-21 13:44:27.136916,view
U0891,P0195,2025-05-15 13:44:27.137326,view
U0079,P0400,2026-03-28 13:44:27.137852,view
U1844,P0259,2025-07-06 13:44:27.138267,view
U0288,P0170,2026-01-19 13:44:27.138629,view
U1708,P0187,2025-05-26 13:44:27.139136,wishlist
U0064,P0255,2025-06-30 13:44:27.139486,view
U0271,P0146,2025-11-07 13:44:27.140396,cart
U1744,P0437,2026-02-26 13:44:27.141070,view
U1744,P0025,2026-03-28 13:44:27.142026,purchase
U1270,P0426,2026-03-07 13:44:27.142495,wishlist
U0282,P0036,2025-05-13 13:44:27.144681,view
U1893,P0030,2025-09-13 13:44:27.146032,cart
U1778,P0456,2025-08-06 13:44:27.146390,view
U0669,P0344,2025-10-07 13:44:27.147139,cart
U0555,P0401,2025-12-31 13:44:27.150314,cart
U0259,P0158,2026-03-08 13:44:27.150937,view
U1249,P0447,2025-11-30 13:44:27.151304,view
U0993,P0400,2025-06-16 13:44:27.154545,view
U1492,P0179,2026-02-16 13:44:27.155291,wishlist
U0134,P0017,2025-09-26 13:44:27.155659,view
U1542,P0427,2025-06-09 13:44:27.156051,view
U1351,P0307,2026-04-01 13:44:27.156322,cart
U1341,P0033,2025-12-06 13:44:27.157744,view
U0905,P0171,2025-06-29 13:44:27.158394,view
U0413,P0412,2026-01-07 13:44:27.158802,purchase
U0244,P0052,2025-10-25 13:44:27.159103,view
U1407,P0223,2026-02-22 13:44:27.159480,cart
U1555,P0429,2025-05-29 13:44:27.159949,view
U0440,P0142,2025-05-13 13:44:27.160285,view
U1717,P0249,2026-04-03 13:44:27.161018,view
U1250,P0128,2025-04-17 13:44:27.161440,wishlist
U1159,P0359,2025-12-02 13:44:27.161826,view
U0908,P0080,2025-04-26 13:44:27.162311,purchase
U1037,P0321,2025-05-03 13:44:27.162642,view
U1948,P0391,2025-10-07 13:44:27.163125,purchase
U1882,P0040,2025-05-01 13:44:27.163520,view
U1216,P0380,2025-07-28 13:44:27.163843,view
U0164,P0058,2026-01-02 13:44:27.164344,view
U1451,P0197,2025-06-30 13:44:27.164707,view
U1672,P0286,2025-04-22 13:44:27.165140,view
U0057,P0254,2025-07-11 13:44:27.165534,cart
U0203,P0281,2025-06-20 13:44:27.165854,view
U0932,P0450,2026-03-24 13:44:27.166252,cart
U1385,P0160,2025-04-28 13:44:27.166495,cart
U0727,P0451,2025-07-01 13:44:27.166734,wishlist
U0589,P0160,2025-11-26 13:44:27.167077,wishlist
U0462,P0457,2026-01-01 13:44:27.167367,view
U0673,P0103,2026-01-08 13:44:27.167618,view
U0764,P0206,2025-07-05 13:44:27.168016,purchase
U0182,P0271,2026-03-01 13:44:27.168344,purchase
U0789,P0136,2025-08-12 13:44:27.168671,wishlist
U0009,P0008,2025-09-13 13:44:27.169145,view
U1999,P0431,2025-08-25 13:44:27.169552,view
U1747,P0314,2025-12-10 13:44:27.170002,view
U1003,P0476,2025-05-25 13:44:27.170342,wishlist
U0254,P0188,2026-01-15 13:44:27.170655,purchase
U1929,P0003,2026-02-02 13:44:27.171110,wishlist
U1588,P0109,2025-10-21 13:44:27.171471,wishlist
U0174,P0249,2025-10-20 13:44:27.171776,cart
U1839,P0286,2025-11-08 13:44:27.172187,view
U0462,P0021,2025-07-01 13:44:27.172504,view
U1985,P0408,2025-06-09 13:44:27.172797,cart
U0433,P0167,2025-07-11 13:44:27.173238,cart
U0662,P0056,2025-10-03 13:44:27.175602,cart
U1445,P0249,2025-09-04 13:44:27.176446,view
U1994,P0488,2026-01-16 13:44:27.177118,cart
U1703,P0140,2025-08-24 13:44:27.177410,view
U0164,P0041,2025-07-11 13:44:27.177654,cart
U1812,P0140,2025-12-14 13:44:27.177891,view
U0862,P0129,2025-06-24 13:44:27.178310,cart
U1634,P0362,2025-12-29 13:44:27.178593,cart
U0714,P0060,2025-05-06 13:44:27.178895,cart
U1054,P0101,2025-06-15 13:44:27.179258,view
U1390,P0019,2025-11-05 13:44:27.179510,view
U1796,P0010,2025-04-14 13:44:27.179763,view
U0302,P0243,2025-12-26 13:44:27.180253,view
U0859,P0289,2026-03-16 13:44:27.180508,view
U0089,P0373,2025-12-03 13:44:27.180786,view
U1257,P0370,2026-01-25 13:44:27.181094,view
U0267,P0116,2026-02-24 13:44:27.181335,cart
U0231,P0110,2026-01-30 13:44:27.181556,view
U1068,P0248,2026-01-28 13:44:27.181774,cart
U0030,P0125,2025-08-05 13:44:27.182120,view
U1426,P0414,2025-06-26 13:44:27.182377,view
U1310,P0438,2025-05-28 13:44:27.182647,view
U1391,P0409,2025-11-15 13:44:27.182930,purchase
U1413,P0126,2025-07-05 13:44:27.183292,view
U0189,P0400,2025-09-04 13:44:27.183503,cart
U0542,P0065,2025-04-13 13:44:27.183772,wishlist
U0368,P0013,2025-10-07 13:44:27.184152,view
U0546,P0330,2026-01-24 13:44:27.184377,purchase
U0585,P0387,2025-07-14 13:44:27.184866,cart
U0658,P0413,2025-12-19 13:44:27.185211,view
U1609,P0455,2026-02-26 13:44:27.185482,cart
U1260,P0468,2025-04-16 13:44:27.185714,view
U0909,P0280,2025-10-11 13:44:27.185913,purchase
U1200,P0098,2025-09-19 13:44:27.186205,view
U1222,P0047,2026-01-08 13:44:27.186999,wishlist
U1969,P0253,2025-12-23 13:44:27.187474,view
U0261,P0183,2025-05-19 13:44:27.187763,view
U1709,P0479,2025-11-16 13:44:27.188091,view
U0285,P0010,2026-01-14 13:44:27.188348,purchase
U0119,P0447,2025-05-03 13:44:27.188584,view
U0777,P0297,2025-05-07 13:44:27.188835,cart
U0097,P0188,2025-10-05 13:44:27.190147,view
U1187,P0080,2025-11-09 13:44:27.190603,wishlist
U0864,P0264,2025-05-22 13:44:27.191161,view
U0047,P0248,2025-09-16 13:44:27.192971,view
U0322,P0077,2025-07-20 13:44:27.198438,view
U0245,P0300,2025-05-20 13:44:27.199671,view
U0543,P0070,2025-11-08 13:44:27.200212,view
U0104,P0197,2026-01-20 13:44:27.200557,view
U1119,P0478,2025-09-11 13:44:27.201012,view
U1424,P0400,2025-08-04 13:44:27.201946,wishlist
U1111,P0328,2025-05-12 13:44:27.202496,view
U0080,P0224,2025-11-26 13:44:27.202868,purchase
U1616,P0072,2026-02-28 13:44:27.204212,wishlist
U1086,P0324,2025-12-29 13:44:27.204710,view
U1657,P0234,2025-04-24 13:44:27.205567,view
U1778,P0314,2025-11-13 13:44:27.206042,view
U0926,P0426,2026-02-09 13:44:27.206356,view
U1460,P0205,2025-10-28 13:44:27.206697,view
U1195,P0226,2025-07-29 13:44:27.207141,view
U0305,P0286,2026-02-01 13:44:27.207519,view
U1524,P0282,2026-03-31 13:44:27.207875,cart
U1212,P0338,2025-06-17 13:44:27.208382,view
U1312,P0266,2025-10-05 13:44:27.208831,wishlist
U1250,P0357,2025-06-08 13:44:27.209297,view
U1841,P0214,2026-03-25 13:44:27.209675,view
U0318,P0416,2025-09-21 13:44:27.210018,cart
U0329,P0139,2025-08-05 13:44:27.210778,view
U0135,P0241,2026-01-16 13:44:27.211473,wishlist
U1935,P0326,2026-03-09 13:44:27.211791,view
U1485,P0187,2025-12-17 13:44:27.212800,view
U0308,P0018,2025-07-23 13:44:27.213429,purchase
U0633,P0269,2026-02-25 13:44:27.213899,wishlist
U1233,P0122,2025-10-09 13:44:27.215090,view
U0108,P0086,2025-04-29 13:44:27.215737,view
U0388,P0179,2025-07-25 13:44:27.216153,cart
U1459,P0149,2025-12-14 13:44:27.216725,view
U1913,P0258,2025-04-28 13:44:27.217113,view
U1718,P0315,2025-04-23 13:44:27.217664,view
U1433,P0098,2025-10-12 13:44:27.218036,view
U0348,P0243,2026-01-27 13:44:27.222448,view
U0567,P0423,2025-04-15 13:44:27.223032,view
U0403,P0119,2025-10-03 13:44:27.223890,view
U0112,P0129,2026-02-10 13:44:27.224202,wishlist
U1788,P0137,2025-10-10 13:44:27.224556,view
U1058,P0042,2026-01-17 13:44:27.224768,view
U0585,P0190,2026-03-23 13:44:27.228801,view
U1583,P0329,2026-01-11 13:44:27.229912,view
U0614,P0245,2025-06-21 13:44:27.231109,view
U0088,P0281,2025-04-08 13:44:27.232139,cart
U1496,P0048,2025-07-20 13:44:27.232757,view
U0280,P0402,2025-05-22 13:44:27.233137,cart
U0860,P0301,2026-01-15 13:44:27.233624,view
U0256,P0396,2025-10-09 13:44:27.233965,wishlist
U1408,P0065,2025-05-09 13:44:27.234414,view
U1789,P0148,2026-02-17 13:44:27.234820,purchase
U0106,P0167,2026-01-21 13:44:27.235758,view
U0927,P0430,2025-08-22 13:44:27.236178,view
U1874,P0120,2025-12-08 13:44:27.238406,purchase
U0006,P0406,2025-06-06 13:44:27.238732,cart
U1416,P0489,2025-06-16 13:44:27.239109,purchase
U1771,P0317,2025-04-20 13:44:27.239599,view
U1676,P0056,2025-06-29 13:44:27.240280,purchase
U0378,P0294,2025-10-01 13:44:27.240601,purchase
U1673,P0127,2026-03-23 13:44:27.241600,view
U1261,P0051,2025-06-10 13:44:27.243667,cart
U0803,P0253,2025-05-08 13:44:27.245147,view
U0415,P0500,2025-10-09 13:44:27.245570,wishlist
U0456,P0245,2025-05-22 13:44:27.245858,view
U0553,P0498,2026-02-05 13:44:27.246244,purchase
U0622,P0471,2025-04-18 13:44:27.247228,wishlist
U0150,P0277,2025-07-23 13:44:27.254586,purchase
U0533,P0431,2025-11-10 13:44:27.255399,cart
U1307,P0118,2025-05-04 13:44:27.255858,wishlist
U0799,P0492,2026-02-19 13:44:27.256375,view
U1983,P0148,2025-12-28 13:44:27.256962,view
U0597,P0369,2025-10-31 13:44:27.257352,view
U0887,P0318,2025-11-18 13:44:27.257654,view
U1082,P0081,2025-05-02 13:44:27.258305,view
U1692,P0277,2025-04-09 13:44:27.258772,view
U1623,P0100,2025-11-07 13:44:27.259211,view
U0744,P0078,2026-01-13 13:44:27.259455,cart
U1508,P0358,2025-08-27 13:44:27.259695,view
U0164,P0334,2026-01-09 13:44:27.260071,view
U1499,P0122,2025-04-18 13:44:27.260340,view
U0942,P0208,2025-11-18 13:44:27.260616,purchase
U0593,P0142,2025-12-11 13:44:27.260904,view
U1758,P0374,2026-02-02 13:44:27.261267,view
U1218,P0358,2025-06-18 13:44:27.261553,view
U1794,P0288,2025-07-16 13:44:27.261826,view
U0498,P0054,2025-12-22 13:44:27.262276,view
U0285,P0332,2025-09-11 13:44:27.262640,purchase
U0804,P0010,2025-11-29 13:44:27.263042,wishlist
U1201,P0086,2025-04-15 13:44:27.263513,purchase
U0747,P0226,2025-06-16 13:44:27.263853,view
U0275,P0296,2025-05-05 13:44:27.264158,wishlist
U0817,P0198,2025-06-01 13:44:27.264594,view
U0673,P0059,2025-08-07 13:44:27.264982,cart
U0465,P0371,2025-08-22 13:44:27.265284,view
U1319,P0500,2025-12-23 13:44:27.265742,view
U1266,P0172,2025-09-23 13:44:27.266063,view
U0906,P0093,2025-12-30 13:44:27.266528,view
U1669,P0300,2026-01-11 13:44:27.266917,view
U1017,P0440,2025-10-25 13:44:27.267247,purchase
U1369,P0232,2025-05-19 13:44:27.267718,view
U1740,P0179,2026-03-24 13:44:27.268083,view
U0144,P0200,2026-02-16 13:44:27.268578,view
U1829,P0214,2026-04-05 13:44:27.268980,purchase
U1624,P0359,2025-08-17 13:44:27.269466,view
U1161,P0025,2025-07-09 13:44:27.269807,view
U1358,P0095,2025-08-14 13:44:27.270125,view
U0018,P0132,2025-06-25 13:44:27.270586,view
U1332,P0078,2025-10-19 13:44:27.274143,purchase
U0647,P0018,2025-04-15 13:44:27.274564,cart
U1356,P0490,2026-02-14 13:44:27.274842,purchase
U0260,P0218,2025-09-05 13:44:27.275275,view
U1216,P0013,2026-04-02 13:44:27.275573,cart
U0484,P0151,2026-03-22 13:44:27.275889,view
U0174,P0060,2025-07-04 13:44:27.276279,cart
U0802,P0253,2025-08-15 13:44:27.276547,view
U1009,P0393,2025-08-19 13:44:27.276777,view
U1644,P0028,2025-09-15 13:44:27.276979,view
U0589,P0261,2025-11-04 13:44:27.277270,view
U1766,P0482,2025-11-20 13:44:27.277522,view
U1087,P0314,2025-11-20 13:44:27.277731,wishlist
U1062,P0245,2026-04-01 13:44:27.278021,purchase
U0603,P0173,2025-04-24 13:44:27.278412,view
U1873,P0299,2026-01-13 13:44:27.278744,view
U1674,P0245,2025-04-21 13:44:27.279051,cart
U1896,P0162,2026-01-25 13:44:27.279477,wishlist
U1570,P0195,2025-12-09 13:44:27.279836,wishlist
U0381,P0208,2025-05-08 13:44:27.280143,view
U1096,P0436,2026-02-14 13:44:27.280573,purchase
U1522,P0265,2025-06-14 13:44:27.280992,view
U0455,P0363,2025-10-29 13:44:27.281321,purchase
U0530,P0166,2026-02-14 13:44:27.281744,cart
U1923,P0172,2026-01-02 13:44:27.282058,purchase
U1256,P0245,2026-03-08 13:44:27.282326,view
U0239,P0013,2025-06-20 13:44:27.282698,view
U0988,P0236,2025-11-15 13:44:27.282985,view
U0711,P0041,2025-06-20 13:44:27.283302,view
U1001,P0319,2025-11-03 13:44:27.284032,view
U1452,P0174,2026-03-09 13:44:27.286721,view
U1575,P0419,2025-04-13 13:44:27.288050,view
U1896,P0499,2025-09-21 13:44:27.288579,purchase
U1929,P0418,2025-07-30 13:44:27.288836,view
U1526,P0480,2025-11-03 13:44:27.289149,cart
U0853,P0051,2025-05-03 13:44:27.289398,view
U1011,P0320,2025-06-04 13:44:27.289623,purchase
U1202,P0473,2026-03-21 13:44:27.289836,view
U0831,P0320,2026-04-05 13:44:27.290217,view
U1578,P0096,2026-03-23 13:44:27.291190,view
U0228,P0436,2025-07-03 13:44:27.291871,view
U1099,P0025,2025-11-03 13:44:27.292135,view
U1409,P0244,2025-12-04 13:44:27.292487,view
U1007,P0398,2025-04-22 13:44:27.292708,view
U1469,P0045,2025-11-26 13:44:27.292913,view
U1813,P0003,2025-12-13 13:44:27.293187,view
U1172,P0175,2025-08-20 13:44:27.297511,cart
U1644,P0272,2025-04-12 13:44:27.298869,view
U0458,P0113,2025-08-02 13:44:27.299418,cart
U0661,P0139,2025-04-12 13:44:27.299732,view
U1841,P0141,2025-07-06 13:44:27.299972,purchase
U1842,P0432,2026-01-08 13:44:27.300332,view
U0052,P0375,2025-11-11 13:44:27.300657,view
U0120,P0018,2025-09-15 13:44:27.300963,cart
U0693,P0449,2025-10-22 13:44:27.301286,purchase
U0746,P0138,2025-08-02 13:44:27.301798,cart
U1566,P0167,2025-06-28 13:44:27.302448,view
U1150,P0078,2025-08-14 13:44:27.305665,cart
U0067,P0096,2026-03-22 13:44:27.306762,wishlist
U0183,P0488,2025-06-16 13:44:27.307403,view
U1226,P0090,2025-12-13 13:44:27.307669,purchase
U0959,P0039,2025-09-16 13:44:27.307938,view
U0774,P0267,2026-03-07 13:44:27.308219,cart
U0137,P0135,2025-10-29 13:44:27.308634,wishlist
U1512,P0085,2025-12-08 13:44:27.309015,cart
U0342,P0442,2025-07-22 13:44:27.309302,cart
U1240,P0012,2025-08-29 13:44:27.309711,purchase
U1539,P0159,2025-07-16 13:44:27.309986,cart
U1372,P0384,2026-01-05 13:44:27.310584,view
U1452,P0170,2026-01-23 13:44:27.310976,view
U0027,P0324,2026-03-30 13:44:27.311508,view
U0808,P0202,2025-04-24 13:44:27.311848,purchase
U1384,P0341,2025-04-06 13:44:27.312136,view
U0299,P0051,2026-03-21 13:44:27.312545,view
U0178,P0378,2025-11-19 13:44:27.312886,wishlist
U0158,P0046,2025-11-02 13:44:27.313199,purchase
U1445,P0128,2026-03-04 13:44:27.313620,wishlist
U1299,P0326,2025-12-24 13:44:27.313960,view
U0035,P0013,2026-01-20 13:44:27.314270,view
U0340,P0139,2025-08-11 13:44:27.314718,view
U0699,P0319,2026-03-07 13:44:27.315895,view
U0728,P0465,2025-07-20 13:44:27.316251,view
U0077,P0259,2025-11-15 13:44:27.316652,view
U0748,P0037,2025-11-23 13:44:27.316939,wishlist
U0790,P0237,2025-09-26 13:44:27.317138,view
U1495,P0291,2025-07-02 13:44:27.317413,view
U0826,P0247,2025-11-28 13:44:27.317638,purchase
U1349,P0269,2025-04-30 13:44:27.317843,view
U1544,P0484,2025-09-19 13:44:27.318116,view
U0080,P0301,2025-06-14 13:44:27.318515,cart
U1474,P0475,2025-04-18 13:44:27.325984,purchase
U0973,P0087,2026-01-21 13:44:27.326724,view
U0623,P0241,2026-02-07 13:44:27.327055,view
U1813,P0383,2026-02-18 13:44:27.327301,wishlist
U0220,P0301,2025-05-25 13:44:27.327648,view
U1677,P0026,2025-12-15 13:44:27.327922,view
U1060,P0463,2025-09-01 13:44:27.328279,cart
U0109,P0367,2026-02-17 13:44:27.328567,view
U0176,P0327,2026-01-02 13:44:27.329014,view
U1607,P0486,2025-12-22 13:44:27.329303,cart
U1102,P0282,2025-10-18 13:44:27.329591,view
U0309,P0216,2026-03-02 13:44:27.330097,purchase
U1108,P0363,2025-12-04 13:44:27.330479,purchase
U0272,P0069,2025-05-23 13:44:27.331071,view
U1954,P0142,2025-11-02 13:44:27.332260,view
U1520,P0488,2025-10-10 13:44:27.334340,view
U0825,P0287,2026-03-05 13:44:27.335294,wishlist
U0499,P0005,2025-09-09 13:44:27.337003,cart
U1259,P0179,2025-11-08 13:44:27.337413,view
U0575,P0270,2026-03-02 13:44:27.337766,view
U1108,P0068,2025-12-26 13:44:27.338105,view
U0297,P0195,2025-10-15 13:44:27.338411,view
U0326,P0014,2025-08-24 13:44:27.338723,view
U0904,P0086,2026-04-06 13:44:27.341192,wishlist
U0088,P0478,2026-01-30 13:44:27.341763,view
U0321,P0110,2025-11-26 13:44:27.342123,cart
U1154,P0074,2025-11-08 13:44:27.342431,view
U0127,P0375,2026-01-22 13:44:27.343125,cart
U1669,P0025,2025-07-15 13:44:27.344095,purchase
U1234,P0036,2025-07-02 13:44:27.344428,wishlist
U0349,P0378,2025-04-09 13:44:27.344842,view
U1515,P0060,2025-06-26 13:44:27.345076,purchase
U1016,P0274,2025-05-21 13:44:27.346479,cart
U0400,P0240,2026-03-22 13:44:27.347606,view
U1338,P0012,2025-05-13 13:44:27.351276,cart
U0174,P0211,2025-12-17 13:44:27.351722,purchase
U1482,P0029,2025-05-25 13:44:27.352167,cart
U0802,P0176,2025-09-07 13:44:27.352803,view
U0914,P0053,2026-02-09 13:44:27.353595,purchase
U0466,P0395,2025-04-26 13:44:27.354273,view
U0203,P0091,2026-01-10 13:44:27.355122,view
U1616,P0111,2025-09-23 13:44:27.355453,purchase
U0598,P0180,2026-01-30 13:44:27.355816,view
U1901,P0433,2025-06-26 13:44:27.356214,view
U0440,P0003,2026-03-24 13:44:27.356555,cart
U0323,P0405,2026-03-02 13:44:27.356890,cart
U1337,P0236,2025-12-20 13:44:27.357399,view
U1992,P0224,2025-09-12 13:44:27.357762,view
U0459,P0303,2025-06-08 13:44:27.358874,view
U0443,P0298,2025-05-11 13:44:27.359307,view
U0745,P0282,2025-12-03 13:44:27.359582,cart
U0145,P0014,2025-04-24 13:44:27.360623,purchase
U0897,P0097,2025-07-10 13:44:27.361423,cart
U0561,P0162,2025-09-24 13:44:27.361748,wishlist
U0581,P0063,2026-01-30 13:44:27.362031,view
U1557,P0319,2025-09-20 13:44:27.362428,purchase
U1529,P0472,2025-06-30 13:44:27.362693,view
U1590,P0025,2026-01-09 13:44:27.362971,cart
U0851,P0418,2025-06-14 13:44:27.363638,view
U0666,P0299,2026-04-05 13:44:27.364055,view
U0927,P0062,2026-02-01 13:44:27.364550,purchase
U0312,P0090,2025-09-01 13:44:27.364910,view
U0304,P0350,2025-12-29 13:44:27.365457,view
U0926,P0131,2025-09-01 13:44:27.365807,cart
U1454,P0477,2025-12-08 13:44:27.366157,view
U0313,P0040,2025-06-14 13:44:27.366414,cart
U0748,P0347,2026-03-06 13:44:27.366653,view
U0664,P0179,2026-03-04 13:44:27.366978,wishlist
U1849,P0356,2025-09-04 13:44:27.367643,purchase
U0744,P0466,2025-04-06 13:44:27.369459,cart
U1638,P0169,2025-12-30 13:44:27.370388,view
U1014,P0011,2025-09-17 13:44:27.370980,view
U0258,P0499,2025-05-22 13:44:27.371286,cart
U0989,P0100,2025-09-13 13:44:27.371563,cart
U0259,P0143,2025-07-09 13:44:27.371961,view
U1449,P0112,2026-01-16 13:44:27.372268,cart
U1453,P0250,2025-08-09 13:44:27.372704,wishlist
U1298,P0034,2025-10-13 13:44:27.373548,view
U1593,P0022,2026-04-02 13:44:27.375182,view
U1520,P0325,2025-06-18 13:44:27.375510,cart
U1164,P0102,2025-11-19 13:44:27.375843,view
U1880,P0273,2025-10-18 13:44:27.376244,purchase
U1181,P0124,2025-08-27 13:44:27.377031,wishlist
U0062,P0456,2026-01-29 13:44:27.377883,purchase
U0425,P0473,2025-05-15 13:44:27.378319,cart
U1284,P0195,2025-11-12 13:44:27.378831,view
U0576,P0423,2025-12-13 13:44:27.379161,view
U0624,P0500,2025-09-13 13:44:27.380299,wishlist
U1531,P0156,2025-04-10 13:44:27.382370,cart
U0535,P0423,2025-12-11 13:44:27.382891,view
U0081,P0120,2025-06-08 13:44:27.383504,view
U0564,P0248,2025-08-20 13:44:27.386803,cart
U0562,P0211,2025-05-30 13:44:27.388244,cart
U1092,P0185,2025-06-28 13:44:27.388949,cart
U1476,P0258,2025-05-30 13:44:27.389357,view
U0872,P0220,2026-03-09 13:44:27.390118,cart
U0061,P0083,2026-01-05 13:44:27.390957,cart
U0871,P0192,2025-12-04 13:44:27.392258,view
U1886,P0175,2025-08-13 13:44:27.396968,cart
U0074,P0091,2025-08-28 13:44:27.397615,view
U1912,P0146,2025-07-17 13:44:27.397871,view
U1963,P0241,2025-05-23 13:44:27.398126,view
U1071,P0398,2026-03-30 13:44:27.398554,cart
U0322,P0367,2025-08-09 13:44:27.398887,view
U0038,P0279,2025-06-16 13:44:27.399177,view
U1289,P0391,2025-05-13 13:44:27.399690,cart
U1790,P0056,2025-08-05 13:44:27.400049,view
U0859,P0119,2025-04-26 13:44:27.400986,view
U1982,P0193,2025-09-13 13:44:27.401944,wishlist
U1165,P0300,2025-10-19 13:44:27.402892,cart
U1456,P0426,2025-12-23 13:44:27.403366,wishlist
U1948,P0285,2025-12-09 13:44:27.404394,view
U1376,P0211,2026-02-26 13:44:27.404736,view
U0086,P0453,2025-07-16 13:44:27.405023,view
U1903,P0118,2025-09-04 13:44:27.405551,cart
U0804,P0162,2025-12-13 13:44:27.405875,view
U0548,P0166,2025-07-07 13:44:27.406174,view
U0267,P0118,2025-07-26 13:44:27.406633,view
U1077,P0485,2026-03-05 13:44:27.406941,view
U0189,P0184,2025-06-05 13:44:27.407899,view
U0562,P0126,2025-05-02 13:44:27.408331,wishlist
U0283,P0140,2025-11-11 13:44:27.408855,cart
U1516,P0031,2025-07-03 13:44:27.409216,purchase
U1466,P0247,2025-10-05 13:44:27.409737,view
U0657,P0147,2025-12-22 13:44:27.410089,view
U0717,P0125,2026-01-11 13:44:27.410426,view
U0022,P0338,2026-04-05 13:44:27.410903,cart
U1611,P0396,2025-05-18 13:44:27.411437,wishlist
U0941,P0151,2025-04-08 13:44:27.411964,view
U1768,P0218,2025-04-24 13:44:27.412244,view
U1487,P0039,2025-07-25 13:44:27.412613,view
U0507,P0395,2025-07-24 13:44:27.412895,purchase
U1915,P0050,2026-01-26 13:44:27.413177,wishlist
U0932,P0383,2025-04-28 13:44:27.414593,view
U1376,P0400,2026-01-23 13:44:27.417109,view
U0801,P0338,2025-12-22 13:44:27.417744,view
U1886,P0041,2025-11-12 13:44:27.418298,view
U1261,P0074,2025-11-17 13:44:27.419513,purchase
U0226,P0062,2025-04-14 13:44:27.420311,cart
U1636,P0394,2025-08-12 13:44:27.421004,view
U0441,P0296,2025-10-25 13:44:27.421444,view
U0411,P0398,2025-07-16 13:44:27.422084,view
U1481,P0342,2026-03-23 13:44:27.422486,wishlist
U0939,P0288,2025-05-09 13:44:27.423029,view
U1177,P0296,2025-05-09 13:44:27.423354,cart
U1988,P0208,2025-09-29 13:44:27.423809,purchase
U0337,P0156,2025-04-23 13:44:27.424248,cart
U0921,P0467,2025-11-18 13:44:27.424682,view
U1729,P0122,2026-02-13 13:44:27.424969,purchase
U0682,P0121,2026-02-22 13:44:27.425211,view
U1225,P0313,2026-03-07 13:44:27.425577,purchase
U1311,P0081,2026-01-20 13:44:27.425819,view
U1102,P0100,2025-05-24 13:44:27.426052,view
U1655,P0495,2026-03-25 13:44:27.426416,cart
U1170,P0111,2025-09-21 13:44:27.426673,wishlist
U0393,P0334,2025-05-14 13:44:27.426905,view
U1756,P0259,2026-01-28 13:44:27.427227,view
U1124,P0064,2025-04-11 13:44:27.428033,cart
U0539,P0217,2025-08-18 13:44:27.428426,view
U0040,P0244,2025-10-23 13:44:27.429854,view
U0131,P0158,2026-03-26 13:44:27.431501,view
U0200,P0213,2025-04-08 13:44:27.431876,cart
U1974,P0292,2025-10-16 13:44:27.432872,cart
U0427,P0396,2025-12-22 13:44:27.433463,cart
U0683,P0241,2025-10-17 13:44:27.433855,cart
U1864,P0194,2026-01-13 13:44:27.434459,purchase
U1096,P0260,2026-02-09 13:44:27.434715,view
U1522,P0307,2025-11-01 13:44:27.435315,view
U0270,P0153,2025-04-26 13:44:27.435739,purchase
U0877,P0178,2026-03-24 13:44:27.436244,view
U0280,P0408,2025-07-22 13:44:27.436639,view
U1614,P0246,2025-08-12 13:44:27.440872,view
U0693,P0256,2025-08-09 13:44:27.441352,view
U1488,P0255,2025-07-31 13:44:27.441637,view
U1989,P0301,2025-05-17 13:44:27.442345,view
U0017,P0078,2025-11-04 13:44:27.442998,view
U1669,P0004,2025-12-29 13:44:27.443313,view
U1231,P0030,2025-12-21 13:44:27.443803,view
U0339,P0259,2025-12-24 13:44:27.444120,view
U1666,P0308,2025-07-23 13:44:27.444519,view
U0752,P0251,2026-01-20 13:44:27.444886,view
U0061,P0481,2026-01-23 13:44:27.445203,view
U0832,P0388,2025-08-31 13:44:27.445584,view
U0141,P0041,2025-12-06 13:44:27.445823,view
U1031,P0186,2025-07-10 13:44:27.446067,cart
U0191,P0211,2025-04-18 13:44:27.446329,view
U1071,P0058,2025-09-16 13:44:27.446729,view
U0652,P0265,2026-02-09 13:44:27.447045,cart
U0339,P0486,2025-06-07 13:44:27.447307,wishlist
U0062,P0397,2026-04-05 13:44:27.447666,cart
U0772,P0464,2025-12-02 13:44:27.447965,view
U1260,P0269,2026-02-06 13:44:27.448245,view
U0672,P0193,2025-12-20 13:44:27.448648,view
U0149,P0182,2025-10-28 13:44:27.448984,view
U1304,P0417,2025-04-06 13:44:27.449272,view
U0061,P0286,2025-09-29 13:44:27.449653,cart
U0153,P0302,2025-05-22 13:44:27.449954,view
U0158,P0013,2026-01-10 13:44:27.450292,view
U1787,P0012,2026-02-14 13:44:27.450753,view
U0084,P0028,2026-04-02 13:44:27.451138,purchase
U0777,P0376,2025-11-03 13:44:27.451494,view
U0299,P0126,2025-07-10 13:44:27.451970,cart
U0324,P0395,2026-03-16 13:44:27.452352,purchase
U1257,P0444,2025-11-29 13:44:27.452858,view
U1924,P0185,2025-08-31 13:44:27.453191,cart
U0892,P0494,2026-03-28 13:44:27.453528,view
U1259,P0500,2025-04-12 13:44:27.454014,view
U0344,P0277,2025-11-17 13:44:27.454368,cart
U0873,P0362,2025-05-17 13:44:27.454905,cart
U1467,P0350,2025-05-29 13:44:27.455250,view
U0803,P0035,2025-06-19 13:44:27.455585,view
U0183,P0318,2025-10-20 13:44:27.456037,purchase
U1890,P0314,2025-07-20 13:44:27.456311,cart
U1883,P0200,2025-10-16 13:44:27.456695,view
U0898,P0481,2026-03-25 13:44:27.463247,purchase
U0096,P0278,2025-08-05 13:44:27.465852,view
U1055,P0227,2025-05-09 13:44:27.466247,view
U0533,P0033,2026-03-05 13:44:27.466577,view
U1550,P0253,2026-02-07 13:44:27.466857,view
U0689,P0055,2025-12-11 13:44:27.467421,view
U0546,P0062,2026-02-16 13:44:27.468001,view
U0063,P0326,2026-01-01 13:44:27.468399,view
U0925,P0229,2025-08-07 13:44:27.468926,cart
U0276,P0488,2025-09-06 13:44:27.469361,view
U1047,P0266,2026-04-03 13:44:27.469693,view
U0905,P0271,2025-09-03 13:44:27.470159,view
U1228,P0179,2026-01-11 13:44:27.470490,view
U0562,P0269,2026-03-23 13:44:27.470953,wishlist
U1841,P0108,2025-11-11 13:44:27.471358,purchase
U1159,P0163,2025-06-28 13:44:27.471735,purchase
U1158,P0264,2025-06-13 13:44:27.472212,view
U1721,P0154,2025-07-28 13:44:27.472533,view
U0018,P0368,2025-11-24 13:44:27.473626,view
U1365,P0202,2025-04-16 13:44:27.474302,view
U1903,P0424,2026-03-10 13:44:27.474891,cart
U1113,P0481,2025-11-19 13:44:27.475365,wishlist
U0358,P0386,2025-04-08 13:44:27.477383,view
U0449,P0002,2026-03-27 13:44:27.478551,cart
U1300,P0377,2026-03-23 13:44:27.479228,view
U1820,P0047,2026-03-11 13:44:27.479906,view
U0083,P0283,2025-10-17 13:44:27.481954,purchase
U1925,P0437,2026-02-04 13:44:27.482384,cart
U0955,P0301,2026-02-12 13:44:27.482742,cart
U1070,P0123,2025-06-04 13:44:27.483090,cart
U1233,P0074,2025-06-29 13:44:27.484942,view
U0227,P0006,2025-08-23 13:44:27.485976,purchase
U0473,P0320,2025-10-05 13:44:27.486309,cart
U1323,P0378,2025-06-22 13:44:27.486692,view
U1049,P0329,2025-12-11 13:44:27.487003,cart
U1538,P0327,2025-08-30 13:44:27.487292,view
U0696,P0462,2025-11-03 13:44:27.487955,view
U0784,P0079,2025-10-07 13:44:27.488955,view
U0440,P0387,2025-06-14 13:44:27.489268,cart
U0976,P0113,2025-05-28 13:44:27.489954,cart
U0059,P0112,2025-12-26 13:44:27.491669,wishlist
U1732,P0147,2026-02-23 13:44:27.492020,wishlist
U1609,P0370,2025-09-24 13:44:27.492703,wishlist
U1174,P0373,2026-02-12 13:44:27.493020,view
U1014,P0040,2026-03-21 13:44:27.493377,view
U1428,P0228,2026-03-05 13:44:27.494425,view
U0200,P0008,2025-12-20 13:44:27.494826,view
U1731,P0421,2026-02-21 13:44:27.495187,view
U1846,P0434,2025-11-04 13:44:27.495387,wishlist
U1270,P0424,2026-02-22 13:44:27.495577,view
U1522,P0328,2025-08-09 13:44:27.495892,cart
U1121,P0493,2025-07-14 13:44:27.496168,view
U0673,P0343,2025-10-07 13:44:27.496488,view
U1956,P0127,2025-11-10 13:44:27.496847,purchase
U0608,P0391,2025-07-15 13:44:27.497379,view
U1461,P0390,2025-10-27 13:44:27.497751,view
U0092,P0405,2025-07-12 13:44:27.498306,purchase
U1062,P0153,2025-12-03 13:44:27.499178,cart
U1429,P0020,2025-06-18 13:44:27.499686,view
U0632,P0470,2025-05-04 13:44:27.499920,wishlist
U1090,P0145,2025-11-09 13:44:27.500131,cart
U1826,P0274,2026-03-23 13:44:27.500423,cart
U1503,P0292,2026-01-18 13:44:27.500645,purchase
U0826,P0320,2025-06-28 13:44:27.501316,view
U1424,P0494,2025-07-23 13:44:27.501921,view
U0635,P0455,2025-12-01 13:44:27.502435,purchase
U0488,P0036,2025-07-25 13:44:27.502750,view
U1947,P0432,2026-01-07 13:44:27.503160,view
U1927,P0451,2025-07-08 13:44:27.503454,wishlist
U1641,P0303,2026-04-01 13:44:27.503737,view
U0023,P0337,2025-12-20 13:44:27.504624,view
U1930,P0329,2025-07-21 13:44:27.505483,view
U0961,P0461,2026-01-05 13:44:27.506219,view
U1900,P0230,2025-09-21 13:44:27.506790,purchase
U1505,P0288,2025-09-14 13:44:27.507110,wishlist
U0784,P0485,2025-09-14 13:44:27.507486,view
U0670,P0442,2025-07-24 13:44:27.507738,cart
U0212,P0107,2025-07-12 13:44:27.508000,view
U0910,P0242,2025-07-11 13:44:27.508348,view
U1138,P0334,2025-10-22 13:44:27.508843,view
U0956,P0052,2025-10-23 13:44:27.509747,cart
U1228,P0215,2026-02-24 13:44:27.510708,cart
U1563,P0010,2025-12-24 13:44:27.511132,view
U0260,P0124,2026-03-21 13:44:27.511540,cart
U1761,P0424,2026-01-20 13:44:27.511794,view
U1725,P0290,2025-07-17 13:44:27.512031,cart
U0361,P0451,2025-07-13 13:44:27.512251,cart
U0435,P0405,2025-08-18 13:44:27.512616,view
U1774,P0135,2025-07-15 13:44:27.512874,cart
U1187,P0413,2026-03-28 13:44:27.513267,view
U1243,P0424,2025-08-14 13:44:27.513786,cart
U1115,P0460,2025-08-02 13:44:27.514024,cart
U1069,P0498,2026-03-06 13:44:27.514245,view
U0689,P0309,2025-10-16 13:44:27.514564,cart
U0520,P0443,2025-08-20 13:44:27.515200,purchase
U0263,P0267,2026-01-25 13:44:27.515669,view
U1431,P0005,2026-01-08 13:44:27.515939,view
U0883,P0217,2026-01-05 13:44:27.516172,cart
U1987,P0047,2025-12-23 13:44:27.516489,view
U1906,P0482,2025-11-21 13:44:27.517030,view
U1743,P0405,2025-04-09 13:44:27.517833,view
U1290,P0417,2025-08-04 13:44:27.518355,view
U0327,P0180,2025-08-30 13:44:27.518682,cart
U1820,P0118,2025-09-14 13:44:27.518975,cart
U1834,P0491,2026-02-28 13:44:27.520659,view
U1113,P0463,2026-01-19 13:44:27.522293,cart
U0148,P0342,2025-12-21 13:44:27.523170,view
U0226,P0347,2026-02-01 13:44:27.543703,view
U1056,P0198,2025-08-09 13:44:27.544122,view
U0408,P0322,2026-01-11 13:44:27.544366,purchase
U1073,P0230,2025-12-09 13:44:27.544733,view
U1698,P0180,2025-12-18 13:44:27.544947,cart
U0201,P0383,2025-07-11 13:44:27.547731,cart
U1374,P0173,2026-04-03 13:44:27.549472,view
U0700,P0414,2025-07-08 13:44:27.550836,wishlist
U0389,P0138,2026-03-05 13:44:27.552426,purchase
U1989,P0245,2025-09-25 13:44:27.553412,view
U1116,P0340,2025-10-03 13:44:27.553869,cart
U1977,P0464,2026-02-07 13:44:27.555773,purchase
U1285,P0198,2025-10-09 13:44:27.556132,cart
U1649,P0209,2026-02-13 13:44:27.556481,view
U1461,P0024,2026-02-16 13:44:27.557194,view
U0260,P0272,2026-02-09 13:44:27.557514,view
U0616,P0287,2025-11-17 13:44:27.557867,cart
U0351,P0152,2026-02-07 13:44:27.558168,view
U0047,P0031,2025-11-20 13:44:27.558446,cart
U0606,P0496,2025-09-02 13:44:27.558775,cart
U1218,P0251,2025-07-20 13:44:27.559516,view
U1032,P0143,2026-03-16 13:44:27.560294,view
U0932,P0392,2026-02-24 13:44:27.560983,cart
U1493,P0032,2025-12-29 13:44:27.562383,view
U0966,P0322,2025-04-24 13:44:27.562792,view
U0209,P0070,2025-09-13 13:44:27.563123,view
U1338,P0321,2025-04-23 13:44:27.563464,view
U1219,P0286,2025-05-28 13:44:27.563701,wishlist
U0298,P0101,2025-12-10 13:44:27.563955,view
U1236,P0061,2026-03-08 13:44:27.564327,cart
U0450,P0148,2025-05-06 13:44:27.564636,cart
U0832,P0406,2026-02-24 13:44:27.564940,view
U0273,P0381,2025-08-20 13:44:27.566256,purchase
U1974,P0443,2025-08-25 13:44:27.566769,wishlist
U0879,P0418,2025-09-12 13:44:27.567194,view
U0150,P0089,2025-09-18 13:44:27.567464,view
U0830,P0246,2025-12-18 13:44:27.567832,view
U1151,P0038,2025-08-16 13:44:27.568364,view
U0902,P0380,2025-12-11 13:44:27.568725,view
U1850,P0403,2025-08-02 13:44:27.569018,view
U0436,P0282,2025-11-16 13:44:27.569297,purchase
U0459,P0273,2026-02-08 13:44:27.569566,view
U0212,P0111,2025-06-09 13:44:27.569976,cart
U0222,P0379,2025-11-22 13:44:27.570287,cart
U1815,P0085,2025-06-09 13:44:27.570532,view
U1551,P0083,2025-10-21 13:44:27.570885,view
U1942,P0135,2025-10-24 13:44:27.571252,view
U0397,P0176,2025-10-20 13:44:27.571518,view
U1838,P0004,2025-09-02 13:44:27.572066,wishlist
U0293,P0130,2025-10-20 13:44:27.572379,cart
U0178,P0161,2025-12-18 13:44:27.572611,cart
U0573,P0239,2025-05-23 13:44:27.572943,view
U1074,P0249,2025-04-28 13:44:27.573188,view
U0889,P0393,2025-10-19 13:44:27.573414,view
U0027,P0356,2026-03-23 13:44:27.573741,view
U0038,P0461,2025-10-26 13:44:27.573952,view
U0710,P0038,2025-09-13 13:44:27.574154,view
U1405,P0149,2025-10-21 13:44:27.574391,view
U1027,P0284,2025-10-30 13:44:27.574949,wishlist
U1308,P0056,2025-11-11 13:44:27.575209,purchase
U1053,P0098,2026-01-15 13:44:27.575396,cart
U0731,P0129,2025-06-29 13:44:27.575582,view
U0144,P0232,2026-03-26 13:44:27.578173,cart
U1993,P0259,2026-02-18 13:44:27.578809,view
U0972,P0278,2025-09-16 13:44:27.579276,view
U1398,P0309,2026-01-13 13:44:27.579676,purchase
U1802,P0239,2025-10-16 13:44:27.580938,view
U1728,P0356,2025-11-27 13:44:27.582367,wishlist
U0220,P0120,2025-07-14 13:44:27.582991,view
U1967,P0087,2025-05-16 13:44:27.583426,wishlist
U1188,P0382,2025-06-16 13:44:27.583702,view
U0623,P0154,2026-03-18 13:44:27.583989,view
U1388,P0358,2025-04-14 13:44:27.584447,purchase
U1433,P0391,2026-03-09 13:44:27.584820,view
U1255,P0481,2025-04-30 13:44:27.585214,view
U0635,P0401,2026-02-26 13:44:27.585546,view
U0147,P0338,2025-04-29 13:44:27.585992,view
U1914,P0043,2026-01-14 13:44:27.586299,cart
U1792,P0411,2026-02-24 13:44:27.589043,wishlist
U0736,P0235,2026-01-26 13:44:27.590119,wishlist
U0605,P0405,2025-11-05 13:44:27.590670,view
U0933,P0057,2025-09-19 13:44:27.590923,cart
U0118,P0389,2025-10-30 13:44:27.591132,view
U0236,P0039,2025-04-19 13:44:27.591438,view
U1300,P0240,2025-12-03 13:44:27.591659,cart
U1583,P0474,2026-01-29 13:44:27.591879,cart
U1434,P0043,2025-10-12 13:44:27.592441,view
U1059,P0106,2025-04-22 13:44:27.592737,view
U0705,P0466,2025-07-24 13:44:27.592967,view
U1399,P0015,2026-03-25 13:44:27.593190,view
U1322,P0057,2025-05-20 13:44:27.593502,view
U0388,P0208,2025-11-21 13:44:27.593737,view
U1231,P0214,2025-12-03 13:44:27.594274,cart
U1089,P0332,2025-11-16 13:44:27.594648,cart
U1726,P0088,2025-05-15 13:44:27.594872,view
U0632,P0293,2025-09-10 13:44:27.595102,view
U1530,P0359,2026-02-05 13:44:27.595595,cart
U0318,P0072,2025-07-19 13:44:27.597548,view
U0675,P0329,2026-02-22 13:44:27.597832,wishlist
U1449,P0041,2026-03-11 13:44:27.598113,view
U0291,P0076,2025-11-15 13:44:27.598479,view
U1191,P0056,2026-02-09 13:44:27.598818,view
U0396,P0478,2025-05-25 13:44:27.599098,view
U0771,P0313,2025-06-30 13:44:27.599364,view
U0940,P0130,2026-03-02 13:44:27.600131,view
U0023,P0057,2025-10-17 13:44:27.601041,view
U1555,P0057,2026-01-29 13:44:27.601847,cart
U0297,P0114,2025-07-30 13:44:27.602323,view
U1105,P0077,2025-11-09 13:44:27.603028,view
U0978,P0213,2025-10-28 13:44:27.603524,view
U0072,P0432,2025-05-10 13:44:27.604094,view
U0850,P0144,2025-06-25 13:44:27.605565,cart
U1890,P0297,2025-10-22 13:44:27.606834,wishlist
U1608,P0170,2026-01-20 13:44:27.607782,view
U1432,P0212,2025-05-03 13:44:27.608314,view
U0277,P0158,2025-08-13 13:44:27.608923,cart
U1543,P0450,2025-12-18 13:44:27.609332,cart
U1970,P0083,2025-08-25 13:44:27.610391,view
U0130,P0199,2026-03-22 13:44:27.610839,view
U1843,P0247,2025-10-30 13:44:27.611235,cart
U1557,P0223,2025-06-12 13:44:27.612196,view
U0064,P0268,2026-02-08 13:44:27.612677,view
U1132,P0062,2025-08-07 13:44:27.613202,purchase
U0352,P0442,2025-10-12 13:44:27.614199,cart
U0490,P0052,2025-06-02 13:44:27.614916,view
U0373,P0171,2025-12-12 13:44:27.615840,purchase
U0555,P0403,2025-07-14 13:44:27.616382,view
U0882,P0296,2025-06-13 13:44:27.616733,view
U1961,P0202,2025-04-27 13:44:27.617150,view
U1619,P0484,2025-04-19 13:44:27.617435,view
U0161,P0348,2026-01-17 13:44:27.617682,view
U1855,P0335,2025-06-28 13:44:27.618137,view
U1129,P0145,2025-05-08 13:44:27.618504,view
U1898,P0271,2026-04-03 13:44:27.618846,view
U0300,P0162,2026-01-30 13:44:27.619196,view
U1546,P0004,2026-03-14 13:44:27.619752,view
U0439,P0335,2026-02-08 13:44:27.620849,view
U1120,P0077,2025-09-28 13:44:27.621283,cart
U0645,P0223,2026-02-10 13:44:27.621643,purchase
U0051,P0342,2025-08-04 13:44:27.621900,view
U1037,P0205,2025-08-19 13:44:27.622371,view
U0007,P0496,2025-12-15 13:44:27.622940,view
U0242,P0231,2025-12-04 13:44:27.624374,view
U0477,P0412,2025-12-31 13:44:27.624705,view
U1623,P0475,2025-04-30 13:44:27.625256,view
U0296,P0317,2025-10-02 13:44:27.625577,wishlist
U1352,P0192,2026-03-02 13:44:27.625887,view
U0742,P0248,2026-01-10 13:44:27.626270,view
U1647,P0350,2025-07-04 13:44:27.626560,view
U1564,P0082,2025-10-28 13:44:27.626888,view
U0710,P0302,2025-06-09 13:44:27.627281,wishlist
U0553,P0257,2025-12-27 13:44:27.627525,view
U1091,P0044,2025-05-05 13:44:27.627757,view
U0059,P0180,2025-04-29 13:44:27.628118,view
U1799,P0097,2026-03-13 13:44:27.628363,view
U1583,P0262,2026-03-04 13:44:27.628595,view
U1466,P0091,2025-05-16 13:44:27.628820,wishlist
U1600,P0083,2026-03-04 13:44:27.629193,view
U1911,P0148,2025-06-24 13:44:27.631059,wishlist
U1880,P0146,2026-03-04 13:44:27.631676,cart
U1795,P0253,2025-09-28 13:44:27.632302,view
U0213,P0101,2025-11-06 13:44:27.632694,view
U1709,P0445,2026-02-05 13:44:27.634457,view
U1908,P0075,2025-07-10 13:44:27.635593,view
U1304,P0352,2025-04-13 13:44:27.639805,view
U0688,P0242,2025-06-04 13:44:27.640909,view
U0535,P0389,2025-07-19 13:44:27.642677,view
U1405,P0366,2025-09-16 13:44:27.643407,view
U1514,P0189,2026-01-28 13:44:27.643988,cart
U1359,P0369,2025-11-27 13:44:27.644627,view
U0747,P0291,2025-10-15 13:44:27.644896,view
U1220,P0156,2025-10-08 13:44:27.645289,view
U0384,P0223,2025-11-28 13:44:27.645560,view
U0138,P0467,2025-07-20 13:44:27.645811,view
U1205,P0191,2025-11-22 13:44:27.646233,view
U1704,P0453,2025-06-24 13:44:27.646951,purchase
U0398,P0139,2026-01-27 13:44:27.647444,view
U1516,P0158,2026-03-14 13:44:27.648652,cart
U0384,P0428,2026-01-23 13:44:27.649270,view
U1735,P0453,2025-09-27 13:44:27.649759,cart
U0060,P0204,2025-11-17 13:44:27.650305,view
U0486,P0012,2025-06-05 13:44:27.650727,view
U1281,P0357,2026-02-11 13:44:27.651251,purchase
U1804,P0384,2025-05-15 13:44:27.651654,view
U0714,P0405,2025-06-14 13:44:27.652084,view
U1180,P0206,2026-02-03 13:44:27.653494,view
U1469,P0380,2026-02-07 13:44:27.653959,purchase
U1213,P0289,2025-10-18 13:44:27.654215,view
U0238,P0418,2025-08-31 13:44:27.654450,view
U1830,P0159,2025-11-21 13:44:27.654704,view
U1963,P0207,2025-10-08 13:44:27.655094,view
U0972,P0482,2025-11-11 13:44:27.655391,view
U1499,P0481,2025-11-21 13:44:27.655683,view
U0922,P0311,2025-05-10 13:44:27.656145,view
U1114,P0445,2025-11-18 13:44:27.656448,view
U0521,P0449,2025-07-30 13:44:27.656761,view
U0929,P0326,2025-10-12 13:44:27.657226,view
U1229,P0048,2026-02-28 13:44:27.657850,view
U0170,P0442,2025-12-25 13:44:27.658420,cart
U1075,P0452,2026-03-16 13:44:27.658711,wishlist
U0114,P0402,2025-05-03 13:44:27.659040,view
U0243,P0397,2025-05-28 13:44:27.659298,view
U1496,P0163,2025-08-31 13:44:27.659537,view
U1169,P0316,2025-09-18 13:44:27.659799,view
U1987,P0358,2025-10-01 13:44:27.660241,view
U0401,P0360,2025-11-03 13:44:27.661037,view
U0729,P0287,2025-05-29 13:44:27.663634,view
U1341,P0318,2025-12-05 13:44:27.664465,view
U1985,P0438,2026-01-25 13:44:27.664912,view
U1476,P0275,2025-06-23 13:44:27.665569,cart
U0554,P0354,2026-01-16 13:44:27.665856,cart
U1895,P0279,2025-08-27 13:44:27.666377,view
U0807,P0089,2025-04-25 13:44:27.666777,cart
U0201,P0328,2025-06-27 13:44:27.667202,view
U1187,P0027,2026-01-06 13:44:27.667735,cart
U1565,P0165,2025-10-18 13:44:27.668657,view
U1407,P0347,2025-07-27 13:44:27.669529,cart
U0888,P0039,2025-07-18 13:44:27.670083,cart
U1365,P0062,2026-03-15 13:44:27.671686,view
U0883,P0375,2025-12-01 13:44:27.672205,cart
U1977,P0453,2025-12-10 13:44:27.672499,view
U1110,P0483,2025-08-23 13:44:27.672992,view
U1250,P0468,2025-10-02 13:44:27.673580,view
U0200,P0116,2025-08-01 13:44:27.675749,view
U0831,P0029,2025-06-05 13:44:27.677312,view
U0344,P0026,2026-01-16 13:44:27.678087,wishlist
U1460,P0241,2025-05-08 13:44:27.678603,purchase
U0591,P0124,2026-04-01 13:44:27.678931,view
U1561,P0475,2025-10-19 13:44:27.679240,cart
U0203,P0239,2025-05-29 13:44:27.679649,view
U1145,P0203,2026-01-14 13:44:27.679993,cart
U0849,P0496,2026-01-23 13:44:27.680505,view
U0406,P0354,2025-12-29 13:44:27.680951,view
U1786,P0199,2026-02-18 13:44:27.681324,view
U1910,P0016,2025-07-07 13:44:27.681846,cart
U1633,P0159,2025-09-21 13:44:27.682839,view
U1936,P0426,2026-02-22 13:44:27.684080,wishlist
U0665,P0099,2025-07-19 13:44:27.685548,view
U0313,P0390,2025-04-26 13:44:27.686324,wishlist
U1927,P0335,2026-02-17 13:44:27.687653,cart
U0690,P0097,2026-03-31 13:44:27.689231,wishlist
U0888,P0136,2026-03-11 13:44:27.690524,purchase
U0801,P0018,2025-09-16 13:44:27.691085,view
U1981,P0154,2025-12-23 13:44:27.691747,wishlist
U1963,P0189,2026-02-12 13:44:27.692770,view
U0574,P0452,2025-07-14 13:44:27.693467,view
U0233,P0096,2025-07-06 13:44:27.693801,view
U1667,P0459,2026-03-02 13:44:27.694078,wishlist
U0480,P0067,2026-03-28 13:44:27.694411,cart
U0697,P0212,2025-07-19 13:44:27.694670,view
U0682,P0025,2025-06-24 13:44:27.695453,view
U0105,P0442,2026-02-23 13:44:27.697405,view
U1541,P0106,2025-04-22 13:44:27.697779,view
U0073,P0323,2025-10-13 13:44:27.698018,view
U1897,P0005,2025-07-11 13:44:27.698415,view
U1574,P0232,2026-02-11 13:44:27.699258,view
U1216,P0456,2025-07-26 13:44:27.699784,view
U0169,P0077,2025-09-28 13:44:27.700128,purchase
U1912,P0449,2026-01-03 13:44:27.701615,view
U1805,P0416,2025-04-29 13:44:27.702993,view
U1377,P0124,2026-02-16 13:44:27.704684,cart
U0805,P0133,2025-10-11 13:44:27.705193,cart
U1837,P0402,2025-12-27 13:44:27.705852,view
U0362,P0359,2025-12-14 13:44:27.707337,cart
U1976,P0476,2025-04-17 13:44:27.707921,view
U1999,P0162,2026-03-15 13:44:27.708220,wishlist
U0805,P0150,2025-12-25 13:44:27.708583,view
U1197,P0445,2025-04-14 13:44:27.708958,purchase
U1340,P0325,2026-01-24 13:44:27.709237,view
U0771,P0266,2025-08-13 13:44:27.709671,view
U0738,P0371,2025-12-06 13:44:27.709995,view
U1161,P0064,2026-01-23 13:44:27.710299,cart
U0424,P0495,2025-05-04 13:44:27.710745,view
U0268,P0303,2025-07-29 13:44:27.711051,view
U1992,P0200,2025-11-17 13:44:27.711312,cart
U1921,P0459,2025-12-11 13:44:27.711642,view
U0022,P0293,2026-03-18 13:44:27.711907,view
U0240,P0410,2025-04-24 13:44:27.712200,wishlist
U1479,P0497,2025-07-13 13:44:27.712590,cart
U1442,P0169,2025-04-22 13:44:27.712925,wishlist
U0487,P0437,2026-02-15 13:44:27.713230,wishlist
U0766,P0415,2026-02-22 13:44:27.713579,view
U0609,P0324,2025-06-30 13:44:27.713856,view
U0127,P0180,2025-10-31 13:44:27.714086,view
U0004,P0142,2025-06-23 13:44:27.714299,view
U1851,P0341,2025-11-11 13:44:27.714616,cart
U0742,P0403,2025-04-18 13:44:27.714886,wishlist
U0854,P0156,2026-02-27 13:44:27.715134,view
U0212,P0421,2025-10-21 13:44:27.715455,cart
U0722,P0079,2025-08-17 13:44:27.715696,view
U1553,P0258,2026-03-10 13:44:27.715954,view
U0541,P0006,2026-02-25 13:44:27.716259,view
U0987,P0046,2026-02-19 13:44:27.716998,view
U1960,P0235,2025-11-18 13:44:27.718270,view
U0344,P0081,2026-02-01 13:44:27.719129,view
U1498,P0318,2025-04-11 13:44:27.725223,view
U1059,P0407,2025-05-24 13:44:27.726417,view
U1891,P0414,2026-02-21 13:44:27.727494,view
U1495,P0363,2025-05-09 13:44:27.729331,view
U0869,P0029,2026-01-17 13:44:27.730031,view
U1167,P0325,2025-10-23 13:44:27.733219,wishlist
U1077,P0370,2026-03-01 13:44:27.737308,view
U1352,P0433,2025-07-19 13:44:27.738314,cart
U1764,P0057,2025-07-20 13:44:27.739818,view
U1914,P0303,2025-06-08 13:44:27.742340,cart
U1609,P0161,2025-08-06 13:44:27.742781,cart
U1111,P0235,2026-02-15 13:44:27.743571,wishlist
U0719,P0065,2025-07-28 13:44:27.744440,view
U0813,P0470,2025-08-30 13:44:27.744758,view
U0434,P0004,2025-04-10 13:44:27.745582,purchase
U1776,P0378,2025-04-18 13:44:27.746196,cart
U1214,P0254,2025-07-06 13:44:27.747314,view
U1977,P0042,2025-09-09 13:44:27.747955,view
U0902,P0008,2025-06-24 13:44:27.748951,wishlist
U0454,P0326,2026-01-19 13:44:27.749477,cart
U1772,P0366,2026-02-17 13:44:27.749834,wishlist
U1963,P0166,2025-05-24 13:44:27.750583,purchase
U0648,P0296,2025-06-29 13:44:27.751722,view
U1439,P0245,2025-07-09 13:44:27.758104,view
U1011,P0398,2025-11-08 13:44:27.758579,view
U0913,P0221,2025-05-20 13:44:27.759008,view
U1999,P0459,2025-10-24 13:44:27.759940,purchase
U0741,P0410,2026-02-05 13:44:27.762706,view
U1708,P0329,2025-05-19 13:44:27.763283,view
U0113,P0498,2025-04-07 13:44:27.765183,view
U0684,P0386,2025-11-19 13:44:27.765906,view
U1798,P0479,2026-03-03 13:44:27.766660,cart
U1998,P0358,2025-12-12 13:44:27.767517,cart
U1798,P0250,2025-10-03 13:44:27.768024,cart
U1521,P0021,2025-08-18 13:44:27.768566,view
U1589,P0190,2025-04-18 13:44:27.769010,view
U0616,P0410,2026-01-28 13:44:27.769552,view
U1870,P0434,2025-09-19 13:44:27.769918,view
U0521,P0419,2025-12-23 13:44:27.770247,view
U1748,P0034,2026-02-13 13:44:27.770723,cart
U0281,P0487,2025-07-17 13:44:27.771089,purchase
U0857,P0249,2026-03-15 13:44:27.771644,view
U0769,P0312,2026-02-09 13:44:27.771969,view
U1360,P0078,2025-11-04 13:44:27.772428,view
U0152,P0386,2026-01-15 13:44:27.772786,purchase
U1562,P0042,2025-06-02 13:44:27.773044,purchase
U0126,P0012,2025-09-07 13:44:27.773410,view
U1572,P0200,2025-11-17 13:44:27.774294,view
U0197,P0121,2025-05-22 13:44:27.777105,purchase
U1976,P0276,2025-04-30 13:44:27.777788,cart
U0995,P0215,2026-04-03 13:44:27.778631,wishlist
U1830,P0377,2026-03-29 13:44:27.780203,wishlist
U0456,P0198,2026-03-23 13:44:27.780774,view
U0776,P0067,2025-07-31 13:44:27.789276,view
U1599,P0466,2026-01-16 13:44:27.789875,view
U0276,P0249,2026-03-06 13:44:27.790218,view
U1302,P0292,2025-08-24 13:44:27.790449,view
U0405,P0161,2025-04-27 13:44:27.791368,view
U0459,P0408,2025-04-08 13:44:27.792069,view
U1815,P0278,2025-08-08 13:44:27.794024,view
U0489,P0342,2025-05-12 13:44:27.794384,view
U0623,P0425,2025-07-30 13:44:27.794649,view
U0599,P0128,2026-01-13 13:44:27.795268,view
U0334,P0478,2025-05-03 13:44:27.795633,view
U0720,P0129,2025-08-10 13:44:27.797407,view
U0597,P0273,2026-03-07 13:44:27.798403,view
U0609,P0491,2025-04-24 13:44:27.799616,view
U1750,P0075,2026-01-08 13:44:27.800417,view
U1941,P0429,2026-02-18 13:44:27.801260,wishlist
U1168,P0412,2025-10-05 13:44:27.802086,view
U0478,P0056,2026-02-16 13:44:27.802693,wishlist
U0093,P0097,2025-12-20 13:44:27.803081,view
U1899,P0003,2025-12-26 13:44:27.803420,purchase
U1221,P0339,2025-09-02 13:44:27.803985,view
U1614,P0282,2025-08-26 13:44:27.804311,view
U0755,P0435,2025-10-22 13:44:27.804743,purchase
U1535,P0404,2025-04-28 13:44:27.805064,view
U1542,P0200,2025-07-24 13:44:27.805356,view
U0456,P0371,2026-03-25 13:44:27.805782,view
U1101,P0124,2026-01-28 13:44:27.806093,view
U1942,P0443,2025-07-23 13:44:27.806422,view
U1324,P0263,2025-06-05 13:44:27.806902,view
U0520,P0384,2025-05-13 13:44:27.807613,view
U0209,P0466,2026-01-26 13:44:27.808555,purchase
U0005,P0180,2025-06-14 13:44:27.809206,view
U0511,P0123,2025-10-21 13:44:27.811029,view
U0340,P0193,2025-11-27 13:44:27.811380,view
U0251,P0268,2025-04-27 13:44:27.811642,view
U1585,P0146,2025-11-16 13:44:27.812490,view
U1817,P0447,2025-12-15 13:44:27.813070,view
U0685,P0268,2025-10-22 13:44:27.815272,cart
U0729,P0472,2025-07-14 13:44:27.815772,wishlist
U1185,P0491,2025-08-25 13:44:27.816105,wishlist
U0264,P0041,2025-11-27 13:44:27.816616,purchase
U1751,P0124,2025-05-25 13:44:27.816974,view
U1143,P0122,2025-09-25 13:44:27.817284,view
U1014,P0401,2025-04-26 13:44:27.818219,view
U1642,P0184,2025-08-18 13:44:27.819061,purchase
U1851,P0466,2025-10-02 13:44:27.819562,view
U1060,P0449,2026-03-18 13:44:27.820066,view
U0086,P0376,2025-10-07 13:44:27.820407,view
U1010,P0191,2025-10-04 13:44:27.820936,view
U0728,P0439,2025-12-17 13:44:27.821290,purchase
U1667,P0018,2025-10-03 13:44:27.821765,view
U0577,P0379,2026-03-30 13:44:27.822109,view
U0634,P0212,2025-07-20 13:44:27.822458,view
U1985,P0019,2026-02-05 13:44:27.822955,cart
U0395,P0068,2025-12-07 13:44:27.823491,view
U1657,P0231,2026-03-01 13:44:27.824820,view
U1934,P0287,2025-07-06 13:44:27.825120,view
U0328,P0195,2025-08-28 13:44:27.825359,cart
U1037,P0197,2025-09-15 13:44:27.825707,cart
U1960,P0290,2025-05-15 13:44:27.826836,view
U0438,P0095,2026-01-14 13:44:27.827177,cart
U1147,P0477,2026-01-04 13:44:27.827684,view
U1635,P0083,2025-11-10 13:44:27.829022,view
U0770,P0219,2026-04-01 13:44:27.830634,view
U1082,P0065,2025-08-26 13:44:27.831721,view
U0382,P0210,2025-12-22 13:44:27.833051,cart
U0889,P0019,2025-06-17 13:44:27.835154,view
U1840,P0250,2025-09-14 13:44:27.835885,wishlist
U0809,P0116,2026-01-08 13:44:27.836202,view
U1647,P0253,2026-03-16 13:44:27.836582,purchase
U1349,P0244,2025-05-03 13:44:27.837174,view
U0613,P0210,2025-07-25 13:44:27.837576,wishlist
U1854,P0189,2025-05-14 13:44:27.838068,view
U1828,P0057,2025-04-22 13:44:27.838617,view
U0036,P0250,2026-01-17 13:44:27.838989,cart
U0252,P0391,2025-07-06 13:44:27.840230,cart
U1134,P0211,2025-11-26 13:44:27.840789,view
U0454,P0094,2025-09-14 13:44:27.841307,cart
U1672,P0086,2026-04-05 13:44:27.841644,wishlist
U1502,P0196,2025-10-18 13:44:27.842022,view
U0959,P0183,2025-08-23 13:44:27.842262,view
U1412,P0429,2026-02-27 13:44:27.842482,view
U0497,P0037,2025-04-28 13:44:27.842700,cart
U0532,P0156,2025-09-21 13:44:27.843012,view
U0758,P0481,2026-02-18 13:44:27.844814,view
U1352,P0232,2026-03-24 13:44:27.845993,cart
U0507,P0277,2025-11-22 13:44:27.846324,view
U1170,P0016,2025-10-14 13:44:27.846683,wishlist
U0629,P0469,2026-02-08 13:44:27.846957,view
U1350,P0494,2025-12-29 13:44:27.847221,view
U1085,P0079,2025-06-14 13:44:27.847612,purchase
U0756,P0230,2025-08-07 13:44:27.847946,purchase
U1050,P0294,2025-05-27 13:44:27.848219,wishlist
U1320,P0453,2025-05-09 13:44:27.848481,wishlist
U1285,P0401,2025-04-14 13:44:27.848869,cart
U1849,P0198,2025-07-24 13:44:27.850344,view
U1629,P0287,2026-04-06 13:44:27.851173,purchase
U1144,P0119,2025-07-28 13:44:27.851477,view
U0173,P0061,2025-06-26 13:44:27.851870,view
U0214,P0339,2025-10-01 13:44:27.852845,view
U0512,P0310,2026-01-05 13:44:27.853254,cart
U1289,P0400,2026-02-15 13:44:27.854425,view
U0521,P0221,2025-05-23 13:44:27.855487,cart
U0236,P0044,2025-06-12 13:44:27.856015,view
U1378,P0243,2025-04-27 13:44:27.857369,view
U0606,P0215,2025-04-17 13:44:27.857731,view
U1759,P0014,2025-09-03 13:44:27.858280,cart
U1242,P0365,2025-11-28 13:44:27.858548,view
U0498,P0319,2025-12-29 13:44:27.858788,view
U0016,P0319,2025-07-29 13:44:27.859533,cart
U0256,P0142,2025-12-07 13:44:27.860745,wishlist
U0370,P0298,2025-04-29 13:44:27.861364,view
U1420,P0384,2026-04-01 13:44:27.861755,cart
U0918,P0050,2025-07-27 13:44:27.862245,cart
U1089,P0048,2026-03-03 13:44:27.862609,view
U0260,P0198,2025-11-08 13:44:27.864450,view
U0679,P0167,2025-04-21 13:44:27.865204,wishlist
U1673,P0305,2025-11-08 13:44:27.865611,purchase
U0540,P0240,2025-06-11 13:44:27.866244,cart
U0112,P0212,2025-07-06 13:44:27.867036,view
U1528,P0030,2025-09-20 13:44:27.867420,wishlist
U1342,P0273,2025-05-08 13:44:27.867913,view
U0942,P0225,2025-08-15 13:44:27.868251,view
U1319,P0286,2025-05-03 13:44:27.868535,wishlist
U1790,P0017,2026-02-12 13:44:27.869148,view
U1070,P0207,2025-08-11 13:44:27.869517,view
U1207,P0130,2025-09-30 13:44:27.869807,view
U1845,P0019,2026-02-19 13:44:27.870112,purchase
U1293,P0479,2025-12-10 13:44:27.870316,wishlist
U0275,P0153,2025-12-01 13:44:27.870689,view
U1424,P0114,2025-09-12 13:44:27.871337,wishlist
U0550,P0141,2025-08-29 13:44:27.871833,purchase
U0979,P0444,2025-11-06 13:44:27.872147,view
U0396,P0192,2026-02-13 13:44:27.872464,view
U0402,P0018,2026-03-15 13:44:27.872902,wishlist
U1043,P0315,2025-12-28 13:44:27.873255,cart
U0610,P0120,2025-05-03 13:44:27.873735,view
U0243,P0297,2025-06-28 13:44:27.874281,cart
U1543,P0481,2025-04-06 13:44:27.874908,cart
U0411,P0060,2025-12-12 13:44:27.876662,cart
U1792,P0337,2025-07-24 13:44:27.877561,view
U0787,P0038,2026-01-20 13:44:27.878706,wishlist
U1972,P0420,2025-12-09 13:44:27.879332,view
U1722,P0212,2025-06-01 13:44:27.879611,view
U0703,P0391,2025-12-16 13:44:27.880000,view
U0775,P0144,2025-04-24 13:44:27.880314,view
U0484,P0060,2026-03-19 13:44:27.880616,view
U1491,P0339,2026-02-08 13:44:27.883153,purchase
U0972,P0369,2026-04-02 13:44:27.885529,cart
U1583,P0198,2026-01-27 13:44:27.887093,cart
U0712,P0174,2025-11-12 13:44:27.887495,view
U0842,P0174,2025-05-09 13:44:27.888729,view
U0844,P0213,2025-09-03 13:44:27.889246,view
U1435,P0359,2025-09-07 13:44:27.890046,view
U1340,P0126,2026-02-13 13:44:27.891052,cart
U1231,P0348,2025-06-28 13:44:27.891454,cart
U0548,P0441,2025-07-21 13:44:27.891733,view
U0323,P0287,2025-05-02 13:44:27.892163,view
U0509,P0237,2025-07-13 13:44:27.892756,cart
U1802,P0184,2025-04-22 13:44:27.893254,view
U0305,P0476,2025-11-15 13:44:27.893511,view
U0848,P0024,2025-06-20 13:44:27.893758,view
U0886,P0016,2025-11-10 13:44:27.894209,view
U1243,P0396,2025-05-11 13:44:27.894458,view
U1082,P0297,2025-08-14 13:44:27.894678,view
U1848,P0149,2026-01-19 13:44:27.894982,purchase
U1663,P0050,2026-02-17 13:44:27.895237,cart
U0813,P0108,2026-01-03 13:44:27.895455,view
U1880,P0165,2026-03-08 13:44:27.895673,wishlist
U0940,P0143,2025-07-16 13:44:27.895969,cart
U1327,P0389,2025-05-12 13:44:27.896192,view
U0482,P0041,2025-10-06 13:44:27.896401,view
U1375,P0399,2026-03-09 13:44:27.896605,purchase
U1318,P0210,2025-11-14 13:44:27.896803,view
U1278,P0354,2025-06-09 13:44:27.897088,cart
U1144,P0482,2025-07-05 13:44:27.897330,cart
U1188,P0414,2026-01-11 13:44:27.897540,view
U0169,P0415,2026-03-16 13:44:27.897746,view
U1865,P0361,2025-05-06 13:44:27.898031,cart
U0119,P0314,2026-01-27 13:44:27.898245,view
U0214,P0431,2026-02-02 13:44:27.898439,cart
U0554,P0164,2026-02-18 13:44:27.898629,wishlist
U0890,P0485,2025-09-23 13:44:27.898900,purchase
U1550,P0121,2026-01-09 13:44:27.899123,purchase
U0650,P0130,2026-01-26 13:44:27.903174,purchase
U0326,P0341,2025-11-16 13:44:27.903873,view
U1548,P0409,2025-08-10 13:44:27.904413,view
U0821,P0401,2025-08-21 13:44:27.904812,purchase
U1040,P0251,2025-06-11 13:44:27.905157,view
U1329,P0390,2025-12-10 13:44:27.905719,cart
U0264,P0205,2025-09-25 13:44:27.906471,purchase
U0218,P0431,2025-06-28 13:44:27.906822,view
U0792,P0062,2026-01-23 13:44:27.907194,view
U1275,P0036,2026-01-05 13:44:27.907488,view
U1979,P0099,2025-06-17 13:44:27.907728,cart
U1798,P0159,2025-09-09 13:44:27.908366,view
U0484,P0350,2025-11-30 13:44:27.908809,cart
U0904,P0062,2025-06-25 13:44:27.909158,view
U1528,P0033,2025-06-24 13:44:27.909771,wishlist
U0957,P0119,2025-05-07 13:44:27.910110,view
U1673,P0183,2026-01-21 13:44:27.910954,view
U0462,P0220,2025-10-03 13:44:27.911420,cart
U1658,P0276,2025-07-12 13:44:27.911718,view
U1092,P0276,2025-05-14 13:44:27.912007,view
U0907,P0254,2025-07-21 13:44:27.912468,view
U0110,P0450,2025-05-06 13:44:27.912802,purchase
U0582,P0094,2025-06-04 13:44:27.913073,purchase
U0886,P0465,2026-01-01 13:44:27.913476,view
U1786,P0044,2026-03-09 13:44:27.913758,view
U1501,P0276,2025-05-26 13:44:27.914253,view
U1509,P0267,2025-07-25 13:44:27.914514,view
U1558,P0409,2026-01-06 13:44:27.914758,view
U1382,P0398,2025-10-16 13:44:27.914984,cart
U0126,P0400,2026-03-20 13:44:27.915273,view
U0058,P0388,2025-11-29 13:44:27.915543,view
U0048,P0429,2025-05-25 13:44:27.915773,view
U0139,P0445,2025-05-21 13:44:27.916082,view
U0733,P0360,2025-09-22 13:44:27.916321,wishlist
U1338,P0467,2025-12-17 13:44:27.916537,cart
U1413,P0032,2025-08-01 13:44:27.916749,view
U0034,P0435,2025-07-03 13:44:27.917565,purchase
U1459,P0338,2025-08-04 13:44:27.918132,wishlist
U0436,P0498,2026-01-21 13:44:27.918734,view
U1326,P0069,2026-01-22 13:44:27.919112,purchase
U1943,P0378,2025-11-11 13:44:27.919596,cart
U1738,P0268,2025-11-26 13:44:27.921679,view
U1765,P0039,2026-02-18 13:44:27.921992,view
U0051,P0485,2025-09-02 13:44:27.922759,purchase
U1278,P0099,2025-05-28 13:44:27.923277,view
U1973,P0073,2025-08-04 13:44:27.923766,cart
U1732,P0129,2026-01-25 13:44:27.924297,view
U0600,P0270,2026-01-03 13:44:27.924823,view
U0026,P0347,2026-03-12 13:44:27.925739,view
U1207,P0374,2026-01-07 13:44:27.927573,view
U0913,P0457,2025-09-27 13:44:27.929642,cart
U1481,P0226,2026-01-01 13:44:27.930357,cart
U1430,P0259,2025-04-14 13:44:27.930738,view
U0413,P0317,2025-12-19 13:44:27.931028,purchase
U1036,P0045,2025-09-10 13:44:27.931293,view
U0108,P0166,2026-04-01 13:44:27.931905,cart
U0698,P0393,2025-11-04 13:44:27.932183,cart
U1283,P0090,2026-01-23 13:44:27.932874,view
U0323,P0138,2026-04-06 13:44:27.933595,cart
U0284,P0097,2025-11-09 13:44:27.934080,wishlist
U0921,P0089,2025-05-03 13:44:27.934682,view
U1818,P0377,2025-06-07 13:44:27.935025,cart
U1574,P0013,2025-06-03 13:44:27.935305,view
U1841,P0052,2025-12-29 13:44:27.935716,view
U0624,P0203,2026-01-09 13:44:27.936058,cart
U0798,P0084,2025-11-13 13:44:27.936369,cart
U0165,P0495,2025-10-20 13:44:27.937091,view
U1691,P0191,2025-08-28 13:44:27.937513,view
U1768,P0478,2025-07-24 13:44:27.937745,view
U1057,P0357,2025-05-22 13:44:27.937962,view
U0824,P0083,2026-01-28 13:44:27.938216,view
U0378,P0158,2026-03-27 13:44:27.938549,view
U0672,P0234,2026-03-14 13:44:27.938806,view
U1205,P0174,2025-06-18 13:44:27.939038,view
U1287,P0290,2026-03-19 13:44:27.939801,purchase
U0215,P0177,2026-03-13 13:44:27.946955,view
U0222,P0358,2025-12-21 13:44:27.947895,view
U1686,P0281,2025-11-27 13:44:27.948620,purchase
U1237,P0018,2025-08-28 13:44:27.949073,view
U0850,P0271,2025-06-18 13:44:27.949399,purchase
U0147,P0414,2025-10-02 13:44:27.949890,view
U0272,P0333,2025-08-23 13:44:27.950245,cart
U1032,P0393,2026-04-02 13:44:27.950618,purchase
U1221,P0295,2025-04-21 13:44:27.951094,view
U0125,P0021,2026-01-06 13:44:27.951420,view
U1652,P0334,2025-08-03 13:44:27.951875,view
U1783,P0185,2025-12-29 13:44:27.952117,cart
U1408,P0222,2026-01-19 13:44:27.952337,view
U1492,P0367,2026-03-19 13:44:27.952715,view
U0707,P0127,2026-01-07 13:44:27.952956,view
U0482,P0196,2025-12-05 13:44:27.953204,view
U0977,P0304,2025-11-01 13:44:27.953546,view
U0562,P0458,2025-11-15 13:44:27.953806,view
U1810,P0235,2025-10-31 13:44:27.954038,view
U0554,P0374,2025-07-09 13:44:27.954284,view
U1819,P0240,2026-02-09 13:44:27.954647,view
U1737,P0288,2025-08-14 13:44:27.954896,view
U0753,P0279,2026-03-26 13:44:27.955126,view
U0484,P0161,2025-08-27 13:44:27.955461,view
U0842,P0393,2025-10-16 13:44:27.955710,view
U1742,P0306,2026-03-14 13:44:27.955935,view
U1674,P0189,2025-05-21 13:44:27.956252,wishlist
U0886,P0309,2026-02-08 13:44:27.956720,view
U0986,P0125,2025-09-19 13:44:27.957061,view
U0756,P0192,2025-06-30 13:44:27.957295,cart
U1469,P0335,2025-11-09 13:44:27.957608,view
U1938,P0387,2025-06-23 13:44:27.957868,purchase
U1629,P0460,2025-11-05 13:44:27.958126,view
U1120,P0346,2025-10-06 13:44:27.958384,view
U1179,P0192,2026-03-04 13:44:27.958802,view
U1242,P0123,2026-01-23 13:44:27.959055,view
U0117,P0167,2026-01-09 13:44:27.959291,view
U0440,P0112,2025-12-15 13:44:27.959629,view
U1924,P0314,2026-01-18 13:44:27.959890,view
U0413,P0172,2025-06-20 13:44:27.960150,cart
U1679,P0033,2025-11-23 13:44:27.960868,view
U1398,P0207,2025-09-21 13:44:27.961492,cart
U0735,P0204,2025-06-08 13:44:27.962086,view
U1683,P0214,2025-11-04 13:44:27.962466,cart
U0637,P0144,2025-07-22 13:44:27.962922,view
U0463,P0165,2025-06-05 13:44:27.963459,view
U1650,P0171,2025-10-09 13:44:27.963967,view
U1421,P0387,2026-01-01 13:44:27.969227,view
U0708,P0243,2026-02-28 13:44:27.969751,view
U1647,P0053,2025-12-16 13:44:27.970040,view
U0354,P0087,2025-07-10 13:44:27.970296,purchase
U1433,P0390,2025-11-06 13:44:27.970640,view
U1078,P0399,2025-10-26 13:44:27.970938,cart
U0119,P0280,2025-08-19 13:44:27.971187,view
U0305,P0002,2025-12-23 13:44:27.971424,view
U1419,P0051,2025-06-18 13:44:27.971766,view
U0863,P0225,2025-09-08 13:44:27.972041,view
U1700,P0011,2025-11-05 13:44:27.972263,wishlist
U1785,P0257,2026-03-20 13:44:27.972595,view
U1718,P0060,2025-12-04 13:44:27.973402,view
U1890,P0399,2025-06-16 13:44:27.973892,view
U0969,P0468,2025-08-15 13:44:27.974796,view
U1067,P0402,2026-01-29 13:44:27.975351,cart
U0907,P0267,2025-12-17 13:44:27.975705,purchase
U1151,P0091,2025-05-18 13:44:27.975945,view
U1549,P0194,2025-10-12 13:44:27.977339,cart
U1823,P0039,2025-08-03 13:44:27.977734,view
U0452,P0172,2025-07-25 13:44:27.977982,view
U1831,P0368,2026-02-27 13:44:27.978289,view
U1648,P0466,2025-07-09 13:44:27.978520,purchase
U1499,P0226,2025-04-24 13:44:27.978859,cart
U0557,P0401,2026-01-06 13:44:27.980127,purchase
U1736,P0247,2025-04-21 13:44:27.980464,cart
U0683,P0038,2025-04-21 13:44:27.980865,cart
U0972,P0312,2025-07-02 13:44:27.981124,view
U0901,P0199,2025-05-20 13:44:27.981372,view
U0475,P0376,2026-01-28 13:44:27.981754,view
U0873,P0296,2025-12-28 13:44:27.982131,view
U0512,P0078,2025-10-26 13:44:27.982947,view
U1561,P0052,2025-05-05 13:44:27.983272,view
U0564,P0253,2025-09-12 13:44:27.984721,purchase
U1735,P0111,2025-08-21 13:44:27.985321,view
U1569,P0428,2025-05-07 13:44:27.985752,view
U0865,P0423,2025-04-08 13:44:27.986164,cart
U0296,P0112,2025-05-31 13:44:27.987254,view
U1399,P0204,2026-02-06 13:44:27.989809,cart
U1125,P0157,2026-03-28 13:44:28.001027,view
U1038,P0226,2025-09-26 13:44:28.003882,view
U0097,P0305,2025-10-31 13:44:28.007341,cart
U1771,P0362,2025-06-17 13:44:28.009788,view
U1589,P0302,2025-11-22 13:44:28.012136,wishlist
U0053,P0496,2025-10-11 13:44:28.013580,view
U0487,P0470,2025-11-23 13:44:28.014719,view
U1310,P0065,2026-01-04 13:44:28.019510,view
U1962,P0275,2026-03-10 13:44:28.020038,view
U0984,P0453,2026-02-11 13:44:28.020478,view
U1407,P0280,2025-08-11 13:44:28.022162,view
U0361,P0047,2026-03-03 13:44:28.023238,cart
U1661,P0496,2025-09-07 13:44:28.025667,view
U0465,P0484,2025-10-14 13:44:28.026110,cart
U1278,P0423,2025-12-08 13:44:28.026916,wishlist
U0602,P0180,2025-08-15 13:44:28.027523,view
U0787,P0214,2026-03-30 13:44:28.027885,view
U1362,P0410,2026-01-13 13:44:28.028357,view
U1967,P0290,2025-09-22 13:44:28.028730,view
U0510,P0461,2026-03-25 13:44:28.029077,view
U1078,P0267,2025-04-17 13:44:28.029580,purchase
U1944,P0278,2026-03-11 13:44:28.030027,view
U1297,P0347,2025-10-03 13:44:28.030768,view
U0644,P0002,2025-08-12 13:44:28.031453,view
U0859,P0130,2025-05-27 13:44:28.040516,view
U0331,P0335,2026-01-29 13:44:28.042621,cart
U0973,P0171,2025-04-07 13:44:28.046519,wishlist
U0450,P0248,2025-07-30 13:44:28.048052,view
U1934,P0248,2025-10-06 13:44:28.048585,view
U1300,P0197,2025-10-04 13:44:28.048864,cart
U0687,P0413,2025-08-10 13:44:28.049655,view
U1346,P0457,2026-03-07 13:44:28.050294,cart
U0250,P0379,2025-06-07 13:44:28.050603,view
U0251,P0253,2025-10-17 13:44:28.051198,view
U1361,P0296,2026-02-03 13:44:28.051511,view
U0408,P0017,2025-11-23 13:44:28.051731,view
U1992,P0420,2025-04-28 13:44:28.052457,view
U0435,P0270,2025-12-14 13:44:28.053267,view
U1259,P0343,2026-03-18 13:44:28.055007,view
U1326,P0294,2025-05-05 13:44:28.061092,view
U1076,P0382,2025-07-05 13:44:28.061868,view
U1710,P0137,2025-12-23 13:44:28.062220,view
U1250,P0078,2025-11-25 13:44:28.063180,purchase
U1306,P0163,2025-10-11 13:44:28.065725,view
U1171,P0096,2026-04-04 13:44:28.068743,view
U1033,P0407,2025-04-13 13:44:28.069222,view
U1367,P0033,2025-07-18 13:44:28.069619,view
U0256,P0371,2025-09-18 13:44:28.069874,view
U1956,P0405,2025-11-02 13:44:28.070162,purchase
U0431,P0179,2025-10-01 13:44:28.070537,view
U0338,P0182,2025-09-14 13:44:28.070826,cart
U0980,P0306,2026-01-02 13:44:28.071159,view
U0938,P0278,2025-04-20 13:44:28.071971,view
U1485,P0369,2025-09-25 13:44:28.072401,cart
U0541,P0287,2025-06-28 13:44:28.072672,wishlist
U0260,P0114,2025-09-02 13:44:28.072893,view
U1108,P0357,2025-07-21 13:44:28.092555,view
U0155,P0056,2025-11-24 13:44:28.095866,wishlist
U0602,P0046,2025-09-08 13:44:28.096529,wishlist
U0185,P0173,2025-04-20 13:44:28.097681,view
U0169,P0246,2025-09-05 13:44:28.098352,cart
U0747,P0215,2026-03-10 13:44:28.098808,view
U1919,P0243,2026-01-08 13:44:28.099448,wishlist
U1806,P0126,2025-10-01 13:44:28.099849,view
U1448,P0240,2026-03-17 13:44:28.100200,purchase
U1240,P0177,2025-09-24 13:44:28.100418,view
U1057,P0012,2026-02-27 13:44:28.100617,view
U0563,P0325,2025-08-13 13:44:28.100824,purchase
U1215,P0418,2026-01-16 13:44:28.101140,purchase
U0005,P0201,2025-08-03 13:44:28.101361,view
U1740,P0199,2025-09-17 13:44:28.101604,view
U1891,P0239,2025-04-28 13:44:28.101818,purchase
U0187,P0433,2026-02-26 13:44:28.102256,view
U1489,P0089,2025-04-22 13:44:28.102527,purchase
U1422,P0437,2025-10-06 13:44:28.103450,view
U1817,P0426,2025-09-29 13:44:28.104274,view
U1728,P0303,2025-09-26 13:44:28.104857,wishlist
U1040,P0360,2026-02-27 13:44:28.105184,cart
U0348,P0071,2025-07-04 13:44:28.105477,view
U0843,P0064,2025-09-11 13:44:28.105818,view
U1896,P0151,2025-04-28 13:44:28.106124,cart
U0989,P0270,2025-08-17 13:44:28.106884,view
U1105,P0098,2025-04-28 13:44:28.109337,cart
U0441,P0332,2025-06-18 13:44:28.112940,view
U0985,P0277,2025-11-13 13:44:28.114580,view
U1917,P0145,2026-01-24 13:44:28.115382,wishlist
U1968,P0116,2025-08-14 13:44:28.115681,wishlist
U0758,P0472,2026-01-18 13:44:28.118645,cart
U1097,P0500,2026-04-01 13:44:28.119614,wishlist
U1153,P0145,2025-09-08 13:44:28.131008,view
U0885,P0193,2026-01-10 13:44:28.132300,wishlist
U0756,P0177,2025-10-03 13:44:28.136924,view
U0748,P0065,2025-06-05 13:44:28.139484,view
U0527,P0491,2025-06-21 13:44:28.140496,cart
U1929,P0164,2026-01-13 13:44:28.142694,view
U1823,P0117,2025-08-10 13:44:28.143519,purchase
U1261,P0453,2025-08-10 13:44:28.143890,view
U1734,P0369,2025-05-23 13:44:28.144323,cart
U1626,P0462,2025-07-12 13:44:28.144603,view
U1597,P0444,2025-09-29 13:44:28.144900,wishlist
U0305,P0159,2026-03-31 13:44:28.145341,view
U1076,P0147,2025-07-10 13:44:28.145720,view
U1889,P0437,2025-11-08 13:44:28.146073,cart
U1383,P0330,2025-10-15 13:44:28.146572,view
U1301,P0077,2025-04-26 13:44:28.146985,purchase
U0854,P0192,2026-03-19 13:44:28.148480,purchase
U0102,P0074,2025-05-09 13:44:28.149720,cart
U1102,P0351,2025-10-01 13:44:28.150224,wishlist
U1785,P0387,2025-04-21 13:44:28.150795,view
U0303,P0278,2025-07-08 13:44:28.151119,view
U0022,P0232,2025-07-14 13:44:28.151394,view
U0295,P0354,2025-11-22 13:44:28.151826,view
U0242,P0142,2025-04-09 13:44:28.152154,wishlist
U0563,P0197,2025-08-04 13:44:28.152405,view
U1046,P0043,2025-05-02 13:44:28.153321,view
U0399,P0075,2025-06-05 13:44:28.153980,view
U1805,P0228,2025-07-23 13:44:28.154289,view
U1619,P0346,2025-11-24 13:44:28.154690,view
U1047,P0084,2025-05-10 13:44:28.155417,view
U1881,P0240,2025-06-16 13:44:28.155714,view
U0867,P0197,2025-10-25 13:44:28.155960,purchase
U1245,P0111,2026-04-01 13:44:28.169045,view
U0643,P0409,2026-04-02 13:44:28.172060,view
U0956,P0167,2026-03-04 13:44:28.172587,cart
U0492,P0105,2025-10-30 13:44:28.172893,view
U1254,P0403,2025-09-28 13:44:28.173224,purchase
U0072,P0450,2025-10-21 13:44:28.173707,cart
U0381,P0132,2025-10-22 13:44:28.174097,view
U0233,P0263,2025-08-10 13:44:28.174430,view
U0114,P0369,2026-02-10 13:44:28.174928,wishlist
U1213,P0256,2025-10-03 13:44:28.175269,wishlist
U0039,P0081,2026-01-15 13:44:28.175714,purchase
U0857,P0022,2025-06-12 13:44:28.176096,purchase
U1663,P0152,2025-10-20 13:44:28.176391,purchase
U0310,P0497,2025-07-12 13:44:28.176802,view
U1055,P0090,2025-09-18 13:44:28.177089,view
U1696,P0021,2025-11-07 13:44:28.177366,view
U1126,P0290,2025-05-21 13:44:28.178222,cart
U0048,P0461,2025-11-01 13:44:28.179607,purchase
U0955,P0115,2025-09-14 13:44:28.182114,view
U1606,P0052,2025-04-23 13:44:28.184742,view
U1549,P0261,2025-09-23 13:44:28.186568,wishlist
U0256,P0314,2025-09-10 13:44:28.186896,view
U1593,P0156,2026-04-05 13:44:28.187158,view
U0174,P0118,2025-05-01 13:44:28.187662,view
U1268,P0357,2025-06-15 13:44:28.188173,wishlist
U0844,P0006,2025-06-19 13:44:28.188691,view
U0080,P0065,2026-01-10 13:44:28.189085,view
U1083,P0137,2025-09-15 13:44:28.189436,cart
U0223,P0057,2026-01-31 13:44:28.190448,view
U1222,P0298,2025-07-12 13:44:28.190936,cart
U1412,P0439,2025-09-02 13:44:28.191190,purchase
U0210,P0496,2025-07-16 13:44:28.191510,wishlist
U0001,P0360,2025-11-20 13:44:28.191761,view
U0110,P0387,2025-10-03 13:44:28.191987,purchase
U0055,P0481,2025-06-27 13:44:28.192220,view
U0597,P0331,2026-03-03 13:44:28.197407,view
U0128,P0099,2025-07-16 13:44:28.198005,cart
U1930,P0149,2025-06-13 13:44:28.198354,view
U0322,P0363,2025-07-08 13:44:28.198649,purchase
U0256,P0173,2026-03-29 13:44:28.200101,view
U0261,P0063,2025-06-24 13:44:28.200768,view
U0995,P0326,2025-05-20 13:44:28.201349,view
U0737,P0146,2026-03-12 13:44:28.201774,view
U0154,P0469,2026-01-14 13:44:28.202341,view
U1115,P0283,2026-02-18 13:44:28.202771,view
U1599,P0396,2026-01-07 13:44:28.203284,view
U1003,P0336,2025-06-19 13:44:28.203596,view
U1025,P0091,2025-09-27 13:44:28.204516,view
U0469,P0120,2026-03-21 13:44:28.205008,wishlist
U1210,P0194,2025-09-01 13:44:28.205268,view
U0699,P0321,2025-06-12 13:44:28.205911,view
U0904,P0248,2026-02-27 13:44:28.206234,cart
U0329,P0328,2025-04-16 13:44:28.206536,view
U0412,P0481,2025-06-25 13:44:28.207628,view
U1867,P0399,2025-07-29 13:44:28.210308,view
U1812,P0329,2025-07-26 13:44:28.210963,view
U1152,P0276,2026-02-28 13:44:28.211509,view
U0822,P0065,2025-11-25 13:44:28.211844,cart
U1212,P0056,2026-03-08 13:44:28.212361,view
U1036,P0279,2025-10-15 13:44:28.212722,view
U0467,P0273,2025-04-26 13:44:28.213147,view
U1807,P0437,2025-05-27 13:44:28.213512,view
U1830,P0173,2026-04-01 13:44:28.213816,view
U1173,P0149,2026-02-06 13:44:28.214468,view
U0666,P0288,2025-08-20 13:44:28.215431,wishlist
U1886,P0309,2026-02-26 13:44:28.215870,cart
U0047,P0087,2026-02-21 13:44:28.216100,view
U0148,P0188,2025-09-24 13:44:28.216583,cart
U1193,P0222,2025-10-02 13:44:28.216948,view
U1311,P0391,2026-01-14 13:44:28.217299,view
U1654,P0059,2025-09-21 13:44:28.217522,cart
U1118,P0092,2026-01-02 13:44:28.217735,cart
U0872,P0231,2025-09-26 13:44:28.218142,view
U1743,P0292,2025-07-18 13:44:28.223299,view
U1817,P0370,2025-11-10 13:44:28.224365,view
U1006,P0304,2025-05-31 13:44:28.229296,purchase
U0040,P0146,2025-04-06 13:44:28.231197,view
U0708,P0043,2025-05-01 13:44:28.231788,view
U0535,P0238,2025-10-28 13:44:28.232101,wishlist
U0533,P0380,2025-10-18 13:44:28.232368,view
U0301,P0062,2025-09-01 13:44:28.232720,view
U0445,P0480,2025-08-13 13:44:28.233020,view
U1817,P0335,2025-08-13 13:44:28.233708,purchase
U0016,P0490,2026-03-20 13:44:28.234198,view
U0592,P0147,2025-06-25 13:44:28.234981,cart
U1559,P0156,2025-04-14 13:44:28.235297,view
U1470,P0246,2025-11-12 13:44:28.239068,wishlist
U0424,P0100,2025-06-21 13:44:28.239656,view
U1451,P0338,2026-01-23 13:44:28.240770,purchase
U0217,P0385,2025-04-10 13:44:28.241398,view
U0542,P0004,2025-07-13 13:44:28.244285,view
U1601,P0429,2025-05-08 13:44:28.247634,wishlist
U0183,P0182,2026-02-10 13:44:28.248387,view
U1958,P0211,2026-03-01 13:44:28.249010,wishlist
U1722,P0083,2025-07-10 13:44:28.249765,purchase
U0248,P0236,2026-03-02 13:44:28.250813,cart
U0685,P0298,2025-09-17 13:44:28.251122,view
U0910,P0388,2026-03-13 13:44:28.251366,view
U1177,P0307,2026-03-02 13:44:28.253717,view
U0846,P0133,2025-08-21 13:44:28.254213,view
U0834,P0021,2025-09-05 13:44:28.254644,view
U1979,P0378,2025-07-02 13:44:28.256667,view
U0474,P0072,2025-10-16 13:44:28.258478,view
U1517,P0151,2026-03-13 13:44:28.261259,view
U0374,P0277,2025-05-02 13:44:28.263193,cart
U0140,P0251,2026-01-20 13:44:28.263944,view
U0658,P0158,2026-01-15 13:44:28.265158,view
U0955,P0051,2025-06-08 13:44:28.265513,view
U1912,P0365,2025-11-27 13:44:28.267207,view
U1018,P0237,2025-12-14 13:44:28.268566,view
U0038,P0466,2025-04-24 13:44:28.269018,view
U1213,P0352,2026-02-01 13:44:28.269273,cart
U0799,P0267,2026-04-06 13:44:28.271103,view
U1697,P0046,2025-09-15 13:44:28.271514,view
U1523,P0274,2025-06-10 13:44:28.271900,view
U1212,P0377,2025-12-23 13:44:28.272167,view
U1915,P0333,2025-06-08 13:44:28.274306,cart
U1741,P0234,2025-07-22 13:44:28.275040,cart
U1709,P0104,2025-09-02 13:44:28.276129,wishlist
U0101,P0423,2025-12-22 13:44:28.295154,cart
U0074,P0169,2025-09-24 13:44:28.298185,view
U0974,P0052,2025-12-02 13:44:28.299772,cart
U0111,P0487,2025-08-28 13:44:28.315624,wishlist
U0794,P0326,2025-06-25 13:44:28.319476,view
U0612,P0029,2026-01-16 13:44:28.320912,view
U1679,P0123,2025-06-24 13:44:28.322297,view
U0030,P0073,2025-10-12 13:44:28.323350,view
U0844,P0106,2025-08-06 13:44:28.323991,view
U0525,P0301,2025-06-25 13:44:28.325137,view
U0908,P0127,2026-03-29 13:44:28.328128,view
U1494,P0005,2025-07-18 13:44:28.330976,view
U1463,P0253,2025-05-02 13:44:28.334216,purchase
U0339,P0169,2025-11-05 13:44:28.335108,cart
U0318,P0213,2025-12-29 13:44:28.335531,view
U0348,P0298,2025-10-19 13:44:28.340464,view
U0875,P0209,2025-09-06 13:44:28.341086,cart
U0778,P0348,2026-03-26 13:44:28.342426,view
U0754,P0396,2025-11-29 13:44:28.343983,cart
U0066,P0068,2026-02-17 13:44:28.344368,view
U1726,P0496,2025-11-05 13:44:28.344653,wishlist
U1122,P0100,2026-02-28 13:44:28.345006,purchase
U1078,P0263,2026-01-03 13:44:28.345255,cart
U1266,P0281,2025-06-30 13:44:28.345503,cart
U0570,P0394,2025-09-21 13:44:28.345857,view
U1994,P0144,2025-11-26 13:44:28.358521,view
U1970,P0212,2025-08-12 13:44:28.364657,view
U1686,P0369,2025-12-15 13:44:28.365856,view
U0291,P0350,2025-04-09 13:44:28.368439,view
U1912,P0469,2026-03-28 13:44:28.369592,view
U0115,P0247,2025-11-01 13:44:28.374520,view
U0865,P0453,2025-10-19 13:44:28.375064,view
U1882,P0319,2025-11-03 13:44:28.375683,view
U1636,P0373,2025-12-05 13:44:28.376299,view
U1202,P0261,2026-02-23 13:44:28.376682,view
U1900,P0019,2025-06-20 13:44:28.378557,purchase
U1673,P0249,2025-10-20 13:44:28.379377,wishlist
U1044,P0193,2025-12-04 13:44:28.379854,view
U0674,P0254,2025-06-23 13:44:28.380420,view
U0293,P0205,2025-12-13 13:44:28.380788,cart
U1495,P0269,2025-09-18 13:44:28.381127,view
U1121,P0411,2025-06-28 13:44:28.381627,view
U0636,P0097,2025-12-16 13:44:28.381960,cart
U1583,P0369,2025-08-17 13:44:28.382471,purchase
U0537,P0300,2025-09-02 13:44:28.383014,view
U0532,P0150,2025-12-23 13:44:28.383267,cart
U0687,P0268,2025-08-10 13:44:28.383639,view
U1287,P0172,2025-04-06 13:44:28.383849,purchase
U1110,P0148,2025-09-15 13:44:28.384216,view
U1474,P0409,2025-07-28 13:44:28.384467,view
U0462,P0019,2026-02-02 13:44:28.384695,cart
U1883,P0013,2025-07-27 13:44:28.385272,view
U1450,P0298,2026-02-22 13:44:28.385818,view
U1023,P0257,2025-05-29 13:44:28.386245,view
U1810,P0082,2026-02-28 13:44:28.386507,view
U1867,P0071,2025-05-14 13:44:28.386747,view
U0323,P0320,2025-05-11 13:44:28.387139,purchase
U1409,P0184,2025-07-21 13:44:28.406001,wishlist
U1282,P0162,2025-06-05 13:44:28.407890,view
U0209,P0193,2025-08-30 13:44:28.408508,view
U1603,P0048,2026-01-07 13:44:28.408828,view
U0244,P0169,2025-06-22 13:44:28.409266,cart
U0813,P0072,2026-01-28 13:44:28.409555,view
U1690,P0322,2025-04-15 13:44:28.409822,purchase
U0514,P0290,2025-10-24 13:44:28.410216,cart
U1811,P0347,2025-08-18 13:44:28.410512,view
U1554,P0142,2026-01-19 13:44:28.410781,view
U0890,P0455,2026-03-09 13:44:28.411211,cart
U1169,P0373,2025-10-17 13:44:28.411518,view
U0967,P0494,2025-12-10 13:44:28.411788,cart
U1391,P0492,2025-09-21 13:44:28.412189,cart
U1754,P0466,2025-09-29 13:44:28.412468,cart
U1283,P0238,2025-06-18 13:44:28.412720,purchase
U1834,P0348,2025-11-09 13:44:28.412969,cart
U1090,P0498,2026-01-22 13:44:28.414927,view
U0083,P0477,2025-10-16 13:44:28.417880,view
U0696,P0002,2025-04-12 13:44:28.419891,view
U1469,P0261,2025-04-10 13:44:28.421051,cart
U1564,P0268,2025-10-20 13:44:28.421721,cart
U1749,P0059,2025-07-08 13:44:28.422039,view
U1962,P0404,2025-05-29 13:44:28.422433,view
U0447,P0114,2025-09-06 13:44:28.422685,view
U0239,P0481,2026-01-09 13:44:28.422936,cart
U1531,P0131,2025-07-21 13:44:28.423156,view
U0286,P0185,2025-12-13 13:44:28.423510,wishlist
U1085,P0152,2025-12-01 13:44:28.423775,view
U0633,P0207,2026-03-23 13:44:28.424052,wishlist
U1977,P0496,2025-10-25 13:44:28.424477,view
U0958,P0432,2025-04-26 13:44:28.424788,wishlist
U0396,P0285,2026-01-26 13:44:28.425076,view
U1470,P0495,2025-06-24 13:44:28.425384,purchase
U0991,P0492,2025-04-09 13:44:28.425909,purchase
U1313,P0225,2025-12-28 13:44:28.426240,view
U0923,P0317,2026-01-08 13:44:28.426586,view
U0891,P0098,2025-07-23 13:44:28.432088,view
U0534,P0134,2025-09-04 13:44:28.433220,view
U1903,P0181,2025-11-19 13:44:28.433893,cart
U0130,P0383,2025-10-03 13:44:28.434348,view
U1413,P0396,2025-10-27 13:44:28.434790,cart
U0390,P0381,2025-12-22 13:44:28.435107,view
U1410,P0180,2025-06-10 13:44:28.435401,wishlist
U0520,P0206,2025-05-11 13:44:28.435790,cart
U1475,P0104,2026-01-08 13:44:28.437686,view
U1460,P0312,2025-11-07 13:44:28.438347,cart
U1236,P0387,2025-12-06 13:44:28.438874,view
U0317,P0369,2025-06-16 13:44:28.439265,view
U0244,P0222,2026-01-31 13:44:28.439609,cart
U1441,P0140,2026-03-26 13:44:28.440098,purchase
U1035,P0005,2025-06-04 13:44:28.440517,view
U1822,P0040,2025-10-05 13:44:28.441145,cart
U0450,P0188,2025-11-01 13:44:28.441748,cart
U1361,P0237,2025-10-09 13:44:28.442149,view
U1043,P0404,2025-12-12 13:44:28.443415,view
U0112,P0497,2025-12-08 13:44:28.444643,purchase
U0176,P0234,2025-06-28 13:44:28.445186,cart
U0502,P0350,2026-01-23 13:44:28.445555,view
U1779,P0118,2026-02-13 13:44:28.446242,view
U1559,P0246,2025-09-15 13:44:28.449763,view
U0387,P0295,2025-07-14 13:44:28.450783,purchase
U0723,P0119,2025-04-11 13:44:28.451278,view
U0209,P0104,2026-02-07 13:44:28.452425,view
U0577,P0144,2025-12-24 13:44:28.453801,cart
U1272,P0130,2025-08-30 13:44:28.455067,cart
U1298,P0443,2025-09-24 13:44:28.455701,cart
U1791,P0042,2025-08-22 13:44:28.462268,view
U1684,P0163,2025-04-17 13:44:28.462750,view
U0150,P0491,2025-06-02 13:44:28.463485,wishlist
U0777,P0390,2025-05-22 13:44:28.464183,view
U0720,P0065,2025-08-13 13:44:28.464557,view
U1630,P0458,2025-05-20 13:44:28.464850,view
U1910,P0119,2025-09-24 13:44:28.465254,view
U1074,P0294,2025-08-14 13:44:28.465552,wishlist
U0348,P0316,2025-09-26 13:44:28.466430,view
U0469,P0462,2025-08-30 13:44:28.467097,view
U1548,P0352,2025-05-21 13:44:28.467683,purchase
U0549,P0194,2025-09-09 13:44:28.468220,cart
U1209,P0405,2025-11-18 13:44:28.469188,cart
U1868,P0372,2025-06-04 13:44:28.469677,purchase
U0429,P0038,2025-07-29 13:44:28.470099,view
U1439,P0277,2025-09-15 13:44:28.470378,view
U1076,P0486,2026-01-12 13:44:28.470636,view
U1361,P0348,2025-09-29 13:44:28.470936,view
U0285,P0140,2026-02-01 13:44:28.471305,cart
U0793,P0159,2025-09-22 13:44:28.471565,cart
U1411,P0045,2025-12-26 13:44:28.471825,wishlist
U0924,P0070,2025-05-06 13:44:28.472195,view
U1297,P0425,2025-05-02 13:44:28.472462,cart
U1518,P0252,2026-02-23 13:44:28.473946,wishlist
U1832,P0081,2026-01-12 13:44:28.474347,purchase
U0618,P0371,2026-03-16 13:44:28.474590,view
U1333,P0486,2026-01-26 13:44:28.475303,view
U1901,P0330,2025-12-31 13:44:28.475754,view
U1434,P0276,2026-03-22 13:44:28.476373,view
U0050,P0368,2025-08-21 13:44:28.476717,view
U1569,P0041,2025-08-11 13:44:28.478178,view
U0817,P0153,2026-03-13 13:44:28.478520,cart
U0400,P0294,2026-02-04 13:44:28.478886,cart
U1394,P0129,2025-12-15 13:44:28.479148,view
U0558,P0066,2025-12-11 13:44:28.479409,cart
U1052,P0007,2025-09-18 13:44:28.479912,view
U1217,P0500,2025-06-09 13:44:28.487963,cart
U1508,P0421,2025-10-20 13:44:28.488688,view
U1189,P0195,2025-09-01 13:44:28.489181,cart
U0193,P0215,2025-11-20 13:44:28.489540,view
U1459,P0104,2025-12-17 13:44:28.489857,cart
U0191,P0367,2025-11-14 13:44:28.490323,view
U0382,P0062,2026-01-25 13:44:28.490895,cart
U1787,P0268,2025-11-23 13:44:28.491125,wishlist
U0177,P0094,2026-01-17 13:44:28.491471,purchase
U0433,P0493,2026-03-09 13:44:28.493638,cart
U0858,P0446,2025-06-28 13:44:28.494192,view
U0752,P0219,2025-08-12 13:44:28.495367,purchase
U0117,P0333,2025-05-24 13:44:28.495869,view
U1055,P0294,2025-10-17 13:44:28.496276,view
U1071,P0233,2025-09-21 13:44:28.496744,wishlist
U0170,P0246,2026-01-11 13:44:28.498203,view
U1641,P0038,2025-08-06 13:44:28.498661,view
U1122,P0299,2026-03-29 13:44:28.498934,view
U1507,P0079,2025-11-29 13:44:28.499686,view
U0251,P0317,2025-12-21 13:44:28.501791,view
U0469,P0345,2025-04-14 13:44:28.502316,view
U1460,P0035,2025-08-03 13:44:28.503048,wishlist
U0533,P0383,2025-07-04 13:44:28.503824,view
U1669,P0309,2026-03-21 13:44:28.505739,view
U1536,P0054,2025-05-02 13:44:28.506344,view
U1183,P0025,2025-10-08 13:44:28.507254,cart
U0096,P0102,2025-05-24 13:44:28.508055,view
U1652,P0352,2025-05-18 13:44:28.508879,purchase
U0476,P0425,2025-08-24 13:44:28.509450,view
U1281,P0459,2026-02-19 13:44:28.509763,view
U1860,P0414,2025-04-18 13:44:28.510003,view
U0096,P0211,2025-05-18 13:44:28.510652,view
U0029,P0385,2025-10-31 13:44:28.510943,view
U1640,P0350,2026-02-20 13:44:28.511262,view
U1703,P0189,2025-06-27 13:44:28.511526,cart
U1387,P0258,2025-11-04 13:44:28.511762,view
U1595,P0308,2025-05-18 13:44:28.511990,view
U1657,P0012,2025-10-08 13:44:28.518577,purchase
U0233,P0136,2025-11-04 13:44:28.519466,view
U0888,P0495,2025-06-08 13:44:28.519923,cart
U1196,P0126,2025-05-15 13:44:28.520336,wishlist
U0886,P0265,2025-09-10 13:44:28.520895,cart
U1810,P0057,2025-06-30 13:44:28.521251,purchase
U1942,P0088,2026-02-28 13:44:28.521772,view
U1740,P0106,2025-11-26 13:44:28.522144,view
U1524,P0065,2026-01-27 13:44:28.522459,view
U0327,P0396,2026-03-18 13:44:28.522909,view
U0223,P0213,2025-12-14 13:44:28.523242,cart
U1690,P0258,2025-12-22 13:44:28.524053,view
U1053,P0129,2025-10-23 13:44:28.524283,cart
U0251,P0240,2025-04-17 13:44:28.524586,view
U1075,P0376,2025-04-06 13:44:28.524794,view
U1681,P0402,2026-02-23 13:44:28.525148,purchase
U0054,P0226,2025-11-15 13:44:28.525635,view
U1067,P0472,2025-06-18 13:44:28.526023,view
U1976,P0096,2025-10-17 13:44:28.526352,cart
U1010,P0278,2026-03-25 13:44:28.526816,view
U1890,P0312,2025-05-23 13:44:28.528016,wishlist
U1809,P0206,2025-11-03 13:44:28.528505,view
U0396,P0081,2025-05-10 13:44:28.528777,wishlist
U1602,P0383,2025-11-24 13:44:28.529017,view
U1888,P0281,2025-06-10 13:44:28.529258,view
U0387,P0175,2026-02-10 13:44:28.529595,view
U0261,P0221,2025-04-12 13:44:28.529821,cart
U1821,P0483,2025-07-19 13:44:28.530063,cart
U1040,P0328,2025-09-12 13:44:28.530437,view
U0267,P0480,2025-04-16 13:44:28.530705,cart
U0955,P0154,2025-11-10 13:44:28.530935,purchase
U1324,P0483,2025-09-06 13:44:28.531174,cart
U1372,P0388,2026-03-05 13:44:28.531508,wishlist
U1266,P0287,2025-05-06 13:44:28.531764,wishlist
U0568,P0312,2025-05-17 13:44:28.532007,view
U1398,P0009,2025-04-26 13:44:28.532248,view
U1531,P0447,2026-02-14 13:44:28.532631,cart
U0488,P0144,2025-04-16 13:44:28.533573,purchase
U0168,P0317,2025-11-12 13:44:28.533980,cart
U1850,P0218,2025-11-08 13:44:28.534488,wishlist
U1410,P0199,2025-10-18 13:44:28.534841,view
U0760,P0258,2025-08-23 13:44:28.535931,view
U0708,P0359,2025-12-20 13:44:28.541029,view
U1933,P0341,2025-07-27 13:44:28.543547,view
U1601,P0069,2025-09-03 13:44:28.544496,purchase
U1233,P0413,2025-04-24 13:44:28.544942,view
U0048,P0038,2025-09-06 13:44:28.545400,wishlist
U1114,P0209,2025-10-20 13:44:28.545733,view
U0383,P0435,2025-07-27 13:44:28.546037,view
U0301,P0149,2025-11-03 13:44:28.546490,cart
U1790,P0405,2026-03-01 13:44:28.546795,purchase
U1111,P0062,2026-02-26 13:44:28.547044,view
U0336,P0273,2026-02-20 13:44:28.547279,cart
U0585,P0336,2025-07-26 13:44:28.547666,view
U1522,P0248,2025-04-26 13:44:28.549770,view
U0330,P0266,2026-02-18 13:44:28.550436,view
U0242,P0041,2025-11-07 13:44:28.551973,view
U1087,P0038,2026-03-29 13:44:28.552546,wishlist
U0845,P0114,2025-09-12 13:44:28.553927,cart
U1697,P0343,2025-04-07 13:44:28.555987,view
U0939,P0063,2025-12-07 13:44:28.556496,view
U0829,P0482,2025-10-29 13:44:28.556777,view
U1001,P0418,2025-12-03 13:44:28.557601,view
U0802,P0460,2025-06-25 13:44:28.558774,view
U0328,P0363,2025-04-08 13:44:28.562039,view
U0316,P0159,2026-02-20 13:44:28.570881,cart
U0786,P0101,2026-01-30 13:44:28.572753,view
U0625,P0144,2025-09-16 13:44:28.573873,cart
U1270,P0312,2025-08-11 13:44:28.593718,view
U0877,P0432,2026-01-23 13:44:28.595583,cart
U0550,P0427,2025-12-04 13:44:28.596407,cart
U0451,P0036,2025-12-03 13:44:28.596791,view
U0628,P0453,2025-10-18 13:44:28.598222,view
U1309,P0474,2025-06-24 13:44:28.598586,purchase
U1872,P0276,2025-08-26 13:44:28.598918,purchase
U1924,P0464,2025-11-14 13:44:28.599642,view
U1444,P0399,2025-12-25 13:44:28.599983,view
U0733,P0164,2025-05-13 13:44:28.600367,cart
U0780,P0182,2025-10-21 13:44:28.600817,purchase
U0024,P0165,2025-10-18 13:44:28.601352,view
U1827,P0104,2026-03-26 13:44:28.601936,purchase
U1397,P0020,2025-10-22 13:44:28.602227,cart
U0990,P0184,2025-12-28 13:44:28.603298,purchase
U0138,P0392,2025-06-17 13:44:28.603972,view
U0667,P0369,2025-04-24 13:44:28.605846,wishlist
U0791,P0040,2026-03-31 13:44:28.607626,view
U0112,P0201,2025-09-12 13:44:28.608105,cart
U0885,P0227,2025-08-10 13:44:28.611288,view
U0222,P0252,2026-03-18 13:44:28.613077,view
U0705,P0027,2025-04-24 13:44:28.613661,view
U1272,P0134,2025-05-14 13:44:28.613993,view
U0294,P0325,2026-03-28 13:44:28.614278,view
U1434,P0289,2025-09-17 13:44:28.614629,wishlist
U0670,P0397,2026-01-16 13:44:28.615311,view
U1351,P0105,2025-11-06 13:44:28.616673,cart
U0211,P0354,2026-01-04 13:44:28.617990,purchase
U0920,P0257,2025-04-26 13:44:28.630975,view
U0681,P0253,2025-05-17 13:44:28.632208,view
U1387,P0163,2025-12-02 13:44:28.638591,wishlist
U1299,P0193,2025-05-14 13:44:28.639567,view
U0375,P0367,2025-09-05 13:44:28.640072,purchase
U0319,P0429,2025-08-26 13:44:28.640623,view
U0290,P0040,2026-04-01 13:44:28.641238,purchase
U1179,P0440,2026-03-07 13:44:28.641835,cart
U1466,P0151,2025-04-12 13:44:28.642100,view
U1286,P0071,2025-09-25 13:44:28.644029,view
U1550,P0169,2026-03-23 13:44:28.644448,view
U1992,P0011,2025-05-30 13:44:28.645106,view
U1749,P0371,2025-05-25 13:44:28.645555,view
U0713,P0377,2026-03-16 13:44:28.646090,cart
U0787,P0024,2025-11-02 13:44:28.646713,purchase
U1539,P0065,2025-08-06 13:44:28.649373,purchase
U1679,P0377,2025-05-08 13:44:28.649909,purchase
U1456,P0377,2025-06-03 13:44:28.650268,view
U0237,P0176,2025-05-01 13:44:28.660284,view
U1324,P0202,2025-09-29 13:44:28.661741,view
U0859,P0142,2025-07-12 13:44:28.662164,view
U0235,P0052,2026-03-15 13:44:28.663577,view
U0215,P0380,2026-01-05 13:44:28.663981,view
U1135,P0309,2025-12-13 13:44:28.664288,cart
U0107,P0320,2025-05-24 13:44:28.664826,view
U0515,P0342,2025-05-16 13:44:28.665681,view
U1722,P0483,2025-05-30 13:44:28.684344,view
U0871,P0365,2025-12-09 13:44:28.685358,view
U1073,P0171,2025-08-03 13:44:28.686396,view
U1948,P0104,2026-02-13 13:44:28.688253,view
U0984,P0050,2025-12-15 13:44:28.688777,view
U1753,P0158,2025-04-14 13:44:28.689143,view
U1823,P0110,2025-11-02 13:44:28.689615,view
U1985,P0417,2026-04-03 13:44:28.689916,view
U0420,P0179,2025-04-20 13:44:28.690187,wishlist
U1385,P0023,2025-07-08 13:44:28.690427,view
U0734,P0261,2026-03-27 13:44:28.690794,view
U1251,P0039,2025-08-17 13:44:28.691343,cart
U0405,P0047,2025-05-16 13:44:28.691723,view
U0413,P0063,2025-05-19 13:44:28.692003,view
U0743,P0265,2025-05-19 13:44:28.692363,view
U0767,P0380,2025-08-02 13:44:28.693771,view
U1776,P0123,2025-06-12 13:44:28.694429,view
U1058,P0466,2025-05-19 13:44:28.695708,view
U1389,P0205,2026-04-02 13:44:28.696603,view
U1089,P0288,2025-06-11 13:44:28.697758,view
U1611,P0133,2026-02-03 13:44:28.698342,view
U0240,P0186,2025-05-21 13:44:28.698687,view
U0840,P0175,2025-06-04 13:44:28.699059,cart
U1988,P0197,2025-12-03 13:44:28.699365,view
U0193,P0395,2025-06-07 13:44:28.700171,view
U0969,P0185,2025-12-29 13:44:28.700932,purchase
U1100,P0158,2025-09-20 13:44:28.701449,view
U1560,P0139,2025-09-24 13:44:28.702014,view
U0047,P0067,2025-11-19 13:44:28.702295,cart
U1397,P0194,2026-01-20 13:44:28.702555,view
U0148,P0195,2025-05-29 13:44:28.703886,wishlist
U0783,P0170,2025-10-24 13:44:28.712224,view
U1300,P0015,2025-10-05 13:44:28.713248,view
U0621,P0179,2026-03-23 13:44:28.713778,view
U0614,P0099,2025-06-16 13:44:28.714160,view
U0215,P0438,2026-01-27 13:44:28.714480,view
U0689,P0322,2026-02-18 13:44:28.715179,purchase
U1545,P0320,2026-01-22 13:44:28.715627,cart
U0384,P0404,2025-11-05 13:44:28.715914,view
U1723,P0429,2026-02-03 13:44:28.716251,view
U1072,P0301,2025-06-22 13:44:28.716523,wishlist
U0898,P0227,2025-07-19 13:44:28.716770,cart
U1951,P0324,2026-03-14 13:44:28.717710,view
U1122,P0204,2025-09-20 13:44:28.718137,cart
U1975,P0361,2026-03-07 13:44:28.718415,view
U0769,P0306,2025-08-02 13:44:28.719095,view
U0468,P0391,2026-01-04 13:44:28.719689,view
U0190,P0133,2025-05-06 13:44:28.720371,view
U1487,P0224,2025-04-25 13:44:28.720773,view
U1712,P0094,2025-07-22 13:44:28.721114,view
U1079,P0154,2025-10-13 13:44:28.721615,view
U1588,P0396,2025-12-14 13:44:28.721957,view
U1038,P0183,2025-04-09 13:44:28.722449,view
U1529,P0327,2025-07-19 13:44:28.722859,view
U0900,P0450,2025-04-30 13:44:28.723343,view
U1846,P0178,2025-05-04 13:44:28.723763,cart
U1341,P0175,2025-10-27 13:44:28.724062,view
U0380,P0289,2025-10-31 13:44:28.724427,purchase
U0792,P0118,2026-01-14 13:44:28.724720,view
U1822,P0096,2026-01-04 13:44:28.724991,cart
U0470,P0277,2026-01-03 13:44:28.725666,view
U0305,P0495,2026-03-19 13:44:28.726349,purchase
U1076,P0316,2025-12-14 13:44:28.728635,view
U0827,P0131,2025-07-15 13:44:28.729113,wishlist
U1787,P0189,2026-01-02 13:44:28.729394,purchase
U1200,P0150,2026-03-20 13:44:28.729654,view
U0754,P0405,2025-12-09 13:44:28.730010,wishlist
U0952,P0325,2025-06-06 13:44:28.730243,cart
U1036,P0239,2026-02-14 13:44:28.730463,view
U0240,P0092,2025-07-28 13:44:28.730681,view
U0851,P0283,2026-01-22 13:44:28.735617,view
U1814,P0329,2025-08-01 13:44:28.736138,view
U1836,P0190,2025-06-18 13:44:28.736556,view
U0667,P0499,2025-07-23 13:44:28.736807,view
U1914,P0169,2026-03-08 13:44:28.737997,view
U0444,P0180,2025-08-13 13:44:28.738596,view
U1366,P0387,2026-04-05 13:44:28.738888,view
U1057,P0159,2025-09-20 13:44:28.739271,view
U1462,P0311,2025-12-30 13:44:28.739518,view
U0622,P0435,2025-11-21 13:44:28.739759,cart
U1323,P0259,2026-03-08 13:44:28.740093,view
U1945,P0351,2025-07-02 13:44:28.740335,purchase
U1463,P0256,2025-05-21 13:44:28.740574,view
U1147,P0262,2025-11-23 13:44:28.740921,cart
U1731,P0425,2025-08-01 13:44:28.741228,view
U0676,P0302,2026-03-30 13:44:28.741472,view
U1714,P0051,2025-09-17 13:44:28.741715,view
U0625,P0198,2025-09-22 13:44:28.742104,view
U1239,P0264,2025-09-23 13:44:28.742460,purchase
U1407,P0310,2025-10-31 13:44:28.743929,wishlist
U0409,P0088,2026-02-13 13:44:28.744342,cart
U1230,P0420,2025-09-30 13:44:28.744599,purchase
U1221,P0010,2025-12-15 13:44:28.744810,cart
U1047,P0367,2026-03-06 13:44:28.745119,view
U1361,P0163,2025-04-23 13:44:28.745421,view
U0904,P0489,2026-02-11 13:44:28.745676,view
U1293,P0335,2025-05-02 13:44:28.745942,view
U1652,P0160,2026-03-10 13:44:28.746367,purchase
U0442,P0083,2026-03-22 13:44:28.746691,view
U0900,P0328,2026-01-30 13:44:28.747196,cart
U1007,P0267,2026-03-25 13:44:28.748039,purchase
U1748,P0175,2025-11-17 13:44:28.748478,view
U0016,P0034,2025-04-29 13:44:28.748901,wishlist
U0589,P0496,2025-07-27 13:44:28.749158,cart
U1970,P0241,2025-12-26 13:44:28.749434,view
U1738,P0393,2025-08-21 13:44:28.749802,cart
U0209,P0169,2025-04-20 13:44:28.750054,view
U0920,P0492,2025-09-26 13:44:28.750965,view
U0657,P0361,2025-08-28 13:44:28.751655,cart
U0971,P0268,2025-04-07 13:44:28.752073,view
U0587,P0166,2026-03-23 13:44:28.752541,view
U1275,P0497,2026-03-16 13:44:28.756047,view
U0650,P0227,2025-08-06 13:44:28.756942,view
U0838,P0111,2025-04-29 13:44:28.760726,purchase
U1082,P0313,2025-07-25 13:44:28.761630,view
U1738,P0068,2026-03-04 13:44:28.762518,purchase
U0511,P0066,2026-03-17 13:44:28.763153,view
U1322,P0289,2026-03-28 13:44:28.763762,view
U0489,P0244,2025-12-23 13:44:28.764269,view
U0211,P0088,2025-08-13 13:44:28.764547,purchase
U0094,P0210,2025-06-18 13:44:28.764801,view
U1656,P0343,2025-10-31 13:44:28.765272,view
U0713,P0091,2025-12-11 13:44:28.765587,wishlist
U1823,P0450,2025-10-27 13:44:28.765895,view
U1400,P0096,2025-08-06 13:44:28.766444,view
U1093,P0466,2026-03-28 13:44:28.766833,purchase
U1449,P0239,2025-05-11 13:44:28.767989,purchase
U1810,P0143,2025-10-03 13:44:28.768440,view
U1281,P0487,2025-06-19 13:44:28.768676,purchase
U0097,P0367,2026-03-27 13:44:28.768894,view
U1763,P0192,2026-02-06 13:44:28.769246,view
U0177,P0197,2025-07-26 13:44:28.769501,view
U0776,P0043,2025-08-07 13:44:28.769757,view
U1385,P0167,2025-09-20 13:44:28.770109,purchase
U1375,P0225,2025-05-01 13:44:28.770542,wishlist
U0089,P0186,2025-11-23 13:44:28.771473,view
U0471,P0202,2026-01-23 13:44:28.771962,cart
U1310,P0295,2025-08-20 13:44:28.772244,cart
U1108,P0117,2025-10-10 13:44:28.772905,cart
U0663,P0399,2025-11-29 13:44:28.773641,view
U1677,P0436,2026-03-29 13:44:28.773993,purchase
U0562,P0127,2025-08-11 13:44:28.774383,purchase
U0210,P0196,2026-01-01 13:44:28.774609,view
U0107,P0176,2025-05-22 13:44:28.774847,view
U0660,P0216,2025-11-09 13:44:28.778379,view
U1653,P0023,2025-11-15 13:44:28.778686,view
U1167,P0102,2025-07-06 13:44:28.779048,view
U0692,P0302,2025-05-14 13:44:28.779630,view
U1017,P0391,2025-10-31 13:44:28.782409,view
U0373,P0358,2025-12-11 13:44:28.783516,view
U0727,P0426,2025-05-06 13:44:28.784019,purchase
U0390,P0090,2026-03-14 13:44:28.784344,wishlist
U1354,P0232,2025-09-06 13:44:28.784574,view
U1567,P0499,2025-11-26 13:44:28.784945,cart
U1865,P0370,2025-05-25 13:44:28.786200,cart
U0162,P0147,2025-12-08 13:44:28.786967,view
U1641,P0470,2026-04-04 13:44:28.787503,wishlist
U1837,P0478,2025-08-15 13:44:28.787859,wishlist
U0411,P0460,2025-06-11 13:44:28.788932,view
U0680,P0203,2026-03-11 13:44:28.789839,view
U0487,P0490,2025-12-18 13:44:28.790594,view
U1239,P0072,2026-02-16 13:44:28.796392,wishlist
U0866,P0317,2025-12-01 13:44:28.798617,purchase
U0883,P0038,2025-11-04 13:44:28.799795,purchase
U0611,P0021,2025-09-27 13:44:28.800241,view
U0524,P0081,2025-11-28 13:44:28.800813,view
U1480,P0207,2026-02-26 13:44:28.801136,view
U1957,P0119,2025-08-09 13:44:28.801431,view
U1918,P0237,2025-10-11 13:44:28.801869,cart
U0383,P0412,2025-06-21 13:44:28.802266,cart
U1121,P0416,2025-04-19 13:44:28.802836,view
U1552,P0069,2026-01-02 13:44:28.803215,view
U1081,P0450,2026-03-14 13:44:28.803565,purchase
U0027,P0081,2025-11-09 13:44:28.804254,view
U1899,P0212,2026-02-16 13:44:28.805529,view
U1215,P0158,2026-02-26 13:44:28.806423,view
U0216,P0373,2026-02-21 13:44:28.811743,wishlist
U1260,P0193,2026-01-08 13:44:28.812253,view
U0393,P0069,2025-04-18 13:44:28.813131,view
U0646,P0304,2026-03-15 13:44:28.813800,cart
U1425,P0351,2026-02-13 13:44:28.814205,view
U1023,P0070,2025-09-26 13:44:28.814727,view
U1942,P0314,2025-08-10 13:44:28.815171,view
U0514,P0153,2025-12-11 13:44:28.815411,view
U0586,P0222,2025-09-25 13:44:28.815713,view
U0945,P0397,2025-12-23 13:44:28.815958,view
U0559,P0256,2025-08-15 13:44:28.816200,view
U1806,P0162,2025-08-31 13:44:28.816450,view
U1779,P0198,2025-08-24 13:44:28.816874,cart
U0218,P0499,2025-07-31 13:44:28.817549,view
U0048,P0404,2025-11-17 13:44:28.819432,purchase
U1304,P0126,2025-11-28 13:44:28.819866,cart
U0050,P0491,2025-10-03 13:44:28.820089,cart
U0368,P0315,2026-01-25 13:44:28.820327,wishlist
U1278,P0490,2026-01-18 13:44:28.820720,view
U0969,P0307,2025-12-29 13:44:28.821005,purchase
U0138,P0167,2026-01-18 13:44:28.821250,purchase
U1703,P0127,2025-06-06 13:44:28.821494,view
U1228,P0204,2025-11-16 13:44:28.821857,view
U0543,P0477,2026-02-01 13:44:28.822102,view
U0636,P0067,2025-06-30 13:44:28.822336,view
U1099,P0449,2026-01-06 13:44:28.822714,purchase
U1055,P0440,2025-04-06 13:44:28.823043,view
U1259,P0313,2025-06-10 13:44:28.823400,view
U0633,P0054,2025-05-02 13:44:28.823882,view
U0892,P0235,2025-12-18 13:44:28.824259,cart
U0939,P0446,2026-02-06 13:44:28.824734,view
U0849,P0082,2026-04-05 13:44:28.828045,cart
U1256,P0421,2026-03-29 13:44:28.828538,wishlist
U1892,P0233,2026-01-16 13:44:28.828846,cart
U0150,P0237,2026-03-14 13:44:28.829084,view
U1972,P0372,2025-06-01 13:44:28.829400,cart
U0093,P0472,2025-12-18 13:44:28.829624,cart
U1218,P0340,2025-06-04 13:44:28.829838,view
U1074,P0282,2025-10-19 13:44:28.830036,view
U0054,P0424,2026-01-17 13:44:28.830234,cart
U1832,P0037,2026-01-05 13:44:28.830564,view
U0448,P0491,2026-03-17 13:44:28.830815,view
U1923,P0060,2025-12-16 13:44:28.831045,cart
U1009,P0290,2025-05-11 13:44:28.831251,cart
U1053,P0013,2025-07-27 13:44:28.831549,view
U1791,P0200,2025-09-29 13:44:28.831759,view
U1125,P0434,2025-09-05 13:44:28.839315,view
U0072,P0173,2025-06-13 13:44:28.840031,wishlist
U0890,P0190,2026-02-25 13:44:28.841233,view
U0769,P0496,2026-01-17 13:44:28.842120,view
U1335,P0138,2025-06-13 13:44:28.843986,view
U1496,P0243,2025-12-17 13:44:28.844977,view
U1468,P0375,2025-06-19 13:44:28.845332,view
U0812,P0020,2026-03-25 13:44:28.845605,view
U1584,P0078,2025-04-26 13:44:28.846027,view
U1013,P0412,2025-10-04 13:44:28.846323,view
U1786,P0192,2026-01-05 13:44:28.846772,cart
U1058,P0323,2025-10-31 13:44:28.847425,view
U0649,P0422,2025-07-11 13:44:28.848743,view
U0280,P0369,2025-07-09 13:44:28.849099,cart
U1298,P0253,2026-01-29 13:44:28.849373,view
U1208,P0364,2025-11-03 13:44:28.852274,view
U1584,P0042,2026-03-14 13:44:28.853053,purchase
U1791,P0436,2025-09-11 13:44:28.853427,view
U1192,P0166,2025-10-27 13:44:28.853787,view
U1008,P0332,2026-03-18 13:44:28.854092,view
U0322,P0069,2026-02-02 13:44:28.854414,cart
U0267,P0057,2025-09-12 13:44:28.854724,cart
U0743,P0423,2026-02-18 13:44:28.856987,cart
U0768,P0396,2025-09-01 13:44:28.857630,view
U0423,P0315,2025-04-17 13:44:28.858292,view
U0623,P0425,2025-06-10 13:44:28.858627,cart
U0520,P0070,2025-12-31 13:44:28.859421,purchase
U0455,P0275,2025-12-12 13:44:28.860099,view
U1867,P0279,2026-03-27 13:44:28.860407,view
U1960,P0321,2025-05-27 13:44:28.860876,purchase
U0268,P0124,2025-07-30 13:44:28.861227,purchase
U0279,P0223,2025-04-23 13:44:28.867512,purchase
U0857,P0335,2025-07-22 13:44:28.870542,view
U1672,P0072,2025-05-01 13:44:28.870984,view
U1526,P0160,2026-04-03 13:44:28.871950,view
U1335,P0064,2025-08-14 13:44:28.872689,cart
U0814,P0319,2025-09-22 13:44:28.873513,cart
U1217,P0326,2025-06-18 13:44:28.873932,cart
U1187,P0260,2025-09-03 13:44:28.874520,cart
U1202,P0137,2025-06-17 13:44:28.876047,view
U0866,P0462,2025-07-30 13:44:28.878026,wishlist
U0996,P0466,2025-06-10 13:44:28.879108,cart
U0987,P0070,2025-04-10 13:44:28.880068,cart
U0388,P0320,2026-02-01 13:44:28.880691,view
U1919,P0099,2025-04-13 13:44:28.881621,cart
U0781,P0116,2025-04-10 13:44:28.883875,view
U1332,P0156,2026-03-28 13:44:28.885439,view
U0073,P0051,2025-08-06 13:44:28.886377,view
U1248,P0490,2025-08-16 13:44:28.890534,purchase
U1574,P0273,2025-11-28 13:44:28.892326,view
U1803,P0243,2026-03-23 13:44:28.893864,cart
U0888,P0086,2025-09-28 13:44:28.894395,view
U0824,P0320,2025-04-08 13:44:28.894694,view
U1389,P0232,2025-05-23 13:44:28.894933,view
U0066,P0197,2025-06-14 13:44:28.898437,view
U1586,P0471,2026-04-06 13:44:28.901711,view
U1138,P0027,2026-02-06 13:44:28.902875,view
U0733,P0208,2025-05-10 13:44:28.903758,cart
U0761,P0498,2025-10-19 13:44:28.904872,view
U1025,P0419,2025-09-15 13:44:28.905457,view
U0007,P0156,2025-04-21 13:44:28.906459,purchase
U0605,P0137,2026-03-31 13:44:28.907836,view
U0947,P0236,2025-05-06 13:44:28.908343,wishlist
U1315,P0428,2025-08-02 13:44:28.909007,view
U1491,P0477,2026-02-28 13:44:28.911916,cart
U1740,P0470,2025-05-30 13:44:28.913512,view
U1452,P0375,2025-06-01 13:44:28.914219,view
U0141,P0362,2025-11-25 13:44:28.914536,cart
U1386,P0089,2025-05-17 13:44:28.915138,view
U1153,P0128,2025-05-28 13:44:28.915612,view
U0567,P0086,2026-02-05 13:44:28.915892,view
U1695,P0231,2025-04-13 13:44:28.916313,cart
U0459,P0087,2026-03-14 13:44:28.917926,view
U0776,P0398,2026-03-02 13:44:28.918377,view
U1969,P0244,2025-04-26 13:44:28.918649,view
U1058,P0461,2026-03-10 13:44:28.919396,cart
U0225,P0277,2025-12-13 13:44:28.919710,cart
U0959,P0319,2025-11-30 13:44:28.919961,view
U0559,P0471,2025-10-17 13:44:28.920343,view
U1279,P0370,2026-01-04 13:44:28.920928,cart
U1542,P0019,2026-01-28 13:44:28.921429,view
U0851,P0195,2025-06-15 13:44:28.921701,view
U1490,P0413,2025-11-04 13:44:28.922420,purchase
U0224,P0367,2026-01-16 13:44:28.923739,purchase
U0645,P0033,2026-03-18 13:44:28.924037,view
U0232,P0290,2025-05-08 13:44:28.924956,view
U1488,P0254,2026-02-19 13:44:28.925680,view
U0895,P0308,2026-01-21 13:44:28.927178,view
U0674,P0245,2025-09-25 13:44:28.928537,view
U1502,P0059,2025-12-29 13:44:28.928888,cart
U0766,P0309,2025-05-09 13:44:28.930227,cart
U0279,P0181,2025-10-12 13:44:28.930601,cart
U0030,P0452,2026-02-24 13:44:28.930883,view
U1012,P0247,2025-08-04 13:44:28.931299,view
U0923,P0137,2026-03-12 13:44:28.931688,view
U1111,P0180,2025-05-09 13:44:28.932442,view
U0339,P0375,2025-12-20 13:44:28.933636,view
U0678,P0398,2025-05-29 13:44:28.934080,purchase
U0515,P0053,2025-12-21 13:44:28.934366,view
U1585,P0429,2025-10-01 13:44:28.934636,cart
U0803,P0239,2025-11-30 13:44:28.935550,purchase
U1446,P0356,2026-02-08 13:44:28.935953,view
U1020,P0212,2025-05-26 13:44:28.938787,view
U0669,P0323,2025-11-26 13:44:28.940096,view
U1145,P0242,2025-04-24 13:44:28.943893,view
U0541,P0342,2026-02-24 13:44:28.947883,purchase
U1606,P0254,2025-12-24 13:44:28.949245,cart
U0450,P0222,2025-08-12 13:44:28.950287,view
U1229,P0033,2026-01-24 13:44:28.950919,view
U1777,P0478,2025-08-15 13:44:28.951472,view
U1271,P0133,2026-01-29 13:44:28.951956,view
U1965,P0059,2025-07-06 13:44:28.952346,wishlist
U1043,P0481,2025-04-26 13:44:28.952872,wishlist
U0679,P0465,2025-09-28 13:44:28.953239,view
U1837,P0175,2025-12-02 13:44:28.953736,purchase
U1959,P0311,2026-02-24 13:44:28.955141,cart
U0318,P0029,2025-10-01 13:44:28.955752,view
U1763,P0104,2026-02-07 13:44:28.956127,view
U1966,P0235,2025-06-27 13:44:28.957133,view
U0842,P0115,2025-09-23 13:44:28.958046,purchase
U1450,P0400,2026-03-31 13:44:28.958591,view
U1337,P0185,2025-12-11 13:44:28.960934,view
U1530,P0048,2026-02-15 13:44:28.961527,view
U0654,P0066,2026-03-17 13:44:28.961832,purchase
U0501,P0406,2025-07-28 13:44:28.962170,wishlist
U1033,P0465,2025-04-14 13:44:28.962586,cart
U1152,P0284,2025-04-12 13:44:28.962870,view
U1504,P0212,2026-03-21 13:44:28.963194,purchase
U1673,P0367,2025-09-10 13:44:28.963745,wishlist
U0367,P0318,2025-12-18 13:44:28.964814,cart
U1875,P0359,2026-02-24 13:44:28.965311,view
U0167,P0301,2025-07-19 13:44:28.965623,view
U1529,P0469,2026-02-28 13:44:28.965871,cart
U0516,P0313,2025-11-12 13:44:28.966346,purchase
U1905,P0491,2025-08-21 13:44:28.967035,view
U0422,P0153,2025-07-20 13:44:28.967410,view
U1882,P0415,2025-05-25 13:44:28.967688,purchase
U0331,P0371,2025-05-31 13:44:28.968496,view
U1963,P0438,2026-01-29 13:44:28.968867,view
U0574,P0119,2025-09-20 13:44:28.969108,purchase
U0288,P0156,2025-07-11 13:44:28.969450,view
U1486,P0467,2025-04-19 13:44:28.969676,wishlist
U0964,P0318,2025-07-20 13:44:28.969920,view
U0330,P0211,2025-08-15 13:44:28.970286,view
U0809,P0151,2025-12-11 13:44:28.970569,wishlist
U0988,P0146,2025-09-09 13:44:28.970877,cart
U1475,P0379,2025-07-12 13:44:28.971117,view
U1316,P0267,2025-11-25 13:44:28.971487,view
U1341,P0421,2025-05-15 13:44:28.972015,view
U1650,P0355,2025-12-22 13:44:28.972466,view
U0645,P0182,2025-05-17 13:44:28.973000,cart
U1703,P0176,2025-04-29 13:44:28.973626,view
U0487,P0198,2025-06-13 13:44:28.973922,view
U0870,P0086,2025-12-01 13:44:28.974162,purchase
U1563,P0346,2025-09-12 13:44:28.974489,view
U1250,P0304,2025-09-05 13:44:28.974713,view
U0364,P0457,2025-12-04 13:44:28.974936,cart
U1429,P0419,2025-05-28 13:44:28.975947,view
U1400,P0157,2025-05-02 13:44:28.977174,cart
U1741,P0439,2026-02-23 13:44:28.977644,purchase
U0784,P0361,2025-06-15 13:44:28.977933,view
U1475,P0249,2026-02-25 13:44:28.978306,view
U0173,P0498,2025-05-25 13:44:28.978753,view
U0869,P0074,2025-09-10 13:44:28.979100,view
U0816,P0095,2025-07-21 13:44:28.979938,view
U0109,P0468,2025-05-24 13:44:28.980516,cart
U1784,P0279,2025-12-16 13:44:28.981014,view
U1773,P0302,2025-11-25 13:44:28.983612,view
U0309,P0376,2025-05-27 13:44:28.984125,view
U1904,P0228,2025-07-26 13:44:28.985743,purchase
U1210,P0067,2025-08-21 13:44:28.986087,view
U0385,P0071,2025-08-12 13:44:28.986481,view
U1870,P0334,2026-02-24 13:44:28.987090,view
U1064,P0333,2025-06-06 13:44:28.987660,view
U1401,P0009,2025-08-28 13:44:28.987928,view
U0258,P0128,2026-01-27 13:44:28.988600,view
U0704,P0079,2026-02-08 13:44:28.988926,view
U1774,P0344,2025-05-03 13:44:28.989146,view
U0933,P0070,2025-07-25 13:44:28.989507,purchase
U0817,P0246,2025-09-28 13:44:28.989707,view
U1422,P0019,2025-05-03 13:44:28.989945,wishlist
U0156,P0344,2025-08-25 13:44:28.990220,view
U0704,P0393,2025-12-29 13:44:28.990683,view
U0410,P0291,2025-11-28 13:44:28.991628,cart
U0287,P0200,2025-04-29 13:44:28.992216,view
U0167,P0266,2025-10-26 13:44:28.992778,cart
U1072,P0301,2025-05-27 13:44:28.993174,wishlist
U1191,P0203,2025-04-28 13:44:28.993566,view
U1167,P0495,2025-08-29 13:44:28.994026,wishlist
U0949,P0471,2025-09-14 13:44:28.994370,cart
U1014,P0330,2025-10-17 13:44:28.994806,view
U1506,P0237,2026-03-12 13:44:28.995178,purchase
U1924,P0320,2025-04-13 13:44:28.998308,wishlist
U0901,P0237,2025-06-18 13:44:28.999434,view
U0853,P0489,2025-11-12 13:44:29.001618,view
U1983,P0261,2025-12-08 13:44:29.003067,wishlist
U1086,P0206,2025-06-21 13:44:29.005747,wishlist
U1819,P0235,2025-04-19 13:44:29.006462,view
U1970,P0219,2025-10-28 13:44:29.007074,view
U1771,P0336,2025-06-04 13:44:29.007949,view
U1883,P0357,2025-08-24 13:44:29.008289,wishlist
U1426,P0086,2025-07-03 13:44:29.008599,cart
U0403,P0344,2025-08-08 13:44:29.009118,view
U1085,P0153,2025-08-09 13:44:29.009719,view
U1543,P0219,2025-12-16 13:44:29.010728,view
U1723,P0042,2025-08-05 13:44:29.011771,view
U0782,P0336,2025-09-04 13:44:29.012907,view
U1584,P0029,2026-04-03 13:44:29.013300,view
U1416,P0192,2025-07-02 13:44:29.013719,view
U0528,P0366,2026-02-02 13:44:29.014042,view
U0875,P0149,2025-12-05 13:44:29.015191,view
U1746,P0452,2026-02-22 13:44:29.015791,view
U0035,P0277,2025-07-19 13:44:29.016114,view
U0227,P0312,2025-07-25 13:44:29.016400,cart
U0614,P0247,2026-03-07 13:44:29.018168,cart
U0519,P0194,2026-03-31 13:44:29.018676,view
U0763,P0246,2025-05-26 13:44:29.019119,view
U1447,P0244,2025-11-30 13:44:29.019501,wishlist
U0479,P0381,2025-12-13 13:44:29.019807,view
U0750,P0314,2025-05-01 13:44:29.020271,wishlist
U1871,P0143,2026-01-29 13:44:29.020590,view
U0587,P0211,2025-08-03 13:44:29.021150,view
U0748,P0382,2026-03-26 13:44:29.021590,view
U1985,P0269,2026-03-23 13:44:29.024061,view
U0262,P0440,2025-05-25 13:44:29.024381,cart
U1296,P0272,2025-10-03 13:44:29.024716,cart
U1341,P0115,2025-09-28 13:44:29.025287,view
U1882,P0196,2025-04-07 13:44:29.025758,wishlist
U0264,P0227,2026-03-31 13:44:29.026106,view
U1091,P0402,2026-02-09 13:44:29.026415,view
U0710,P0379,2025-11-14 13:44:29.026870,view
U1716,P0011,2025-11-02 13:44:29.030258,view
U0735,P0409,2026-01-11 13:44:29.035634,view
U1851,P0339,2025-08-16 13:44:29.036568,view
U0038,P0154,2025-07-10 13:44:29.040110,purchase
U1450,P0390,2025-10-12 13:44:29.041230,view
U1448,P0398,2026-01-14 13:44:29.044007,view
U1191,P0381,2025-07-10 13:44:29.044452,view
U0971,P0145,2025-06-18 13:44:29.044786,wishlist
U1223,P0130,2025-08-28 13:44:29.045654,view
U1702,P0222,2025-12-08 13:44:29.049280,cart
U0638,P0360,2025-07-24 13:44:29.049967,view
U1351,P0109,2025-10-25 13:44:29.050779,view
U1265,P0461,2026-03-24 13:44:29.051863,purchase
U1733,P0194,2025-06-05 13:44:29.053791,cart
U0638,P0065,2026-03-10 13:44:29.054715,view
U0895,P0297,2026-01-13 13:44:29.055534,view
U1237,P0040,2025-05-18 13:44:29.055903,view
U0003,P0236,2025-08-12 13:44:29.057932,view
U1048,P0199,2025-07-09 13:44:29.070510,view
U0208,P0348,2026-03-15 13:44:29.071037,view
U1624,P0491,2026-02-02 13:44:29.072371,purchase
U0286,P0410,2025-07-14 13:44:29.072950,view
U0105,P0436,2026-03-30 13:44:29.073555,wishlist
U0007,P0139,2025-08-03 13:44:29.073921,purchase
U1952,P0137,2025-11-16 13:44:29.074401,view
U1124,P0495,2025-06-20 13:44:29.074782,view
U1139,P0409,2025-09-12 13:44:29.075137,cart
U0181,P0236,2025-06-27 13:44:29.076287,cart
U0232,P0014,2025-11-17 13:44:29.077186,cart
U0310,P0322,2025-06-27 13:44:29.077621,purchase
U0303,P0033,2025-08-23 13:44:29.078742,view
U1725,P0131,2025-06-02 13:44:29.080395,view
U1883,P0173,2025-08-29 13:44:29.081556,view
U1431,P0307,2025-12-07 13:44:29.081925,wishlist
U1220,P0176,2025-11-18 13:44:29.084297,view
U1186,P0075,2025-06-07 13:44:29.085022,view
U1485,P0121,2025-06-20 13:44:29.085381,cart
U1872,P0210,2025-08-23 13:44:29.085653,view
U0093,P0006,2025-11-01 13:44:29.086073,view
U1176,P0085,2025-04-06 13:44:29.086379,view
U1659,P0224,2025-10-27 13:44:29.086722,cart
U1437,P0305,2025-07-07 13:44:29.087112,purchase
U1375,P0278,2025-12-30 13:44:29.087373,cart
U1974,P0468,2025-05-26 13:44:29.087619,view
U0400,P0406,2026-02-17 13:44:29.087987,purchase
U1301,P0214,2025-05-10 13:44:29.088293,view
U0653,P0148,2025-07-30 13:44:29.088634,view
U0408,P0464,2025-06-15 13:44:29.089462,cart
U0995,P0404,2025-04-19 13:44:29.090093,cart
U1252,P0224,2026-02-25 13:44:29.090815,cart
U1613,P0351,2025-11-24 13:44:29.101594,cart
U1358,P0289,2025-07-25 13:44:29.102374,wishlist
U1631,P0013,2025-10-25 13:44:29.102782,wishlist
U1471,P0161,2026-04-04 13:44:29.103014,view
U0202,P0421,2025-08-20 13:44:29.103931,purchase
U1691,P0283,2026-01-01 13:44:29.104521,view
U0278,P0023,2025-12-23 13:44:29.104849,view
U0764,P0065,2025-05-13 13:44:29.105260,cart
U0753,P0154,2025-07-25 13:44:29.105806,cart
U1043,P0322,2025-12-13 13:44:29.106174,view
U1401,P0177,2025-07-25 13:44:29.106670,view
U1783,P0266,2026-01-03 13:44:29.107097,view
U1252,P0283,2025-07-13 13:44:29.107638,cart
U0226,P0010,2025-10-28 13:44:29.108036,view
U1693,P0091,2026-01-25 13:44:29.108363,view
U1155,P0229,2025-06-25 13:44:29.108818,view
U1045,P0430,2025-04-18 13:44:29.109160,wishlist
U0709,P0143,2025-07-05 13:44:29.109545,view
U0066,P0080,2026-02-22 13:44:29.109816,view
U1754,P0154,2025-07-20 13:44:29.110076,view
U1818,P0233,2025-06-23 13:44:29.110623,view
U0247,P0402,2025-11-30 13:44:29.110960,view
U1665,P0468,2025-12-13 13:44:29.111335,view
U0092,P0153,2025-09-17 13:44:29.111872,cart
U0252,P0486,2025-08-24 13:44:29.112238,purchase
U1061,P0002,2026-03-24 13:44:29.112721,view
U0304,P0163,2025-06-02 13:44:29.113072,view
U0384,P0016,2025-10-17 13:44:29.113593,view
U0725,P0202,2025-08-31 13:44:29.113905,wishlist
U0666,P0092,2025-12-21 13:44:29.114233,wishlist
U1188,P0071,2025-12-06 13:44:29.114705,view
U1760,P0328,2025-04-21 13:44:29.115033,wishlist
U1036,P0436,2025-07-11 13:44:29.115445,view
U0384,P0120,2025-08-22 13:44:29.115729,view
U1233,P0081,2025-09-25 13:44:29.115992,view
U0871,P0317,2025-11-01 13:44:29.116354,cart
U0277,P0073,2025-06-05 13:44:29.116631,view
U1611,P0425,2025-04-09 13:44:29.116898,view
U0522,P0272,2025-06-16 13:44:29.117196,cart
U1664,P0289,2026-01-03 13:44:29.117618,view
U0534,P0428,2025-04-15 13:44:29.117940,view
U1470,P0114,2026-01-16 13:44:29.118270,wishlist
U1996,P0177,2025-04-25 13:44:29.118774,cart
U0922,P0337,2025-08-19 13:44:29.119130,cart
U0950,P0143,2026-03-06 13:44:29.122590,cart
U1147,P0227,2025-08-08 13:44:29.123141,view
U1829,P0205,2025-11-16 13:44:29.125248,wishlist
U1273,P0354,2025-12-17 13:44:29.127828,view
U1781,P0227,2025-04-24 13:44:29.129065,view
U1757,P0245,2025-12-29 13:44:29.129556,purchase
U0082,P0299,2025-06-04 13:44:29.129868,view
U1838,P0426,2025-05-16 13:44:29.130580,view
U0192,P0222,2026-03-28 13:44:29.131361,view
U0529,P0389,2026-01-17 13:44:29.131922,view
U1735,P0267,2025-05-09 13:44:29.132502,cart
U1359,P0286,2025-08-21 13:44:29.132961,view
U0752,P0218,2025-12-10 13:44:29.133511,cart
U1893,P0029,2025-11-15 13:44:29.133909,view
U1286,P0394,2026-03-21 13:44:29.137768,wishlist
U1291,P0023,2025-12-23 13:44:29.138343,wishlist
U1295,P0405,2026-03-26 13:44:29.138648,purchase
U0418,P0079,2025-07-12 13:44:29.138903,view
U0508,P0285,2025-12-08 13:44:29.139291,view
U1618,P0113,2026-01-16 13:44:29.139598,cart
U0866,P0214,2026-01-08 13:44:29.141877,wishlist
U0588,P0028,2025-04-22 13:44:29.142527,view
U0101,P0387,2026-03-14 13:44:29.142889,wishlist
U0633,P0009,2026-02-28 13:44:29.144830,purchase
U0693,P0405,2026-03-28 13:44:29.147917,purchase
U1803,P0348,2025-10-23 13:44:29.148563,view
U1686,P0201,2025-07-01 13:44:29.148957,cart
U0414,P0269,2025-12-31 13:44:29.159640,wishlist
U0875,P0143,2025-08-02 13:44:29.160639,purchase
U0185,P0233,2025-12-08 13:44:29.161111,wishlist
U0622,P0161,2026-01-18 13:44:29.161526,view
U1018,P0176,2026-02-23 13:44:29.161778,purchase
U0218,P0312,2025-05-22 13:44:29.162017,view
U1677,P0200,2025-07-17 13:44:29.162338,cart
U1232,P0485,2025-07-18 13:44:29.162606,purchase
U1531,P0247,2025-08-24 13:44:29.162848,wishlist
U1493,P0040,2025-09-18 13:44:29.163095,view
U1142,P0046,2025-11-01 13:44:29.163462,wishlist
U1043,P0021,2025-12-15 13:44:29.166048,purchase
U1745,P0150,2025-12-27 13:44:29.166769,view
U0388,P0258,2026-01-14 13:44:29.167189,view
U1361,P0189,2025-08-28 13:44:29.167571,cart
U0953,P0300,2025-12-31 13:44:29.168045,view
U0571,P0475,2025-06-27 13:44:29.168363,view
U0703,P0046,2025-11-16 13:44:29.168842,view
U1375,P0116,2026-02-27 13:44:29.169189,view
U1142,P0353,2026-04-03 13:44:29.169595,view
U0186,P0401,2025-08-11 13:44:29.170598,view
U0001,P0413,2025-11-29 13:44:29.170999,view
U0672,P0240,2025-06-21 13:44:29.171317,purchase
U1233,P0128,2025-05-22 13:44:29.172056,wishlist
U1512,P0130,2025-05-03 13:44:29.172346,view
U0930,P0443,2025-05-17 13:44:29.172861,cart
U1615,P0490,2025-05-07 13:44:29.173118,cart
U0068,P0193,2025-10-06 13:44:29.173538,view
U1168,P0338,2025-07-17 13:44:29.173785,cart
U1508,P0423,2025-10-09 13:44:29.174144,purchase
U0974,P0258,2026-03-10 13:44:29.174512,view
U1829,P0249,2025-06-13 13:44:29.174745,cart
U0677,P0128,2025-10-11 13:44:29.174982,cart
U1070,P0383,2026-03-27 13:44:29.175216,view
U1428,P0112,2025-08-27 13:44:29.175680,view
U0579,P0436,2025-05-30 13:44:29.175962,purchase
U0107,P0106,2025-09-08 13:44:29.176240,view
U0501,P0327,2025-06-05 13:44:29.176626,view
U1509,P0146,2025-04-12 13:44:29.177135,view
U1176,P0298,2025-07-16 13:44:29.177460,view
U1021,P0441,2025-10-21 13:44:29.185761,view
U1326,P0307,2025-08-09 13:44:29.186479,view
U0538,P0393,2025-04-22 13:44:29.187891,cart
U1518,P0027,2025-11-16 13:44:29.189671,view
U0639,P0383,2025-06-26 13:44:29.190056,view
U0554,P0293,2025-05-23 13:44:29.190255,view
U1033,P0435,2025-07-01 13:44:29.192263,view
U1026,P0279,2025-04-28 13:44:29.194952,view
U1299,P0259,2025-12-03 13:44:29.195525,view
U1448,P0330,2025-05-10 13:44:29.196207,view
U1948,P0035,2025-08-10 13:44:29.196630,purchase
U1080,P0268,2025-09-11 13:44:29.197354,purchase
U0781,P0371,2025-07-18 13:44:29.197804,view
U1828,P0345,2025-06-24 13:44:29.198278,view
U1133,P0021,2026-03-12 13:44:29.198615,view
U1642,P0339,2025-11-19 13:44:29.199081,view
U0120,P0431,2025-05-23 13:44:29.199387,view
U0446,P0386,2025-07-05 13:44:29.199723,view
U1534,P0336,2026-01-12 13:44:29.200888,cart
U1768,P0243,2025-11-15 13:44:29.201235,view
U0979,P0163,2026-01-15 13:44:29.201807,view
U0810,P0156,2025-05-13 13:44:29.202194,view
U0887,P0301,2025-12-30 13:44:29.202545,cart
U0386,P0108,2025-12-12 13:44:29.203077,view
U0547,P0237,2025-12-11 13:44:29.203418,wishlist
U0110,P0149,2025-08-11 13:44:29.204344,view
U0189,P0293,2025-12-18 13:44:29.205748,view
U0088,P0439,2025-11-01 13:44:29.206388,view
U1810,P0035,2025-10-24 13:44:29.207492,cart
U1608,P0066,2025-11-19 13:44:29.208127,view
U1757,P0048,2025-09-04 13:44:29.209688,view
U1921,P0249,2025-05-31 13:44:29.210130,view
U0288,P0403,2025-12-03 13:44:29.210411,cart
U0050,P0190,2025-05-09 13:44:29.211084,cart
U1182,P0451,2026-02-24 13:44:29.211404,wishlist
U0964,P0333,2025-11-30 13:44:29.212903,view
U1647,P0348,2025-08-26 13:44:29.213786,view
U0157,P0263,2025-10-26 13:44:29.214388,view
U1250,P0308,2025-11-16 13:44:29.215868,purchase
U0777,P0421,2025-12-19 13:44:29.217298,view
U1234,P0466,2025-11-09 13:44:29.218176,purchase
U1935,P0426,2025-12-04 13:44:29.218648,cart
U0941,P0411,2025-10-19 13:44:29.219234,view
U1680,P0128,2025-07-04 13:44:29.219631,wishlist
U0823,P0429,2025-05-20 13:44:29.220024,purchase
U1560,P0020,2026-03-13 13:44:29.220525,view
U0917,P0201,2025-11-28 13:44:29.220920,view
U1718,P0431,2025-07-01 13:44:29.221499,view
U0356,P0014,2025-07-17 13:44:29.221868,view
U1214,P0071,2025-11-27 13:44:29.222358,cart
U0014,P0450,2025-10-05 13:44:29.222779,view
U1416,P0403,2025-11-17 13:44:29.223282,wishlist
U1210,P0291,2025-04-26 13:44:29.223644,cart
U1037,P0413,2025-07-29 13:44:29.223974,view
U0218,P0415,2025-07-13 13:44:29.224425,view
U0514,P0360,2026-02-05 13:44:29.224806,wishlist
U1271,P0274,2025-09-22 13:44:29.225247,cart
U0406,P0264,2025-09-07 13:44:29.225598,cart
U0175,P0232,2025-12-06 13:44:29.225943,view
U1621,P0348,2025-09-23 13:44:29.226421,wishlist
U1872,P0049,2026-03-03 13:44:29.226832,view
U0642,P0055,2025-06-20 13:44:29.227692,cart
U0118,P0087,2025-05-02 13:44:29.231645,view
U1298,P0263,2025-05-16 13:44:29.232185,cart
U1019,P0404,2025-07-06 13:44:29.232466,view
U0671,P0025,2026-01-06 13:44:29.232710,view
U0597,P0216,2025-05-06 13:44:29.233103,cart
U0816,P0234,2025-06-02 13:44:29.233395,view
U1782,P0358,2025-07-24 13:44:29.233683,view
U0421,P0027,2026-03-19 13:44:29.234181,wishlist
U1640,P0041,2025-09-12 13:44:29.235350,view
U1456,P0452,2025-04-30 13:44:29.235975,view
U1474,P0085,2025-12-13 13:44:29.238138,view
U1935,P0229,2025-10-16 13:44:29.240934,cart
U0480,P0367,2025-10-11 13:44:29.242301,view
U1878,P0366,2025-11-10 13:44:29.245060,view
U1016,P0128,2026-02-11 13:44:29.246544,purchase
U0305,P0232,2025-10-22 13:44:29.247092,cart
U0239,P0356,2025-09-17 13:44:29.249145,cart
U1038,P0122,2025-12-28 13:44:29.250143,view
U0924,P0113,2025-09-01 13:44:29.251134,view
U1529,P0306,2026-01-17 13:44:29.251663,view
U0291,P0017,2025-06-07 13:44:29.252315,purchase
U1652,P0060,2025-11-27 13:44:29.252808,cart
U1860,P0010,2025-09-20 13:44:29.253079,cart
U0939,P0497,2026-04-03 13:44:29.253324,view
U0619,P0159,2026-01-21 13:44:29.255355,view
U1745,P0242,2025-05-28 13:44:29.256064,view
U1863,P0308,2025-07-15 13:44:29.256666,view
U1009,P0265,2025-07-13 13:44:29.261534,view
U0375,P0348,2025-12-09 13:44:29.262145,wishlist
U1950,P0211,2025-06-20 13:44:29.263369,cart
U1924,P0103,2025-06-15 13:44:29.265504,view
U1646,P0275,2025-09-18 13:44:29.266178,view
U1834,P0123,2025-09-08 13:44:29.266680,view
U0793,P0279,2025-07-23 13:44:29.267131,view
U1587,P0362,2025-04-12 13:44:29.267392,cart
U1550,P0102,2026-03-01 13:44:29.267689,view
U0793,P0193,2025-06-06 13:44:29.269525,view
U1836,P0076,2025-04-13 13:44:29.270086,wishlist
U1848,P0074,2025-12-16 13:44:29.270424,view
U1801,P0147,2025-05-29 13:44:29.270710,purchase
U0560,P0074,2025-07-21 13:44:29.270987,wishlist
U0591,P0080,2025-06-21 13:44:29.271679,view
U1970,P0221,2025-11-09 13:44:29.272298,wishlist
U0151,P0486,2026-02-14 13:44:29.272692,cart
U0751,P0447,2025-05-11 13:44:29.273227,view
U1472,P0378,2026-01-14 13:44:29.273625,view
U0372,P0335,2025-09-16 13:44:29.273925,cart
U1950,P0488,2025-08-16 13:44:29.274248,wishlist
U0185,P0231,2025-07-21 13:44:29.274498,view
U1531,P0255,2025-07-04 13:44:29.275077,wishlist
U0044,P0013,2025-11-29 13:44:29.275460,view
U1308,P0129,2025-06-17 13:44:29.275720,view
U1252,P0400,2025-06-21 13:44:29.276085,wishlist
U0025,P0011,2026-02-11 13:44:29.276320,view
U1471,P0117,2025-11-08 13:44:29.277318,view
U0425,P0450,2025-06-10 13:44:29.277901,view
U1278,P0402,2025-04-19 13:44:29.278495,cart
U1747,P0499,2026-03-28 13:44:29.278889,view
U1011,P0427,2025-08-26 13:44:29.279223,view
U1191,P0429,2025-09-08 13:44:29.279825,view
U1840,P0275,2025-09-10 13:44:29.280254,cart
U0993,P0355,2025-10-02 13:44:29.281621,cart
U1646,P0260,2025-11-08 13:44:29.282082,cart
U0335,P0177,2025-10-18 13:44:29.282450,view
U1399,P0363,2026-03-13 13:44:29.282726,view
U1689,P0024,2025-12-24 13:44:29.282978,view
U1745,P0374,2026-02-14 13:44:29.298902,view
U1648,P0423,2026-02-06 13:44:29.299695,view
U1121,P0015,2025-09-21 13:44:29.300088,cart
U0661,P0347,2025-05-30 13:44:29.300768,cart
U1581,P0286,2026-02-16 13:44:29.301047,purchase
U1709,P0212,2025-09-16 13:44:29.301265,view
U1358,P0062,2026-02-09 13:44:29.301593,cart
U0595,P0420,2026-03-23 13:44:29.301836,purchase
U0760,P0178,2026-01-23 13:44:29.302065,view
U0968,P0200,2026-01-25 13:44:29.302389,view
U0676,P0294,2025-11-07 13:44:29.304449,purchase
U1624,P0151,2026-02-24 13:44:29.338464,cart
U1698,P0308,2025-12-06 13:44:29.339335,view
U0868,P0039,2025-11-28 13:44:29.339805,view
U0333,P0368,2025-08-10 13:44:29.340256,cart
U1126,P0051,2025-08-29 13:44:29.341012,view
U0372,P0416,2025-06-10 13:44:29.342380,view
U1413,P0209,2025-12-13 13:44:29.343085,purchase
U0276,P0179,2025-05-26 13:44:29.343448,cart
U0331,P0495,2026-01-13 13:44:29.343947,view
U1674,P0498,2025-10-26 13:44:29.344266,cart
U0507,P0193,2026-01-07 13:44:29.344707,view
U0304,P0389,2025-04-19 13:44:29.345079,view
U0890,P0346,2025-08-30 13:44:29.345447,purchase
U1134,P0389,2025-11-17 13:44:29.346002,view
U0480,P0490,2026-01-11 13:44:29.346395,view
U0747,P0114,2025-04-29 13:44:29.346913,view
U1693,P0030,2025-12-31 13:44:29.347426,cart
U1079,P0153,2025-07-09 13:44:29.348125,view
U0395,P0103,2025-04-06 13:44:29.348453,view
U0064,P0090,2025-10-24 13:44:29.348887,cart
U1733,P0020,2025-12-02 13:44:29.349203,view
U1255,P0139,2026-03-27 13:44:29.349606,cart
U1990,P0039,2025-10-18 13:44:29.349967,view
U1658,P0240,2025-06-01 13:44:29.350343,view
U1043,P0459,2025-05-16 13:44:29.350767,view
U1733,P0419,2026-01-21 13:44:29.351115,purchase
U0743,P0344,2025-04-26 13:44:29.351467,view
U0254,P0483,2025-09-07 13:44:29.351913,wishlist
U1096,P0245,2025-05-12 13:44:29.358279,cart
U1222,P0001,2025-11-27 13:44:29.358725,view
U1612,P0086,2025-04-08 13:44:29.359060,purchase
U1751,P0377,2025-05-11 13:44:29.359502,cart
U0463,P0373,2026-03-20 13:44:29.359793,cart
U1792,P0041,2026-02-11 13:44:29.360115,view
U1662,P0179,2026-03-04 13:44:29.360482,view
U1895,P0093,2026-02-28 13:44:29.360786,view
U1838,P0337,2025-10-08 13:44:29.361068,cart
U1168,P0290,2025-09-09 13:44:29.361478,cart
U1481,P0430,2026-01-28 13:44:29.362223,view
U1753,P0430,2025-09-01 13:44:29.363154,cart
U0132,P0442,2025-12-24 13:44:29.363814,view
U0202,P0421,2025-09-20 13:44:29.364235,cart
U0986,P0061,2025-05-05 13:44:29.364471,cart
U1010,P0447,2025-11-10 13:44:29.364670,view
U0622,P0015,2025-06-01 13:44:29.364890,view
U1333,P0200,2026-02-24 13:44:29.365257,view
U1248,P0388,2025-11-26 13:44:29.365691,purchase
U1368,P0262,2026-02-03 13:44:29.365952,view
U1893,P0488,2025-10-04 13:44:29.366321,view
U0097,P0400,2025-05-26 13:44:29.366639,purchase
U1518,P0026,2025-08-31 13:44:29.366896,wishlist
U0102,P0221,2025-04-24 13:44:29.367300,cart
U1134,P0183,2026-01-15 13:44:29.367574,cart
U1028,P0370,2025-10-07 13:44:29.367808,view
U0690,P0459,2026-04-03 13:44:29.368066,view
U0424,P0299,2025-06-07 13:44:29.368445,cart
U1329,P0301,2026-01-17 13:44:29.368724,view
U0825,P0177,2025-10-04 13:44:29.369160,view
U0289,P0025,2025-09-19 13:44:29.369541,view
U1824,P0049,2025-10-05 13:44:29.369771,view
U1996,P0173,2025-08-24 13:44:29.370004,cart
U1057,P0436,2025-11-08 13:44:29.370342,view
U1184,P0259,2026-01-01 13:44:29.370582,view
U1908,P0077,2025-07-26 13:44:29.370808,view
U0531,P0318,2025-05-27 13:44:29.371038,view
U0628,P0458,2025-12-03 13:44:29.373284,view
U1130,P0462,2025-11-19 13:44:29.373819,view
U0359,P0323,2025-05-17 13:44:29.374454,cart
U0330,P0398,2025-05-06 13:44:29.374951,wishlist
U0877,P0234,2025-06-28 13:44:29.375474,purchase
U1945,P0389,2026-01-21 13:44:29.380325,cart
U1284,P0246,2026-03-04 13:44:29.381193,view
U0148,P0063,2025-05-02 13:44:29.382504,view
U1311,P0141,2025-09-09 13:44:29.384414,cart
U0418,P0468,2025-08-01 13:44:29.385130,view
U1412,P0172,2025-10-24 13:44:29.386798,view
U1703,P0136,2026-01-24 13:44:29.387426,view
U1568,P0026,2025-12-29 13:44:29.387775,purchase
U1955,P0400,2026-03-16 13:44:29.388035,view
U1845,P0198,2026-03-31 13:44:29.388378,cart
U1074,P0300,2025-12-27 13:44:29.389031,wishlist
U0874,P0408,2025-08-28 13:44:29.389743,wishlist
U1888,P0245,2025-08-22 13:44:29.390065,cart
U0950,P0268,2025-09-03 13:44:29.390428,view
U0566,P0407,2025-08-08 13:44:29.390697,view
U1723,P0077,2025-08-08 13:44:29.390940,wishlist
U1665,P0404,2025-09-18 13:44:29.391173,view
U0648,P0358,2025-06-25 13:44:29.391496,purchase
U1137,P0007,2025-12-08 13:44:29.391759,view
U0751,P0068,2025-06-20 13:44:29.391974,wishlist
U0968,P0228,2026-02-17 13:44:29.392177,cart
U1817,P0192,2025-11-15 13:44:29.392476,view
U1905,P0117,2025-10-06 13:44:29.392689,cart
U0959,P0284,2025-05-21 13:44:29.392898,view
U0636,P0430,2025-06-22 13:44:29.393139,purchase
U1873,P0253,2025-08-18 13:44:29.393482,cart
U0351,P0435,2026-02-05 13:44:29.393772,view
U0366,P0342,2025-04-19 13:44:29.394014,view
U0392,P0068,2025-10-19 13:44:29.394839,wishlist
U1858,P0244,2025-08-03 13:44:29.395410,wishlist
U0079,P0051,2025-08-20 13:44:29.395696,view
U1384,P0057,2025-08-25 13:44:29.396063,view
U0953,P0287,2026-01-08 13:44:29.396310,view
U0533,P0072,2025-04-07 13:44:29.396542,cart
U0233,P0373,2025-11-17 13:44:29.396911,view
U0572,P0241,2025-11-16 13:44:29.398705,view
U1761,P0051,2026-01-01 13:44:29.399255,view
U1052,P0224,2025-07-11 13:44:29.399556,cart
U1098,P0106,2026-03-16 13:44:29.399810,view
U0290,P0133,2025-04-21 13:44:29.400182,view
U1959,P0415,2026-03-17 13:44:29.400466,view
U1384,P0159,2025-05-29 13:44:29.400743,view
U0326,P0371,2025-12-03 13:44:29.404409,wishlist
U0719,P0250,2026-03-31 13:44:29.404834,view
U1870,P0036,2025-04-24 13:44:29.405394,view
U0603,P0178,2026-03-05 13:44:29.405727,view
U1105,P0125,2025-07-22 13:44:29.406022,view
U1246,P0140,2025-06-15 13:44:29.407664,view
U1360,P0319,2025-08-27 13:44:29.408389,cart
U1762,P0293,2025-12-12 13:44:29.409789,view
U0198,P0267,2025-09-18 13:44:29.410149,view
U1104,P0105,2025-08-10 13:44:29.410594,view
U0134,P0480,2026-03-18 13:44:29.410858,view
U1273,P0456,2026-04-04 13:44:29.412939,view
U1322,P0451,2025-04-20 13:44:29.413334,cart
U0492,P0316,2025-09-10 13:44:29.414674,view
U1945,P0010,2025-07-22 13:44:29.415030,view
U0951,P0139,2025-11-10 13:44:29.415275,view
U0628,P0329,2026-01-24 13:44:29.415598,view
U0145,P0191,2025-05-20 13:44:29.415818,view
U1094,P0433,2025-05-23 13:44:29.416067,view
U1649,P0475,2025-05-26 13:44:29.416293,view
U0449,P0286,2025-10-19 13:44:29.416692,view
U1003,P0048,2025-10-09 13:44:29.416931,view
U1041,P0480,2025-05-19 13:44:29.417157,purchase
U1163,P0322,2025-07-28 13:44:29.417538,view
U0024,P0252,2025-05-24 13:44:29.417994,view
U1348,P0250,2025-12-31 13:44:29.418264,cart
U0919,P0376,2025-09-12 13:44:29.418687,cart
U1501,P0088,2026-04-05 13:44:29.418973,wishlist
U1575,P0275,2025-06-25 13:44:29.419279,purchase
U1890,P0394,2026-02-11 13:44:29.419722,view
U1213,P0406,2025-11-10 13:44:29.419993,view
U0988,P0314,2025-10-06 13:44:29.420244,view
U1059,P0300,2025-10-14 13:44:29.420642,view
U0900,P0226,2025-10-06 13:44:29.420952,cart
U1081,P0157,2025-10-20 13:44:29.421211,view
U0900,P0021,2025-08-12 13:44:29.421584,purchase
U0882,P0389,2026-02-13 13:44:29.421823,view
U1549,P0173,2025-06-29 13:44:29.422081,view
U0488,P0412,2025-04-26 13:44:29.422383,purchase
U1582,P0026,2025-10-16 13:44:29.422890,wishlist
U0056,P0436,2025-05-20 13:44:29.423252,view
U1610,P0167,2025-04-18 13:44:29.428365,cart
U0620,P0441,2025-12-02 13:44:29.431843,purchase
U1955,P0238,2025-05-06 13:44:29.432893,wishlist
U0587,P0150,2026-02-18 13:44:29.435187,cart
U0952,P0144,2026-02-09 13:44:29.436506,wishlist
U0803,P0093,2025-08-24 13:44:29.437971,wishlist
U1269,P0098,2025-11-19 13:44:29.438364,purchase
U1870,P0367,2025-10-01 13:44:29.438750,view
U0262,P0316,2025-08-02 13:44:29.439277,cart
U0619,P0085,2026-03-24 13:44:29.440455,purchase
U0426,P0399,2026-03-02 13:44:29.441749,purchase
U0464,P0159,2025-11-14 13:44:29.442529,view
U0341,P0050,2025-09-15 13:44:29.442836,view
U1083,P0207,2025-07-15 13:44:29.443203,cart
U1951,P0066,2026-03-19 13:44:29.446145,cart
U0524,P0469,2025-07-11 13:44:29.447132,view
U0831,P0041,2025-09-27 13:44:29.447455,view
U0149,P0209,2025-11-19 13:44:29.448151,view
U1452,P0315,2026-02-01 13:44:29.448687,purchase
U0198,P0315,2026-02-07 13:44:29.449002,cart
U0460,P0212,2025-04-07 13:44:29.449228,view
U1980,P0156,2026-01-06 13:44:29.449443,view
U1379,P0353,2026-02-18 13:44:29.449768,view
U1477,P0257,2025-07-04 13:44:29.450001,cart
U1726,P0148,2026-01-28 13:44:29.450223,view
U1147,P0443,2025-05-08 13:44:29.450438,view
U1959,P0437,2025-06-25 13:44:29.450768,cart
U1946,P0235,2025-08-29 13:44:29.451055,wishlist
U1411,P0386,2025-11-29 13:44:29.451281,view
U0940,P0280,2025-05-06 13:44:29.451951,view
U0985,P0387,2025-12-02 13:44:29.452292,view
U0027,P0199,2025-11-22 13:44:29.453146,purchase
U1067,P0284,2025-04-27 13:44:29.455048,purchase
U1594,P0078,2025-10-16 13:44:29.461629,view
U0240,P0008,2025-05-14 13:44:29.462577,purchase
U0111,P0470,2025-10-24 13:44:29.463277,wishlist
U0287,P0109,2025-12-04 13:44:29.464206,purchase
U0684,P0038,2025-04-29 13:44:29.464485,view
U0610,P0218,2025-12-05 13:44:29.464807,view
U1648,P0365,2025-06-18 13:44:29.465020,view
U1041,P0283,2025-12-16 13:44:29.465833,view
U0482,P0462,2025-07-12 13:44:29.467215,cart
U1444,P0166,2025-12-18 13:44:29.467808,wishlist
U1462,P0316,2025-07-01 13:44:29.468520,view
U1726,P0286,2025-07-02 13:44:29.468991,purchase
U1875,P0200,2026-04-05 13:44:29.469293,purchase
U0253,P0435,2025-05-23 13:44:29.469716,cart
U0298,P0055,2025-08-18 13:44:29.470015,cart
U0538,P0430,2025-08-24 13:44:29.470266,cart
U0958,P0206,2025-12-22 13:44:29.470559,purchase
U0392,P0375,2025-08-18 13:44:29.470906,wishlist
U0846,P0145,2025-09-18 13:44:29.471145,view
U0546,P0204,2025-08-07 13:44:29.471350,wishlist
U1405,P0200,2026-03-22 13:44:29.471550,purchase
U1747,P0270,2026-03-05 13:44:29.472238,view
U1704,P0133,2025-07-20 13:44:29.473775,view
U0098,P0475,2025-05-28 13:44:29.477933,view
U1366,P0097,2025-06-15 13:44:29.482437,purchase
U0339,P0466,2025-11-29 13:44:29.483879,view
U1319,P0363,2025-12-10 13:44:29.484409,view
U0941,P0155,2025-07-18 13:44:29.485219,purchase
U0713,P0152,2026-04-06 13:44:29.485968,view
U0474,P0247,2026-01-02 13:44:29.486417,cart
U0786,P0293,2026-03-11 13:44:29.488391,view
U1559,P0202,2026-01-24 13:44:29.488965,view
U1881,P0099,2025-11-12 13:44:29.489306,view
U0459,P0056,2025-08-10 13:44:29.489588,view
U1303,P0047,2025-10-27 13:44:29.504710,view
U0180,P0338,2026-04-02 13:44:29.505459,view
U0979,P0300,2026-02-12 13:44:29.505796,cart
U1202,P0137,2025-04-30 13:44:29.506807,purchase
U0036,P0127,2025-06-10 13:44:29.507517,view
U1357,P0345,2025-12-28 13:44:29.508167,view
U0477,P0055,2025-06-17 13:44:29.508532,view
U0110,P0041,2025-07-26 13:44:29.510267,view
U1051,P0225,2026-02-23 13:44:29.510710,view
U0756,P0405,2025-05-29 13:44:29.511087,cart
U0122,P0442,2026-02-27 13:44:29.511376,view
U0198,P0139,2025-12-25 13:44:29.511664,view
U1891,P0322,2026-03-06 13:44:29.512031,view
U1084,P0394,2025-08-24 13:44:29.512341,cart
U0127,P0078,2025-07-08 13:44:29.512613,view
U0386,P0180,2026-02-05 13:44:29.512877,view
U1089,P0157,2025-06-16 13:44:29.513294,cart
U0690,P0259,2025-06-19 13:44:29.514418,cart
U1000,P0118,2026-03-06 13:44:29.515607,view
U0633,P0306,2025-12-24 13:44:29.516491,view
U1189,P0040,2025-12-23 13:44:29.517607,view
U0717,P0251,2025-08-08 13:44:29.519157,wishlist
U0774,P0089,2025-09-02 13:44:29.519503,cart
U1115,P0292,2025-06-05 13:44:29.519976,view
U1583,P0109,2026-03-30 13:44:29.520548,wishlist
U1716,P0207,2025-11-23 13:44:29.522478,view
U0336,P0229,2025-07-05 13:44:29.523001,cart
U0468,P0200,2026-01-28 13:44:29.524915,view
U1846,P0493,2025-05-11 13:44:29.527153,view
U1994,P0021,2026-03-09 13:44:29.529219,view
U1938,P0301,2025-09-01 13:44:29.545130,view
U1556,P0413,2025-08-18 13:44:29.546054,wishlist
U0448,P0340,2025-09-23 13:44:29.548622,view
U0372,P0155,2025-04-28 13:44:29.549747,view
U0268,P0128,2025-06-26 13:44:29.550495,view
U1783,P0118,2025-05-12 13:44:29.552757,view
U0093,P0232,2025-11-23 13:44:29.553134,view
U1771,P0341,2025-06-08 13:44:29.554649,view
U1406,P0001,2025-11-13 13:44:29.557129,view
U1828,P0133,2025-07-14 13:44:29.557648,cart
U1725,P0004,2025-06-23 13:44:29.561987,cart
U0852,P0146,2025-08-20 13:44:29.562618,view
U0555,P0173,2025-11-05 13:44:29.563070,view
U1503,P0160,2025-08-18 13:44:29.563389,purchase
U0844,P0368,2025-11-06 13:44:29.563725,view
U0590,P0014,2025-04-12 13:44:29.564783,purchase
U0011,P0151,2025-09-24 13:44:29.565806,view
U0048,P0433,2025-11-27 13:44:29.566164,view
U1748,P0365,2025-07-20 13:44:29.566391,view
U1901,P0369,2025-12-03 13:44:29.566609,view
U0514,P0058,2025-10-24 13:44:29.566900,view
U0531,P0484,2025-10-26 13:44:29.567124,view
U0852,P0113,2025-12-07 13:44:29.567371,view
U0215,P0386,2025-07-31 13:44:29.567578,wishlist
U0678,P0279,2026-02-01 13:44:29.567914,cart
U1278,P0159,2025-06-11 13:44:29.568152,view
U0892,P0271,2025-04-27 13:44:29.568395,purchase
U1898,P0032,2025-09-26 13:44:29.568629,wishlist
U1400,P0257,2025-10-27 13:44:29.569589,purchase
U1984,P0500,2025-10-26 13:44:29.571277,view
U0990,P0052,2025-04-21 13:44:29.571609,view
U1267,P0366,2025-09-29 13:44:29.574667,wishlist
U1899,P0110,2025-10-28 13:44:29.583328,view
U0645,P0033,2026-03-27 13:44:29.656232,view
U0119,P0317,2025-07-23 13:44:29.672376,view
U0828,P0377,2026-03-17 13:44:29.705244,view
U0014,P0439,2026-02-23 13:44:29.706154,view
U1640,P0157,2026-01-29 13:44:29.722659,view
U0860,P0448,2026-03-27 13:44:29.723786,wishlist
U1085,P0349,2025-06-22 13:44:29.724327,wishlist
U1657,P0114,2026-03-28 13:44:29.750025,view
U0424,P0297,2025-06-14 13:44:29.751829,view
U1337,P0007,2026-02-07 13:44:29.752468,view
U1820,P0049,2025-09-15 13:44:29.752769,view
U0426,P0263,2026-02-03 13:44:29.823116,view
U0773,P0149,2025-07-23 13:44:29.828481,view
U1496,P0480,2025-07-22 13:44:29.830787,wishlist
U0449,P0286,2026-01-30 13:44:29.836282,wishlist
U1790,P0355,2026-02-28 13:44:29.836820,view
U1754,P0266,2025-11-14 13:44:29.837223,view
U0675,P0313,2025-11-25 13:44:29.837520,view
U0018,P0489,2025-07-18 13:44:29.837770,view
U1614,P0149,2026-03-19 13:44:29.838143,wishlist
U1849,P0149,2025-11-14 13:44:29.838407,cart
U1657,P0306,2026-03-29 13:44:29.838899,wishlist
U1549,P0033,2025-07-04 13:44:29.839308,wishlist
U1876,P0457,2026-02-09 13:44:29.840448,view
U1981,P0194,2025-06-19 13:44:29.841465,cart
U1116,P0005,2026-04-03 13:44:29.842963,cart
U0651,P0220,2026-02-25 13:44:29.856822,view
U0325,P0439,2025-07-30 13:44:29.857856,view
U0403,P0488,2025-04-29 13:44:29.858560,cart
U1070,P0289,2025-10-24 13:44:29.860076,view
U0253,P0387,2025-11-22 13:44:29.861053,purchase
U0759,P0407,2025-09-10 13:44:29.861913,cart
U0377,P0351,2025-09-24 13:44:29.870705,view
U0605,P0315,2026-04-01 13:44:29.871408,purchase
U0691,P0030,2025-08-13 13:44:29.871738,view
U0988,P0408,2025-05-25 13:44:29.871978,cart
U1583,P0118,2026-01-09 13:44:29.872278,view
U0959,P0026,2025-11-17 13:44:29.899756,cart
U0469,P0140,2025-11-09 13:44:29.909546,view
U1350,P0170,2025-09-24 13:44:29.910142,view
U1698,P0295,2025-10-05 13:44:29.913661,view
U0520,P0334,2025-10-30 13:44:29.915644,purchase
U0550,P0190,2025-04-28 13:44:29.916497,cart
U1053,P0474,2025-06-21 13:44:29.917210,view
U0737,P0231,2025-05-04 13:44:29.917536,purchase
U0205,P0166,2025-04-11 13:44:29.917766,view
U1734,P0192,2025-04-23 13:44:29.917974,view
U0558,P0053,2025-04-07 13:44:29.918305,view
U0311,P0477,2026-04-06 13:44:29.921019,view
U1794,P0484,2026-01-23 13:44:29.921444,cart
U1767,P0167,2025-10-27 13:44:29.922238,view
U1747,P0352,2026-04-02 13:44:29.922581,view
U1016,P0434,2025-11-01 13:44:29.922828,cart
U0179,P0085,2025-07-23 13:44:29.923064,view
U0277,P0141,2025-06-29 13:44:29.934949,view
U0500,P0179,2025-11-05 13:44:29.936329,cart
U0256,P0002,2026-03-14 13:44:29.939075,cart
U0496,P0483,2026-04-04 13:44:29.940115,purchase
U0845,P0415,2025-11-23 13:44:29.941718,view
U1663,P0471,2025-07-02 13:44:29.942725,view
U0513,P0319,2025-10-12 13:44:29.943089,view
U1353,P0327,2025-09-09 13:44:29.943470,purchase
U1077,P0161,2025-09-16 13:44:29.943719,cart
U1631,P0342,2025-12-17 13:44:29.944429,cart
U1073,P0343,2025-07-07 13:44:29.945210,view
U0681,P0347,2026-01-16 13:44:29.945722,cart
U1134,P0431,2026-02-18 13:44:29.946036,cart
U0368,P0061,2025-07-19 13:44:29.946373,view
U1721,P0274,2026-01-27 13:44:29.946629,view
U1295,P0378,2025-11-25 13:44:29.948214,cart
U0083,P0308,2025-10-18 13:44:29.949251,wishlist
U0390,P0309,2025-06-12 13:44:29.951507,purchase
U1982,P0011,2026-03-11 13:44:29.951878,cart
U0822,P0064,2025-05-19 13:44:29.952149,wishlist
U0173,P0362,2026-03-30 13:44:29.955367,view
U1837,P0145,2025-11-11 13:44:29.955825,cart
U0075,P0317,2025-08-09 13:44:29.961122,view
U1137,P0028,2025-07-11 13:44:29.964792,cart
U1363,P0045,2025-05-29 13:44:29.966783,view
U0311,P0022,2025-08-22 13:44:29.967333,purchase
U1204,P0337,2025-05-01 13:44:29.967781,view
U0226,P0184,2025-09-13 13:44:29.968086,view
U0806,P0399,2025-05-05 13:44:29.968393,view
U0953,P0192,2026-02-24 13:44:29.968827,view
U0346,P0442,2025-09-26 13:44:29.969521,view
U1061,P0152,2025-10-10 13:44:29.970075,view
U1815,P0452,2025-05-07 13:44:29.970581,view
U1194,P0462,2025-09-04 13:44:29.971018,view
U1159,P0295,2025-05-11 13:44:29.971875,view
U1335,P0302,2025-11-07 13:44:29.972783,wishlist
U1086,P0007,2025-11-03 13:44:29.973247,view
U1354,P0104,2026-01-29 13:44:29.974315,view
U0504,P0165,2025-04-24 13:44:29.975285,wishlist
U1890,P0244,2026-02-07 13:44:29.976035,wishlist
U1315,P0425,2026-01-09 13:44:29.977636,cart
U1468,P0013,2025-10-30 13:44:29.978044,cart
U0751,P0265,2026-03-09 13:44:29.978437,view
U0700,P0168,2025-08-05 13:44:29.978727,view
U1625,P0485,2025-09-20 13:44:29.978953,view
U1425,P0181,2025-04-12 13:44:29.979175,cart
U1866,P0169,2025-06-03 13:44:29.979523,wishlist
U1339,P0157,2025-10-04 13:44:29.979794,view
U1312,P0156,2025-12-31 13:44:29.980031,view
U1993,P0076,2025-08-09 13:44:29.980274,view
U1219,P0325,2025-07-10 13:44:29.981302,view
U1079,P0469,2025-08-10 13:44:29.981768,view
U1167,P0316,2025-11-12 13:44:29.982001,view
U0020,P0446,2025-04-18 13:44:29.982214,view
U0295,P0008,2026-02-24 13:44:29.982526,view
U1501,P0055,2025-07-04 13:44:29.982749,purchase
U0063,P0098,2025-12-06 13:44:29.983014,view
U1424,P0335,2025-12-14 13:44:29.983293,cart
U1502,P0335,2025-10-04 13:44:29.985295,view
U0992,P0379,2025-08-06 13:44:29.985892,purchase
U1690,P0453,2025-09-12 13:44:29.987543,view
U1747,P0467,2025-10-02 13:44:29.987965,view
U1562,P0065,2025-11-05 13:44:29.999424,view
U0495,P0093,2025-06-04 13:44:30.008840,view
U0119,P0304,2025-05-23 13:44:30.016061,cart
U0702,P0054,2025-11-17 13:44:30.016973,cart
U1497,P0494,2025-05-09 13:44:30.017386,view
U0275,P0114,2026-01-11 13:44:30.017759,view
U0824,P0009,2025-11-08 13:44:30.018008,view
U1879,P0094,2025-12-09 13:44:30.021332,purchase
U1183,P0396,2026-01-06 13:44:30.022927,view
U0274,P0367,2025-04-25 13:44:30.040232,view
U0134,P0183,2026-03-16 13:44:30.043403,cart
U1860,P0018,2025-09-21 13:44:30.068022,view
U0861,P0023,2025-11-21 13:44:30.068532,view
U0452,P0125,2025-09-26 13:44:30.076422,purchase
U0482,P0311,2026-02-08 13:44:30.078138,view
U0360,P0257,2025-08-12 13:44:30.078717,purchase
U1142,P0291,2026-02-13 13:44:30.086248,view
U1974,P0054,2025-07-24 13:44:30.090747,wishlist
U0644,P0191,2025-09-30 13:44:30.098699,purchase
U0827,P0431,2026-01-07 13:44:30.099623,wishlist
U1106,P0188,2025-12-05 13:44:30.124972,view
U1097,P0287,2025-09-26 13:44:30.125675,view
U1850,P0336,2025-06-29 13:44:30.150074,view
U1758,P0204,2026-03-06 13:44:30.165927,view
U0469,P0059,2025-08-31 13:44:30.167249,view
U0945,P0303,2025-07-07 13:44:30.188918,view
U0026,P0285,2026-02-28 13:44:30.219978,view
U1123,P0184,2025-12-31 13:44:30.220759,wishlist
U0412,P0208,2025-05-03 13:44:30.221134,view
U1282,P0464,2025-12-20 13:44:30.221648,purchase
U0534,P0118,2025-08-05 13:44:30.247996,view
U0869,P0217,2025-05-05 13:44:30.248813,view
U0870,P0247,2025-08-19 13:44:30.249466,purchase
U1879,P0405,2025-06-01 13:44:30.260516,cart
U1392,P0101,2026-01-20 13:44:30.261291,cart
U0268,P0310,2025-10-28 13:44:30.268700,wishlist
U0103,P0243,2025-07-30 13:44:30.269420,view
U1555,P0287,2025-12-26 13:44:30.269911,view
U1343,P0456,2025-09-12 13:44:30.278357,wishlist
U1478,P0472,2025-09-27 13:44:30.279956,view
U1065,P0295,2025-05-31 13:44:30.286053,view
U1121,P0357,2025-04-09 13:44:30.288874,cart
U0445,P0174,2026-02-22 13:44:30.296007,view
U0060,P0209,2026-03-17 13:44:30.297490,wishlist
U1604,P0089,2025-12-29 13:44:30.298099,wishlist
U1968,P0432,2026-02-01 13:44:30.298443,view
U1466,P0182,2026-03-07 13:44:30.298870,view
U0944,P0298,2025-10-10 13:44:30.299179,wishlist
U0489,P0035,2025-09-05 13:44:30.311394,cart
U0006,P0406,2025-11-07 13:44:30.312747,view
U0185,P0128,2025-07-19 13:44:30.321934,view
U1139,P0274,2025-04-07 13:44:30.322616,view
U1993,P0016,2026-03-28 13:44:30.323100,view
U0343,P0268,2025-08-06 13:44:30.332313,view
U0125,P0215,2026-01-11 13:44:30.333480,view
U1891,P0024,2025-05-04 13:44:30.333906,view
U0705,P0241,2025-08-27 13:44:30.345837,wishlist
U0523,P0262,2025-09-13 13:44:30.346195,view
U1056,P0218,2026-01-11 13:44:30.367692,view
U0412,P0318,2025-06-14 13:44:30.368464,view
U0042,P0229,2026-01-18 13:44:30.368908,view
U0972,P0014,2025-11-04 13:44:30.369262,view
U0555,P0348,2026-03-03 13:44:30.369533,cart
U0540,P0437,2025-04-28 13:44:30.371373,view
U1252,P0051,2025-12-11 13:44:30.382383,view
U0675,P0250,2025-10-17 13:44:30.386313,view
U1361,P0034,2026-03-22 13:44:30.387299,view
U1040,P0169,2025-11-07 13:44:30.387665,cart
U0391,P0329,2025-05-06 13:44:30.388392,cart
U0247,P0307,2025-10-04 13:44:30.388695,cart
U0367,P0253,2025-10-13 13:44:30.389092,view
U0378,P0091,2025-11-21 13:44:30.389335,view
U1593,P0159,2025-04-11 13:44:30.389579,wishlist
U1465,P0027,2025-04-19 13:44:30.390067,wishlist
U0871,P0431,2026-03-07 13:44:30.390360,cart
U1377,P0487,2026-03-14 13:44:30.391370,view
U0925,P0175,2025-11-29 13:44:30.391789,view
U0606,P0056,2025-10-17 13:44:30.392230,cart
U1198,P0450,2026-01-05 13:44:30.392520,view
U1705,P0345,2026-03-08 13:44:30.392771,cart
U0138,P0431,2025-11-29 13:44:30.393200,view
U0377,P0229,2025-04-27 13:44:30.395779,view
U1252,P0048,2025-09-12 13:44:30.396865,cart
U0650,P0446,2025-04-10 13:44:30.397471,view
U1396,P0117,2026-01-02 13:44:30.398424,purchase
U0839,P0226,2025-07-16 13:44:30.399040,view
U1218,P0410,2025-11-17 13:44:30.399878,view
U1585,P0156,2025-08-23 13:44:30.400613,view
U0360,P0218,2025-05-23 13:44:30.401060,wishlist
U1300,P0490,2026-03-28 13:44:30.402379,view
U0662,P0417,2025-05-12 13:44:30.402669,view
U1611,P0441,2025-10-21 13:44:30.403006,wishlist
U0878,P0255,2025-07-08 13:44:30.403260,view
U0215,P0428,2026-03-26 13:44:30.403499,wishlist
U0848,P0052,2025-07-27 13:44:30.404693,view
U1739,P0255,2026-03-12 13:44:30.405236,view
U1213,P0240,2025-12-06 13:44:30.405510,view
U0370,P0370,2026-04-03 13:44:30.405759,view
U1705,P0106,2026-03-19 13:44:30.406160,view
U1306,P0016,2025-05-15 13:44:30.406486,view
U1266,P0425,2026-04-06 13:44:30.406833,view
U0970,P0251,2026-01-08 13:44:30.407556,cart
U1489,P0320,2025-04-24 13:44:30.407995,cart
U0804,P0053,2025-06-25 13:44:30.408482,view
U1198,P0059,2025-10-07 13:44:30.408841,cart
U0408,P0476,2025-11-20 13:44:30.411128,view
U1532,P0262,2025-12-24 13:44:30.411734,wishlist
U0316,P0213,2025-11-30 13:44:30.412238,view
U0969,P0295,2025-09-18 13:44:30.412618,view
U0595,P0161,2025-04-19 13:44:30.412930,purchase
U1290,P0045,2026-01-17 13:44:30.414832,view
U1746,P0482,2025-12-22 13:44:30.415326,purchase
U1168,P0176,2025-06-13 13:44:30.415651,cart
U0902,P0443,2025-08-17 13:44:30.415921,cart
U1652,P0029,2025-05-07 13:44:30.416695,wishlist
U0802,P0051,2025-11-07 13:44:30.419180,view
U0740,P0438,2025-08-30 13:44:30.419588,wishlist
U0162,P0345,2025-10-26 13:44:30.419968,wishlist
U0936,P0200,2025-12-17 13:44:30.420226,view
U1308,P0015,2025-06-17 13:44:30.421503,purchase
U0213,P0268,2025-04-19 13:44:30.423516,wishlist
U0401,P0486,2025-05-08 13:44:30.424517,cart
U1406,P0359,2025-07-20 13:44:30.426529,view
U1863,P0252,2025-04-13 13:44:30.427229,view
U0209,P0408,2025-09-14 13:44:30.427636,purchase
U1111,P0465,2026-03-23 13:44:30.427946,cart
U0912,P0495,2025-04-16 13:44:30.428371,view
U1116,P0065,2026-02-06 13:44:30.428608,view
U0244,P0123,2025-11-13 13:44:30.428831,view
U0537,P0043,2025-04-09 13:44:30.429257,view
U1202,P0161,2025-10-19 13:44:30.429549,view
U1165,P0327,2026-01-27 13:44:30.429817,cart
U1602,P0053,2026-03-04 13:44:30.430107,view
U1329,P0454,2026-02-25 13:44:30.430917,view
U1603,P0418,2025-07-14 13:44:30.431455,view
U0374,P0070,2025-04-12 13:44:30.431751,view
U0831,P0141,2025-08-19 13:44:30.432025,view
U1119,P0403,2025-07-05 13:44:30.432433,cart
U1563,P0279,2025-08-29 13:44:30.432768,view
U1893,P0210,2025-06-05 13:44:30.433058,view
U1211,P0036,2025-10-25 13:44:30.433957,view
U1727,P0136,2025-09-19 13:44:30.434360,view
U0217,P0015,2025-12-02 13:44:30.434954,view
U1777,P0227,2025-04-06 13:44:30.441600,view
U1382,P0089,2025-05-10 13:44:30.443474,cart
U1460,P0334,2025-06-09 13:44:30.444316,view
U0875,P0468,2025-12-25 13:44:30.446328,view
U0288,P0210,2026-01-07 13:44:30.446792,cart
U1255,P0378,2025-04-17 13:44:30.447060,cart
U0518,P0393,2026-02-09 13:44:30.449745,view
U0234,P0355,2026-01-03 13:44:30.450955,view
U0466,P0194,2026-04-01 13:44:30.451421,wishlist
U0659,P0201,2025-10-13 13:44:30.451685,view
U0194,P0036,2026-03-31 13:44:30.451935,cart
U1019,P0201,2025-11-06 13:44:30.469074,cart
U1589,P0192,2025-11-23 13:44:30.469672,cart
U0062,P0311,2025-06-19 13:44:30.469945,view
U1956,P0357,2025-11-27 13:44:30.470328,cart
U0149,P0099,2026-03-18 13:44:30.470602,view
U0476,P0371,2025-12-14 13:44:30.470862,view
U1776,P0114,2026-01-16 13:44:30.478569,view
U0174,P0283,2025-04-15 13:44:30.498910,view
U1532,P0142,2026-03-13 13:44:30.500193,cart
U0587,P0414,2025-06-24 13:44:30.507007,wishlist
U1100,P0339,2025-11-21 13:44:30.507708,view
U1304,P0137,2026-01-20 13:44:30.508043,view
U1026,P0217,2025-04-16 13:44:30.508271,view
U1523,P0029,2025-06-09 13:44:30.531611,view
U1780,P0290,2026-01-29 13:44:30.563916,view
U0759,P0221,2025-06-02 13:44:30.581815,wishlist
U0254,P0428,2025-08-15 13:44:30.583725,cart
U0715,P0493,2025-06-25 13:44:30.590680,purchase
U0966,P0438,2025-05-17 13:44:30.621129,view
U0967,P0243,2025-07-10 13:44:30.622303,view
U1041,P0064,2025-10-15 13:44:30.622795,purchase
U0862,P0423,2025-10-11 13:44:30.629280,wishlist
U0684,P0026,2025-12-06 13:44:30.630695,view
U0461,P0487,2025-04-11 13:44:30.631333,view
U0883,P0398,2025-12-23 13:44:30.637056,cart
U1111,P0197,2026-02-28 13:44:30.656200,view
U0233,P0461,2025-10-11 13:44:30.659850,cart
U0388,P0471,2026-03-16 13:44:30.670281,cart
U1087,P0082,2025-04-22 13:44:30.671246,view
U1519,P0331,2026-01-25 13:44:30.672254,cart
U0719,P0317,2025-06-22 13:44:30.686604,view
U0792,P0229,2025-09-21 13:44:30.689234,view
U1629,P0029,2025-11-07 13:44:30.689830,view
U0083,P0145,2025-06-18 13:44:30.690156,view
U1608,P0411,2025-11-05 13:44:30.701321,view
U1711,P0357,2026-01-17 13:44:30.713627,view
U0376,P0461,2025-11-08 13:44:30.714569,purchase
U1031,P0332,2025-05-20 13:44:30.715798,view
U1605,P0254,2025-06-05 13:44:30.732295,purchase
U1957,P0049,2026-01-08 13:44:30.742190,wishlist
U0476,P0018,2025-11-19 13:44:30.743294,view
U1621,P0306,2026-03-28 13:44:30.751825,view
U0805,P0168,2026-02-04 13:44:30.765098,view
U0839,P0465,2026-01-10 13:44:30.766449,wishlist
U0656,P0191,2025-10-29 13:44:30.769479,purchase
U1622,P0200,2026-04-06 13:44:30.769960,cart
U0172,P0175,2026-02-03 13:44:30.770539,view
U0996,P0063,2025-09-06 13:44:30.781361,view
U1958,P0005,2026-01-30 13:44:30.784186,view
U1383,P0499,2026-03-20 13:44:30.789875,cart
U0291,P0058,2025-11-10 13:44:30.791114,wishlist
U0053,P0243,2025-06-25 13:44:30.823468,view
U0218,P0126,2025-04-15 13:44:30.826278,view
U0926,P0146,2025-06-15 13:44:30.827608,view
U1543,P0102,2025-11-01 13:44:30.828105,cart
U0096,P0474,2026-03-10 13:44:30.828702,cart
U0015,P0101,2025-06-25 13:44:30.828985,cart
U0201,P0158,2025-07-16 13:44:30.829361,purchase
U1738,P0051,2026-02-20 13:44:30.829633,cart
U0965,P0354,2025-07-31 13:44:30.829924,view
U1527,P0282,2026-03-13 13:44:30.830393,view
U1259,P0270,2026-03-09 13:44:30.830690,view
U0078,P0486,2026-03-06 13:44:30.830963,view
U0008,P0395,2025-08-22 13:44:30.831353,cart
U1425,P0100,2025-06-18 13:44:30.831637,view
U1318,P0467,2025-09-16 13:44:30.831922,cart
U0171,P0205,2025-05-30 13:44:30.835790,view
U1850,P0262,2026-01-29 13:44:30.836289,view
U1033,P0385,2025-12-15 13:44:30.837042,view
U0964,P0363,2026-01-27 13:44:30.853203,cart
U1374,P0489,2025-05-14 13:44:30.892776,cart
U1699,P0358,2025-08-28 13:44:30.899878,view
U1584,P0183,2025-04-14 13:44:30.915633,cart
U1045,P0301,2025-09-30 13:44:30.917069,cart
U0515,P0152,2025-07-08 13:44:30.939733,purchase
U0121,P0207,2025-07-17 13:44:30.942508,cart
U0431,P0012,2026-04-06 13:44:30.957219,cart
U1529,P0489,2025-09-09 13:44:30.958403,wishlist
U0739,P0274,2025-08-23 13:44:30.958746,view
U0996,P0284,2026-03-24 13:44:30.958983,wishlist
U1002,P0102,2025-05-05 13:44:30.965961,cart
U0211,P0365,2025-12-29 13:44:30.968822,view
U1197,P0087,2026-01-05 13:44:30.969183,view
U0736,P0139,2025-12-04 13:44:30.969543,wishlist
U0986,P0003,2025-11-24 13:44:30.973863,view
U1403,P0173,2025-09-02 13:44:30.974445,view
U0847,P0392,2025-08-05 13:44:30.974750,view
U0950,P0071,2026-01-26 13:44:30.975006,cart
U1413,P0306,2026-03-14 13:44:30.975431,view
U1269,P0164,2025-05-27 13:44:30.975684,view
U0103,P0308,2025-10-16 13:44:30.975912,view
U0113,P0309,2025-12-21 13:44:30.976140,view
U1313,P0274,2025-05-11 13:44:30.976487,view
U1933,P0295,2025-12-05 13:44:30.976721,view
U0845,P0266,2025-07-01 13:44:30.976946,wishlist
U1531,P0285,2025-12-21 13:44:30.977265,view
U0810,P0199,2025-10-26 13:44:30.980401,view
U1098,P0275,2026-04-04 13:44:30.982343,view
U0939,P0013,2025-09-17 13:44:30.984996,view
U0744,P0464,2025-11-19 13:44:30.985914,view
U1761,P0315,2025-09-10 13:44:30.987761,purchase
U1547,P0192,2026-02-24 13:44:30.990967,purchase
U0381,P0499,2025-07-13 13:44:30.992469,cart
U1250,P0007,2025-08-21 13:44:30.993002,view
U0688,P0456,2026-02-19 13:44:30.993417,view
U0999,P0321,2025-09-24 13:44:30.993686,view
U1937,P0417,2025-05-12 13:44:30.993976,purchase
U0181,P0220,2025-08-06 13:44:30.994669,view
U0100,P0167,2025-06-17 13:44:30.995049,view
U0769,P0437,2025-12-15 13:44:30.995367,purchase
U0436,P0140,2025-05-26 13:44:30.995609,purchase
U0862,P0174,2025-11-06 13:44:30.995830,cart
U0717,P0292,2025-05-23 13:44:30.996209,view
U0832,P0043,2025-05-13 13:44:30.997060,view
U0427,P0410,2025-07-19 13:44:30.997491,view
U0060,P0202,2025-11-18 13:44:30.998167,cart
U1826,P0122,2025-11-29 13:44:30.998918,view
U0502,P0015,2025-08-24 13:44:30.999401,cart
U0691,P0248,2026-04-02 13:44:30.999712,wishlist
U0204,P0365,2026-02-21 13:44:31.000618,view
U1217,P0313,2025-12-10 13:44:31.001021,view
U0352,P0070,2025-04-08 13:44:31.001297,view
U0095,P0259,2025-07-04 13:44:31.001692,view
U1405,P0099,2025-12-24 13:44:31.001996,view
U0330,P0177,2026-03-20 13:44:31.002238,view
U1293,P0369,2026-01-01 13:44:31.002829,cart
U1874,P0122,2025-08-20 13:44:31.003117,view
U1937,P0485,2025-04-17 13:44:31.003463,view
U1245,P0389,2025-06-01 13:44:31.003691,cart
U0313,P0139,2026-02-02 13:44:31.004874,view
U1841,P0424,2025-05-10 13:44:31.005696,view
U0914,P0078,2025-05-09 13:44:31.006027,view
U1270,P0384,2025-10-15 13:44:31.006400,view
U0544,P0252,2026-01-19 13:44:31.006656,view
U0012,P0252,2025-08-19 13:44:31.006900,view
U0764,P0425,2025-09-16 13:44:31.008692,wishlist
U0467,P0154,2025-12-09 13:44:31.009045,cart
U1747,P0133,2025-10-25 13:44:31.009280,view
U0205,P0287,2025-04-21 13:44:31.009601,cart
U0497,P0134,2025-05-17 13:44:31.009829,view
U0452,P0175,2026-01-23 13:44:31.010659,purchase
U0749,P0336,2025-09-26 13:44:31.011033,view
U1228,P0080,2026-02-11 13:44:31.011389,view
U0580,P0004,2026-03-23 13:44:31.011621,view
U1806,P0238,2025-11-19 13:44:31.013685,view
U0715,P0121,2025-07-19 13:44:31.014940,view
U1496,P0053,2025-08-08 13:44:31.017012,view
U0919,P0329,2025-10-16 13:44:31.017804,wishlist
U1867,P0468,2025-10-25 13:44:31.021005,view
U1646,P0068,2025-07-17 13:44:31.022110,view
U0761,P0372,2026-02-05 13:44:31.022830,cart
U0963,P0025,2025-09-07 13:44:31.023219,view
U1105,P0436,2025-05-14 13:44:31.025928,view
U0175,P0480,2025-12-26 13:44:31.026463,cart
U0966,P0211,2025-08-30 13:44:31.026799,purchase
U1870,P0456,2025-10-17 13:44:31.029469,view
U1244,P0276,2025-10-26 13:44:31.030702,cart
U1175,P0400,2025-12-07 13:44:31.031117,wishlist
U0637,P0040,2025-12-10 13:44:31.031763,view
U0359,P0279,2026-03-13 13:44:31.032120,view
U1343,P0412,2026-03-27 13:44:31.048080,wishlist
U0413,P0217,2025-05-15 13:44:31.048970,cart
U1354,P0500,2025-06-30 13:44:31.056572,view
U0197,P0210,2025-10-16 13:44:31.059323,view
U1453,P0130,2025-10-09 13:44:31.059919,view
U1372,P0323,2025-12-17 13:44:31.060227,view
U1142,P0479,2025-12-28 13:44:31.060498,view
U1607,P0399,2026-02-22 13:44:31.090593,cart
U0959,P0141,2026-01-13 13:44:31.091144,wishlist
U0610,P0021,2025-07-04 13:44:31.091432,view
U1496,P0163,2025-05-16 13:44:31.091817,wishlist
U1856,P0037,2025-04-17 13:44:31.121220,view
U0522,P0499,2026-02-10 13:44:31.121842,view
U0915,P0275,2026-01-17 13:44:31.122134,view
U0861,P0271,2025-07-27 13:44:31.122511,cart
U1859,P0052,2026-02-28 13:44:31.122764,view
U0859,P0375,2025-08-17 13:44:31.122981,view
U1609,P0431,2026-03-13 13:44:31.123196,view
U1972,P0274,2025-10-08 13:44:31.155898,cart
U1356,P0241,2025-06-30 13:44:31.157133,view
U0198,P0455,2025-06-03 13:44:31.157647,view
U1261,P0183,2026-04-04 13:44:31.178776,cart
U0537,P0260,2025-05-04 13:44:31.180807,cart
U0738,P0296,2026-03-30 13:44:31.211240,view
U1809,P0454,2026-01-21 13:44:31.211764,view
U1239,P0281,2025-09-24 13:44:31.212652,view
U1990,P0384,2026-01-22 13:44:31.221017,view
U0954,P0095,2025-05-27 13:44:31.221560,view
U0188,P0484,2025-09-26 13:44:31.221917,view
U0167,P0049,2025-07-06 13:44:31.222137,cart
U0253,P0082,2025-12-28 13:44:31.242035,view
U0686,P0209,2025-05-24 13:44:31.247683,view
U1217,P0337,2025-11-16 13:44:31.249442,view
U1009,P0197,2025-12-27 13:44:31.250065,view
U0114,P0007,2026-03-18 13:44:31.250350,view
U1583,P0286,2025-06-28 13:44:31.250707,cart
U0616,P0379,2025-08-16 13:44:31.250993,view
U1589,P0105,2026-01-25 13:44:31.261019,wishlist
U1803,P0367,2026-02-13 13:44:31.262117,view
U0709,P0022,2025-07-20 13:44:31.272496,cart
U0268,P0114,2026-02-01 13:44:31.278003,purchase
U1390,P0244,2025-06-15 13:44:31.278753,purchase
U1518,P0471,2025-07-27 13:44:31.279142,view
U1813,P0386,2026-01-24 13:44:31.302806,purchase
U1163,P0356,2025-10-11 13:44:31.303679,cart
U0709,P0166,2025-08-13 13:44:31.304069,wishlist
U0613,P0005,2025-04-10 13:44:31.304366,cart
U1217,P0326,2026-02-24 13:44:31.304746,view
U1751,P0171,2026-01-03 13:44:31.305013,view
U1307,P0147,2025-09-26 13:44:31.305262,view
U0903,P0499,2025-12-18 13:44:31.305608,view
U1073,P0200,2025-07-22 13:44:31.312880,view
U1835,P0311,2025-06-10 13:44:31.317895,view
U1940,P0318,2025-06-28 13:44:31.318533,view
U1568,P0297,2025-11-01 13:44:31.318939,purchase
U1807,P0209,2025-11-27 13:44:31.319261,purchase
U0785,P0063,2025-04-17 13:44:31.325750,view
U0476,P0098,2025-07-18 13:44:31.327319,cart
U1608,P0429,2025-10-08 13:44:31.330065,view
U1067,P0031,2026-01-03 13:44:31.339569,view
U1898,P0035,2025-09-18 13:44:31.342043,view
U0125,P0428,2025-12-28 13:44:31.347571,view
U0417,P0432,2025-05-07 13:44:31.351620,purchase
U1316,P0246,2025-09-28 13:44:31.352028,cart
U0722,P0108,2025-08-22 13:44:31.352299,view
U1372,P0377,2025-09-18 13:44:31.352647,view
U1160,P0454,2026-02-02 13:44:31.352887,view
U1009,P0156,2026-03-12 13:44:31.353107,view
U1174,P0445,2025-05-20 13:44:31.353329,cart
U1177,P0092,2025-06-28 13:44:31.361715,view
U0704,P0130,2025-06-17 13:44:31.362166,view
U1860,P0102,2026-01-29 13:44:31.370102,cart
U1349,P0484,2025-11-30 13:44:31.370731,view
U0314,P0416,2026-03-08 13:44:31.371622,purchase
U1418,P0013,2025-05-22 13:44:31.372580,view
U1663,P0044,2025-12-28 13:44:31.373256,view
U1359,P0331,2025-06-18 13:44:31.374179,view
U1377,P0185,2025-10-22 13:44:31.374549,cart
U1209,P0065,2025-04-23 13:44:31.377036,wishlist
U1863,P0356,2025-09-10 13:44:31.378192,purchase
U1737,P0327,2025-08-24 13:44:31.378668,wishlist
U1505,P0054,2025-11-21 13:44:31.392756,view
U0161,P0466,2026-03-06 13:44:31.393236,view
U1899,P0255,2026-01-16 13:44:31.393645,cart
U0751,P0152,2025-09-08 13:44:31.396937,purchase
U1318,P0070,2026-02-17 13:44:31.397586,view
U0554,P0108,2025-07-11 13:44:31.397907,cart
U0554,P0297,2025-10-11 13:44:31.398174,cart
U1802,P0033,2026-03-01 13:44:31.400159,cart
U1256,P0001,2025-07-20 13:44:31.400724,cart
U0516,P0087,2025-11-11 13:44:31.401014,cart
U1996,P0343,2025-07-13 13:44:31.401256,view
U0375,P0287,2025-11-22 13:44:31.401615,purchase
U0952,P0197,2026-01-11 13:44:31.401850,view
U1405,P0291,2026-01-14 13:44:31.405359,view
U1704,P0228,2025-05-12 13:44:31.407733,view
U1297,P0319,2025-05-12 13:44:31.410011,view
U1603,P0104,2025-08-23 13:44:31.410971,view
U0899,P0261,2026-03-22 13:44:31.411695,view
U0525,P0154,2026-01-17 13:44:31.412198,purchase
U0959,P0333,2025-12-01 13:44:31.412633,view
U1276,P0267,2025-08-11 13:44:31.413041,cart
U1515,P0415,2025-06-10 13:44:31.413335,cart
U1747,P0009,2025-07-14 13:44:31.413718,view
U1883,P0384,2025-09-22 13:44:31.415200,view
U0181,P0177,2025-07-08 13:44:31.415613,view
U1856,P0058,2026-03-20 13:44:31.415974,cart
U1318,P0117,2025-06-29 13:44:31.416254,view
U1093,P0272,2025-04-15 13:44:31.417245,view
U1501,P0141,2025-05-30 13:44:31.419141,view
U1171,P0009,2026-03-13 13:44:31.419734,cart
U1455,P0251,2025-06-25 13:44:31.420092,view
U0600,P0398,2025-05-03 13:44:31.420363,view
U1851,P0198,2025-08-24 13:44:31.420697,cart
U0970,P0027,2025-10-25 13:44:31.420921,view
U0143,P0314,2025-12-13 13:44:31.421151,cart
U0769,P0278,2025-06-03 13:44:31.422148,cart
U1332,P0494,2025-11-02 13:44:31.425137,cart
U0841,P0122,2026-03-07 13:44:31.428816,purchase
U1136,P0038,2025-11-17 13:44:31.430639,view
U1536,P0077,2025-12-11 13:44:31.431951,cart
U1242,P0098,2025-10-31 13:44:31.435879,view
U1780,P0332,2026-01-18 13:44:31.436439,wishlist
U0761,P0225,2026-03-08 13:44:31.437079,cart
U1698,P0059,2026-01-04 13:44:31.445750,purchase
U1286,P0133,2025-07-08 13:44:31.446966,view
U0443,P0484,2025-04-26 13:44:31.455997,cart
U0784,P0319,2025-12-10 13:44:31.458629,view
U0553,P0215,2026-02-16 13:44:31.459225,view
U1357,P0418,2026-01-31 13:44:31.462784,cart
U1281,P0019,2025-08-06 13:44:31.463312,view
U1570,P0127,2026-01-17 13:44:31.465276,cart
U1142,P0313,2026-03-14 13:44:31.473355,cart
U1453,P0231,2025-10-29 13:44:31.474319,view
U0873,P0237,2025-11-01 13:44:31.481190,view
U0955,P0123,2025-08-21 13:44:31.481937,cart
U1719,P0229,2025-12-08 13:44:31.489686,purchase
U1901,P0130,2025-08-30 13:44:31.493159,view
U1667,P0182,2025-07-17 13:44:31.495596,cart
U1680,P0291,2026-01-06 13:44:31.496497,view
U1144,P0228,2025-07-15 13:44:31.497442,purchase
U1643,P0064,2025-11-10 13:44:31.500280,view
U0271,P0418,2026-01-04 13:44:31.500719,view
U1014,P0167,2026-04-01 13:44:31.501534,cart
U0424,P0061,2026-03-09 13:44:31.502455,view
U1996,P0410,2025-05-22 13:44:31.506080,view
U1342,P0412,2025-09-19 13:44:31.508432,cart
U0699,P0206,2026-03-21 13:44:31.510412,view
U0922,P0113,2025-08-10 13:44:31.516813,view
U1998,P0435,2026-02-01 13:44:31.517958,cart
U0101,P0300,2025-10-05 13:44:31.518977,view
U1188,P0444,2025-04-14 13:44:31.519374,view
U1712,P0492,2025-12-23 13:44:31.520125,view
U0734,P0316,2025-08-23 13:44:31.521260,wishlist
U0619,P0152,2026-02-26 13:44:31.522123,view
U1924,P0483,2025-08-17 13:44:31.522520,cart
U0662,P0381,2026-01-16 13:44:31.522958,view
U0319,P0458,2026-01-27 13:44:31.523271,cart
U1553,P0342,2026-03-15 13:44:31.531752,view
U0723,P0336,2026-01-25 13:44:31.533009,view
U0302,P0494,2025-12-12 13:44:31.541394,view
U0552,P0072,2025-06-16 13:44:31.542200,view
U0057,P0171,2025-09-16 13:44:31.542554,cart
U1811,P0046,2025-04-09 13:44:31.543975,view
U1909,P0295,2025-12-29 13:44:31.546341,view
U1405,P0274,2025-09-04 13:44:31.546925,purchase
U0834,P0091,2025-12-03 13:44:31.547209,cart
U1571,P0065,2025-10-27 13:44:31.547452,purchase
U0671,P0279,2025-07-03 13:44:31.547795,view
U0802,P0092,2025-12-09 13:44:31.548049,cart
U1105,P0234,2025-09-04 13:44:31.548285,view
U1726,P0252,2026-01-10 13:44:31.548511,cart
U0953,P0185,2025-12-13 13:44:31.550326,view
U0059,P0441,2025-12-11 13:44:31.550833,view
U1440,P0008,2025-06-07 13:44:31.551130,view
U1341,P0384,2026-04-02 13:44:31.551387,view
U0327,P0073,2025-09-09 13:44:31.551640,purchase
U1492,P0132,2025-06-21 13:44:31.555396,view
U0539,P0346,2025-09-09 13:44:31.556058,cart
U1305,P0441,2025-10-15 13:44:31.556418,view
U0651,P0493,2025-12-02 13:44:31.557150,view
U1821,P0347,2025-06-30 13:44:31.557843,cart
U1897,P0214,2025-11-29 13:44:31.558204,cart
U0089,P0232,2025-10-04 13:44:31.558508,purchase
U1525,P0472,2026-02-17 13:44:31.560625,wishlist
U1597,P0173,2025-10-17 13:44:31.561477,view
U0155,P0452,2026-04-01 13:44:31.561959,wishlist
U0097,P0324,2026-02-22 13:44:31.562258,cart
U0229,P0121,2025-04-27 13:44:31.562539,view
U0517,P0471,2025-09-01 13:44:31.562996,view
U1662,P0244,2025-09-23 13:44:31.563332,view
U1143,P0330,2025-10-11 13:44:31.563902,view
U1242,P0153,2025-04-20 13:44:31.564593,cart
U1691,P0219,2026-02-17 13:44:31.567921,view
U1051,P0488,2026-03-04 13:44:31.568268,view
U1011,P0265,2025-06-09 13:44:31.568501,view
U1996,P0128,2026-02-04 13:44:31.568850,wishlist
U1723,P0475,2026-03-28 13:44:31.569161,view
U1512,P0286,2025-10-19 13:44:31.569444,cart
U0826,P0268,2025-10-20 13:44:31.570222,wishlist
U1130,P0465,2025-04-18 13:44:31.572556,view
U0467,P0497,2026-02-19 13:44:31.578081,cart
U0520,P0423,2025-07-16 13:44:31.579559,view
U0876,P0233,2026-02-17 13:44:31.580977,cart
U1080,P0262,2026-02-06 13:44:31.582209,view
U0623,P0253,2025-10-24 13:44:31.583153,wishlist
U1836,P0127,2025-10-14 13:44:31.583525,view
U0604,P0272,2025-10-30 13:44:31.584909,purchase
U1903,P0211,2025-05-12 13:44:31.585403,view
U1823,P0103,2026-01-18 13:44:31.585841,cart
U1344,P0316,2025-11-07 13:44:31.586180,view
U1530,P0326,2025-07-28 13:44:31.587518,view
U0123,P0144,2025-12-31 13:44:31.587950,view
U0042,P0443,2026-02-03 13:44:31.588211,cart
U0043,P0004,2026-02-10 13:44:31.588442,purchase
U1757,P0499,2025-07-27 13:44:31.588797,cart
U1915,P0181,2025-05-28 13:44:31.589043,cart
U0254,P0080,2025-06-15 13:44:31.589650,view
U0414,P0468,2025-12-01 13:44:31.590177,view
U1765,P0078,2025-06-01 13:44:31.590488,cart
U0246,P0193,2025-04-09 13:44:31.590820,cart
U0723,P0216,2025-12-04 13:44:31.591106,view
U1134,P0479,2026-03-07 13:44:31.591343,view
U0862,P0340,2025-09-02 13:44:31.591576,cart
U0845,P0141,2025-10-27 13:44:31.591919,view
U1570,P0465,2025-08-30 13:44:31.592162,cart
U0314,P0032,2025-10-08 13:44:31.592433,view
U1292,P0079,2025-10-14 13:44:31.592761,wishlist
U1337,P0179,2025-11-28 13:44:31.593325,view
U0636,P0092,2025-09-07 13:44:31.595382,view
U0708,P0286,2026-03-19 13:44:31.595729,wishlist
U0634,P0263,2025-05-01 13:44:31.596116,purchase
U0982,P0147,2026-03-20 13:44:31.596545,view
U1975,P0405,2025-11-25 13:44:31.596987,cart
U1425,P0446,2025-04-20 13:44:31.597283,purchase
U1426,P0025,2025-05-27 13:44:31.597545,view
U1386,P0344,2026-03-11 13:44:31.597924,view
U0129,P0433,2025-11-01 13:44:31.604150,view
U0350,P0244,2025-07-23 13:44:31.605032,view
U0429,P0285,2026-01-23 13:44:31.605460,purchase
U0834,P0453,2026-02-04 13:44:31.606451,cart
U1176,P0265,2026-03-05 13:44:31.607256,view
U0533,P0031,2025-07-21 13:44:31.607685,purchase
U1347,P0158,2025-11-10 13:44:31.607996,cart
U1254,P0054,2025-07-14 13:44:31.608214,view
U0092,P0264,2025-07-04 13:44:31.608412,view
U1571,P0421,2025-08-19 13:44:31.608739,view
U0317,P0195,2025-11-14 13:44:31.609019,view
U1598,P0268,2025-11-10 13:44:31.610170,view
U1862,P0193,2026-01-09 13:44:31.610550,cart
U1261,P0148,2025-12-16 13:44:31.610900,view
U1976,P0067,2025-12-03 13:44:31.611114,cart
U1873,P0166,2025-08-17 13:44:31.611308,view
U1832,P0042,2025-08-25 13:44:31.611491,view
U0604,P0465,2025-12-02 13:44:31.611800,wishlist
U0713,P0288,2026-03-05 13:44:31.612048,view
U0095,P0330,2025-07-13 13:44:31.612286,view
U1571,P0284,2025-06-16 13:44:31.615157,cart
U0459,P0104,2025-08-07 13:44:31.615496,view
U1798,P0067,2025-11-24 13:44:31.615820,cart
U0001,P0318,2025-12-10 13:44:31.616072,cart
U0674,P0338,2025-04-09 13:44:31.616305,wishlist
U1716,P0394,2026-01-31 13:44:31.616696,view
U0472,P0233,2025-07-10 13:44:31.616955,cart
U1871,P0255,2026-02-14 13:44:31.617192,view
U1256,P0468,2025-12-20 13:44:31.617435,view
U0097,P0087,2025-08-12 13:44:31.617764,cart
U0748,P0242,2025-10-26 13:44:31.618771,view
U0276,P0036,2025-10-17 13:44:31.619063,view
U0756,P0355,2025-05-24 13:44:31.619293,cart
U0770,P0444,2026-02-05 13:44:31.619516,view
U1754,P0179,2025-06-04 13:44:31.619843,cart
U0016,P0384,2026-01-17 13:44:31.620354,purchase
U0882,P0082,2025-10-27 13:44:31.620868,wishlist
U1353,P0302,2025-12-12 13:44:31.621191,view
U0487,P0083,2025-06-28 13:44:31.621439,cart
U1386,P0215,2025-06-25 13:44:31.621675,view
U0189,P0396,2026-02-21 13:44:31.622060,cart
U1729,P0402,2025-11-14 13:44:31.622343,view
U1959,P0316,2025-12-13 13:44:31.622620,wishlist
U1049,P0419,2025-09-09 13:44:31.624426,view
U1075,P0439,2025-09-29 13:44:31.625325,view
U1593,P0393,2025-10-06 13:44:31.625800,view
U0532,P0060,2025-08-13 13:44:31.627134,wishlist
U1496,P0369,2025-07-28 13:44:31.627973,view
U0117,P0052,2025-08-20 13:44:31.628454,wishlist
U1049,P0392,2025-08-03 13:44:31.631186,view
U1426,P0460,2025-11-25 13:44:31.631659,wishlist
U1568,P0413,2025-10-24 13:44:31.632038,purchase
U1752,P0315,2025-10-25 13:44:31.632696,view
U0135,P0007,2025-09-03 13:44:31.633187,view
U0901,P0464,2026-01-05 13:44:31.633491,view
U1634,P0196,2026-01-27 13:44:31.634891,wishlist
U0412,P0327,2025-06-16 13:44:31.635432,view
U1456,P0130,2025-12-03 13:44:31.635846,view
U0012,P0046,2025-05-11 13:44:31.638713,view
U1568,P0159,2026-02-03 13:44:31.640207,view
U0877,P0149,2025-09-11 13:44:31.640647,view
U0083,P0354,2025-04-16 13:44:31.642354,view
U0852,P0049,2025-10-04 13:44:31.647460,view
U0628,P0124,2025-07-14 13:44:31.716289,view
U1182,P0216,2025-11-13 13:44:31.784197,view
U0633,P0354,2025-06-19 13:44:31.787857,view
U1442,P0349,2025-07-21 13:44:31.788384,view
U0562,P0391,2025-10-15 13:44:31.802501,purchase
U1082,P0396,2025-10-22 13:44:31.807716,view
U0766,P0483,2025-08-01 13:44:31.819447,purchase
U1087,P0041,2025-08-25 13:44:31.820044,cart
U0805,P0015,2026-03-26 13:44:31.820408,view
U0586,P0129,2025-05-16 13:44:31.820698,cart
U0994,P0466,2025-10-10 13:44:31.821073,purchase
U1691,P0295,2026-02-19 13:44:31.832769,view
U0542,P0131,2025-07-11 13:44:31.861558,cart
U0990,P0205,2025-10-27 13:44:31.862690,cart
U0634,P0011,2025-10-10 13:44:31.872800,purchase
U0133,P0370,2025-06-22 13:44:31.874513,view
U1604,P0286,2025-11-17 13:44:31.875070,wishlist
U0695,P0299,2025-04-16 13:44:31.925637,wishlist
U0075,P0057,2025-04-27 13:44:31.929425,view
U1172,P0310,2025-11-02 13:44:31.946801,cart
U0773,P0440,2025-08-04 13:44:31.947469,view
U1584,P0285,2025-12-17 13:44:31.947793,purchase
U1027,P0355,2025-10-05 13:44:31.957450,wishlist
U0577,P0017,2026-02-10 13:44:31.958260,view
U0930,P0440,2025-09-10 13:44:31.958706,view
U0583,P0386,2025-06-24 13:44:31.958991,cart
U0105,P0412,2025-05-22 13:44:31.965478,view
U1889,P0492,2025-09-10 13:44:31.965853,cart
U0962,P0013,2025-09-07 13:44:31.966118,view
U1541,P0133,2025-07-17 13:44:31.966496,view
U1612,P0422,2025-05-26 13:44:31.966774,view
U1076,P0338,2025-04-08 13:44:31.967033,purchase
U0032,P0443,2025-12-05 13:44:31.967426,cart
U1122,P0279,2025-12-25 13:44:31.967695,cart
U1757,P0085,2025-09-09 13:44:31.967947,purchase
U1423,P0347,2025-05-26 13:44:31.968198,view
U0606,P0330,2025-06-22 13:44:31.981386,view
U1086,P0348,2026-03-12 13:44:31.990537,view
U0177,P0184,2025-10-11 13:44:31.992130,view
U0904,P0127,2025-09-17 13:44:32.008779,cart
U1654,P0323,2026-02-14 13:44:32.009684,view
U1976,P0181,2025-08-16 13:44:32.010099,view
U0804,P0412,2025-06-25 13:44:32.021337,view
U0195,P0244,2026-02-17 13:44:32.022506,view
U1349,P0397,2026-03-28 13:44:32.030128,view
U1633,P0335,2026-04-06 13:44:32.030668,view
U0090,P0066,2026-03-11 13:44:32.030959,view
U1021,P0212,2025-10-07 13:44:32.031259,view
U1497,P0212,2025-08-07 13:44:32.042401,purchase
U1105,P0380,2025-09-10 13:44:32.045887,view
U0878,P0332,2025-07-05 13:44:32.060742,wishlist
U0269,P0308,2025-12-03 13:44:32.073135,view
U0264,P0465,2025-04-17 13:44:32.074241,view
U0320,P0116,2025-08-27 13:44:32.074631,view
U0857,P0442,2025-12-25 13:44:32.074898,view
U0292,P0347,2025-08-30 13:44:32.075214,view
U0075,P0067,2026-01-03 13:44:32.082529,view
U1512,P0072,2025-05-18 13:44:32.085685,view
U1350,P0042,2025-10-18 13:44:32.100748,view
U1877,P0308,2026-02-21 13:44:32.101985,view
U1471,P0018,2026-03-06 13:44:32.118290,view
U0920,P0314,2025-09-30 13:44:32.128001,purchase
U0745,P0110,2025-04-10 13:44:32.128840,view
U0916,P0153,2025-08-13 13:44:32.129211,view
U1930,P0122,2026-01-29 13:44:32.142021,wishlist
U1294,P0323,2025-11-16 13:44:32.142611,purchase
U1722,P0056,2025-07-20 13:44:32.143128,cart
U0123,P0474,2026-03-24 13:44:32.151810,purchase
U1319,P0344,2025-10-04 13:44:32.152310,cart
U1004,P0464,2026-02-25 13:44:32.162942,cart
U0845,P0365,2025-05-12 13:44:32.163794,cart
U1698,P0257,2025-08-08 13:44:32.164156,view
U0294,P0249,2025-09-22 13:44:32.164539,view
U1190,P0233,2025-10-02 13:44:32.175331,view
U1086,P0119,2025-09-05 13:44:32.176261,cart
U1069,P0132,2025-11-20 13:44:32.176879,wishlist
U0628,P0378,2026-02-14 13:44:32.191498,view
U1103,P0449,2025-07-07 13:44:32.192142,view
U0737,P0427,2025-09-03 13:44:32.192556,view
U0415,P0399,2026-01-20 13:44:32.201139,view
U1847,P0028,2025-09-30 13:44:32.201897,view
U1360,P0166,2025-08-17 13:44:32.202407,view
U1338,P0457,2026-01-26 13:44:32.208224,view
U1006,P0206,2026-01-28 13:44:32.208616,cart
U0503,P0059,2025-10-22 13:44:32.208997,purchase
U0315,P0085,2026-03-04 13:44:32.209256,cart
U0011,P0354,2025-12-10 13:44:32.213884,view
U1138,P0293,2025-12-14 13:44:32.214588,cart
U0158,P0298,2026-02-11 13:44:32.215011,purchase
U0596,P0467,2025-05-24 13:44:32.215291,cart
U1331,P0418,2025-07-12 13:44:32.215559,purchase
U1355,P0127,2026-02-18 13:44:32.215831,view
U0526,P0387,2025-09-09 13:44:32.220265,view
U0585,P0372,2025-11-17 13:44:32.220658,view
U1413,P0083,2025-10-06 13:44:32.221119,view
U1294,P0124,2025-05-21 13:44:32.221465,view
U0298,P0329,2025-12-29 13:44:32.223849,view
U1921,P0083,2026-01-27 13:44:32.224391,view
U0396,P0364,2025-04-23 13:44:32.224652,view
U0258,P0425,2025-07-02 13:44:32.224921,view
U1683,P0500,2025-04-17 13:44:32.225329,view
U0497,P0404,2025-12-06 13:44:32.226490,view
U1344,P0126,2025-04-24 13:44:32.227398,view
U0850,P0289,2025-11-01 13:44:32.227875,cart
U1864,P0133,2025-09-24 13:44:32.228147,view
U1443,P0252,2025-06-17 13:44:32.231951,view
U0539,P0033,2025-04-20 13:44:32.240635,purchase
U0357,P0241,2025-07-25 13:44:32.242130,cart
U0363,P0230,2026-03-07 13:44:32.243924,view
U1983,P0061,2025-12-24 13:44:32.244747,view
U0072,P0152,2025-10-24 13:44:32.247155,cart
U1597,P0435,2025-05-19 13:44:32.248232,view
U1784,P0151,2025-10-07 13:44:32.250447,purchase
U0661,P0163,2025-08-10 13:44:32.251323,view
U0820,P0133,2026-02-11 13:44:32.251667,view
U0654,P0142,2026-01-17 13:44:32.251926,view
U0126,P0222,2025-06-08 13:44:32.252277,view
U1646,P0250,2025-08-28 13:44:32.252528,view
U0383,P0420,2025-07-07 13:44:32.252777,purchase
U1474,P0428,2025-07-20 13:44:32.253113,cart
U0605,P0313,2025-07-01 13:44:32.258139,wishlist
U1751,P0203,2025-10-02 13:44:32.258616,view
U0381,P0273,2026-02-04 13:44:32.260447,wishlist
U0452,P0159,2025-11-14 13:44:32.268487,cart
U0877,P0375,2025-12-09 13:44:32.268819,view
U0584,P0418,2026-03-10 13:44:32.269145,wishlist
U1139,P0375,2025-07-06 13:44:32.269379,view
U1594,P0114,2025-12-03 13:44:32.269595,view
U1222,P0162,2026-01-23 13:44:32.269819,cart
U0704,P0449,2025-11-20 13:44:32.270178,view
U0235,P0464,2025-10-27 13:44:32.274894,view
U1058,P0300,2025-11-03 13:44:32.289313,wishlist
U0837,P0234,2026-03-17 13:44:32.290481,view
U0652,P0046,2025-06-24 13:44:32.291174,wishlist
U1290,P0274,2025-05-10 13:44:32.293104,wishlist
U1516,P0359,2025-05-16 13:44:32.295082,cart
U1842,P0028,2026-01-18 13:44:32.295521,purchase
U1847,P0085,2025-07-07 13:44:32.295992,view
U0649,P0457,2026-03-27 13:44:32.296302,wishlist
U0176,P0209,2026-03-22 13:44:32.305315,cart
U1310,P0219,2025-04-22 13:44:32.305784,view
U0952,P0487,2025-07-04 13:44:32.306194,purchase
U0608,P0206,2025-08-02 13:44:32.306472,cart
U0184,P0060,2025-12-02 13:44:32.306720,cart
U0349,P0168,2025-09-01 13:44:32.307018,cart
U0452,P0349,2025-09-04 13:44:32.312807,view
U0507,P0492,2026-03-25 13:44:32.316298,view
U1257,P0035,2025-12-25 13:44:32.320669,cart
U1915,P0194,2025-07-29 13:44:32.322831,view
U1445,P0084,2025-11-01 13:44:32.326995,wishlist
U0884,P0107,2026-02-14 13:44:32.327683,cart
U0507,P0264,2025-08-21 13:44:32.331454,cart
U0247,P0379,2025-07-04 13:44:32.333217,view
U0462,P0403,2026-02-22 13:44:32.337214,view
U1320,P0118,2026-01-20 13:44:32.338306,view
U1432,P0242,2025-04-13 13:44:32.338782,view
U0510,P0088,2026-03-27 13:44:32.339095,view
U0400,P0153,2025-10-04 13:44:32.339485,purchase
U1863,P0253,2025-08-24 13:44:32.339746,view
U0225,P0346,2025-10-28 13:44:32.342398,cart
U0008,P0056,2025-12-01 13:44:32.342881,cart
U0666,P0142,2025-06-03 13:44:32.343180,cart
U1828,P0109,2026-03-01 13:44:32.343598,view
U1250,P0363,2025-04-21 13:44:32.343940,cart
U0505,P0124,2025-10-09 13:44:32.345902,view
U0153,P0029,2025-07-26 13:44:32.346360,purchase
U1909,P0374,2025-11-07 13:44:32.347014,view
U0621,P0431,2026-02-19 13:44:32.348810,cart
U1776,P0465,2026-04-05 13:44:32.349205,purchase
U0406,P0476,2026-01-26 13:44:32.349639,view
U1230,P0059,2025-08-21 13:44:32.350233,view
U1819,P0493,2025-09-05 13:44:32.350641,view
U0876,P0122,2025-09-12 13:44:32.351066,view
U0039,P0500,2025-12-26 13:44:32.351424,wishlist
U1574,P0453,2026-01-24 13:44:32.352244,view
U1129,P0305,2025-09-11 13:44:32.353173,purchase
U1215,P0110,2026-02-08 13:44:32.353871,view
U0886,P0281,2025-10-30 13:44:32.354599,view
U1784,P0080,2026-02-01 13:44:32.354918,wishlist
U0597,P0359,2026-03-12 13:44:32.355159,view
U0252,P0185,2025-10-17 13:44:32.357522,cart
U0884,P0185,2025-04-26 13:44:32.358546,view
U0753,P0337,2026-02-25 13:44:32.359041,wishlist
U1603,P0317,2025-07-22 13:44:32.361836,view
U1650,P0444,2025-08-18 13:44:32.362589,view
U0463,P0133,2025-07-04 13:44:32.363166,cart
U1393,P0364,2026-02-02 13:44:32.365603,cart
U0951,P0488,2026-01-29 13:44:32.366356,wishlist
U0460,P0320,2025-07-26 13:44:32.367200,view
U1738,P0417,2026-03-31 13:44:32.368063,view
U1743,P0226,2026-02-18 13:44:32.368607,view
U0355,P0413,2025-06-20 13:44:32.368974,view
U0006,P0283,2025-12-27 13:44:32.369932,view
U1690,P0320,2025-04-17 13:44:32.370599,cart
U0801,P0247,2025-05-08 13:44:32.371264,view
U0604,P0494,2025-08-19 13:44:32.371617,wishlist
U0175,P0042,2025-04-14 13:44:32.373080,view
U1254,P0381,2025-11-16 13:44:32.375101,wishlist
U1638,P0028,2025-12-04 13:44:32.376330,view
U1182,P0224,2025-10-09 13:44:32.381665,view
U0955,P0041,2025-09-29 13:44:32.382090,view
U1199,P0394,2026-01-12 13:44:32.385412,purchase
U0234,P0158,2025-09-25 13:44:32.386346,cart
U1672,P0008,2026-03-05 13:44:32.386956,view
U0781,P0133,2025-05-08 13:44:32.387302,view
U1817,P0452,2025-11-18 13:44:32.388112,wishlist
U1380,P0155,2026-03-12 13:44:32.388652,view
U1984,P0418,2025-10-17 13:44:32.388994,view
U1571,P0282,2025-11-20 13:44:32.389206,cart
U1947,P0319,2026-03-12 13:44:32.389570,cart
U0165,P0142,2025-10-10 13:44:32.389816,view
U0992,P0401,2025-12-28 13:44:32.390049,view
U0523,P0168,2026-01-30 13:44:32.390340,view
U0756,P0406,2025-08-27 13:44:32.390592,cart
U0162,P0476,2025-11-27 13:44:32.390820,view
U1217,P0415,2025-07-11 13:44:32.391041,cart
U1838,P0461,2025-05-22 13:44:32.391757,view
U0060,P0382,2025-10-16 13:44:32.392215,view
U1404,P0027,2026-01-05 13:44:32.392588,wishlist
U0978,P0122,2025-05-10 13:44:32.392834,view
U1070,P0271,2025-11-12 13:44:32.393067,view
U1823,P0349,2025-12-13 13:44:32.393419,wishlist
U1475,P0171,2025-08-03 13:44:32.393672,view
U0202,P0054,2025-07-29 13:44:32.393913,view
U1662,P0454,2026-02-04 13:44:32.397358,view
U0144,P0068,2025-12-21 13:44:32.399156,cart
U1971,P0497,2026-04-03 13:44:32.399640,view
U1750,P0207,2025-12-11 13:44:32.400166,cart
U1389,P0290,2025-05-21 13:44:32.400485,view
U1858,P0033,2025-10-02 13:44:32.401041,view
U1020,P0314,2025-04-07 13:44:32.401354,view
U1531,P0498,2026-02-17 13:44:32.401592,cart
U0423,P0123,2025-04-25 13:44:32.401907,view
U1832,P0179,2025-09-14 13:44:32.402138,view
U0267,P0413,2025-11-06 13:44:32.402348,view
U1413,P0092,2025-04-06 13:44:32.402574,view
U0711,P0228,2025-07-04 13:44:32.402885,view
U0372,P0252,2025-11-25 13:44:32.403188,view
U0198,P0369,2025-04-16 13:44:32.404091,purchase
U0918,P0044,2025-11-03 13:44:32.404432,view
U1201,P0449,2026-02-09 13:44:32.404694,wishlist
U0080,P0096,2025-08-29 13:44:32.405058,cart
U1309,P0106,2025-05-05 13:44:32.407013,view
U0369,P0496,2026-02-17 13:44:32.407445,cart
U0892,P0058,2026-01-20 13:44:32.409302,cart
U1057,P0325,2025-04-08 13:44:32.413697,view
U1233,P0481,2026-01-21 13:44:32.414454,wishlist
U1323,P0419,2025-08-11 13:44:32.415031,purchase
U1414,P0374,2026-02-14 13:44:32.415377,view
U1816,P0360,2026-03-09 13:44:32.418520,view
U1381,P0380,2025-07-19 13:44:32.419155,view
U0012,P0289,2025-08-03 13:44:32.419452,view
U0581,P0176,2025-10-22 13:44:32.419876,view
U1977,P0384,2025-04-21 13:44:32.420181,view
U0051,P0129,2025-06-20 13:44:32.420475,view
U1278,P0436,2025-08-25 13:44:32.420898,view
U0241,P0237,2025-10-01 13:44:32.421201,view
U1290,P0079,2025-05-26 13:44:32.421507,cart
U1165,P0348,2026-01-22 13:44:32.421980,cart
U1587,P0014,2026-01-03 13:44:32.422304,view
U0801,P0177,2025-12-03 13:44:32.422600,cart
U1801,P0391,2025-08-16 13:44:32.423019,view
U1097,P0381,2026-01-25 13:44:32.423327,view
U1901,P0131,2025-06-23 13:44:32.424134,view
U1990,P0427,2025-06-11 13:44:32.424770,wishlist
U1838,P0170,2025-09-06 13:44:32.425301,view
U1042,P0422,2026-01-16 13:44:32.425580,view
U0378,P0049,2025-12-01 13:44:32.425941,view
U0567,P0133,2025-10-02 13:44:32.426216,view
U0735,P0461,2025-04-13 13:44:32.426473,view
U0758,P0224,2025-09-13 13:44:32.426841,view
U1093,P0375,2025-11-20 13:44:32.427116,wishlist
U1701,P0098,2026-03-29 13:44:32.431741,view
U1499,P0012,2025-11-17 13:44:32.432348,view
U0067,P0103,2025-07-04 13:44:32.432833,view
U1904,P0099,2025-09-01 13:44:32.434805,view
U0875,P0050,2025-05-02 13:44:32.435206,purchase
U0693,P0472,2025-07-07 13:44:32.435731,view
U0228,P0370,2026-03-21 13:44:32.442437,wishlist
U1794,P0092,2025-11-16 13:44:32.451425,view
U1756,P0127,2025-10-12 13:44:32.452524,view
U0762,P0261,2025-07-29 13:44:32.458908,view
U1432,P0184,2026-01-10 13:44:32.461041,view
U1099,P0362,2025-05-20 13:44:32.461487,view
U0035,P0466,2025-05-12 13:44:32.470298,view
U0834,P0092,2025-08-29 13:44:32.471074,view
U1124,P0394,2026-02-10 13:44:32.475219,cart
U0674,P0432,2025-07-01 13:44:32.487488,cart
U1194,P0185,2025-07-28 13:44:32.503085,view
U1501,P0037,2025-12-05 13:44:32.503769,cart
U1686,P0059,2025-09-27 13:44:32.507505,view
U0149,P0264,2026-02-17 13:44:32.508103,view
U1991,P0392,2025-08-09 13:44:32.508517,view
U1648,P0329,2025-12-18 13:44:32.518794,view
U0643,P0217,2025-07-12 13:44:32.519329,view
U0881,P0307,2025-10-30 13:44:32.519660,cart
U0966,P0159,2025-04-13 13:44:32.526131,view
U1821,P0014,2025-06-26 13:44:32.527216,cart
U1889,P0332,2026-01-31 13:44:32.527490,cart
U1548,P0248,2025-12-10 13:44:32.527724,view
U1170,P0030,2025-12-09 13:44:32.528018,wishlist
U1503,P0081,2025-10-26 13:44:32.528232,cart
U1415,P0433,2026-03-11 13:44:32.542335,wishlist
U0974,P0280,2025-04-12 13:44:32.545889,purchase
U1471,P0161,2025-04-29 13:44:32.546551,view
U0510,P0403,2025-05-14 13:44:32.551543,view
U0222,P0015,2026-02-03 13:44:32.551891,cart
U1011,P0284,2025-12-06 13:44:32.552223,view
U1378,P0199,2025-04-19 13:44:32.552435,cart
U0148,P0160,2025-07-15 13:44:32.552636,view
U0327,P0482,2026-04-04 13:44:32.552838,view
U0218,P0130,2026-01-29 13:44:32.553136,view
U1313,P0057,2025-05-01 13:44:32.553344,purchase
U0060,P0304,2025-04-19 13:44:32.553550,view
U1196,P0009,2025-05-05 13:44:32.560789,view
U0260,P0390,2025-08-05 13:44:32.561323,view
U1443,P0204,2025-06-02 13:44:32.561544,view
U0006,P0008,2026-03-04 13:44:32.561749,view
U1720,P0484,2025-11-17 13:44:32.562040,view
U0652,P0051,2025-11-20 13:44:32.562250,cart
U0455,P0131,2026-02-04 13:44:32.562445,purchase
U1581,P0097,2025-06-23 13:44:32.562637,cart
U1927,P0214,2025-09-17 13:44:32.562829,wishlist
U0131,P0026,2025-06-07 13:44:32.574621,view
U0869,P0295,2025-06-26 13:44:32.578271,view
U0610,P0452,2025-04-23 13:44:32.579355,cart
U0939,P0449,2025-11-04 13:44:32.579952,view
U1373,P0226,2025-05-12 13:44:32.582617,cart
U0849,P0176,2025-11-08 13:44:32.584581,view
U0810,P0068,2025-08-02 13:44:32.588580,cart
U1628,P0276,2025-07-21 13:44:32.589943,view
U1386,P0225,2025-06-01 13:44:32.595562,view
U0549,P0416,2025-09-26 13:44:32.596277,cart
U1220,P0057,2026-03-24 13:44:32.596720,view
U1793,P0272,2025-10-29 13:44:32.597044,view
U1016,P0166,2026-01-26 13:44:32.597472,cart
U0375,P0164,2025-08-23 13:44:32.597749,purchase
U1848,P0198,2025-06-21 13:44:32.600625,wishlist
U0191,P0086,2025-08-01 13:44:32.601049,cart
U0374,P0181,2025-10-13 13:44:32.601450,view
U0900,P0317,2025-05-23 13:44:32.601705,cart
U0047,P0136,2025-12-11 13:44:32.601945,view
U1696,P0108,2025-06-23 13:44:32.603150,view
U1832,P0135,2025-12-06 13:44:32.603686,view
U0586,P0069,2025-12-03 13:44:32.603947,cart
U0374,P0174,2025-06-08 13:44:32.604306,purchase
U1670,P0086,2025-07-08 13:44:32.604559,cart
U1211,P0394,2025-12-21 13:44:32.604805,view
U1117,P0386,2025-09-04 13:44:32.605130,cart
U0637,P0348,2026-04-02 13:44:32.606206,view
U0689,P0418,2025-11-06 13:44:32.607202,view
U0691,P0015,2025-08-14 13:44:32.607697,cart
U1430,P0392,2026-03-29 13:44:32.608165,wishlist
U1409,P0477,2025-11-27 13:44:32.608557,view
U0649,P0280,2025-12-14 13:44:32.609218,cart
U0581,P0103,2025-07-28 13:44:32.609697,view
U0329,P0273,2025-05-01 13:44:32.609996,purchase
U1993,P0440,2025-07-01 13:44:32.610249,view
U1925,P0274,2025-06-28 13:44:32.610628,view
U0628,P0175,2025-08-18 13:44:32.610984,wishlist
U1858,P0394,2025-09-04 13:44:32.611318,view
U0283,P0335,2025-10-20 13:44:32.611768,view
U0603,P0266,2025-04-14 13:44:32.612033,view
U0093,P0123,2025-09-30 13:44:32.612262,view
U1630,P0387,2026-01-25 13:44:32.612600,cart
U1467,P0087,2025-09-02 13:44:32.616069,view
U0911,P0244,2025-05-11 13:44:32.616604,view
U1937,P0173,2025-12-04 13:44:32.616930,view
U1295,P0072,2025-12-26 13:44:32.617179,cart
U0749,P0206,2026-01-09 13:44:32.617512,view
U0433,P0341,2025-11-18 13:44:32.617754,wishlist
U0590,P0145,2026-01-01 13:44:32.617980,purchase
U1047,P0473,2025-12-31 13:44:32.618294,view
U0504,P0146,2026-02-20 13:44:32.618766,cart
U0677,P0124,2025-06-03 13:44:32.620144,view
U1044,P0021,2026-02-04 13:44:32.620517,cart
U1942,P0396,2025-09-30 13:44:32.620764,view
U0692,P0300,2025-04-15 13:44:32.621123,view
U1858,P0212,2025-06-16 13:44:32.621462,view
U0099,P0032,2025-05-18 13:44:32.621712,view
U1521,P0422,2025-10-15 13:44:32.621952,view
U0972,P0386,2025-05-03 13:44:32.622165,view
U1955,P0072,2025-06-21 13:44:32.622484,view
U1079,P0173,2025-09-20 13:44:32.622701,cart
U0945,P0455,2025-08-30 13:44:32.625173,view
U0322,P0021,2025-07-06 13:44:32.625676,cart
U0379,P0384,2025-04-11 13:44:32.625935,view
U0727,P0430,2025-05-31 13:44:32.626192,cart
U1209,P0303,2025-09-17 13:44:32.626524,view
U1610,P0193,2025-10-28 13:44:32.626766,wishlist
U0688,P0255,2025-07-14 13:44:32.632470,wishlist
U1274,P0337,2025-10-13 13:44:32.633504,wishlist
U1121,P0441,2025-10-31 13:44:32.638571,purchase
U0105,P0068,2025-05-10 13:44:32.639616,view
U0314,P0050,2025-08-29 13:44:32.640965,view
U0488,P0427,2026-02-16 13:44:32.641483,purchase
U1158,P0332,2026-01-17 13:44:32.641769,view
U1909,P0277,2026-03-28 13:44:32.642030,cart
U1956,P0111,2025-04-18 13:44:32.642281,view
U1555,P0303,2025-06-28 13:44:32.642625,view
U0565,P0070,2026-02-03 13:44:32.652680,view
U0894,P0343,2026-03-21 13:44:32.658114,wishlist
U0463,P0268,2025-12-04 13:44:32.662767,view
U1842,P0477,2025-05-16 13:44:32.663245,view
U0626,P0345,2025-08-31 13:44:32.672769,view
U1748,P0278,2026-02-20 13:44:32.673657,cart
U1028,P0272,2025-07-27 13:44:32.681834,purchase
U1683,P0054,2025-04-30 13:44:32.683273,view
U1356,P0389,2025-09-01 13:44:32.685374,view
U1689,P0247,2025-06-28 13:44:32.686206,view
U1299,P0248,2026-02-26 13:44:32.687353,view
U0158,P0175,2025-11-01 13:44:32.701402,view
U1173,P0076,2025-12-15 13:44:32.702136,cart
U1760,P0161,2026-02-17 13:44:32.702474,view
U1608,P0088,2025-09-25 13:44:32.702890,view
U1101,P0350,2025-06-14 13:44:32.703141,view
U0818,P0412,2026-01-06 13:44:32.703366,wishlist
U1672,P0230,2025-06-04 13:44:32.709641,view
U1880,P0320,2025-07-28 13:44:32.711116,view
U0880,P0417,2025-07-15 13:44:32.714565,purchase
U0610,P0472,2025-11-28 13:44:32.717459,purchase
U1015,P0459,2025-04-26 13:44:32.718702,view
U0394,P0074,2025-06-04 13:44:32.719157,view
U0753,P0452,2026-03-25 13:44:32.722509,wishlist
U1349,P0290,2025-11-06 13:44:32.723121,cart
U0085,P0416,2025-09-06 13:44:32.723444,view
U1038,P0141,2026-03-01 13:44:32.733033,cart
U0347,P0489,2025-07-24 13:44:32.734534,view
U1796,P0177,2026-02-28 13:44:32.748919,cart
U1791,P0321,2025-10-22 13:44:32.749738,cart
U0967,P0360,2025-06-27 13:44:32.750144,view
U1106,P0104,2025-11-06 13:44:32.750458,cart
U1493,P0460,2025-11-04 13:44:32.750895,view
U0252,P0225,2026-02-15 13:44:32.751183,view
U1973,P0454,2025-05-25 13:44:32.751456,cart
U1149,P0395,2025-10-15 13:44:32.758099,view
U0339,P0390,2025-05-03 13:44:32.758849,view
U0384,P0432,2025-08-25 13:44:32.759230,wishlist
U1175,P0209,2025-08-29 13:44:32.759666,purchase
U1123,P0288,2026-04-02 13:44:32.760178,view
U0261,P0350,2026-03-15 13:44:32.760854,view
U1079,P0171,2026-01-02 13:44:32.761663,view
U0090,P0213,2026-02-28 13:44:32.762034,view
U1628,P0500,2025-07-19 13:44:32.762731,view
U0020,P0145,2026-03-13 13:44:32.763096,cart
U0663,P0256,2025-10-28 13:44:32.765633,cart
U0778,P0106,2025-06-25 13:44:32.767796,view
U0486,P0222,2025-06-08 13:44:32.769146,view
U0703,P0150,2026-03-11 13:44:32.769876,wishlist
U0038,P0211,2025-12-26 13:44:32.770913,cart
U1959,P0349,2025-10-08 13:44:32.771611,view
U1531,P0478,2025-08-14 13:44:32.772154,cart
U1683,P0453,2025-05-01 13:44:32.772609,cart
U1627,P0192,2025-10-03 13:44:32.772908,wishlist
U1287,P0239,2025-12-26 13:44:32.774979,wishlist
U1971,P0212,2025-05-16 13:44:32.776269,purchase
U1311,P0119,2025-06-06 13:44:32.776738,view
U1349,P0277,2025-09-17 13:44:32.782577,view
U1427,P0169,2025-05-29 13:44:32.784396,cart
U0885,P0362,2025-10-30 13:44:32.788866,purchase
U1629,P0079,2025-09-01 13:44:32.791370,view
U0883,P0131,2025-05-20 13:44:32.795322,view
U1411,P0159,2026-01-27 13:44:32.795993,view
U1877,P0145,2025-11-28 13:44:32.796279,cart
U1635,P0427,2025-07-15 13:44:32.801902,view
U1696,P0337,2025-04-23 13:44:32.802405,view
U0145,P0220,2025-12-03 13:44:32.802862,view
U1653,P0191,2025-08-06 13:44:32.803124,wishlist
U0502,P0325,2025-05-13 13:44:32.812339,view
U0474,P0298,2025-09-19 13:44:32.813119,view
U1301,P0132,2026-03-07 13:44:32.813439,purchase
U1392,P0377,2025-11-23 13:44:32.813800,cart
U0131,P0413,2026-04-06 13:44:32.814055,purchase
U1493,P0010,2025-05-24 13:44:32.814293,view
U1983,P0054,2026-01-10 13:44:32.814538,cart
U1562,P0338,2025-09-03 13:44:32.819901,view
U0432,P0375,2025-05-20 13:44:32.820590,view
U0104,P0169,2026-01-19 13:44:32.827254,view
U0142,P0082,2025-07-21 13:44:32.828099,view
U1715,P0103,2026-01-12 13:44:32.829616,view
U1521,P0264,2025-12-14 13:44:32.833457,view
U1452,P0053,2025-07-14 13:44:32.834016,purchase
U0195,P0479,2026-04-02 13:44:32.834306,view
U0778,P0018,2025-10-05 13:44:32.852126,view
U1985,P0071,2026-01-03 13:44:32.858990,purchase
U1882,P0416,2025-05-29 13:44:32.859410,wishlist
U0591,P0025,2025-12-16 13:44:32.869198,view
U1097,P0398,2025-09-14 13:44:32.869800,purchase
U0553,P0309,2025-12-23 13:44:32.875307,wishlist
U0195,P0467,2026-03-07 13:44:32.876019,purchase
U0371,P0022,2025-07-06 13:44:32.877141,view
U0689,P0394,2025-10-22 13:44:32.883995,view
U1358,P0487,2025-04-22 13:44:32.888076,view
U1171,P0204,2025-05-18 13:44:32.895136,view
U1730,P0005,2025-05-09 13:44:32.906211,view
U0601,P0067,2025-12-16 13:44:32.906734,purchase
U1771,P0171,2025-07-26 13:44:32.907387,cart
U1823,P0240,2025-11-28 13:44:32.914660,cart
U1122,P0120,2025-12-21 13:44:32.915556,view
U1581,P0292,2025-07-08 13:44:32.915961,view
U0888,P0300,2025-11-24 13:44:32.916407,cart
U1550,P0321,2025-08-08 13:44:32.927476,purchase
U1231,P0404,2025-09-21 13:44:32.928374,cart
U1593,P0172,2025-05-08 13:44:32.928813,wishlist
U1234,P0284,2025-06-12 13:44:32.929091,cart
U0169,P0426,2025-11-13 13:44:32.929347,purchase
U0384,P0349,2025-04-21 13:44:32.929714,view
U1332,P0441,2025-09-13 13:44:32.942889,view
U0576,P0191,2025-07-26 13:44:32.948814,view
U0911,P0300,2025-12-17 13:44:32.950148,cart
U0229,P0051,2025-09-30 13:44:32.950549,view
U1858,P0354,2025-11-26 13:44:32.953704,view
U0984,P0402,2025-11-09 13:44:32.956221,view
U1359,P0063,2025-10-06 13:44:32.962846,purchase
U0939,P0324,2025-11-07 13:44:32.963272,view
U1620,P0074,2025-10-05 13:44:32.965907,view
U0073,P0455,2025-10-21 13:44:32.966436,view
U0526,P0147,2025-08-03 13:44:32.971887,view
U0069,P0345,2025-06-27 13:44:32.972597,view
U0319,P0224,2026-03-01 13:44:32.972919,purchase
U1603,P0097,2025-10-17 13:44:32.973344,view
U1558,P0220,2026-01-01 13:44:32.973646,view
U1304,P0220,2025-12-08 13:44:32.973937,view
U0601,P0010,2026-03-01 13:44:32.975104,view
U1811,P0384,2025-08-27 13:44:32.976217,view
U1884,P0029,2025-07-18 13:44:32.976558,view
U1199,P0075,2025-12-08 13:44:32.976813,cart
U1159,P0345,2025-06-03 13:44:32.977163,view
U1569,P0411,2025-10-04 13:44:32.977394,wishlist
U0995,P0233,2026-03-12 13:44:32.977595,wishlist
U0365,P0020,2025-09-19 13:44:32.977792,view
U1268,P0111,2025-10-18 13:44:32.978164,cart
U1413,P0175,2026-03-11 13:44:32.980426,view
U0058,P0182,2025-04-12 13:44:32.981324,cart
U1861,P0328,2025-07-29 13:44:32.982238,cart
U1964,P0053,2025-06-13 13:44:32.983510,purchase
U0105,P0101,2025-09-23 13:44:32.985801,cart
U0265,P0157,2026-03-15 13:44:32.987555,purchase
U0810,P0468,2025-07-22 13:44:32.988149,cart
U1442,P0309,2025-11-28 13:44:32.988489,view
U1113,P0200,2025-09-04 13:44:32.988767,view
U0391,P0114,2026-03-10 13:44:32.989021,view
U1255,P0333,2025-09-25 13:44:32.989415,view
U0999,P0093,2025-10-27 13:44:32.989677,view
U0696,P0453,2026-01-26 13:44:32.989937,cart
U0032,P0216,2026-02-02 13:44:32.990337,view
U0370,P0085,2025-12-27 13:44:32.990651,view
U0885,P0086,2025-08-09 13:44:32.990905,view
U1779,P0179,2025-06-15 13:44:32.992114,view
U0260,P0301,2026-02-20 13:44:32.992729,view
U0531,P0481,2025-10-11 13:44:32.993270,view
U1462,P0048,2025-10-02 13:44:32.993649,view
U0856,P0489,2025-06-01 13:44:32.993974,cart
U0265,P0209,2025-07-01 13:44:32.994316,cart
U1028,P0348,2026-03-03 13:44:32.995259,view
U1412,P0436,2025-04-11 13:44:32.995969,cart
U0571,P0290,2025-06-04 13:44:32.996619,view
U1514,P0055,2025-10-18 13:44:32.997243,purchase
U0826,P0082,2025-12-01 13:44:32.997726,view
U1696,P0208,2025-05-15 13:44:32.998001,cart
U1327,P0389,2025-09-20 13:44:32.998246,view
U0056,P0168,2025-11-10 13:44:32.998609,purchase
U1457,P0218,2025-10-25 13:44:32.998942,view
U1485,P0455,2025-09-11 13:44:32.999187,view
U1002,P0474,2026-02-17 13:44:32.999411,view
U1081,P0002,2025-06-26 13:44:32.999778,wishlist
U1109,P0122,2025-07-08 13:44:33.000038,view
U1032,P0040,2025-11-03 13:44:33.000294,view
U0939,P0376,2026-03-16 13:44:33.001255,view
U1566,P0457,2025-04-23 13:44:33.001771,cart
U1001,P0241,2025-08-18 13:44:33.002027,wishlist
U0084,P0203,2025-12-06 13:44:33.002259,view
U0841,P0065,2026-02-02 13:44:33.002586,view
U1720,P0382,2025-12-07 13:44:33.003190,purchase
U0152,P0280,2026-03-08 13:44:33.004265,view
U1498,P0222,2026-03-07 13:44:33.004563,view
U0963,P0169,2025-06-25 13:44:33.004831,view
U1159,P0493,2026-03-29 13:44:33.005190,view
U1734,P0399,2025-04-08 13:44:33.005486,view
U0233,P0225,2025-09-09 13:44:33.005746,view
U0823,P0011,2025-08-14 13:44:33.006006,view
U0733,P0074,2025-09-20 13:44:33.006536,view
U0696,P0466,2025-06-25 13:44:33.006953,wishlist
U0165,P0449,2025-08-27 13:44:33.007337,view
U1922,P0021,2025-05-15 13:44:33.007764,view
U0284,P0356,2025-10-04 13:44:33.008223,view
U0430,P0358,2025-10-10 13:44:33.008530,view
U0702,P0406,2025-07-10 13:44:33.009213,cart
U1280,P0364,2025-12-05 13:44:33.010004,view
U0483,P0319,2025-05-18 13:44:33.010433,wishlist
U1140,P0250,2025-07-31 13:44:33.010690,wishlist
U0595,P0462,2026-03-08 13:44:33.010934,wishlist
U0248,P0045,2025-07-16 13:44:33.011315,purchase
U1281,P0140,2025-06-02 13:44:33.011643,view
U0712,P0143,2026-01-14 13:44:33.011911,view
U0565,P0279,2025-04-30 13:44:33.012390,view
U0306,P0133,2025-04-30 13:44:33.012717,cart
U1910,P0360,2025-12-20 13:44:33.013015,cart
U1125,P0451,2025-06-04 13:44:33.015262,view
U0794,P0239,2025-05-22 13:44:33.015922,view
U1464,P0363,2026-01-24 13:44:33.016368,wishlist
U0709,P0322,2026-03-27 13:44:33.017049,view
U1348,P0070,2026-02-17 13:44:33.019210,wishlist
U0931,P0452,2025-08-13 13:44:33.020443,purchase
U0140,P0420,2025-04-06 13:44:33.020921,view
U0020,P0159,2026-02-23 13:44:33.021345,view
U0936,P0240,2025-10-26 13:44:33.021607,view
U1986,P0407,2025-05-01 13:44:33.021862,view
U0842,P0370,2025-04-23 13:44:33.022243,cart
U1542,P0081,2025-09-14 13:44:33.022588,view
U1963,P0404,2025-11-15 13:44:33.025293,view
U1501,P0290,2025-10-02 13:44:33.026847,view
U0836,P0150,2025-07-18 13:44:33.030481,view
U0195,P0024,2025-10-23 13:44:33.031727,purchase
U0258,P0399,2026-01-14 13:44:33.037242,wishlist
U0404,P0197,2025-12-17 13:44:33.038428,cart
U1039,P0375,2025-05-20 13:44:33.039086,cart
U0399,P0317,2025-06-25 13:44:33.039367,purchase
U1105,P0431,2025-09-10 13:44:33.040181,cart
U0669,P0472,2025-08-21 13:44:33.041900,purchase
U1569,P0422,2025-06-08 13:44:33.043347,cart
U1129,P0002,2025-08-23 13:44:33.045430,view
U0019,P0426,2025-10-23 13:44:33.045848,wishlist
U0995,P0128,2025-12-08 13:44:33.047872,cart
U0728,P0321,2025-07-17 13:44:33.048744,view
U1290,P0375,2026-02-18 13:44:33.049627,wishlist
U1830,P0062,2025-08-15 13:44:33.055299,view
U1180,P0210,2026-02-04 13:44:33.055751,wishlist
U1829,P0479,2025-09-20 13:44:33.056011,view
U1958,P0060,2026-03-28 13:44:33.056328,view
U0562,P0434,2025-09-16 13:44:33.056550,view
U1198,P0446,2025-05-16 13:44:33.056760,purchase
U1627,P0155,2025-10-27 13:44:33.056972,wishlist
U1825,P0407,2025-07-14 13:44:33.058970,view
U1219,P0131,2025-05-08 13:44:33.062186,view
U0680,P0367,2026-04-03 13:44:33.062926,cart
U0282,P0252,2026-02-16 13:44:33.067261,purchase
U0793,P0151,2026-02-24 13:44:33.067915,view
U1845,P0116,2025-10-26 13:44:33.068335,view
U1249,P0416,2025-12-16 13:44:33.068632,cart
U1928,P0159,2025-08-09 13:44:33.068872,cart
U0068,P0093,2025-07-09 13:44:33.069273,view
U1694,P0077,2025-08-05 13:44:33.071620,view
U1134,P0217,2025-08-26 13:44:33.072336,view
U0513,P0406,2025-09-03 13:44:33.072797,view
U0987,P0373,2025-11-22 13:44:33.073107,purchase
U0444,P0361,2025-12-10 13:44:33.076888,view
U0031,P0361,2025-04-14 13:44:33.083292,wishlist
U1028,P0227,2025-12-10 13:44:33.092957,view
U0936,P0131,2025-04-10 13:44:33.097648,view
U1387,P0317,2025-12-13 13:44:33.105776,view
U0378,P0069,2025-12-10 13:44:33.106088,cart
U0566,P0246,2025-05-28 13:44:33.106406,view
U0356,P0107,2026-04-01 13:44:33.106627,purchase
U1959,P0293,2025-04-29 13:44:33.109591,purchase
U0135,P0276,2026-03-06 13:44:33.110997,view
U0386,P0266,2025-04-23 13:44:33.111959,wishlist
U1078,P0198,2026-02-20 13:44:33.122873,view
U0601,P0154,2026-01-02 13:44:33.130386,view
U0825,P0167,2025-10-13 13:44:33.140620,cart
U0132,P0470,2025-08-19 13:44:33.147739,view
U1225,P0037,2025-07-25 13:44:33.148081,view
U1213,P0301,2025-10-16 13:44:33.151109,view
U1909,P0056,2025-09-14 13:44:33.151487,view
U1649,P0104,2025-11-09 13:44:33.151731,cart
U0605,P0161,2026-01-23 13:44:33.151950,view
U0862,P0159,2026-02-22 13:44:33.152247,view
U0273,P0247,2026-01-27 13:44:33.152472,view
U1937,P0144,2026-03-26 13:44:33.152684,view
U1498,P0122,2025-12-26 13:44:33.159474,view
U0751,P0016,2026-02-12 13:44:33.161151,view
U1605,P0384,2025-09-14 13:44:33.162081,view
U1845,P0495,2025-11-11 13:44:33.162398,view
U1060,P0281,2025-05-25 13:44:33.162679,view
U0474,P0062,2025-10-13 13:44:33.163028,view
U0553,P0261,2025-11-29 13:44:33.163269,cart
U1391,P0433,2025-10-25 13:44:33.165465,cart
U0653,P0244,2025-06-01 13:44:33.165739,view
U0077,P0460,2025-07-25 13:44:33.166141,view
U1145,P0263,2025-05-19 13:44:33.167216,cart
U1679,P0481,2025-07-06 13:44:33.167497,cart
U1747,P0450,2025-09-27 13:44:33.167737,wishlist
U1837,P0362,2025-05-05 13:44:33.168061,view
U0005,P0402,2026-02-20 13:44:33.168301,view
U1503,P0307,2026-03-23 13:44:33.168543,view
U1615,P0359,2026-02-19 13:44:33.168915,view
U1969,P0131,2025-09-03 13:44:33.169388,view
U1412,P0445,2026-02-08 13:44:33.169977,view
U0306,P0204,2026-01-11 13:44:33.170634,cart
U0097,P0409,2025-11-29 13:44:33.171148,view
U0871,P0153,2025-05-14 13:44:33.171453,cart
U1048,P0257,2025-12-31 13:44:33.172333,view
U1228,P0441,2025-08-07 13:44:33.182738,wishlist
U0839,P0308,2025-12-17 13:44:33.187447,wishlist
U1991,P0359,2025-10-06 13:44:33.189630,view
U0136,P0304,2025-07-16 13:44:33.190671,view
U0891,P0113,2025-07-23 13:44:33.191213,view
U0734,P0488,2025-06-19 13:44:33.195009,purchase
U1611,P0279,2025-12-07 13:44:33.197899,view
U0709,P0184,2025-08-19 13:44:33.199299,view
U1836,P0357,2025-08-13 13:44:33.199904,view
U1750,P0077,2025-12-02 13:44:33.200209,view
U1035,P0498,2025-04-22 13:44:33.200571,purchase
U0905,P0388,2025-05-27 13:44:33.200825,view
U0856,P0443,2025-12-13 13:44:33.201042,cart
U0210,P0384,2025-06-12 13:44:33.201737,view
U0481,P0048,2025-09-09 13:44:33.202055,view
U0648,P0033,2026-03-12 13:44:33.202294,view
U0531,P0341,2025-11-22 13:44:33.202665,view
U1884,P0003,2025-07-26 13:44:33.202909,view
U1260,P0151,2025-04-22 13:44:33.203151,purchase
U0398,P0462,2025-08-07 13:44:33.203472,cart
U0713,P0365,2026-01-11 13:44:33.204613,view
U1678,P0301,2026-03-25 13:44:33.205198,view
U1460,P0431,2026-03-24 13:44:33.205494,view
U1312,P0469,2025-07-02 13:44:33.210521,view
U1041,P0422,2025-08-18 13:44:33.210965,view
U1927,P0013,2025-11-21 13:44:33.211849,wishlist
U0872,P0261,2025-04-14 13:44:33.212213,view
U1966,P0374,2025-04-09 13:44:33.212557,cart
U1223,P0090,2026-03-27 13:44:33.212778,view
U1090,P0096,2025-11-27 13:44:33.213026,view
U1537,P0381,2025-12-16 13:44:33.213267,view
U1847,P0034,2025-08-09 13:44:33.213605,view
U1751,P0439,2026-03-03 13:44:33.213888,view
U1277,P0227,2026-02-24 13:44:33.216615,view
U0747,P0324,2025-09-07 13:44:33.217262,view
U1126,P0442,2026-03-02 13:44:33.217843,cart
U1427,P0386,2025-07-24 13:44:33.218142,view
U0136,P0070,2025-05-28 13:44:33.219494,wishlist
U0371,P0375,2025-09-05 13:44:33.220090,view
U1091,P0149,2026-02-03 13:44:33.220999,view
U1995,P0336,2026-02-12 13:44:33.221419,view
U0285,P0228,2025-09-05 13:44:33.227092,purchase
U1603,P0061,2026-03-29 13:44:33.227640,view
U1103,P0029,2025-08-01 13:44:33.227955,view
U0682,P0177,2025-09-24 13:44:33.228275,cart
U1357,P0026,2026-03-24 13:44:33.228628,purchase
U0356,P0459,2026-01-11 13:44:33.232194,purchase
U1847,P0403,2026-01-27 13:44:33.233466,purchase
U1256,P0309,2025-06-07 13:44:33.242250,view
U1460,P0495,2025-10-04 13:44:33.242939,view
U0974,P0406,2026-02-28 13:44:33.258775,view
U0824,P0239,2026-01-07 13:44:33.259666,view
U0119,P0174,2026-01-20 13:44:33.260010,view
U1062,P0121,2025-10-30 13:44:33.260329,view
U0245,P0046,2025-11-10 13:44:33.265180,view
U0685,P0364,2025-12-28 13:44:33.266216,wishlist
U0315,P0114,2025-06-22 13:44:33.266722,view
U0276,P0464,2025-06-27 13:44:33.267668,cart
U0554,P0071,2025-12-30 13:44:33.267980,view
U0916,P0430,2026-02-04 13:44:33.269117,view
U1159,P0011,2025-06-24 13:44:33.269473,view
U1245,P0186,2025-04-16 13:44:33.270101,view
U0151,P0291,2025-07-19 13:44:33.271351,cart
U0765,P0401,2026-03-04 13:44:33.271841,view
U0930,P0378,2026-03-25 13:44:33.272274,view
U0510,P0312,2026-03-09 13:44:33.272555,view
U1970,P0231,2026-02-26 13:44:33.272829,cart
U0080,P0243,2026-03-08 13:44:33.273226,wishlist
U1661,P0466,2025-10-01 13:44:33.275929,view
U1511,P0477,2025-06-07 13:44:33.276833,view
U1844,P0046,2026-02-17 13:44:33.278244,view
U1815,P0461,2025-12-03 13:44:33.278780,view
U0460,P0254,2025-06-16 13:44:33.279088,wishlist
U1718,P0251,2025-07-23 13:44:33.279352,cart
U1948,P0318,2025-11-05 13:44:33.279601,view
U1107,P0471,2025-11-21 13:44:33.280190,view
U0012,P0078,2025-05-10 13:44:33.280516,view
U0178,P0368,2026-02-19 13:44:33.280964,cart
U1179,P0436,2025-12-26 13:44:33.281256,cart
U1728,P0244,2025-10-27 13:44:33.281529,view
U0035,P0436,2025-05-15 13:44:33.290167,cart
U1166,P0224,2025-08-28 13:44:33.291853,view
U1600,P0059,2025-05-09 13:44:33.294239,wishlist
U0584,P0282,2026-02-23 13:44:33.295174,cart
U0891,P0285,2025-09-20 13:44:33.297423,purchase
U1760,P0442,2025-10-21 13:44:33.299529,view
U0442,P0456,2026-01-20 13:44:33.300225,view
U0572,P0035,2025-11-19 13:44:33.300607,view
U1848,P0119,2026-02-04 13:44:33.301062,cart
U1207,P0331,2025-09-30 13:44:33.301334,view
U1144,P0247,2026-01-20 13:44:33.301568,view
U0721,P0391,2026-02-14 13:44:33.302011,purchase
U0038,P0097,2025-09-16 13:44:33.302308,wishlist
U1853,P0227,2025-10-20 13:44:33.302590,cart
U0538,P0246,2025-11-07 13:44:33.303016,cart
U0744,P0250,2026-02-22 13:44:33.303456,cart
U1428,P0343,2025-06-17 13:44:33.303816,wishlist
U1399,P0192,2026-01-08 13:44:33.305555,view
U0573,P0338,2026-03-20 13:44:33.306101,cart
U1551,P0404,2026-03-07 13:44:33.306772,view
U0076,P0149,2025-07-22 13:44:33.307336,view
U1153,P0024,2025-10-27 13:44:33.307734,cart
U0759,P0320,2025-08-07 13:44:33.308085,wishlist
U1365,P0443,2025-09-13 13:44:33.308591,cart
U0190,P0106,2025-06-08 13:44:33.309034,cart
U1538,P0386,2025-05-05 13:44:33.309554,view
U0820,P0123,2025-07-09 13:44:33.309910,view
U0126,P0148,2025-06-02 13:44:33.310867,view
U0930,P0475,2025-08-20 13:44:33.311440,view
U1075,P0112,2025-05-02 13:44:33.311809,view
U1862,P0415,2025-12-04 13:44:33.317551,view
U0838,P0412,2025-08-19 13:44:33.319443,view
U1629,P0366,2025-09-13 13:44:33.320050,view
U0400,P0047,2026-01-17 13:44:33.321152,view
U1799,P0258,2025-06-11 13:44:33.321617,view
U1253,P0459,2025-08-04 13:44:33.322054,view
U0809,P0493,2025-08-07 13:44:33.322302,view
U1749,P0181,2025-05-29 13:44:33.322531,view
U0418,P0274,2026-04-03 13:44:33.322854,view
U1542,P0239,2025-08-03 13:44:33.323092,view
U0978,P0270,2025-06-06 13:44:33.324185,cart
U0739,P0199,2026-01-21 13:44:33.324427,wishlist
U1105,P0029,2026-03-03 13:44:33.324642,cart
U1655,P0011,2026-03-02 13:44:33.325593,cart
U1349,P0092,2026-03-13 13:44:33.327765,purchase
U0135,P0304,2026-01-08 13:44:33.328678,purchase
U1930,P0156,2026-03-28 13:44:33.329459,view
U0299,P0301,2026-01-21 13:44:33.332047,view
U1727,P0231,2025-08-03 13:44:33.332827,cart
U1699,P0405,2025-04-24 13:44:33.342842,view
U0050,P0339,2025-05-07 13:44:33.343499,cart
U1661,P0198,2026-01-06 13:44:33.343797,cart
U1972,P0237,2025-06-30 13:44:33.344178,view
U1267,P0106,2025-09-21 13:44:33.344420,view
U1001,P0381,2025-09-10 13:44:33.346135,view
U0410,P0495,2025-06-07 13:44:33.346719,view
U1708,P0160,2026-03-18 13:44:33.347161,view
U1466,P0036,2026-02-11 13:44:33.347460,view
U1938,P0340,2025-12-24 13:44:33.350358,view
U1368,P0314,2025-04-24 13:44:33.351354,view
U1668,P0354,2026-04-03 13:44:33.352369,view
U0675,P0363,2025-05-08 13:44:33.355198,wishlist
U1736,P0007,2025-05-17 13:44:33.355519,view
U1326,P0055,2026-03-20 13:44:33.357510,wishlist
U2000,P0054,2026-01-11 13:44:33.360529,view
U1771,P0293,2025-04-26 13:44:33.361605,purchase
U0120,P0198,2025-12-09 13:44:33.362176,cart
U0556,P0193,2025-05-23 13:44:33.362470,wishlist
U1476,P0393,2025-12-29 13:44:33.362696,view
U1593,P0017,2025-06-09 13:44:33.363042,cart
U0732,P0496,2025-08-05 13:44:33.363312,purchase
U0041,P0141,2025-11-21 13:44:33.363575,view
U0721,P0464,2025-07-04 13:44:33.364627,view
U0380,P0479,2026-02-14 13:44:33.365520,view
U0348,P0382,2025-04-17 13:44:33.365816,view
U0132,P0287,2025-09-10 13:44:33.366515,wishlist
U1385,P0449,2025-09-27 13:44:33.367676,purchase
U0910,P0256,2026-03-26 13:44:33.368636,view
U0367,P0279,2026-03-27 13:44:33.369175,view
U1040,P0196,2025-09-24 13:44:33.369536,wishlist
U1448,P0236,2025-10-05 13:44:33.372436,purchase
U1604,P0204,2025-04-26 13:44:33.374296,wishlist
U1024,P0018,2025-11-27 13:44:33.374666,cart
U0083,P0243,2026-03-22 13:44:33.376565,purchase
U0881,P0202,2026-01-24 13:44:33.377109,view
U1055,P0426,2025-10-14 13:44:33.377495,view
U0562,P0047,2025-09-02 13:44:33.377815,view
U0147,P0145,2026-04-01 13:44:33.378264,cart
U1724,P0364,2025-07-30 13:44:33.378577,cart
U0591,P0147,2025-12-08 13:44:33.378869,view
U1665,P0129,2025-05-01 13:44:33.386512,view
U0432,P0168,2026-04-06 13:44:33.389705,view
U0233,P0354,2025-12-20 13:44:33.390492,view
U0657,P0136,2025-05-19 13:44:33.390823,purchase
U0263,P0013,2026-01-21 13:44:33.391237,view
U0153,P0217,2025-04-16 13:44:33.391570,cart
U1032,P0253,2025-06-06 13:44:33.391888,view
U0708,P0001,2025-06-17 13:44:33.393121,view
U1991,P0223,2025-06-03 13:44:33.393623,cart
U1896,P0230,2025-07-20 13:44:33.399355,cart
U1292,P0350,2025-11-19 13:44:33.400304,view
U1299,P0174,2025-05-29 13:44:33.400667,view
U0191,P0083,2026-02-11 13:44:33.400927,view
U1695,P0170,2025-06-08 13:44:33.406071,view
U1920,P0268,2026-01-20 13:44:33.406724,view
U0069,P0356,2025-09-11 13:44:33.407134,view
U1636,P0209,2025-09-20 13:44:33.411759,purchase
U0656,P0138,2025-06-11 13:44:33.412509,view
U0713,P0319,2025-06-14 13:44:33.412852,view
U0577,P0450,2025-11-05 13:44:33.413873,purchase
U1024,P0303,2025-08-24 13:44:33.414497,view
U0934,P0468,2026-03-23 13:44:33.414801,cart
U0977,P0237,2025-11-22 13:44:33.415070,view
U1262,P0053,2025-09-08 13:44:33.415834,view
U1769,P0437,2025-11-28 13:44:33.416120,cart
U0768,P0012,2025-06-10 13:44:33.416489,view
U0191,P0315,2025-09-11 13:44:33.416749,wishlist
U1847,P0198,2025-10-30 13:44:33.416979,view
U0259,P0444,2025-05-09 13:44:33.417368,wishlist
U0098,P0038,2025-07-27 13:44:33.420430,view
U0978,P0038,2025-08-05 13:44:33.420859,view
U1274,P0153,2025-06-09 13:44:33.421298,view
U1931,P0072,2025-07-13 13:44:33.422736,view
U1093,P0004,2025-11-08 13:44:33.423299,view
U1299,P0175,2026-03-02 13:44:33.425598,view
U0165,P0024,2025-05-19 13:44:33.430116,view
U0009,P0118,2025-06-24 13:44:33.430830,view
U1647,P0413,2025-04-15 13:44:33.431191,view
U0818,P0148,2025-12-22 13:44:33.439510,cart
U0447,P0172,2026-03-22 13:44:33.441320,view
U0256,P0356,2025-10-22 13:44:33.447669,cart
U1870,P0312,2025-10-21 13:44:33.448166,purchase
U1820,P0393,2025-05-17 13:44:33.453910,cart
U1661,P0190,2025-07-12 13:44:33.454611,cart
U0262,P0109,2026-01-07 13:44:33.454898,view
U1003,P0294,2025-12-23 13:44:33.455213,view
U1039,P0347,2026-02-02 13:44:33.462195,view
U1935,P0318,2025-06-24 13:44:33.463017,wishlist
U1781,P0204,2025-06-30 13:44:33.464669,view
U0932,P0185,2025-07-10 13:44:33.465644,view
U0052,P0185,2025-12-21 13:44:33.466238,wishlist
U0065,P0092,2025-07-26 13:44:33.466579,cart
U1111,P0064,2025-04-17 13:44:33.469786,view
U0101,P0468,2026-02-23 13:44:33.471257,view
U0606,P0363,2025-07-17 13:44:33.471874,cart
U1315,P0260,2026-02-18 13:44:33.476178,view
U1088,P0431,2026-01-08 13:44:33.478332,view
U0856,P0225,2026-02-27 13:44:33.480513,view
U0243,P0215,2025-06-14 13:44:33.481089,view
U0578,P0272,2026-03-23 13:44:33.481430,purchase
U1528,P0108,2025-12-23 13:44:33.481843,purchase
U0855,P0223,2025-07-28 13:44:33.482142,cart
U1780,P0120,2026-03-29 13:44:33.482394,wishlist
U1381,P0483,2025-04-23 13:44:33.486337,view
U1740,P0182,2026-02-09 13:44:33.489045,cart
U0525,P0218,2026-02-07 13:44:33.498947,cart
U0909,P0404,2025-07-08 13:44:33.499716,view
U0907,P0048,2025-07-23 13:44:33.500139,cart
U1151,P0172,2025-11-10 13:44:33.503749,purchase
U1022,P0467,2026-02-09 13:44:33.504313,purchase
U1519,P0288,2025-11-15 13:44:33.504797,view
U0795,P0380,2025-08-04 13:44:33.505104,wishlist
U1083,P0396,2025-05-14 13:44:33.512395,wishlist
U0553,P0327,2025-11-24 13:44:33.514315,view
U1993,P0025,2025-09-03 13:44:33.515463,view
U0966,P0489,2026-02-12 13:44:33.517278,cart
U1034,P0138,2026-01-03 13:44:33.518136,cart
U0121,P0153,2026-02-15 13:44:33.518574,view
U0912,P0436,2025-07-28 13:44:33.529841,view
U1559,P0406,2025-10-10 13:44:33.533171,purchase
U1833,P0166,2025-12-05 13:44:33.535513,view
U0157,P0338,2025-12-31 13:44:33.539479,view
U1758,P0166,2025-06-15 13:44:33.540884,view
U1685,P0082,2025-05-27 13:44:33.542822,view
U1266,P0176,2025-07-19 13:44:33.544208,view
U0611,P0424,2025-10-19 13:44:33.545174,view
U1592,P0209,2025-07-10 13:44:33.545701,cart
U1064,P0411,2025-06-02 13:44:33.546046,view
U1646,P0390,2025-05-05 13:44:33.546321,cart
U1829,P0228,2026-03-14 13:44:33.547229,cart
U1757,P0086,2025-05-12 13:44:33.547595,view
U1502,P0339,2026-01-06 13:44:33.547908,view
U1188,P0171,2025-06-12 13:44:33.548171,view
U0476,P0138,2026-02-03 13:44:33.548410,view
U0941,P0122,2026-01-21 13:44:33.548765,wishlist
U1436,P0237,2025-12-15 13:44:33.549076,purchase
U0489,P0341,2025-07-12 13:44:33.549381,view
U1571,P0410,2026-02-06 13:44:33.550280,view
U0271,P0316,2025-07-16 13:44:33.550654,view
U1040,P0105,2025-05-26 13:44:33.550894,wishlist
U1691,P0366,2025-06-27 13:44:33.551109,view
U1723,P0388,2025-11-28 13:44:33.552828,view
U0561,P0050,2025-11-08 13:44:33.553248,view
U0637,P0077,2026-01-14 13:44:33.553632,purchase
U1035,P0274,2025-07-28 13:44:33.553888,wishlist
U1938,P0011,2025-06-30 13:44:33.554120,view
U0623,P0482,2025-05-02 13:44:33.554346,purchase
U1221,P0405,2025-12-03 13:44:33.554686,wishlist
U1229,P0045,2025-09-08 13:44:33.554926,purchase
U0130,P0098,2025-12-16 13:44:33.555941,view
U0723,P0163,2025-07-04 13:44:33.557044,view
U0810,P0327,2025-11-13 13:44:33.557589,cart
U0695,P0483,2025-06-13 13:44:33.557916,cart
U0871,P0274,2026-04-02 13:44:33.558271,view
U1247,P0101,2026-02-01 13:44:33.558640,cart
U0851,P0090,2025-09-07 13:44:33.559085,view
U1581,P0424,2025-10-19 13:44:33.559889,cart
U1871,P0142,2026-02-04 13:44:33.560228,cart
U1817,P0470,2025-10-21 13:44:33.560626,cart
U0438,P0382,2025-04-14 13:44:33.560899,wishlist
U1491,P0329,2025-12-27 13:44:33.561157,purchase
U1697,P0032,2025-08-07 13:44:33.561574,view
U1849,P0332,2026-01-07 13:44:33.561846,view
U0999,P0184,2025-11-29 13:44:33.562073,cart
U0338,P0455,2025-06-27 13:44:33.562302,purchase
U1938,P0402,2025-07-08 13:44:33.562663,view
U1460,P0143,2026-03-08 13:44:33.562903,view
U0597,P0228,2025-07-16 13:44:33.563142,view
U1272,P0367,2026-03-17 13:44:33.563770,cart
U1756,P0306,2025-11-30 13:44:33.564075,cart
U1081,P0092,2026-03-30 13:44:33.564388,cart
U0255,P0069,2025-09-13 13:44:33.564721,cart
U1499,P0316,2025-07-11 13:44:33.564957,view
U1281,P0407,2025-06-08 13:44:33.565420,view
U1277,P0353,2025-09-29 13:44:33.567149,view
U0371,P0320,2025-07-12 13:44:33.567542,cart
U0198,P0202,2025-07-24 13:44:33.567888,wishlist
U1100,P0329,2025-08-20 13:44:33.568192,wishlist
U0231,P0438,2025-11-21 13:44:33.568444,view
U0240,P0119,2025-11-21 13:44:33.568698,view
U0408,P0340,2025-11-25 13:44:33.569226,view
U1632,P0064,2025-06-09 13:44:33.569553,view
U1653,P0446,2025-06-10 13:44:33.569853,view
U0003,P0420,2025-12-20 13:44:33.570211,view
U1824,P0131,2025-04-09 13:44:33.570434,view
U1838,P0013,2025-10-25 13:44:33.570644,view
U1469,P0017,2025-12-14 13:44:33.571000,view
U0205,P0465,2025-11-06 13:44:33.571302,cart
U0269,P0350,2025-06-10 13:44:33.571879,cart
U1258,P0243,2025-07-06 13:44:33.572423,wishlist
U1863,P0293,2025-09-04 13:44:33.572837,view
U1909,P0472,2025-07-23 13:44:33.573108,view
U1044,P0039,2025-08-02 13:44:33.575667,purchase
U1158,P0057,2025-06-01 13:44:33.577112,purchase
U0874,P0127,2025-05-10 13:44:33.578355,view
U0927,P0471,2026-03-03 13:44:33.580851,purchase
U0921,P0195,2025-11-25 13:44:33.581823,cart
U0330,P0136,2025-11-25 13:44:33.582292,cart
U0258,P0202,2025-11-22 13:44:33.582558,view
U1102,P0228,2025-06-26 13:44:33.582779,view
U0354,P0150,2025-07-21 13:44:33.583083,cart
U0769,P0092,2025-07-04 13:44:33.583552,view
U1797,P0361,2025-07-25 13:44:33.585852,view
U0730,P0242,2026-03-11 13:44:33.586378,view
U1268,P0324,2025-05-18 13:44:33.586713,view
U1855,P0468,2025-09-22 13:44:33.587135,view
U1564,P0355,2025-09-14 13:44:33.587474,cart
U0557,P0286,2025-06-13 13:44:33.588136,view
U1260,P0360,2026-02-02 13:44:33.588541,view
U1709,P0209,2025-12-09 13:44:33.588989,view
U0956,P0066,2025-08-30 13:44:33.589299,view
U0069,P0164,2025-08-22 13:44:33.589558,view
U1702,P0217,2025-11-17 13:44:33.589973,view
U0090,P0175,2025-05-03 13:44:33.590363,view
U0237,P0056,2025-08-21 13:44:33.591415,view
U1158,P0126,2025-05-24 13:44:33.591810,view
U1597,P0291,2026-03-27 13:44:33.592291,view
U0197,P0045,2025-04-09 13:44:33.592660,view
U1269,P0092,2025-04-12 13:44:33.592955,view
U1778,P0221,2025-06-08 13:44:33.593357,view
U0877,P0291,2025-07-23 13:44:33.593640,view
U1397,P0273,2025-09-11 13:44:33.597980,wishlist
U0422,P0386,2025-12-20 13:44:33.599043,view
U0746,P0279,2026-03-27 13:44:33.599383,view
U0790,P0253,2025-06-25 13:44:33.599648,view
U0340,P0128,2025-06-21 13:44:33.601800,view
U1934,P0038,2025-06-18 13:44:33.602723,wishlist
U1287,P0227,2025-12-07 13:44:33.603210,view
U0319,P0126,2025-11-20 13:44:33.603640,view
U0934,P0288,2026-02-23 13:44:33.604034,view
U0488,P0469,2026-01-17 13:44:33.604908,view
U1458,P0067,2025-07-02 13:44:33.605590,view
U0074,P0099,2025-09-01 13:44:33.605943,view
U1373,P0454,2025-09-18 13:44:33.607431,view
U1870,P0008,2025-07-01 13:44:33.607764,view
U1519,P0195,2025-08-18 13:44:33.608168,view
U0378,P0148,2025-10-04 13:44:33.608480,wishlist
U1826,P0093,2026-04-03 13:44:33.608810,cart
U0159,P0276,2025-05-26 13:44:33.609772,purchase
U0186,P0285,2025-08-29 13:44:33.611217,view
U0058,P0165,2025-10-02 13:44:33.611628,view
U0962,P0294,2025-06-09 13:44:33.611862,view
U1289,P0125,2025-09-07 13:44:33.612205,view
U1513,P0457,2026-01-17 13:44:33.612456,view
U1329,P0447,2026-04-06 13:44:33.612697,view
U0573,P0369,2026-03-19 13:44:33.612965,view
U0490,P0130,2025-11-03 13:44:33.614329,view
U0160,P0108,2025-08-09 13:44:33.616105,cart
U1861,P0140,2025-08-17 13:44:33.616699,view
U0677,P0141,2025-06-23 13:44:33.616963,view
U1084,P0354,2026-01-17 13:44:33.617321,view
U0673,P0092,2026-03-22 13:44:33.617830,view
U1406,P0193,2025-05-26 13:44:33.618510,view
U1754,P0383,2026-01-15 13:44:33.618799,view
U0513,P0035,2026-03-25 13:44:33.619120,cart
U0406,P0211,2025-09-05 13:44:33.619367,cart
U1429,P0289,2025-10-23 13:44:33.619608,view
U1768,P0431,2025-08-31 13:44:33.619837,cart
U0657,P0063,2025-12-05 13:44:33.621791,view
U1302,P0091,2025-09-18 13:44:33.623035,purchase
U0650,P0415,2025-04-13 13:44:33.626124,cart
U0702,P0112,2025-12-31 13:44:33.626656,view
U0852,P0486,2026-03-19 13:44:33.631163,wishlist
U1601,P0471,2026-03-12 13:44:33.633082,view
U1115,P0265,2025-05-25 13:44:33.634492,view
U1106,P0303,2025-06-01 13:44:33.634954,cart
U1394,P0325,2026-01-14 13:44:33.635368,view
U0045,P0140,2025-12-29 13:44:33.637093,view
U0074,P0337,2025-05-12 13:44:33.638709,view
U1154,P0469,2025-11-17 13:44:33.639287,view
U1288,P0221,2025-04-14 13:44:33.639625,view
U1731,P0113,2026-02-18 13:44:33.639909,cart
U1350,P0053,2025-05-08 13:44:33.641012,view
U0131,P0323,2025-06-25 13:44:33.641615,view
U1535,P0009,2025-07-14 13:44:33.641925,view
U1166,P0279,2025-09-17 13:44:33.642351,view
U0629,P0391,2026-02-18 13:44:33.642650,view
U1792,P0486,2025-04-24 13:44:33.644034,wishlist
U1008,P0343,2026-02-28 13:44:33.645054,purchase
U0899,P0090,2026-02-10 13:44:33.645653,view
U0568,P0102,2025-09-19 13:44:33.646137,view
U0818,P0282,2026-03-12 13:44:33.647162,view
U0446,P0296,2025-04-26 13:44:33.647642,cart
U0409,P0104,2025-05-25 13:44:33.647921,purchase
U1690,P0316,2026-02-17 13:44:33.648164,wishlist
U0168,P0047,2025-11-08 13:44:33.648532,wishlist
U0635,P0156,2025-07-24 13:44:33.649017,view
U0878,P0442,2026-04-03 13:44:33.650023,view
U1371,P0170,2026-01-08 13:44:33.650636,cart
U0171,P0180,2025-09-15 13:44:33.650924,wishlist
U1115,P0403,2025-05-30 13:44:33.651302,view
U0626,P0219,2025-05-16 13:44:33.652516,view
U0202,P0204,2025-09-09 13:44:33.653532,cart
U0097,P0341,2026-03-30 13:44:33.653902,view
U1293,P0495,2025-07-28 13:44:33.654214,view
U1740,P0087,2025-08-19 13:44:33.655895,wishlist
U0424,P0138,2026-03-10 13:44:33.656588,view
U0517,P0358,2025-11-20 13:44:33.662593,view
U1132,P0127,2025-06-30 13:44:33.664477,view
U1200,P0174,2026-01-18 13:44:33.665867,view
U1246,P0083,2026-03-25 13:44:33.668390,view
U1361,P0076,2025-07-27 13:44:33.668810,cart
U1174,P0460,2025-12-10 13:44:33.669069,view
U1685,P0154,2025-05-17 13:44:33.669450,view
U1378,P0264,2026-03-06 13:44:33.669700,cart
U0961,P0428,2025-07-03 13:44:33.672765,cart
U1378,P0232,2026-02-03 13:44:33.673062,view
U1963,P0352,2026-01-03 13:44:33.673444,view
U0882,P0052,2025-07-29 13:44:33.674127,view
U0822,P0204,2025-06-02 13:44:33.681073,purchase
U0998,P0468,2025-04-06 13:44:33.681853,view
U0935,P0181,2025-04-29 13:44:33.682210,view
U1167,P0384,2025-08-19 13:44:33.695094,view
U0064,P0314,2026-02-20 13:44:33.697874,cart
U1118,P0291,2025-12-10 13:44:33.698293,view
U0384,P0197,2025-11-05 13:44:33.702346,cart
U0922,P0013,2026-01-21 13:44:33.703433,purchase
U0272,P0227,2025-09-27 13:44:33.703809,wishlist
U0762,P0095,2025-10-02 13:44:33.704138,wishlist
U1440,P0362,2025-11-09 13:44:33.705724,view
U1742,P0292,2025-11-20 13:44:33.706169,view
U0694,P0271,2026-03-04 13:44:33.708122,view
U1161,P0039,2025-09-02 13:44:33.708577,view
U0208,P0452,2025-11-08 13:44:33.708827,view
U1073,P0364,2026-02-01 13:44:33.709074,cart
U0359,P0080,2025-07-17 13:44:33.709405,cart
U1885,P0415,2025-04-18 13:44:33.709641,view
U0445,P0401,2026-03-04 13:44:33.710092,cart
U1871,P0181,2025-07-23 13:44:33.710477,cart
U1071,P0180,2025-07-21 13:44:33.710710,view
U1839,P0451,2026-02-26 13:44:33.710967,purchase
U1599,P0346,2025-06-25 13:44:33.711401,view
U0413,P0342,2025-04-20 13:44:33.711758,view
U0634,P0244,2025-05-13 13:44:33.714500,view
U1970,P0314,2025-12-18 13:44:33.714923,wishlist
U0108,P0243,2025-09-29 13:44:33.715243,cart
U0719,P0148,2025-09-08 13:44:33.715642,cart
U1402,P0477,2025-09-09 13:44:33.717748,view
U0419,P0146,2025-07-31 13:44:33.718484,view
U1732,P0184,2025-07-04 13:44:33.718784,view
U1657,P0014,2025-09-04 13:44:33.719059,view
U0754,P0355,2025-08-21 13:44:33.719358,cart
U0258,P0335,2026-01-28 13:44:33.725892,view
U1751,P0334,2025-11-26 13:44:33.726916,view
U0660,P0171,2025-08-01 13:44:33.727342,purchase
U0014,P0027,2026-02-08 13:44:33.729111,view
U0478,P0209,2025-08-11 13:44:33.729800,view
U0774,P0405,2025-11-26 13:44:33.730170,view
U0988,P0033,2026-03-10 13:44:33.730518,view
U1772,P0287,2025-05-06 13:44:33.731000,view
U0573,P0194,2026-01-10 13:44:33.731347,cart
U1290,P0313,2025-09-15 13:44:33.734791,view
U0838,P0019,2025-10-26 13:44:33.736483,view
U1655,P0052,2025-12-18 13:44:33.736959,view
U1339,P0498,2025-05-14 13:44:33.738506,view
U0269,P0420,2025-04-13 13:44:33.739062,cart
U1212,P0161,2025-07-06 13:44:33.739740,purchase
U0155,P0340,2025-06-05 13:44:33.740064,view
U1854,P0308,2025-05-20 13:44:33.740296,view
U1556,P0049,2025-05-26 13:44:33.740635,view
U0157,P0391,2025-11-30 13:44:33.740862,cart
U0358,P0167,2026-01-06 13:44:33.741141,wishlist
U1435,P0288,2025-07-24 13:44:33.741446,view
U1842,P0208,2025-06-06 13:44:33.743269,view
U1678,P0008,2025-12-18 13:44:33.744205,view
U1252,P0076,2025-07-19 13:44:33.744734,cart
U0260,P0249,2025-09-03 13:44:33.745027,view
U0964,P0466,2026-02-05 13:44:33.745257,view
U1591,P0140,2025-04-18 13:44:33.745595,cart
U1144,P0294,2025-09-22 13:44:33.745858,view
U1105,P0322,2025-07-18 13:44:33.746136,view
U0888,P0147,2026-02-13 13:44:33.746418,view
U0754,P0065,2026-02-08 13:44:33.746874,view
U1935,P0172,2025-09-02 13:44:33.747182,cart
U1706,P0208,2025-04-21 13:44:33.747494,view
U1534,P0018,2025-04-28 13:44:33.747923,view
U1995,P0010,2025-09-01 13:44:33.748182,view
U0592,P0030,2026-03-08 13:44:33.748459,view
U0206,P0450,2025-04-16 13:44:33.749187,view
U0445,P0349,2025-09-20 13:44:33.749525,view
U0314,P0094,2025-12-23 13:44:33.749949,cart
U0395,P0395,2025-04-06 13:44:33.750212,view
U0422,P0100,2025-12-18 13:44:33.750452,purchase
U1539,P0267,2025-04-26 13:44:33.752819,cart
U0895,P0023,2026-02-02 13:44:33.754841,cart
U1149,P0383,2025-12-26 13:44:33.760820,wishlist
U0489,P0299,2025-06-15 13:44:33.761429,cart
U1405,P0037,2026-01-11 13:44:33.761881,view
U0388,P0318,2026-02-22 13:44:33.762330,cart
U0217,P0439,2025-11-01 13:44:33.762594,cart
U1973,P0019,2025-10-17 13:44:33.762820,cart
U0468,P0467,2026-02-15 13:44:33.765724,purchase
U1381,P0491,2025-07-10 13:44:33.766225,purchase
U0746,P0484,2025-04-17 13:44:33.766789,view
U0633,P0163,2026-02-27 13:44:33.767136,view
U1821,P0085,2026-04-05 13:44:33.767498,cart
U1319,P0441,2025-09-14 13:44:33.767916,view
U1685,P0324,2026-02-12 13:44:33.768200,view
U0086,P0090,2025-09-06 13:44:33.768461,view
U1080,P0244,2026-03-03 13:44:33.768807,cart
U0639,P0214,2025-07-11 13:44:33.774649,view
U1014,P0227,2025-11-10 13:44:33.775315,view
U1321,P0212,2026-01-05 13:44:33.775684,view
U0198,P0010,2025-10-24 13:44:33.775913,view
U0207,P0448,2026-04-05 13:44:33.776166,view
U1116,P0197,2025-06-02 13:44:33.776450,view
U0565,P0118,2025-08-25 13:44:33.776871,view
U0242,P0310,2025-08-03 13:44:33.778165,view
U0415,P0309,2025-05-23 13:44:33.779065,view
U0317,P0434,2025-11-22 13:44:33.779555,view
U0671,P0109,2025-06-26 13:44:33.783141,view
U1833,P0002,2026-02-20 13:44:33.785903,cart
U1803,P0233,2025-11-26 13:44:33.787216,view
U1707,P0499,2025-12-02 13:44:33.788445,view
U1633,P0379,2025-08-08 13:44:33.791890,purchase
U1234,P0059,2025-10-03 13:44:33.793220,cart
U0602,P0385,2025-10-04 13:44:33.796249,view
U1929,P0082,2025-08-08 13:44:33.802547,view
U1933,P0324,2025-10-11 13:44:33.803099,view
U1454,P0207,2026-03-14 13:44:33.808854,view
U1955,P0211,2025-10-20 13:44:33.810321,purchase
U1330,P0256,2025-11-28 13:44:33.813768,view
U1596,P0016,2025-12-05 13:44:33.814882,view
U1562,P0184,2025-04-19 13:44:33.819025,cart
U0974,P0391,2026-04-06 13:44:33.820141,view
U0050,P0252,2026-03-09 13:44:33.820548,purchase
U0610,P0097,2025-08-23 13:44:33.821015,cart
U0390,P0478,2025-05-11 13:44:33.826948,view
U0714,P0046,2025-07-03 13:44:33.827418,view
U1796,P0427,2025-10-31 13:44:33.827825,view
U1942,P0311,2025-06-04 13:44:33.829013,view
U0757,P0141,2026-01-19 13:44:33.830727,view
U0778,P0492,2025-04-29 13:44:33.833153,purchase
U1421,P0223,2026-01-29 13:44:33.833607,purchase
U0919,P0062,2025-12-06 13:44:33.835356,wishlist
U0725,P0424,2025-10-29 13:44:33.842136,view
U1793,P0047,2026-04-03 13:44:33.843533,view
U0998,P0132,2026-03-09 13:44:33.845403,cart
U1294,P0232,2026-01-21 13:44:33.848886,view
U0475,P0010,2026-04-04 13:44:33.851982,view
U1996,P0365,2026-02-12 13:44:33.853366,view
U0772,P0460,2025-04-08 13:44:33.854650,view
U0293,P0128,2025-12-12 13:44:33.855137,purchase
U0815,P0407,2025-06-09 13:44:33.856088,view
U0343,P0223,2025-12-01 13:44:33.856579,cart
U1790,P0492,2025-06-19 13:44:33.861180,view
U1269,P0039,2025-04-11 13:44:33.861742,cart
U0979,P0448,2025-09-13 13:44:33.862219,cart
U1595,P0456,2025-04-06 13:44:33.862498,purchase
U0190,P0481,2025-04-18 13:44:33.862769,view
U1066,P0250,2026-01-04 13:44:33.863139,view
U1572,P0332,2025-11-02 13:44:33.863829,wishlist
U0443,P0335,2025-09-03 13:44:33.864351,view
U1307,P0285,2026-01-21 13:44:33.864649,view
U0492,P0048,2025-06-07 13:44:33.865060,cart
U1001,P0143,2025-07-08 13:44:33.865330,cart
U0739,P0411,2025-08-26 13:44:33.869612,wishlist
U0256,P0293,2025-05-04 13:44:33.870063,cart
U1387,P0059,2025-05-08 13:44:33.870545,wishlist
U1156,P0369,2025-08-05 13:44:33.870863,cart
U0997,P0385,2025-05-28 13:44:33.871265,cart
U0323,P0256,2026-03-28 13:44:33.873506,view
U0844,P0133,2025-09-09 13:44:33.874009,view
U1217,P0347,2026-02-05 13:44:33.875613,cart
U0696,P0109,2025-05-26 13:44:33.879381,cart
U0408,P0134,2025-08-02 13:44:33.881638,view
U0719,P0357,2026-01-23 13:44:33.882257,view
U1194,P0287,2025-06-25 13:44:33.882630,view
U0127,P0430,2025-12-07 13:44:33.884297,view
U1919,P0095,2026-03-22 13:44:33.885074,cart
U1304,P0236,2025-09-02 13:44:33.885660,view
U1168,P0264,2025-06-02 13:44:33.886135,cart
U0483,P0156,2025-10-20 13:44:33.886455,view
U1705,P0129,2026-02-22 13:44:33.886716,wishlist
U1273,P0159,2026-03-13 13:44:33.892424,view
U1503,P0346,2025-08-13 13:44:33.892990,view
U1770,P0499,2025-08-27 13:44:33.893370,view
U1569,P0490,2025-12-15 13:44:33.895182,view
U0159,P0327,2026-03-05 13:44:33.895789,view
U0524,P0378,2026-02-11 13:44:33.896209,view
U0574,P0082,2025-06-14 13:44:33.899110,view
U1306,P0336,2026-01-02 13:44:33.904246,view
U0988,P0201,2025-05-20 13:44:33.904952,cart
U1596,P0398,2025-08-27 13:44:33.905284,wishlist
U1394,P0184,2025-05-09 13:44:33.905543,view
U1261,P0099,2025-12-28 13:44:33.905883,view
U0768,P0157,2025-11-30 13:44:33.906151,cart
U1170,P0029,2026-01-13 13:44:33.906384,cart
U1202,P0271,2025-10-20 13:44:33.907672,wishlist
U1763,P0255,2025-12-05 13:44:33.908729,view
U0972,P0424,2025-09-28 13:44:33.909246,view
U1417,P0211,2026-01-28 13:44:33.909564,view
U0622,P0148,2025-09-27 13:44:33.909816,wishlist
U0830,P0244,2025-11-07 13:44:33.913276,view
U1283,P0115,2025-05-03 13:44:33.913837,purchase
U1513,P0104,2025-04-10 13:44:33.914487,view
U0606,P0338,2026-02-07 13:44:33.915447,purchase
U1429,P0046,2025-07-05 13:44:33.915750,cart
U1832,P0490,2025-10-30 13:44:33.916919,cart
U0960,P0469,2025-08-25 13:44:33.917671,view
U0499,P0031,2025-07-03 13:44:33.917971,view
U0226,P0262,2025-08-06 13:44:33.918387,view
U1569,P0161,2025-09-17 13:44:33.918672,view
U1359,P0146,2026-02-12 13:44:33.918970,purchase
U1519,P0140,2026-02-23 13:44:33.920783,view
U1151,P0198,2025-10-31 13:44:33.921128,cart
U1448,P0361,2025-07-02 13:44:33.921357,view
U1298,P0318,2025-05-10 13:44:33.921735,cart
U0307,P0129,2025-11-07 13:44:33.921957,view
U1790,P0259,2025-11-29 13:44:33.922180,cart
U0245,P0111,2025-06-09 13:44:33.922386,cart
U0076,P0403,2026-02-07 13:44:33.923462,cart
U0961,P0423,2026-03-20 13:44:33.923770,view
U0980,P0488,2026-03-13 13:44:33.924094,cart
U1269,P0163,2025-06-20 13:44:33.924318,wishlist
U1902,P0159,2025-11-13 13:44:33.924521,view
U1082,P0397,2025-08-08 13:44:33.924786,cart
U0079,P0233,2025-10-15 13:44:33.928137,view
U1088,P0158,2025-12-18 13:44:33.928632,purchase
U0164,P0092,2025-04-24 13:44:33.928898,view
U1195,P0233,2026-01-13 13:44:33.929364,view
U0792,P0465,2026-02-10 13:44:33.929627,cart
U0930,P0036,2026-02-03 13:44:33.929864,purchase
U0980,P0352,2025-04-12 13:44:33.930201,view
U1905,P0318,2025-12-08 13:44:33.930441,view
U0159,P0009,2025-05-24 13:44:33.930682,cart
U1710,P0259,2025-08-15 13:44:33.931004,wishlist
U0738,P0045,2025-09-10 13:44:33.932343,cart
U1908,P0498,2026-02-20 13:44:33.935221,cart
U1111,P0085,2025-10-03 13:44:33.940217,view
U1897,P0092,2025-10-26 13:44:33.943645,purchase
U0617,P0184,2025-08-17 13:44:33.944996,cart
U1735,P0375,2025-08-15 13:44:33.946322,view
U1682,P0330,2025-08-20 13:44:33.946979,wishlist
U0145,P0392,2026-01-06 13:44:33.947411,view
U0388,P0290,2025-07-25 13:44:33.947709,view
U1813,P0084,2025-10-16 13:44:33.948101,view
U0187,P0473,2026-03-30 13:44:33.948376,view
U0662,P0095,2026-04-03 13:44:33.948642,cart
U0812,P0180,2025-11-27 13:44:33.949045,wishlist
U1856,P0464,2025-06-09 13:44:33.950764,view
U0070,P0063,2025-06-04 13:44:33.951276,view
U1337,P0189,2025-08-07 13:44:33.951538,view
U1832,P0449,2026-04-03 13:44:33.951798,cart
U1813,P0473,2025-05-01 13:44:33.952179,view
U1911,P0017,2025-09-06 13:44:33.952433,view
U1192,P0352,2025-06-24 13:44:33.952666,view
U0029,P0267,2026-04-04 13:44:33.953029,wishlist
U1755,P0480,2025-07-25 13:44:33.955338,view
U0926,P0434,2025-09-17 13:44:33.956212,view
U0464,P0270,2025-11-04 13:44:33.957416,purchase
U0351,P0430,2025-10-12 13:44:33.958679,view
U0474,P0074,2025-04-24 13:44:33.959090,view
U0392,P0434,2025-09-12 13:44:33.959333,cart
U1765,P0270,2025-10-03 13:44:33.959559,view
U1516,P0317,2026-03-21 13:44:33.959862,cart
U0110,P0172,2025-09-25 13:44:33.960074,view
U1505,P0356,2025-12-30 13:44:33.960302,cart
U1769,P0234,2026-01-05 13:44:33.960531,view
U1911,P0087,2026-02-14 13:44:33.961291,view
U0079,P0206,2026-02-27 13:44:33.961635,view
U0660,P0473,2026-02-01 13:44:33.961983,view
U0900,P0280,2025-12-26 13:44:33.962221,view
U1375,P0384,2025-06-09 13:44:33.962478,view
U1317,P0422,2025-12-19 13:44:33.962697,view
U0748,P0241,2025-04-17 13:44:33.963074,view
U1578,P0222,2026-01-26 13:44:33.963298,purchase
U1214,P0082,2025-10-09 13:44:33.963525,purchase
U0756,P0093,2025-12-23 13:44:33.963866,view
U0314,P0483,2025-07-20 13:44:33.964512,view
U1937,P0215,2026-02-11 13:44:33.966263,purchase
U1587,P0496,2025-10-11 13:44:33.966616,view
U0832,P0263,2026-03-21 13:44:33.967015,cart
U0700,P0023,2025-04-22 13:44:33.967281,view
U0708,P0380,2025-04-08 13:44:33.967535,cart
U1354,P0057,2026-02-27 13:44:33.967779,view
U1733,P0397,2025-07-10 13:44:33.968195,view
U1712,P0418,2025-05-13 13:44:33.968504,view
U1447,P0128,2025-07-26 13:44:33.968794,purchase
U0762,P0227,2026-03-05 13:44:33.970404,view
U1410,P0430,2025-09-11 13:44:33.977791,view
U1622,P0211,2025-10-19 13:44:33.978333,view
U1654,P0134,2025-10-16 13:44:33.981165,view
U1662,P0355,2025-07-18 13:44:33.982640,view
U1197,P0314,2025-12-06 13:44:33.983148,view
U1148,P0268,2025-05-31 13:44:33.983414,wishlist
U1094,P0034,2025-05-11 13:44:33.986598,view
U1279,P0155,2025-04-15 13:44:33.987490,cart
U1580,P0184,2025-10-04 13:44:33.987919,view
U0361,P0493,2025-06-06 13:44:33.988188,purchase
U0551,P0479,2025-11-23 13:44:33.995379,view
U1831,P0184,2025-05-25 13:44:33.997142,view
U1782,P0166,2025-10-19 13:44:33.997544,purchase
U1746,P0020,2025-12-08 13:44:34.007536,cart
U0996,P0384,2026-01-28 13:44:34.009379,view
U1352,P0281,2025-12-14 13:44:34.015221,cart
U0444,P0085,2026-03-23 13:44:34.016603,view
U0308,P0127,2026-01-02 13:44:34.022133,cart
U1891,P0117,2025-09-26 13:44:34.022877,purchase
U1631,P0229,2025-09-10 13:44:34.023226,view
U0631,P0186,2025-07-31 13:44:34.023605,cart
U1506,P0215,2025-09-12 13:44:34.023836,view
U1731,P0039,2025-05-03 13:44:34.027172,wishlist
U1346,P0110,2025-04-27 13:44:34.027709,view
U1624,P0465,2026-01-11 13:44:34.027994,cart
U1719,P0282,2026-03-19 13:44:34.030076,view
U1856,P0091,2025-09-30 13:44:34.031492,cart
U0881,P0384,2025-08-14 13:44:34.032452,view
U0561,P0047,2025-08-02 13:44:34.033389,view
U0638,P0013,2026-02-26 13:44:34.033956,cart
U1817,P0121,2026-02-19 13:44:34.037860,view
U1778,P0176,2025-06-17 13:44:34.038987,view
U0236,P0309,2026-01-01 13:44:34.041103,cart
U1981,P0269,2025-11-15 13:44:34.041914,view
U1760,P0285,2025-09-12 13:44:34.042294,cart
U1298,P0061,2026-01-17 13:44:34.042658,view
U0752,P0467,2026-03-18 13:44:34.042908,view
U1187,P0088,2026-01-29 13:44:34.043122,view
U0543,P0453,2026-02-11 13:44:34.043360,cart
U0512,P0209,2025-09-05 13:44:34.045263,cart
U1353,P0183,2025-05-25 13:44:34.045832,view
U1102,P0369,2025-08-27 13:44:34.047767,view
U1446,P0381,2026-01-19 13:44:34.048561,view
U0207,P0227,2025-08-19 13:44:34.049160,view
U0853,P0304,2025-11-04 13:44:34.052815,view
U0413,P0098,2025-07-25 13:44:34.063239,view
U1828,P0028,2025-09-30 13:44:34.063720,cart
U1912,P0220,2025-06-03 13:44:34.064114,view
U1816,P0063,2025-06-10 13:44:34.064403,wishlist
U0618,P0320,2025-05-10 13:44:34.064674,view
U1510,P0467,2025-10-02 13:44:34.067790,purchase
U0482,P0067,2026-03-19 13:44:34.070149,view
U1030,P0044,2025-11-25 13:44:34.070633,view
U1781,P0113,2025-04-21 13:44:34.070886,view
U1215,P0431,2025-11-05 13:44:34.071141,view
U0303,P0002,2025-09-25 13:44:34.078361,view
U0968,P0454,2025-11-18 13:44:34.079212,view
U0479,P0393,2025-12-12 13:44:34.079619,cart
U0146,P0071,2025-06-08 13:44:34.079863,view
U1617,P0094,2025-12-03 13:44:34.080092,purchase
U0751,P0315,2025-05-17 13:44:34.080309,view
U1708,P0199,2026-03-20 13:44:34.092311,view
U0071,P0046,2026-02-05 13:44:34.093683,cart
U1165,P0392,2025-08-02 13:44:34.116149,view
U0657,P0324,2025-09-24 13:44:34.117512,view
U0703,P0172,2025-06-24 13:44:34.121307,view
U0029,P0022,2025-12-20 13:44:34.121872,view
U0245,P0147,2026-03-07 13:44:34.122161,wishlist
U0463,P0281,2025-08-16 13:44:34.122380,view
U0760,P0373,2025-12-07 13:44:34.122671,view
U0882,P0344,2026-03-07 13:44:34.122870,cart
U0711,P0114,2026-03-11 13:44:34.125771,view
U0123,P0269,2025-11-14 13:44:34.127599,view
U0500,P0329,2025-09-26 13:44:34.128204,view
U1674,P0201,2026-03-24 13:44:34.128528,wishlist
U1911,P0363,2025-11-04 13:44:34.128810,cart
U0368,P0293,2025-08-08 13:44:34.129183,view
U0207,P0359,2025-12-06 13:44:34.129468,view
U1087,P0390,2025-06-08 13:44:34.138917,wishlist
U1548,P0269,2026-02-03 13:44:34.139753,purchase
U0423,P0360,2025-10-14 13:44:34.140567,view
U0063,P0046,2025-10-14 13:44:34.141057,view
U1864,P0430,2026-02-22 13:44:34.142174,purchase
U0135,P0135,2026-03-11 13:44:34.142601,cart
U1939,P0361,2025-10-04 13:44:34.142818,view
U1061,P0177,2025-10-13 13:44:34.146975,view
U0503,P0227,2025-09-11 13:44:34.147467,purchase
U1587,P0264,2025-12-16 13:44:34.147779,view
U0697,P0222,2025-08-17 13:44:34.148525,cart
U0853,P0238,2025-11-26 13:44:34.149244,view
U1581,P0467,2025-05-13 13:44:34.149665,view
U1103,P0311,2026-02-01 13:44:34.149893,view
U0101,P0082,2025-09-19 13:44:34.150190,cart
U1717,P0397,2026-01-05 13:44:34.150636,view
U0413,P0441,2025-11-04 13:44:34.150912,cart
U1546,P0069,2026-01-31 13:44:34.151330,purchase
U0783,P0153,2026-03-25 13:44:34.151859,cart
U1270,P0171,2025-12-13 13:44:34.152083,purchase
U1268,P0451,2025-10-04 13:44:34.152386,view
U0128,P0489,2026-04-06 13:44:34.152604,view
U1625,P0354,2025-11-03 13:44:34.152810,view
U1597,P0004,2025-12-06 13:44:34.153158,view
U1300,P0355,2025-09-06 13:44:34.153465,view
U1769,P0475,2025-10-31 13:44:34.157942,view
U0141,P0176,2025-07-25 13:44:34.158398,view
U1734,P0469,2026-02-10 13:44:34.158640,cart
U0083,P0066,2025-08-10 13:44:34.158848,view
U1765,P0091,2025-06-12 13:44:34.159061,view
U1326,P0068,2025-08-01 13:44:34.159371,purchase
U0840,P0206,2025-12-09 13:44:34.160941,cart
U1564,P0172,2025-11-23 13:44:34.161926,view
U1259,P0208,2025-04-29 13:44:34.162424,cart
U0253,P0468,2025-06-01 13:44:34.162707,view
U1523,P0016,2025-06-01 13:44:34.162953,cart
U1613,P0443,2025-04-17 13:44:34.163276,cart
U0340,P0255,2025-05-03 13:44:34.165391,view
U0239,P0201,2025-12-14 13:44:34.165871,purchase
U0614,P0253,2026-02-16 13:44:34.166306,view
U0056,P0471,2025-06-30 13:44:34.166971,wishlist
U1290,P0157,2026-01-16 13:44:34.168100,view
U0551,P0057,2025-07-11 13:44:34.168595,view
U0256,P0237,2025-05-19 13:44:34.168829,wishlist
U1292,P0495,2025-11-22 13:44:34.169130,cart
U1281,P0498,2025-06-28 13:44:34.170310,view
U1976,P0297,2025-10-01 13:44:34.171243,view
U0434,P0097,2025-08-13 13:44:34.172041,cart
U1172,P0254,2026-01-04 13:44:34.172335,cart
U0205,P0214,2025-10-13 13:44:34.172830,wishlist
U1721,P0224,2025-10-22 13:44:34.173155,view
U0281,P0473,2026-03-02 13:44:34.174363,view
U0852,P0375,2025-05-21 13:44:34.175489,purchase
U1821,P0081,2025-12-10 13:44:34.177348,cart
U0839,P0152,2025-08-10 13:44:34.177891,view
U0120,P0199,2025-06-08 13:44:34.178201,purchase
U1639,P0331,2026-03-13 13:44:34.178578,cart
U0847,P0006,2026-01-31 13:44:34.178868,view
U1290,P0066,2026-02-14 13:44:34.179697,view
U0732,P0202,2025-08-11 13:44:34.180040,view
U0056,P0408,2025-10-22 13:44:34.180319,view
U0289,P0103,2025-10-05 13:44:34.181097,view
U1908,P0467,2025-08-04 13:44:34.183205,view
U1743,P0055,2025-10-09 13:44:34.186275,purchase
U1065,P0091,2025-11-22 13:44:34.187689,view
U1046,P0453,2025-07-31 13:44:34.188300,view
U0243,P0129,2026-03-27 13:44:34.188769,view
U0015,P0318,2026-04-01 13:44:34.189087,view
U1570,P0006,2025-04-15 13:44:34.189790,cart
U0292,P0490,2025-11-23 13:44:34.193157,view
U1466,P0043,2026-01-04 13:44:34.195658,cart
U1024,P0488,2025-10-03 13:44:34.207190,view
U1841,P0203,2025-11-03 13:44:34.208097,view
U0630,P0446,2025-07-26 13:44:34.208668,view
U1686,P0129,2025-12-16 13:44:34.216250,cart
U0264,P0017,2026-01-02 13:44:34.217036,wishlist
U1919,P0130,2025-08-03 13:44:34.217510,purchase
U1886,P0252,2025-08-12 13:44:34.217815,view
U0304,P0467,2025-11-28 13:44:34.218160,wishlist
U0432,P0093,2026-03-26 13:44:34.220259,cart
U1584,P0260,2025-10-03 13:44:34.220861,view
U1812,P0499,2026-02-20 13:44:34.221254,view
U0671,P0164,2026-04-02 13:44:34.226291,view
U1593,P0443,2025-12-26 13:44:34.228126,cart
U0462,P0125,2025-07-05 13:44:34.232532,view
U1937,P0408,2026-03-18 13:44:34.233126,wishlist
U1575,P0048,2025-10-09 13:44:34.233536,view
U1947,P0462,2025-10-02 13:44:34.233832,view
U0811,P0342,2025-07-25 13:44:34.234072,purchase
U1574,P0388,2025-09-29 13:44:34.234277,view
U1250,P0348,2025-12-31 13:44:34.234906,wishlist
U0720,P0260,2025-09-25 13:44:34.235256,wishlist
U1280,P0307,2026-03-09 13:44:34.235607,view
U0188,P0486,2025-11-27 13:44:34.235812,view
U0676,P0378,2025-09-12 13:44:34.236003,view
U0257,P0199,2025-04-18 13:44:34.236210,cart
U0376,P0287,2025-05-03 13:44:34.236521,cart
U0887,P0018,2025-11-04 13:44:34.239118,view
U0316,P0227,2026-04-01 13:44:34.242250,view
U0876,P0035,2026-03-26 13:44:34.242615,view
U1725,P0120,2026-02-06 13:44:34.242989,view
U0074,P0391,2026-01-31 13:44:34.243215,view
U0940,P0237,2025-12-10 13:44:34.243418,view
U1017,P0256,2025-12-12 13:44:34.245133,view
U1135,P0006,2025-07-02 13:44:34.246715,view
U0976,P0496,2025-09-15 13:44:34.247572,view
U0540,P0063,2026-01-13 13:44:34.248048,view
U1750,P0065,2025-06-12 13:44:34.251520,purchase
U0750,P0221,2026-02-13 13:44:34.252015,view
U1051,P0097,2025-09-15 13:44:34.252326,wishlist
U0295,P0482,2025-11-10 13:44:34.252739,cart
U1134,P0487,2026-01-21 13:44:34.253490,view
U1067,P0110,2025-05-19 13:44:34.254456,view
U0488,P0138,2025-11-14 13:44:34.260691,purchase
U0307,P0154,2026-02-14 13:44:34.261527,cart
U0744,P0154,2025-11-10 13:44:34.261924,view
U1732,P0036,2026-01-17 13:44:34.262183,purchase
U0455,P0072,2025-08-30 13:44:34.262415,cart
U1034,P0464,2025-09-05 13:44:34.262637,view
U0959,P0352,2025-07-27 13:44:34.262947,view
U0949,P0310,2025-08-22 13:44:34.263152,view
U1017,P0054,2025-12-16 13:44:34.268698,view
U1476,P0406,2025-11-02 13:44:34.271553,cart
U0506,P0215,2025-09-19 13:44:34.290560,wishlist
U1599,P0052,2025-08-28 13:44:34.291272,purchase
U0434,P0365,2025-10-24 13:44:34.291640,view
U1051,P0435,2025-07-01 13:44:34.304373,cart
U0843,P0126,2026-03-13 13:44:34.306334,view
U0065,P0495,2026-03-06 13:44:34.307367,cart
U0493,P0145,2025-10-21 13:44:34.314231,wishlist
U0820,P0315,2025-04-15 13:44:34.318457,cart
U0111,P0293,2025-05-17 13:44:34.327201,view
U0303,P0244,2025-10-17 13:44:34.342126,cart
U1139,P0162,2025-06-16 13:44:34.347356,cart
U1033,P0237,2025-07-31 13:44:34.348056,cart
U0958,P0402,2025-05-06 13:44:34.348406,wishlist
U1408,P0163,2025-08-19 13:44:34.359795,view
U0376,P0153,2025-09-28 13:44:34.362263,view
U0831,P0212,2026-03-06 13:44:34.362885,view
U0969,P0252,2025-06-06 13:44:34.363287,view
U0338,P0210,2026-02-13 13:44:34.369472,purchase
U1538,P0340,2025-09-09 13:44:34.370451,view
U0931,P0246,2025-05-04 13:44:34.370832,view
U0888,P0465,2025-07-31 13:44:34.371200,view
U0022,P0125,2026-03-02 13:44:34.371441,view
U1961,P0128,2025-11-03 13:44:34.371686,view
U0521,P0210,2025-11-12 13:44:34.399319,view
U0866,P0056,2025-08-17 13:44:34.399734,view
U1081,P0150,2025-11-29 13:44:34.400122,view
U0145,P0014,2025-06-01 13:44:34.404993,view
U1645,P0486,2025-04-27 13:44:34.406354,view
U0659,P0489,2025-05-06 13:44:34.406954,purchase
U0168,P0210,2026-02-04 13:44:34.407262,cart
U0864,P0472,2025-09-12 13:44:34.407606,cart
U1648,P0240,2025-09-08 13:44:34.410921,cart
U1379,P0237,2025-07-04 13:44:34.411233,cart
U0036,P0276,2025-08-04 13:44:34.411805,view
U1588,P0387,2026-01-16 13:44:34.412383,view
U0625,P0288,2025-05-16 13:44:34.412840,view
U1677,P0366,2025-04-19 13:44:34.413257,purchase
U0389,P0286,2025-09-27 13:44:34.413522,view
U1419,P0376,2025-12-03 13:44:34.413739,view
U0580,P0322,2026-03-25 13:44:34.414416,view
U0281,P0012,2025-09-07 13:44:34.414704,view
U0652,P0472,2026-03-10 13:44:34.415435,view
U1073,P0254,2025-09-12 13:44:34.416694,view
U0118,P0326,2025-05-16 13:44:34.418149,wishlist
U0375,P0323,2025-07-25 13:44:34.418696,view
U0705,P0090,2025-10-06 13:44:34.419076,cart
U0552,P0019,2025-04-30 13:44:34.419308,cart
U1825,P0302,2026-01-30 13:44:34.420090,cart
U1199,P0283,2025-09-23 13:44:34.420898,view
U1735,P0163,2025-09-16 13:44:34.422475,view
U1439,P0080,2025-12-20 13:44:34.424885,view
U0239,P0002,2025-06-08 13:44:34.426118,view
U0815,P0099,2025-10-22 13:44:34.426859,view
U0952,P0179,2025-12-07 13:44:34.429127,view
U1686,P0126,2026-02-23 13:44:34.429523,cart
U1806,P0264,2025-10-16 13:44:34.429912,view
U1940,P0495,2026-03-22 13:44:34.430172,view
U0989,P0356,2025-11-29 13:44:34.430406,view
U0763,P0128,2025-07-17 13:44:34.430719,wishlist
U1882,P0068,2025-07-18 13:44:34.432741,cart
U1837,P0062,2025-11-11 13:44:34.435092,cart
U1417,P0074,2025-09-05 13:44:34.435601,view
U1453,P0152,2025-07-05 13:44:34.437765,view
U1277,P0215,2025-07-06 13:44:34.438293,view
U0369,P0063,2025-11-27 13:44:34.438597,view
U1102,P0440,2026-03-17 13:44:34.438976,cart
U1811,P0199,2025-07-05 13:44:34.439239,purchase
U1025,P0314,2025-07-03 13:44:34.439491,purchase
U0195,P0474,2025-12-28 13:44:34.439862,cart
U0057,P0164,2025-07-20 13:44:34.441569,cart
U1878,P0305,2025-05-12 13:44:34.442025,view
U1562,P0383,2025-11-06 13:44:34.442311,wishlist
U0924,P0069,2025-06-22 13:44:34.442559,wishlist
U0467,P0110,2025-12-21 13:44:34.442802,view
U0033,P0165,2025-11-30 13:44:34.443316,purchase
U0975,P0167,2025-05-04 13:44:34.444418,wishlist
U1191,P0419,2025-10-19 13:44:34.444712,cart
U1042,P0413,2025-12-03 13:44:34.445115,view
U0776,P0168,2025-07-27 13:44:34.446461,cart
U1924,P0108,2026-01-26 13:44:34.448361,cart
U1169,P0480,2025-10-30 13:44:34.449188,purchase
U1057,P0469,2026-03-15 13:44:34.449636,view
U1013,P0169,2025-12-08 13:44:34.450212,view
U0341,P0016,2025-12-08 13:44:34.450750,view
U0613,P0429,2026-01-02 13:44:34.451399,view
U1578,P0485,2026-04-01 13:44:34.452494,view
U1759,P0031,2025-07-18 13:44:34.453017,view
U1166,P0417,2026-04-05 13:44:34.453307,view
U1817,P0411,2025-04-12 13:44:34.455533,view
U1616,P0332,2026-02-09 13:44:34.458041,wishlist
U0214,P0404,2026-01-07 13:44:34.463287,cart
U0574,P0323,2025-11-13 13:44:34.463878,cart
U0627,P0097,2025-12-04 13:44:34.464298,purchase
U0799,P0275,2025-07-22 13:44:34.469159,cart
U0274,P0028,2025-11-25 13:44:34.469600,wishlist
U1697,P0280,2026-03-11 13:44:34.469875,cart
U0615,P0168,2026-01-23 13:44:34.470295,purchase
U1784,P0376,2025-06-09 13:44:34.470572,view
U0077,P0228,2025-07-05 13:44:34.470847,view
U1577,P0402,2026-01-24 13:44:34.472095,view
U1576,P0142,2025-06-20 13:44:34.473025,view
U0554,P0386,2025-08-12 13:44:34.473563,view
U1121,P0461,2026-03-03 13:44:34.473841,view
U1656,P0367,2025-09-20 13:44:34.474192,view
U0791,P0218,2025-07-01 13:44:34.477892,view
U1839,P0191,2025-11-03 13:44:34.478793,view
U1270,P0171,2025-12-26 13:44:34.479175,view
U0515,P0048,2025-05-22 13:44:34.479438,view
U1789,P0328,2026-02-28 13:44:34.479678,view
U0965,P0091,2025-09-30 13:44:34.479990,purchase
U1003,P0392,2025-07-12 13:44:34.480314,purchase
U0105,P0250,2025-06-27 13:44:34.480558,view
U0520,P0407,2025-09-17 13:44:34.481148,view
U0683,P0155,2026-01-11 13:44:34.481491,cart
U1115,P0447,2025-06-20 13:44:34.481721,view
U1199,P0085,2025-04-13 13:44:34.481928,view
U1091,P0236,2025-05-02 13:44:34.482237,purchase
U1024,P0252,2025-10-08 13:44:34.482440,cart
U1772,P0030,2025-05-14 13:44:34.485447,cart
U0258,P0261,2025-07-12 13:44:34.486917,cart
U1686,P0403,2025-12-14 13:44:34.491395,view
U0246,P0377,2025-12-23 13:44:34.497408,view
U0567,P0222,2025-05-27 13:44:34.498030,wishlist
U0455,P0097,2025-07-08 13:44:34.498482,view
U1127,P0452,2025-12-30 13:44:34.498760,view
U0780,P0251,2025-07-27 13:44:34.498998,cart
U0533,P0218,2025-11-04 13:44:34.499590,cart
U1873,P0114,2026-02-12 13:44:34.505493,view
U0957,P0008,2026-02-27 13:44:34.506016,cart
U1599,P0265,2025-06-21 13:44:34.506447,cart
U0768,P0428,2025-07-01 13:44:34.506742,cart
U1392,P0143,2025-09-17 13:44:34.507015,cart
U0658,P0132,2025-12-15 13:44:34.507598,view
U0873,P0022,2025-12-16 13:44:34.507980,view
U0578,P0154,2025-09-26 13:44:34.508370,view
U0193,P0261,2026-03-19 13:44:34.508653,view
U0812,P0062,2025-06-07 13:44:34.508911,wishlist
U0080,P0477,2025-06-24 13:44:34.509261,view
U1352,P0277,2026-01-01 13:44:34.509584,view
U1598,P0193,2025-05-22 13:44:34.509829,wishlist
U0720,P0485,2025-12-12 13:44:34.510154,view
U1669,P0263,2025-12-09 13:44:34.510419,view
U0353,P0453,2025-06-05 13:44:34.510745,view
U0047,P0074,2025-10-14 13:44:34.511010,view
U1702,P0265,2025-05-30 13:44:34.511412,view
U1727,P0182,2025-11-22 13:44:34.511652,view
U0319,P0061,2025-05-22 13:44:34.511872,view
U1957,P0257,2025-05-19 13:44:34.512199,view
U0552,P0333,2025-04-25 13:44:34.512487,view
U1960,P0424,2026-02-11 13:44:34.512796,view
U1522,P0316,2025-07-08 13:44:34.513206,view
U1846,P0485,2025-05-30 13:44:34.515764,wishlist
U0336,P0063,2026-03-15 13:44:34.516267,view
U1561,P0161,2025-07-25 13:44:34.521051,cart
U1683,P0034,2025-09-06 13:44:34.521604,view
U1088,P0089,2026-02-15 13:44:34.521893,cart
U1678,P0005,2025-11-17 13:44:34.524226,view
U1675,P0280,2025-11-30 13:44:34.524566,cart
U1197,P0183,2025-08-13 13:44:34.524831,view
U1033,P0180,2025-11-13 13:44:34.525182,view
U1130,P0108,2025-09-01 13:44:34.525415,view
U0087,P0107,2025-05-24 13:44:34.528088,purchase
U0986,P0069,2025-06-26 13:44:34.528447,cart
U0810,P0196,2025-09-04 13:44:34.528685,view
U0992,P0076,2025-08-18 13:44:34.529025,view
U1560,P0429,2025-04-26 13:44:34.529237,view
U1139,P0026,2025-06-09 13:44:34.529438,purchase
U0409,P0358,2025-11-14 13:44:34.542253,view
U0466,P0023,2026-04-04 13:44:34.542774,view
U0991,P0024,2026-03-21 13:44:34.543193,wishlist
U1341,P0391,2025-10-20 13:44:34.545890,view
U1809,P0330,2025-07-15 13:44:34.546420,view
U1686,P0271,2025-08-24 13:44:34.546768,view
U1607,P0416,2026-01-15 13:44:34.547062,cart
U1471,P0385,2025-10-24 13:44:34.547459,wishlist
U1617,P0008,2025-10-03 13:44:34.553741,view
U0623,P0303,2025-08-22 13:44:34.554468,view
U1942,P0276,2025-06-24 13:44:34.554765,view
U1712,P0218,2025-08-07 13:44:34.555044,wishlist
U1828,P0436,2025-12-28 13:44:34.555465,cart
U0365,P0376,2025-04-16 13:44:34.559441,view
U1102,P0043,2025-05-21 13:44:34.560088,wishlist
U1003,P0338,2025-12-29 13:44:34.560470,view
U0413,P0324,2026-01-03 13:44:34.560748,view
U0057,P0051,2025-07-29 13:44:34.561154,view
U1271,P0070,2025-06-06 13:44:34.561425,view
U0501,P0289,2026-01-27 13:44:34.561678,cart
U0978,P0261,2025-05-27 13:44:34.565828,view
U0925,P0435,2025-08-13 13:44:34.566463,cart
U0599,P0379,2025-10-28 13:44:34.566866,cart
U1295,P0020,2026-01-14 13:44:34.567143,cart
U1566,P0440,2025-10-20 13:44:34.567480,purchase
U1711,P0409,2025-07-31 13:44:34.567711,view
U0118,P0205,2025-11-19 13:44:34.570649,cart
U1680,P0172,2026-01-27 13:44:34.571216,view
U0774,P0053,2026-02-15 13:44:34.571497,view
U1277,P0335,2025-07-08 13:44:34.571753,view
U0887,P0185,2026-01-15 13:44:34.575303,view
U1969,P0097,2025-09-16 13:44:34.575800,view
U1313,P0121,2026-03-13 13:44:34.576178,view
U1646,P0304,2025-06-17 13:44:34.576433,view
U0535,P0370,2025-05-23 13:44:34.578598,wishlist
U0029,P0304,2026-03-12 13:44:34.583130,view
U0754,P0151,2025-06-29 13:44:34.591091,view
U1618,P0324,2026-01-23 13:44:34.591833,cart
U1984,P0088,2025-10-02 13:44:34.594621,view
U0556,P0353,2025-11-14 13:44:34.595378,purchase
U0510,P0098,2025-12-08 13:44:34.595830,cart
U0436,P0440,2025-05-16 13:44:34.596107,view
U1946,P0223,2025-11-05 13:44:34.596362,view
U0161,P0361,2026-03-07 13:44:34.599225,cart
U0042,P0159,2025-06-07 13:44:34.599693,view
U1663,P0275,2025-09-13 13:44:34.600503,view
U0335,P0230,2025-08-20 13:44:34.601238,wishlist
U0234,P0197,2025-07-28 13:44:34.601528,view
U0794,P0204,2025-07-11 13:44:34.601772,wishlist
U0362,P0160,2025-09-07 13:44:34.602153,view
U1624,P0203,2025-11-09 13:44:34.602665,purchase
U0118,P0467,2026-04-02 13:44:34.603162,purchase
U1507,P0271,2025-07-31 13:44:34.603931,view
U1082,P0067,2025-08-19 13:44:34.604328,purchase
U0242,P0119,2025-08-29 13:44:34.604780,view
U1073,P0071,2026-02-21 13:44:34.605146,view
U1859,P0477,2025-04-29 13:44:34.605802,cart
U0909,P0123,2025-11-29 13:44:34.606945,cart
U1235,P0023,2026-01-19 13:44:34.607529,view
U0975,P0359,2025-06-09 13:44:34.608017,view
U1545,P0007,2026-02-09 13:44:34.608338,view
U0450,P0071,2025-08-07 13:44:34.608747,view
U1378,P0003,2025-12-10 13:44:34.609043,wishlist
U0706,P0104,2025-09-16 13:44:34.609314,view
U0191,P0354,2025-05-23 13:44:34.610762,cart
U0864,P0306,2026-03-31 13:44:34.611807,view
U1713,P0371,2025-11-05 13:44:34.612931,view
U1074,P0022,2025-10-18 13:44:34.613317,cart
U0938,P0154,2025-10-15 13:44:34.617641,cart
U0533,P0496,2025-05-07 13:44:34.618253,view
U1192,P0288,2025-10-24 13:44:34.618577,view
U0261,P0273,2026-01-29 13:44:34.618843,view
U0336,P0083,2026-01-11 13:44:34.619195,purchase
U1411,P0186,2025-08-13 13:44:34.620485,view
U1477,P0400,2025-08-02 13:44:34.621456,view
U0928,P0198,2025-07-31 13:44:34.621782,view
U0525,P0098,2025-06-16 13:44:34.622013,view
U1972,P0391,2025-10-23 13:44:34.622377,view
U0665,P0135,2025-08-09 13:44:34.623024,cart
U1392,P0047,2026-03-18 13:44:34.624407,view
U0690,P0294,2026-03-18 13:44:34.625080,wishlist
U1178,P0241,2026-03-26 13:44:34.625422,cart
U0587,P0255,2025-09-27 13:44:34.627094,view
U1903,P0386,2025-12-22 13:44:34.628215,purchase
U0122,P0282,2025-12-31 13:44:34.631096,view
U1336,P0387,2025-10-04 13:44:34.633083,view
U1279,P0244,2025-11-18 13:44:34.633855,wishlist
U0460,P0424,2025-10-17 13:44:34.634314,view
U1614,P0492,2025-12-19 13:44:34.636166,view
U1049,P0492,2025-04-24 13:44:34.639817,wishlist
U1643,P0006,2025-07-22 13:44:34.641807,view
U1585,P0221,2026-01-07 13:44:34.645619,wishlist
U1320,P0322,2025-12-19 13:44:34.646897,view
U1263,P0021,2025-11-02 13:44:34.647433,purchase
U1595,P0245,2025-11-25 13:44:34.647863,view
U0493,P0166,2025-10-01 13:44:34.648148,cart
U1161,P0307,2025-12-04 13:44:34.648419,view
U1879,P0324,2025-07-10 13:44:34.649376,purchase
U1858,P0316,2025-11-26 13:44:34.650134,view
U1956,P0404,2025-04-13 13:44:34.650487,cart
U0643,P0075,2025-12-22 13:44:34.650829,cart
U1338,P0153,2025-10-03 13:44:34.651319,purchase
U1708,P0125,2025-12-07 13:44:34.651698,view
U1792,P0207,2025-07-10 13:44:34.652189,view
U1899,P0482,2025-12-13 13:44:34.652594,wishlist
U0468,P0208,2025-12-17 13:44:34.653040,view
U1063,P0343,2025-10-07 13:44:34.653571,wishlist
U1256,P0227,2025-05-12 13:44:34.653937,view
U0101,P0423,2025-07-01 13:44:34.654427,cart
U0852,P0206,2025-05-29 13:44:34.654840,cart
U1711,P0022,2025-12-04 13:44:34.657455,view
U0089,P0470,2026-03-25 13:44:34.657786,view
U0963,P0481,2025-07-13 13:44:34.658000,view
U1437,P0475,2026-01-22 13:44:34.658200,cart
U0542,P0136,2025-09-29 13:44:34.658399,wishlist
U1173,P0442,2025-05-12 13:44:34.658686,view
U1003,P0002,2025-07-22 13:44:34.666788,view
U0620,P0185,2025-09-02 13:44:34.667978,view
U0332,P0312,2025-11-28 13:44:34.672778,cart
U1742,P0259,2025-09-23 13:44:34.673300,view
U1201,P0329,2025-12-26 13:44:34.673698,view
U1177,P0382,2025-11-01 13:44:34.673951,view
U1691,P0221,2025-11-02 13:44:34.674172,view
U1719,P0364,2026-03-17 13:44:34.674392,view
U1814,P0318,2025-10-09 13:44:34.687753,wishlist
U1649,P0159,2026-01-03 13:44:34.689220,view
U0302,P0296,2026-03-29 13:44:34.689966,view
U1718,P0270,2025-09-22 13:44:34.695358,view
U1785,P0439,2025-05-08 13:44:34.695934,view
U1114,P0294,2026-01-27 13:44:34.697373,wishlist
U1090,P0181,2025-11-11 13:44:34.702848,view
U1912,P0151,2026-02-20 13:44:34.705386,view
U0314,P0188,2025-08-27 13:44:34.707039,view
U1370,P0211,2025-08-30 13:44:34.707538,view
U1157,P0192,2026-03-22 13:44:34.708310,cart
U1659,P0041,2025-12-25 13:44:34.709425,view
U1411,P0490,2026-01-19 13:44:34.711805,purchase
U0877,P0286,2025-09-17 13:44:34.712176,cart
U0910,P0265,2026-02-08 13:44:34.712431,cart
U1137,P0085,2025-07-03 13:44:34.712955,cart
U0645,P0130,2026-01-28 13:44:34.713280,cart
U0348,P0198,2025-08-07 13:44:34.718085,cart
U1968,P0059,2025-08-05 13:44:34.719194,cart
U0256,P0006,2026-03-12 13:44:34.719455,cart
U0367,P0289,2025-07-09 13:44:34.719767,view
U0376,P0081,2025-04-26 13:44:34.720004,view
U0307,P0500,2026-01-05 13:44:34.720247,view
U0162,P0455,2025-10-14 13:44:34.722350,view
U0532,P0453,2026-01-28 13:44:34.722890,view
U1911,P0078,2025-11-30 13:44:34.723296,cart
U1256,P0311,2025-12-28 13:44:34.727917,view
U0608,P0122,2025-05-05 13:44:34.730304,wishlist
U1571,P0105,2025-05-10 13:44:34.739282,cart
U0214,P0248,2025-10-08 13:44:34.740322,view
U0255,P0346,2026-01-12 13:44:34.740787,view
U0987,P0242,2025-07-31 13:44:34.741204,purchase
U1961,P0228,2025-09-30 13:44:34.742948,purchase
U0514,P0104,2025-07-27 13:44:34.744452,wishlist
U0612,P0349,2025-11-01 13:44:34.745141,purchase
U1636,P0134,2025-12-10 13:44:34.745452,view
U1671,P0418,2026-01-29 13:44:34.745795,view
U0544,P0326,2025-09-27 13:44:34.746053,view
U1807,P0205,2025-07-22 13:44:34.746299,view
U1723,P0080,2025-10-15 13:44:34.746538,purchase
U0692,P0460,2025-05-27 13:44:34.749615,view
U0591,P0287,2026-03-01 13:44:34.750141,cart
U0835,P0344,2026-02-11 13:44:34.750426,cart
U0072,P0443,2026-01-18 13:44:34.750831,cart
U0086,P0229,2026-03-07 13:44:34.751223,view
U0954,P0480,2025-04-08 13:44:34.751481,view
U0934,P0236,2025-11-20 13:44:34.751741,view
U1406,P0451,2025-09-16 13:44:34.752114,wishlist
U1643,P0209,2025-12-12 13:44:34.752378,view
U1652,P0367,2025-11-08 13:44:34.756681,purchase
U1120,P0111,2025-09-26 13:44:34.757925,view
U0727,P0434,2025-05-14 13:44:34.758550,cart
U0760,P0318,2026-04-02 13:44:34.758947,view
U1831,P0026,2026-03-03 13:44:34.759393,wishlist
U0781,P0203,2025-11-28 13:44:34.759843,cart
U0464,P0206,2025-08-25 13:44:34.760122,view
U1074,P0494,2025-04-21 13:44:34.760631,view
U0175,P0461,2025-10-17 13:44:34.760896,view
U0672,P0227,2025-04-13 13:44:34.761304,view
U1181,P0050,2026-02-05 13:44:34.761629,cart
U0515,P0483,2025-04-14 13:44:34.761883,view
U0557,P0355,2025-06-26 13:44:34.762642,view
U1930,P0465,2025-07-16 13:44:34.763434,view
U1615,P0145,2025-08-22 13:44:34.763809,view
U1161,P0142,2025-12-26 13:44:34.827921,cart
U0475,P0371,2026-01-06 13:44:34.828630,view
U0308,P0084,2025-11-15 13:44:34.828930,view
U0944,P0445,2025-07-28 13:44:34.829305,view
U1499,P0176,2025-08-29 13:44:34.829551,view
U1412,P0032,2025-06-02 13:44:34.829821,view
U0280,P0183,2025-09-12 13:44:34.912315,purchase
U1859,P0145,2026-03-29 13:44:34.915221,view
U0171,P0383,2025-10-16 13:44:34.915893,view
U0895,P0354,2025-08-24 13:44:34.955765,view
U0086,P0371,2026-04-04 13:44:34.957980,view
U1278,P0128,2025-12-16 13:44:34.987967,view
U1559,P0036,2026-01-06 13:44:34.996773,view
U1265,P0413,2025-05-25 13:44:35.000237,view
U1545,P0419,2025-11-18 13:44:35.002490,view
U0750,P0190,2025-10-23 13:44:35.021339,wishlist
U1687,P0496,2025-08-15 13:44:35.022770,view
U1877,P0191,2026-03-04 13:44:35.036305,wishlist
U0229,P0465,2025-11-19 13:44:35.096566,cart
U0521,P0486,2026-03-08 13:44:35.098317,view
U0075,P0349,2025-10-19 13:44:35.098652,view
U0262,P0023,2025-07-15 13:44:35.098922,wishlist
U1499,P0012,2025-09-25 13:44:35.099282,view
U1478,P0045,2026-01-11 13:44:35.099539,cart
U0034,P0294,2026-02-27 13:44:35.099796,view
U0544,P0346,2025-09-24 13:44:35.111129,wishlist
U0600,P0259,2025-08-29 13:44:35.114146,cart
U1142,P0009,2026-02-19 13:44:35.160814,view
U0953,P0443,2026-02-05 13:44:35.161422,cart
U1538,P0475,2025-05-08 13:44:35.161683,view
U0609,P0154,2025-07-18 13:44:35.161957,purchase
U0673,P0479,2025-07-08 13:44:35.162244,view
U0343,P0123,2026-01-29 13:44:35.162440,view
U1882,P0096,2025-08-26 13:44:35.162652,view
U0146,P0270,2025-12-11 13:44:35.169409,wishlist
U1372,P0426,2026-03-30 13:44:35.172278,purchase
U0560,P0229,2025-07-25 13:44:35.187810,purchase
U1196,P0202,2026-03-12 13:44:35.198309,purchase
U0785,P0159,2026-01-05 13:44:35.198786,view
U0595,P0422,2025-10-12 13:44:35.250485,purchase
U1383,P0235,2025-11-26 13:44:35.251347,view
U1153,P0374,2026-01-21 13:44:35.251706,cart
U0724,P0130,2026-04-01 13:44:35.251984,purchase
U1934,P0223,2026-01-20 13:44:35.253847,view
U0788,P0405,2025-04-11 13:44:35.256425,view
U1266,P0373,2026-04-06 13:44:35.257254,purchase
U0483,P0435,2026-03-30 13:44:35.261201,view
U0716,P0321,2025-05-17 13:44:35.262259,view
U1656,P0334,2025-09-05 13:44:35.266252,cart
U0169,P0019,2025-12-12 13:44:35.268565,cart
U1088,P0327,2025-06-11 13:44:35.269092,view
U0178,P0439,2026-03-20 13:44:35.270156,view
U1938,P0214,2025-04-23 13:44:35.270492,wishlist
U1447,P0446,2025-09-04 13:44:35.270714,view
U0618,P0119,2025-11-02 13:44:35.270952,view
U0704,P0005,2026-04-01 13:44:35.271230,view
U1881,P0144,2025-11-24 13:44:35.271426,view
U1989,P0414,2026-01-25 13:44:35.272706,purchase
U0967,P0322,2025-04-11 13:44:35.274747,view
U1420,P0159,2025-05-31 13:44:35.275147,view
U0443,P0470,2025-07-24 13:44:35.275374,view
U1759,P0267,2026-02-03 13:44:35.275571,view
U1094,P0160,2025-11-29 13:44:35.275768,view
U1235,P0122,2025-07-15 13:44:35.275961,view
U0339,P0224,2025-04-30 13:44:35.276274,cart
U1701,P0122,2025-12-13 13:44:35.276489,cart
U0668,P0285,2026-01-01 13:44:35.278931,wishlist
U0456,P0098,2025-09-29 13:44:35.279543,view
U1520,P0267,2025-07-16 13:44:35.279824,view
U1924,P0126,2026-02-28 13:44:35.280162,view
U1906,P0457,2025-04-24 13:44:35.280389,cart
U0712,P0219,2025-07-29 13:44:35.280591,view
U1068,P0104,2026-03-23 13:44:35.280819,view
U1624,P0488,2025-07-02 13:44:35.281125,view
U0663,P0237,2026-02-19 13:44:35.281334,view
U0957,P0346,2025-07-27 13:44:35.281525,purchase
U1529,P0427,2025-05-21 13:44:35.282114,view
U0846,P0137,2026-04-04 13:44:35.283067,wishlist
U1106,P0091,2025-05-23 13:44:35.285424,cart
U0162,P0338,2026-02-13 13:44:35.288051,wishlist
U1711,P0105,2026-03-23 13:44:35.291301,purchase
U1420,P0433,2025-08-15 13:44:35.292780,view
U1834,P0104,2025-07-16 13:44:35.295304,view
U0109,P0115,2025-11-24 13:44:35.296174,wishlist
U0502,P0234,2025-11-20 13:44:35.296653,view
U0143,P0426,2025-10-29 13:44:35.297420,cart
U0416,P0419,2025-06-29 13:44:35.298455,view
U0007,P0380,2026-02-17 13:44:35.299113,view
U1958,P0137,2025-05-16 13:44:35.301791,view
U1833,P0160,2025-04-14 13:44:35.302765,wishlist
U0279,P0041,2025-06-20 13:44:35.303074,view
U0575,P0426,2025-09-12 13:44:35.303420,view
U1037,P0176,2025-12-30 13:44:35.306899,view
U1378,P0267,2025-10-21 13:44:35.307708,view
U1279,P0299,2026-01-12 13:44:35.308385,view
U0351,P0121,2025-05-28 13:44:35.309527,view
U1089,P0302,2026-02-21 13:44:35.310085,purchase
U1150,P0316,2025-05-01 13:44:35.310762,view
U1312,P0265,2026-02-05 13:44:35.311076,cart
U1522,P0267,2025-09-27 13:44:35.311582,view
U1446,P0299,2025-11-23 13:44:35.314987,wishlist
U1915,P0195,2025-11-28 13:44:35.315630,view
U1764,P0381,2025-07-07 13:44:35.315926,purchase
U0581,P0030,2026-01-30 13:44:35.316210,wishlist
U1439,P0342,2025-06-19 13:44:35.316444,purchase
U0088,P0026,2025-11-21 13:44:35.316650,purchase
U0922,P0269,2026-01-12 13:44:35.319436,view
U1841,P0057,2025-08-14 13:44:35.319769,cart
U1099,P0441,2025-05-28 13:44:35.320296,cart
U1414,P0117,2025-06-07 13:44:35.320511,cart
U1633,P0388,2025-10-27 13:44:35.320693,view
U0354,P0389,2026-03-08 13:44:35.320870,view
U0478,P0352,2026-03-10 13:44:35.321176,purchase
U1586,P0144,2025-08-31 13:44:35.322519,view
U1196,P0492,2026-03-04 13:44:35.323068,view
U1525,P0388,2025-08-13 13:44:35.323442,view
U1035,P0353,2025-05-09 13:44:35.323884,view
U0890,P0019,2026-03-26 13:44:35.324900,cart
U0166,P0251,2025-12-26 13:44:35.325679,cart
U0496,P0187,2025-05-30 13:44:35.326622,wishlist
U0536,P0353,2025-09-12 13:44:35.328574,cart
U1749,P0310,2026-01-16 13:44:35.329141,view
U1778,P0270,2025-05-03 13:44:35.329518,cart
U1660,P0097,2025-12-04 13:44:35.329806,view
U1992,P0129,2025-10-06 13:44:35.336365,wishlist
U1470,P0367,2025-10-16 13:44:35.337080,cart
U0303,P0313,2025-09-26 13:44:35.337440,view
U1166,P0220,2025-10-23 13:44:35.337965,view
U1498,P0439,2025-07-31 13:44:35.340259,view
U0251,P0257,2025-07-29 13:44:35.341831,purchase
U0357,P0281,2025-11-18 13:44:35.342367,view
U1171,P0074,2025-08-29 13:44:35.343257,view
U0422,P0172,2025-09-05 13:44:35.344692,cart
U1112,P0052,2025-05-08 13:44:35.345291,cart
U0008,P0127,2025-10-19 13:44:35.346524,purchase
U0647,P0047,2025-04-06 13:44:35.347793,view
U0128,P0088,2025-05-21 13:44:35.350564,cart
U0002,P0089,2025-07-24 13:44:35.351070,cart
U0230,P0161,2025-10-14 13:44:35.351762,view
U2000,P0238,2025-06-25 13:44:35.352091,cart
U1696,P0294,2025-05-30 13:44:35.352988,view
U0790,P0341,2026-03-23 13:44:35.355463,purchase
U0279,P0059,2025-05-10 13:44:35.355986,cart
U0147,P0113,2026-03-01 13:44:35.356201,wishlist
U0070,P0245,2026-03-11 13:44:35.356500,wishlist
U0510,P0387,2026-01-07 13:44:35.357781,view
U1216,P0262,2026-03-17 13:44:35.358632,purchase
U0321,P0074,2025-08-01 13:44:35.359048,view
U0402,P0270,2025-08-08 13:44:35.359776,view
U1067,P0437,2025-08-06 13:44:35.361088,view
U0770,P0315,2025-07-26 13:44:35.361789,purchase
U1663,P0043,2025-11-05 13:44:35.362733,cart
U0199,P0140,2025-06-08 13:44:35.369068,wishlist
U1009,P0303,2025-09-21 13:44:35.370055,cart
U0667,P0199,2026-02-25 13:44:35.371075,view
U1285,P0409,2025-05-16 13:44:35.372306,cart
U1005,P0312,2025-11-22 13:44:35.373144,cart
U1662,P0106,2025-08-28 13:44:35.373429,cart
U1840,P0430,2025-10-22 13:44:35.375564,view
U1865,P0403,2026-01-20 13:44:35.376469,view
U0396,P0162,2025-12-30 13:44:35.378472,view
U0236,P0386,2026-01-31 13:44:35.381347,view
U1675,P0386,2026-02-16 13:44:35.383244,view
U1777,P0407,2025-06-24 13:44:35.385704,wishlist
U0631,P0407,2026-02-17 13:44:35.387162,cart
U0679,P0072,2025-06-28 13:44:35.387835,view
U0656,P0439,2026-01-02 13:44:35.388170,cart
U0507,P0289,2025-09-04 13:44:35.388411,cart
U0766,P0141,2025-04-30 13:44:35.389011,purchase
U0070,P0261,2025-09-03 13:44:35.389751,purchase
U0320,P0109,2025-10-06 13:44:35.392152,cart
U0521,P0263,2025-10-19 13:44:35.392833,wishlist
U1760,P0219,2025-09-08 13:44:35.393546,view
U1943,P0096,2025-09-14 13:44:35.399569,view
U1569,P0351,2025-06-10 13:44:35.400340,cart
U1036,P0011,2025-12-20 13:44:35.401058,view
U1630,P0259,2025-04-08 13:44:35.401297,view
U0677,P0309,2025-05-11 13:44:35.401907,view
U1864,P0079,2025-05-21 13:44:35.402586,cart
U0312,P0120,2025-11-21 13:44:35.406183,cart
U1492,P0390,2026-02-14 13:44:35.407310,view
U1335,P0026,2025-09-10 13:44:35.407890,wishlist
U0321,P0319,2025-11-01 13:44:35.412277,view
U0490,P0054,2025-09-10 13:44:35.413756,view
U1951,P0310,2025-04-24 13:44:35.414527,view
U0750,P0098,2025-12-26 13:44:35.414951,view
U1082,P0090,2026-02-23 13:44:35.415234,view
U0529,P0240,2026-02-22 13:44:35.415449,purchase
U1436,P0348,2025-05-16 13:44:35.415659,view
U0040,P0087,2025-06-13 13:44:35.415953,view
U1821,P0477,2025-07-23 13:44:35.416164,view
U1509,P0361,2026-01-28 13:44:35.416841,view
U0907,P0045,2026-01-16 13:44:35.417436,view
U1938,P0466,2025-10-05 13:44:35.417699,view
U0981,P0111,2025-10-28 13:44:35.418296,cart
U0652,P0435,2025-11-29 13:44:35.418707,view
U1055,P0186,2025-11-22 13:44:35.419152,view
U0056,P0124,2025-05-01 13:44:35.419491,view
U1995,P0169,2025-06-29 13:44:35.419765,view
U1334,P0146,2026-01-07 13:44:35.419946,view
U1159,P0396,2025-07-06 13:44:35.423137,wishlist
U0406,P0432,2026-03-15 13:44:35.424144,view
U1552,P0036,2025-06-30 13:44:35.424468,view
U1281,P0087,2025-07-04 13:44:35.426892,view
U0441,P0144,2025-06-22 13:44:35.429112,view
U1840,P0290,2025-06-14 13:44:35.429981,cart
U0674,P0052,2025-08-25 13:44:35.432237,wishlist
U0907,P0043,2025-07-11 13:44:35.432744,cart
U1471,P0215,2025-06-06 13:44:35.433119,view
U0216,P0278,2026-03-14 13:44:35.433507,view
U1467,P0476,2026-03-11 13:44:35.433930,cart
U0671,P0049,2026-04-05 13:44:35.434347,view
U1901,P0072,2026-02-12 13:44:35.436396,cart
U0033,P0491,2025-05-19 13:44:35.437477,view
U1896,P0321,2025-09-26 13:44:35.439328,view
U0250,P0120,2026-02-22 13:44:35.440784,cart
U0531,P0163,2025-04-21 13:44:35.441106,view
U0635,P0375,2025-05-11 13:44:35.441424,view
U1653,P0227,2025-04-09 13:44:35.441654,view
U1874,P0470,2025-08-11 13:44:35.442007,purchase
U1692,P0180,2026-04-02 13:44:35.442401,view
U0952,P0045,2025-11-22 13:44:35.444375,view
U1906,P0052,2025-12-23 13:44:35.444737,purchase
U1756,P0261,2025-04-28 13:44:35.445089,view
U0998,P0052,2026-01-12 13:44:35.445283,purchase
U0832,P0034,2025-11-13 13:44:35.445453,view
U0935,P0385,2025-06-13 13:44:35.445622,wishlist
U0069,P0344,2025-09-13 13:44:35.445805,wishlist
U1036,P0105,2025-05-04 13:44:35.446172,cart
U1875,P0240,2025-10-24 13:44:35.446414,view
U1906,P0063,2025-05-15 13:44:35.446644,cart
U0305,P0404,2026-02-13 13:44:35.446883,view
U1001,P0217,2025-08-23 13:44:35.447202,view
U0834,P0359,2025-05-08 13:44:35.447390,cart
U0294,P0447,2025-10-13 13:44:35.447572,wishlist
U0933,P0246,2025-04-13 13:44:35.447741,view
U1356,P0435,2025-06-19 13:44:35.448007,cart
U0405,P0232,2025-11-22 13:44:35.448203,view
U1032,P0196,2025-11-19 13:44:35.448385,view
U1243,P0467,2025-06-10 13:44:35.448574,purchase
U0324,P0320,2025-04-25 13:44:35.448755,view
U1354,P0077,2026-01-08 13:44:35.449196,view
U1398,P0134,2025-06-20 13:44:35.449508,view
U1915,P0118,2025-07-14 13:44:35.449731,view
U0577,P0099,2025-09-09 13:44:35.449937,wishlist
U1067,P0221,2026-04-05 13:44:35.450122,view
U0614,P0450,2025-05-02 13:44:35.450409,purchase
U1482,P0259,2026-03-15 13:44:35.450608,purchase
U1439,P0167,2025-08-17 13:44:35.450788,view
U1749,P0355,2026-02-20 13:44:35.452625,view
U1058,P0345,2026-01-21 13:44:35.453231,cart
U1091,P0228,2026-04-05 13:44:35.453522,purchase
U0314,P0140,2025-07-25 13:44:35.453764,view
U1883,P0303,2026-03-29 13:44:35.453975,view
U0129,P0106,2026-03-22 13:44:35.454251,view
U1661,P0205,2026-01-31 13:44:35.456946,cart
U0023,P0161,2025-10-09 13:44:35.457873,cart
U1350,P0140,2026-02-21 13:44:35.458466,wishlist
U1189,P0455,2025-12-11 13:44:35.459408,cart
U0471,P0477,2026-03-03 13:44:35.462771,view
U1713,P0141,2025-07-12 13:44:35.463369,view
U0958,P0399,2025-08-24 13:44:35.463611,cart
U0463,P0139,2026-02-17 13:44:35.463801,view
U1649,P0008,2025-10-05 13:44:35.467181,purchase
U1132,P0264,2026-01-09 13:44:35.467607,view
U1188,P0299,2025-08-14 13:44:35.467805,view
U0736,P0344,2025-10-29 13:44:35.467999,view
U1861,P0168,2025-05-25 13:44:35.468299,view
U1602,P0198,2026-02-19 13:44:35.468520,cart
U0218,P0037,2025-06-04 13:44:35.472024,view
U0808,P0404,2026-01-10 13:44:35.473174,view
U0820,P0396,2026-02-13 13:44:35.474064,view
U1560,P0101,2025-06-17 13:44:35.479549,view
U1315,P0118,2026-02-10 13:44:35.479901,wishlist
U0037,P0373,2025-12-06 13:44:35.480160,cart
U0898,P0129,2025-11-09 13:44:35.480528,cart
U0468,P0234,2025-07-09 13:44:35.480784,cart
U0277,P0269,2025-08-01 13:44:35.484967,view
U0566,P0168,2025-10-21 13:44:35.486330,wishlist
U0571,P0313,2025-07-14 13:44:35.494564,view
U1922,P0330,2025-07-12 13:44:35.497006,view
U0651,P0022,2025-08-28 13:44:35.497605,cart
U1985,P0255,2025-09-24 13:44:35.497896,view
U1870,P0207,2026-03-17 13:44:35.505911,wishlist
U1386,P0086,2026-03-23 13:44:35.506325,cart
U1848,P0305,2025-12-26 13:44:35.507270,cart
U1651,P0196,2025-10-24 13:44:35.510915,wishlist
U1465,P0457,2026-03-01 13:44:35.511543,wishlist
U1390,P0070,2025-10-06 13:44:35.512141,cart
U1791,P0175,2025-11-25 13:44:35.512403,view
U1322,P0146,2026-01-27 13:44:35.512613,cart
U1735,P0411,2025-10-27 13:44:35.512934,purchase
U0256,P0245,2025-10-31 13:44:35.513159,cart
U1443,P0137,2026-03-14 13:44:35.515996,view
U0670,P0489,2025-07-10 13:44:35.516490,view
U1866,P0467,2025-08-08 13:44:35.516826,view
U0348,P0391,2025-07-16 13:44:35.517989,purchase
U1536,P0180,2025-12-12 13:44:35.520292,wishlist
U1911,P0136,2025-10-22 13:44:35.520682,view
U1057,P0167,2025-07-16 13:44:35.520886,view
U0323,P0012,2025-12-25 13:44:35.521193,view
U1720,P0116,2025-08-09 13:44:35.522378,cart
U0242,P0113,2025-09-09 13:44:35.522765,view
U0056,P0010,2025-09-04 13:44:35.523024,view
U1783,P0087,2025-04-09 13:44:35.528698,wishlist
U1123,P0196,2026-03-22 13:44:35.529544,view
U0414,P0446,2025-12-23 13:44:35.529981,view
U0857,P0059,2025-12-12 13:44:35.535658,cart
U1462,P0083,2026-03-28 13:44:35.538674,view
U1184,P0134,2025-04-14 13:44:35.540090,view
U0762,P0193,2025-10-23 13:44:35.540766,cart
U0791,P0349,2025-06-04 13:44:35.541451,cart
U0432,P0060,2026-03-09 13:44:35.541756,view
U0815,P0234,2025-04-09 13:44:35.542289,wishlist
U0561,P0031,2025-08-15 13:44:35.542649,view
U1908,P0001,2025-06-19 13:44:35.542842,cart
U1371,P0234,2025-08-27 13:44:35.543052,view
U0873,P0010,2026-03-31 13:44:35.543552,view
U1859,P0019,2025-08-16 13:44:35.544292,purchase
U0021,P0209,2025-08-03 13:44:35.545203,view
U1914,P0354,2025-12-06 13:44:35.545595,view
U0080,P0063,2026-02-22 13:44:35.545814,view
U1022,P0499,2025-07-23 13:44:35.547224,view
U1464,P0177,2025-05-20 13:44:35.547613,cart
U1688,P0486,2026-02-11 13:44:35.548257,view
U0181,P0480,2025-12-09 13:44:35.548535,view
U0389,P0323,2025-09-15 13:44:35.548766,view
U0814,P0175,2025-11-04 13:44:35.549021,view
U1275,P0438,2025-08-29 13:44:35.549371,view
U1214,P0048,2025-07-27 13:44:35.549635,cart
U0873,P0407,2026-01-23 13:44:35.552234,wishlist
U1577,P0436,2025-09-08 13:44:35.552557,view
U0690,P0191,2025-07-06 13:44:35.554914,view
U1524,P0207,2025-10-16 13:44:35.563320,view
U0577,P0394,2025-05-13 13:44:35.563824,purchase
U0466,P0057,2026-03-22 13:44:35.564225,view
U1295,P0351,2025-10-07 13:44:35.564494,view
U0674,P0279,2025-07-20 13:44:35.564669,cart
U0303,P0246,2025-07-21 13:44:35.564844,view
U1313,P0181,2025-06-07 13:44:35.565104,view
U0506,P0241,2025-07-11 13:44:35.569868,view
U0527,P0050,2026-02-13 13:44:35.578445,wishlist
U0098,P0003,2025-12-01 13:44:35.580781,cart
U1928,P0341,2026-01-26 13:44:35.595421,cart
U1047,P0390,2025-11-25 13:44:35.600781,wishlist
U1843,P0325,2025-11-05 13:44:35.601635,view
U1612,P0265,2026-03-21 13:44:35.601893,view
U1886,P0478,2025-11-15 13:44:35.602168,view
U1262,P0469,2025-08-02 13:44:35.602485,view
U1432,P0451,2026-03-07 13:44:35.606333,view
U1634,P0430,2025-07-23 13:44:35.607267,view
U0915,P0005,2026-03-12 13:44:35.608352,cart
U1750,P0033,2025-04-09 13:44:35.611819,view
U0782,P0405,2026-03-02 13:44:35.614574,view
U0769,P0203,2025-06-05 13:44:35.614900,view
U0034,P0031,2025-07-31 13:44:35.615103,cart
U1802,P0038,2025-04-17 13:44:35.617634,view
U0228,P0263,2025-10-22 13:44:35.617966,wishlist
U0858,P0027,2025-08-26 13:44:35.618191,view
U0957,P0345,2025-06-30 13:44:35.618495,view
U1801,P0216,2026-03-17 13:44:35.618724,view
U0332,P0133,2025-10-03 13:44:35.623363,view
U0256,P0180,2025-04-16 13:44:35.624761,view
U1914,P0377,2025-08-29 13:44:35.628956,view
U0064,P0148,2026-03-27 13:44:35.629801,cart
U1448,P0402,2025-06-11 13:44:35.630099,view
U0931,P0049,2025-11-29 13:44:35.630912,view
U1347,P0162,2026-01-24 13:44:35.632492,cart
U1370,P0473,2025-08-08 13:44:35.632837,view
U1924,P0480,2025-09-02 13:44:35.633036,cart
U0004,P0376,2025-05-30 13:44:35.633336,view
U1048,P0080,2025-08-07 13:44:35.634260,view
U1796,P0202,2025-12-13 13:44:35.637708,cart
U1481,P0072,2026-03-19 13:44:35.638704,view
U1464,P0380,2025-06-29 13:44:35.639999,view
U0030,P0048,2025-09-21 13:44:35.640356,view
U1258,P0272,2025-10-22 13:44:35.641968,view
U0804,P0274,2025-12-01 13:44:35.642590,view
U1325,P0106,2025-11-13 13:44:35.643110,cart
U1535,P0017,2026-03-25 13:44:35.647631,view
U0216,P0429,2026-03-12 13:44:35.648450,wishlist
U1161,P0091,2025-06-28 13:44:35.649452,view
U1396,P0255,2025-09-13 13:44:35.649998,view
U0864,P0200,2025-08-09 13:44:35.650822,cart
U0508,P0421,2026-01-08 13:44:35.651944,cart
U0602,P0340,2025-11-13 13:44:35.652437,purchase
U0655,P0157,2025-11-11 13:44:35.652916,view
U1846,P0383,2025-05-19 13:44:35.653142,view
U1105,P0258,2025-12-29 13:44:35.655200,view
U1327,P0468,2026-02-08 13:44:35.658890,cart
U1995,P0005,2025-10-13 13:44:35.663057,cart
U1931,P0310,2026-01-26 13:44:35.664616,view
U0995,P0269,2025-12-06 13:44:35.664978,wishlist
U0120,P0457,2025-08-14 13:44:35.665199,view
U0051,P0396,2025-07-04 13:44:35.669692,cart
U1230,P0176,2026-01-08 13:44:35.670143,cart
U0004,P0372,2025-05-10 13:44:35.670348,cart
U1360,P0302,2025-04-25 13:44:35.670628,view
U1962,P0366,2025-10-22 13:44:35.670864,view
U0417,P0438,2025-08-21 13:44:35.671071,view
U1107,P0225,2025-05-09 13:44:35.672014,cart
U0646,P0141,2025-04-20 13:44:35.677683,view
U0496,P0393,2025-07-06 13:44:35.678697,purchase
U0017,P0284,2026-04-04 13:44:35.679031,cart
U1343,P0488,2025-05-28 13:44:35.679580,purchase
U1878,P0104,2025-12-02 13:44:35.679934,view
U1436,P0206,2026-02-22 13:44:35.689065,view
U1851,P0361,2025-12-02 13:44:35.689656,purchase
U0958,P0453,2025-12-10 13:44:35.690463,view
U0544,P0334,2026-01-21 13:44:35.690735,view
U0474,P0075,2025-07-18 13:44:35.691046,view
U1033,P0275,2025-04-26 13:44:35.691267,view
U0829,P0446,2025-05-09 13:44:35.691460,view
U1061,P0268,2026-02-02 13:44:35.691647,cart
U0798,P0031,2026-01-06 13:44:35.691838,view
U0502,P0267,2025-10-25 13:44:35.692131,purchase
U1103,P0147,2025-10-19 13:44:35.695465,cart
U1565,P0449,2026-03-18 13:44:35.695790,view
U1811,P0182,2025-06-10 13:44:35.696109,view
U1310,P0418,2025-06-26 13:44:35.696348,view
U0363,P0288,2026-03-05 13:44:35.696550,cart
U0131,P0385,2025-09-03 13:44:35.696735,view
U1441,P0484,2025-12-01 13:44:35.696980,view
U0345,P0235,2025-08-30 13:44:35.698456,cart
U1179,P0114,2025-12-23 13:44:35.698728,cart
U0804,P0268,2026-02-09 13:44:35.699017,view
U0765,P0403,2026-02-10 13:44:35.699234,view
U0086,P0203,2025-10-13 13:44:35.699443,view
U0440,P0375,2025-06-02 13:44:35.699644,view
U0271,P0303,2025-10-02 13:44:35.701329,cart
U1326,P0444,2026-01-26 13:44:35.701689,cart
U1679,P0266,2026-01-11 13:44:35.702263,view
U0522,P0062,2026-03-13 13:44:35.702844,cart
U0353,P0272,2025-07-14 13:44:35.703173,view
U0067,P0279,2025-09-28 13:44:35.703428,view
U0262,P0081,2025-06-03 13:44:35.705213,view
U0528,P0005,2025-08-27 13:44:35.705665,view
U0580,P0003,2026-02-10 13:44:35.706016,view
U0337,P0154,2026-03-02 13:44:35.707595,purchase
U1876,P0251,2025-07-24 13:44:35.707952,purchase
U1366,P0104,2025-10-22 13:44:35.709082,view
U0213,P0477,2025-04-11 13:44:35.710052,view
U1226,P0415,2026-01-17 13:44:35.710399,view
U1786,P0026,2025-12-27 13:44:35.710613,view
U0574,P0135,2025-06-07 13:44:35.711389,view
U0819,P0499,2025-07-25 13:44:35.712269,wishlist
U1062,P0356,2026-01-08 13:44:35.713224,view
U0849,P0158,2025-05-26 13:44:35.714667,view
U0509,P0293,2026-01-15 13:44:35.715044,view
U0009,P0077,2025-09-10 13:44:35.715266,cart
U0414,P0212,2025-06-20 13:44:35.715440,cart
U0069,P0141,2025-09-07 13:44:35.716060,view
U1531,P0296,2025-12-13 13:44:35.716381,view
U1745,P0340,2025-07-16 13:44:35.716654,view
U0082,P0276,2025-11-06 13:44:35.716952,view
U1606,P0051,2025-09-07 13:44:35.717347,wishlist
U1205,P0277,2025-09-28 13:44:35.717578,view
U1204,P0099,2026-03-08 13:44:35.717790,view
U0118,P0365,2025-05-21 13:44:35.720988,view
U1004,P0187,2025-07-30 13:44:35.721615,cart
U1093,P0283,2026-03-20 13:44:35.722542,view
U0899,P0292,2025-07-23 13:44:35.722850,wishlist
U1720,P0003,2026-01-09 13:44:35.723075,view
U0800,P0467,2025-10-23 13:44:35.724949,view
U1745,P0183,2026-03-09 13:44:35.725465,cart
U1487,P0398,2026-02-01 13:44:35.725843,cart
U1384,P0434,2026-01-15 13:44:35.726376,view
U0317,P0160,2025-10-22 13:44:35.727010,wishlist
U0379,P0465,2026-03-05 13:44:35.727256,view
U0578,P0276,2025-09-04 13:44:35.727554,cart
U0029,P0185,2025-11-26 13:44:35.727761,view
U1885,P0399,2025-07-19 13:44:35.727963,wishlist
U1286,P0339,2025-10-03 13:44:35.728196,view
U0359,P0328,2025-11-03 13:44:35.728552,view
U0832,P0175,2025-10-15 13:44:35.728775,view
U0352,P0329,2026-01-03 13:44:35.729017,purchase
U0937,P0077,2025-09-17 13:44:35.729263,purchase
U1804,P0097,2025-05-13 13:44:35.729647,view
U1139,P0135,2025-12-21 13:44:35.729915,view
U1866,P0248,2026-03-18 13:44:35.730166,view
U0749,P0477,2025-04-27 13:44:35.731645,cart
U1874,P0174,2025-07-08 13:44:35.733102,wishlist
U1530,P0178,2025-10-16 13:44:35.733616,view
U1179,P0230,2025-07-15 13:44:35.733881,view
U0339,P0486,2025-04-10 13:44:35.734101,view
U1050,P0195,2025-10-13 13:44:35.734381,purchase
U0850,P0306,2025-05-03 13:44:35.734583,view
U0710,P0140,2025-10-21 13:44:35.736303,wishlist
U1591,P0103,2025-07-02 13:44:35.736945,view
U0162,P0079,2025-08-24 13:44:35.737391,purchase
U1031,P0168,2025-10-12 13:44:35.737653,view
U0784,P0083,2025-07-27 13:44:35.737861,view
U1080,P0026,2025-11-21 13:44:35.738050,view
U1244,P0075,2025-10-03 13:44:35.738333,view
U1404,P0138,2026-02-16 13:44:35.738518,view
U0919,P0363,2025-06-01 13:44:35.738689,view
U0108,P0416,2025-06-16 13:44:35.741183,view
U0229,P0117,2025-08-31 13:44:35.741627,view
U1397,P0447,2025-11-23 13:44:35.741873,view
U0766,P0265,2026-01-15 13:44:35.742170,view
U0402,P0166,2025-11-17 13:44:35.742393,view
U1746,P0438,2025-11-17 13:44:35.743583,view
U1583,P0136,2026-03-27 13:44:35.743867,view
U1605,P0461,2025-12-15 13:44:35.744188,view
U0843,P0438,2025-06-05 13:44:35.744394,wishlist
U1738,P0140,2025-11-01 13:44:35.744599,wishlist
U1640,P0198,2025-10-13 13:44:35.744794,purchase
U0341,P0028,2026-03-11 13:44:35.745081,view
U0525,P0269,2025-09-06 13:44:35.758189,view
U1161,P0198,2025-11-20 13:44:35.758932,view
U1221,P0007,2025-10-01 13:44:35.759298,view
U1013,P0154,2025-12-05 13:44:35.759525,view
U1001,P0290,2026-01-26 13:44:35.759727,view
U0416,P0328,2026-03-12 13:44:35.769726,view
U1005,P0480,2026-02-21 13:44:35.770772,cart
U1135,P0441,2025-08-25 13:44:35.778234,view
U1683,P0403,2025-09-18 13:44:35.779210,wishlist
U1371,P0306,2025-06-16 13:44:35.780067,view
U1490,P0203,2025-08-18 13:44:35.781827,view
U0039,P0192,2025-10-01 13:44:35.782239,view
U0098,P0390,2025-09-19 13:44:35.783297,view
U0576,P0391,2026-01-16 13:44:35.783724,cart
U0450,P0321,2025-04-30 13:44:35.784014,view
U0305,P0473,2025-08-28 13:44:35.784278,cart
U1833,P0446,2026-01-30 13:44:35.790365,wishlist
U0800,P0397,2026-01-30 13:44:35.791333,wishlist
U1749,P0225,2025-12-29 13:44:35.792520,view
U1537,P0496,2025-12-20 13:44:35.792954,wishlist
U1113,P0134,2025-07-20 13:44:35.793720,view
U1899,P0335,2025-12-28 13:44:35.800380,view
U1044,P0201,2026-03-17 13:44:35.802155,view
U1154,P0089,2025-11-16 13:44:35.802854,view
U0183,P0107,2026-01-15 13:44:35.808812,wishlist
U1396,P0052,2025-11-06 13:44:35.809672,cart
U0213,P0193,2025-07-15 13:44:35.812275,view
U1327,P0083,2025-06-06 13:44:35.816741,view
U0113,P0393,2026-03-24 13:44:35.817661,view
U1816,P0011,2025-07-24 13:44:35.818143,purchase
U0992,P0309,2025-04-06 13:44:35.818419,cart
U0496,P0047,2026-02-25 13:44:35.818720,view
U1250,P0048,2025-11-14 13:44:35.824308,view
U1266,P0235,2025-09-30 13:44:35.825315,view
U0966,P0254,2026-02-23 13:44:35.829253,view
U1428,P0059,2026-01-19 13:44:35.830783,cart
U1232,P0075,2025-05-13 13:44:35.831378,view
U0138,P0460,2025-09-16 13:44:35.831739,cart
U1672,P0092,2025-10-18 13:44:35.832152,cart
U1431,P0044,2025-06-16 13:44:35.834262,cart
U1178,P0118,2025-09-10 13:44:35.834863,cart
U0852,P0334,2025-09-12 13:44:35.835967,view
U1440,P0287,2025-10-25 13:44:35.837223,view
U1910,P0116,2025-05-08 13:44:35.839915,cart
U1655,P0379,2025-06-19 13:44:35.840263,view
U0181,P0389,2026-03-21 13:44:35.841024,view
U0293,P0271,2025-11-05 13:44:35.841735,view
U1659,P0252,2025-06-04 13:44:35.842074,view
U0344,P0459,2025-12-16 13:44:35.842348,purchase
U0315,P0317,2025-06-25 13:44:35.842693,view
U1158,P0044,2026-03-10 13:44:35.844870,view
U1014,P0303,2025-08-06 13:44:35.845371,view
U0509,P0229,2025-08-19 13:44:35.848156,view
U1036,P0009,2025-09-21 13:44:35.848540,view
U0810,P0172,2025-08-30 13:44:35.848835,view
U1982,P0399,2025-10-15 13:44:35.849045,purchase
U0778,P0239,2025-11-01 13:44:35.849247,purchase
U1243,P0114,2025-12-17 13:44:35.849432,wishlist
U1580,P0280,2025-08-14 13:44:35.849716,view
U0042,P0487,2025-09-22 13:44:35.850325,view
U1342,P0152,2025-05-11 13:44:35.851106,view
U1099,P0291,2025-05-28 13:44:35.851483,purchase
U0484,P0029,2026-03-18 13:44:35.851762,cart
U1162,P0235,2025-12-16 13:44:35.852026,cart
U1027,P0295,2025-08-19 13:44:35.852199,view
U0580,P0051,2025-06-18 13:44:35.852363,cart
U1471,P0174,2025-10-29 13:44:35.852612,view
U0706,P0172,2026-01-02 13:44:35.852997,cart
U0951,P0463,2025-09-04 13:44:35.853272,cart
U1896,P0378,2025-11-28 13:44:35.856931,view
U0237,P0190,2025-09-06 13:44:35.857745,purchase
U0480,P0278,2026-02-12 13:44:35.858113,view
U1149,P0308,2025-12-07 13:44:35.859934,view
U0287,P0239,2026-01-19 13:44:35.860380,purchase
U0644,P0237,2025-10-30 13:44:35.861105,view
U1339,P0365,2025-06-05 13:44:35.861823,view
U0904,P0287,2025-06-12 13:44:35.866019,cart
U0955,P0280,2025-09-25 13:44:35.866988,wishlist
U1065,P0303,2025-06-15 13:44:35.867215,view
U1910,P0256,2025-07-16 13:44:35.867375,view
U0583,P0081,2025-10-13 13:44:35.869600,view
U0349,P0137,2026-03-12 13:44:35.870100,wishlist
U0179,P0471,2026-03-25 13:44:35.870294,cart
U0861,P0281,2025-08-04 13:44:35.870457,purchase
U0704,P0450,2025-10-16 13:44:35.870778,wishlist
U1519,P0002,2025-11-10 13:44:35.871688,view
U0203,P0299,2025-12-01 13:44:35.872686,view
U0863,P0409,2026-02-07 13:44:35.879590,view
U0825,P0098,2025-07-23 13:44:35.881224,view
U1076,P0144,2026-03-05 13:44:35.885692,cart
U1580,P0245,2026-03-06 13:44:35.887155,view
U1389,P0302,2025-09-13 13:44:35.887738,view
U1978,P0324,2025-09-27 13:44:35.890818,view
U0545,P0290,2025-12-19 13:44:35.892215,cart
U1513,P0448,2025-07-10 13:44:35.892660,view
U1326,P0415,2026-03-30 13:44:35.892956,view
U0315,P0461,2025-12-06 13:44:35.893278,view
U1134,P0292,2026-01-04 13:44:35.898102,cart
U1236,P0449,2026-03-20 13:44:35.898513,view
U1492,P0089,2025-12-21 13:44:35.898784,wishlist
U1033,P0415,2025-12-15 13:44:35.899045,view
U1938,P0355,2025-04-15 13:44:35.905025,purchase
U0300,P0355,2025-07-20 13:44:35.905644,view
U1180,P0238,2025-10-27 13:44:35.905911,view
U1551,P0004,2026-02-09 13:44:35.906164,view
U1983,P0499,2026-03-19 13:44:35.908325,cart
U1211,P0267,2025-11-21 13:44:35.908908,view
U1647,P0163,2025-12-14 13:44:35.909155,cart
U0061,P0377,2025-07-08 13:44:35.909747,view
U0826,P0350,2025-07-15 13:44:35.913390,view
U1423,P0421,2025-08-26 13:44:35.914164,view
U0566,P0273,2026-01-26 13:44:35.915902,view
U0004,P0217,2026-01-17 13:44:35.916591,purchase
U0738,P0187,2025-05-04 13:44:35.917019,view
U1363,P0125,2025-05-14 13:44:35.917356,view
U0779,P0080,2025-06-22 13:44:35.917557,purchase
U0045,P0252,2025-04-26 13:44:35.917748,purchase
U1837,P0226,2025-12-18 13:44:35.918016,view
U1906,P0032,2025-09-03 13:44:35.918392,view
U1117,P0193,2025-04-26 13:44:35.918651,cart
U0774,P0173,2025-08-11 13:44:35.919274,view
U1853,P0409,2026-03-12 13:44:35.919641,wishlist
U1957,P0352,2025-08-05 13:44:35.919844,view
U0851,P0250,2026-03-23 13:44:35.920010,cart
U1715,P0473,2025-09-15 13:44:35.920254,view
U1044,P0081,2026-01-07 13:44:35.920425,wishlist
U0534,P0263,2025-11-13 13:44:35.920580,view
U0571,P0337,2026-02-24 13:44:35.920789,cart
U1673,P0251,2026-03-14 13:44:35.920978,view
U0166,P0031,2025-08-21 13:44:35.923806,purchase
U0595,P0497,2026-03-31 13:44:35.928553,purchase
U0878,P0142,2026-02-04 13:44:35.929583,view
U1936,P0466,2025-10-13 13:44:35.930564,view
U0869,P0146,2025-07-20 13:44:35.931786,cart
U0061,P0283,2025-04-21 13:44:35.938229,view
U0393,P0432,2025-08-19 13:44:35.938565,view
U0766,P0008,2025-05-11 13:44:35.938830,view
U0745,P0252,2025-04-26 13:44:35.939781,cart
U1237,P0190,2025-09-28 13:44:35.940302,purchase
U0755,P0373,2025-09-04 13:44:35.940630,view
U1645,P0241,2025-08-23 13:44:35.940904,view
U0346,P0442,2025-10-23 13:44:35.941167,view
U0299,P0154,2025-05-03 13:44:35.952259,view
U1349,P0086,2025-09-19 13:44:35.953071,view
U0274,P0186,2025-08-07 13:44:35.953815,view
U1178,P0136,2025-10-30 13:44:35.954116,purchase
U1745,P0311,2025-05-16 13:44:35.954412,cart
U1369,P0360,2025-05-14 13:44:35.966089,purchase
U1672,P0272,2025-06-16 13:44:35.967410,cart
U0696,P0285,2025-11-16 13:44:35.969656,cart
U0977,P0025,2026-03-27 13:44:35.977587,view
U0027,P0378,2025-07-22 13:44:35.979144,cart
U0138,P0185,2025-08-22 13:44:35.979628,view
U0622,P0392,2025-11-12 13:44:35.980549,cart
U0376,P0399,2026-03-03 13:44:35.992079,view
U0722,P0493,2026-01-11 13:44:35.992615,wishlist
U0489,P0483,2025-04-14 13:44:35.992856,view
U1742,P0456,2025-10-13 13:44:35.999200,view
U1168,P0031,2025-04-25 13:44:35.999694,cart
U0854,P0393,2025-10-09 13:44:35.999930,view
U0197,P0435,2025-12-14 13:44:36.000161,view
U0426,P0037,2025-12-17 13:44:36.000373,cart
U1717,P0490,2026-02-13 13:44:36.000703,cart
U0187,P0299,2025-05-16 13:44:36.000909,view
U1875,P0031,2025-06-22 13:44:36.001985,view
U0680,P0093,2025-12-01 13:44:36.002864,view
U1073,P0370,2026-02-04 13:44:36.004728,view
U1272,P0455,2025-08-19 13:44:36.005074,view
U0676,P0047,2025-09-17 13:44:36.005690,view
U0504,P0021,2025-10-17 13:44:36.005950,view
U0050,P0008,2025-11-01 13:44:36.006189,view
U1440,P0415,2025-07-26 13:44:36.006664,view
U0857,P0446,2025-12-04 13:44:36.007023,cart
U1681,P0155,2026-01-18 13:44:36.007219,view
U0940,P0210,2025-09-12 13:44:36.007416,cart
U1545,P0297,2025-08-16 13:44:36.007731,view
U0265,P0366,2025-07-17 13:44:36.007986,view
U1535,P0445,2025-06-22 13:44:36.008314,view
U0358,P0277,2025-04-24 13:44:36.008591,view
U0303,P0106,2025-07-27 13:44:36.008823,wishlist
U1540,P0332,2026-03-31 13:44:36.009016,cart
U0095,P0443,2026-02-17 13:44:36.009189,cart
U0971,P0131,2025-10-17 13:44:36.009469,cart
U0162,P0005,2026-03-18 13:44:36.009649,cart
U1895,P0471,2025-12-24 13:44:36.009813,view
U1541,P0498,2025-07-07 13:44:36.010072,view
U1348,P0346,2025-10-16 13:44:36.010286,cart
U1339,P0430,2025-05-01 13:44:36.010773,view
U1945,P0126,2025-04-22 13:44:36.011026,cart
U1784,P0225,2025-12-27 13:44:36.011239,cart
U0117,P0123,2026-01-07 13:44:36.011428,view
U0349,P0368,2026-01-16 13:44:36.011707,view
U1670,P0131,2025-10-07 13:44:36.011929,cart
U0198,P0314,2025-06-15 13:44:36.012137,wishlist
U1381,P0060,2026-02-18 13:44:36.012345,view
U0194,P0267,2025-09-06 13:44:36.012661,view
U1008,P0051,2026-01-18 13:44:36.012859,view
U0074,P0032,2025-07-23 13:44:36.013027,cart
U0273,P0007,2025-10-25 13:44:36.013182,wishlist
U1026,P0071,2025-08-20 13:44:36.013341,view
U1562,P0411,2026-03-16 13:44:36.013563,purchase
U1921,P0246,2025-12-24 13:44:36.013719,view
U0853,P0319,2025-04-13 13:44:36.014299,view
U1742,P0423,2025-09-29 13:44:36.014803,view
U1476,P0232,2025-04-06 13:44:36.015219,cart
U1617,P0047,2026-01-22 13:44:36.015499,wishlist
U0385,P0276,2025-08-27 13:44:36.015758,view
U0436,P0111,2026-01-01 13:44:36.017026,view
U1406,P0415,2025-12-29 13:44:36.017407,view
U0595,P0303,2026-03-03 13:44:36.017967,purchase
U1234,P0348,2025-05-19 13:44:36.018256,view
U0767,P0386,2026-03-27 13:44:36.025753,view
U0320,P0360,2025-11-30 13:44:36.027377,view
U0474,P0125,2025-08-31 13:44:36.027687,view
U1523,P0340,2025-12-23 13:44:36.028053,cart
U0437,P0009,2025-08-16 13:44:36.028303,cart
U1903,P0407,2025-10-02 13:44:36.028540,wishlist
U0079,P0242,2026-02-22 13:44:36.029274,view
U0339,P0275,2026-01-18 13:44:36.029911,view
U1094,P0453,2025-11-22 13:44:36.030331,purchase
U0751,P0169,2025-10-06 13:44:36.032838,view
U1099,P0397,2025-09-28 13:44:36.033137,view
U0405,P0209,2025-09-06 13:44:36.037157,view
U0726,P0211,2026-03-12 13:44:36.041504,cart
U1063,P0473,2026-04-04 13:44:36.048602,purchase
U0813,P0398,2026-03-21 13:44:36.048919,purchase
U1191,P0173,2025-09-11 13:44:36.054626,cart
U0728,P0313,2025-08-06 13:44:36.055095,purchase
U0458,P0178,2026-02-27 13:44:36.055416,cart
U0839,P0095,2025-05-29 13:44:36.055700,view
U1535,P0081,2026-02-21 13:44:36.055881,view
U0192,P0134,2026-01-19 13:44:36.056040,purchase
U0574,P0363,2026-03-18 13:44:36.057970,view
U1196,P0102,2025-04-29 13:44:36.059158,cart
U1099,P0014,2026-01-07 13:44:36.059643,view
U0668,P0288,2025-07-17 13:44:36.062549,cart
U0787,P0053,2025-08-29 13:44:36.063589,cart
U0308,P0019,2025-05-03 13:44:36.064013,view
U1795,P0455,2025-12-16 13:44:36.064392,cart
U1107,P0119,2025-04-09 13:44:36.064672,purchase
U0550,P0020,2025-04-20 13:44:36.064910,cart
U1680,P0472,2025-12-10 13:44:36.065509,view
U1659,P0004,2025-07-24 13:44:36.066256,view
U1384,P0382,2025-12-14 13:44:36.067312,view
U1776,P0250,2026-01-04 13:44:36.067966,view
U1897,P0377,2025-07-16 13:44:36.068358,purchase
U0363,P0470,2026-02-07 13:44:36.068612,view
U0892,P0088,2026-02-06 13:44:36.069228,view
U0986,P0451,2025-06-19 13:44:36.070071,wishlist
U0429,P0167,2025-05-10 13:44:36.072217,cart
U0381,P0403,2025-07-25 13:44:36.072568,view
U0286,P0414,2025-04-19 13:44:36.072857,view
U0131,P0137,2026-03-03 13:44:36.073151,view
U0723,P0394,2025-09-29 13:44:36.073552,purchase
U0666,P0228,2025-05-08 13:44:36.075625,view
U1666,P0151,2025-06-09 13:44:36.076232,wishlist
U1233,P0258,2025-05-19 13:44:36.077381,view
U1837,P0084,2025-05-12 13:44:36.079990,view
U1813,P0498,2026-01-16 13:44:36.080612,view
U1192,P0005,2025-05-14 13:44:36.080947,view
U1961,P0448,2025-12-12 13:44:36.086031,purchase
U1920,P0083,2026-01-08 13:44:36.088578,view
U0530,P0365,2025-10-23 13:44:36.103856,purchase
U0354,P0342,2026-03-04 13:44:36.111558,view
U1865,P0148,2025-09-03 13:44:36.112177,view
U0805,P0468,2026-02-06 13:44:36.113964,view
U0850,P0177,2025-11-09 13:44:36.114328,view
U1607,P0364,2026-02-26 13:44:36.114562,view
U0387,P0209,2025-06-22 13:44:36.114873,view
U0386,P0388,2025-08-12 13:44:36.115142,view
U0073,P0169,2025-05-25 13:44:36.118334,cart
U1336,P0058,2025-10-23 13:44:36.119125,wishlist
U1302,P0339,2025-07-27 13:44:36.119423,view
U1743,P0075,2026-02-11 13:44:36.119646,view
U1715,P0031,2026-03-09 13:44:36.135617,cart
U0039,P0275,2025-12-25 13:44:36.138325,view
U1075,P0043,2025-08-02 13:44:36.144546,view
U1589,P0068,2025-04-10 13:44:36.145626,view
U1313,P0230,2025-08-23 13:44:36.149047,view
U0193,P0405,2025-10-30 13:44:36.149692,cart
U1119,P0025,2025-09-13 13:44:36.150111,view
U0871,P0195,2025-09-05 13:44:36.150377,cart
U1637,P0216,2026-03-22 13:44:36.150615,view
U0550,P0049,2026-01-16 13:44:36.150848,view
U1055,P0171,2025-12-10 13:44:36.153543,view
U1376,P0301,2025-04-15 13:44:36.153964,purchase
U1706,P0481,2025-08-15 13:44:36.154338,view
U0721,P0416,2026-03-20 13:44:36.154589,cart
U1678,P0481,2025-10-31 13:44:36.168781,cart
U0096,P0204,2026-01-23 13:44:36.173840,view
U0657,P0051,2025-09-14 13:44:36.177783,view
U0907,P0325,2025-10-22 13:44:36.180413,view
U1480,P0197,2025-12-31 13:44:36.180881,wishlist
U1602,P0238,2026-01-26 13:44:36.182026,view
U1972,P0212,2025-09-06 13:44:36.182548,cart
U0811,P0243,2025-05-09 13:44:36.183191,view
U0154,P0237,2025-04-14 13:44:36.183603,view
U1779,P0196,2025-11-13 13:44:36.185444,view
U1415,P0232,2026-02-19 13:44:36.186255,cart
U0668,P0249,2025-04-18 13:44:36.186985,view
U1846,P0231,2025-04-14 13:44:36.201569,cart
U1460,P0119,2025-10-18 13:44:36.202842,view
U1905,P0098,2025-10-05 13:44:36.203427,view
U1562,P0264,2025-12-01 13:44:36.203966,wishlist
U0923,P0128,2025-11-12 13:44:36.210946,view
U1557,P0067,2025-06-18 13:44:36.211316,cart
U1899,P0004,2025-05-08 13:44:36.217735,view
U0343,P0038,2025-10-29 13:44:36.218886,view
U1528,P0153,2026-01-05 13:44:36.220159,wishlist
U1541,P0209,2026-03-26 13:44:36.229628,cart
U0331,P0335,2025-05-02 13:44:36.229971,view
U0917,P0125,2025-04-19 13:44:36.230297,purchase
U1379,P0036,2026-01-30 13:44:36.230492,cart
U1221,P0236,2025-05-07 13:44:36.230686,view
U1689,P0214,2025-09-02 13:44:36.235917,view
U0478,P0209,2025-07-29 13:44:36.236613,view
U1843,P0216,2026-01-06 13:44:36.237616,view
U1772,P0379,2025-09-03 13:44:36.238040,view
U0479,P0471,2026-02-12 13:44:36.243805,view
U1336,P0306,2026-04-05 13:44:36.244290,view
U1647,P0055,2025-07-14 13:44:36.244539,view
U1825,P0072,2026-02-27 13:44:36.244789,purchase
U0804,P0101,2025-11-21 13:44:36.245018,cart
U0762,P0172,2025-07-03 13:44:36.245357,view
U0859,P0364,2025-11-19 13:44:36.249310,cart
U1458,P0314,2025-08-18 13:44:36.249873,view
U0653,P0474,2025-12-18 13:44:36.250171,view
U1712,P0231,2025-08-14 13:44:36.250464,view
U1234,P0222,2025-12-30 13:44:36.250676,view
U1396,P0231,2026-01-03 13:44:36.250872,wishlist
U1119,P0112,2026-02-11 13:44:36.252223,wishlist
U1235,P0190,2026-01-17 13:44:36.252932,view
U1501,P0372,2025-11-13 13:44:36.253888,view
U0153,P0397,2025-11-10 13:44:36.255127,view
U0431,P0066,2025-04-18 13:44:36.269892,cart
U0941,P0027,2025-06-06 13:44:36.270487,view
U0108,P0129,2025-11-11 13:44:36.270738,purchase
U1588,P0374,2025-07-22 13:44:36.270941,view
U1183,P0158,2025-06-12 13:44:36.271624,purchase
U1193,P0228,2025-12-11 13:44:36.271904,cart
U1049,P0207,2025-07-10 13:44:36.272177,wishlist
U1163,P0004,2025-10-08 13:44:36.272491,view
U1344,P0119,2026-03-19 13:44:36.272714,view
U1619,P0132,2025-06-16 13:44:36.272918,view
U1896,P0179,2025-12-18 13:44:36.273123,view
U1553,P0278,2026-01-11 13:44:36.273425,view
U1142,P0444,2026-01-16 13:44:36.273639,view
U1580,P0334,2025-10-10 13:44:36.273840,wishlist
U0506,P0020,2025-11-27 13:44:36.274110,purchase
U0153,P0101,2026-01-13 13:44:36.274478,purchase
U1611,P0315,2025-10-26 13:44:36.274752,purchase
U0498,P0461,2025-06-19 13:44:36.275159,view
U0584,P0028,2025-12-23 13:44:36.279927,view
U0717,P0056,2025-05-02 13:44:36.280600,purchase
U0576,P0457,2026-03-16 13:44:36.281300,view
U1466,P0032,2025-08-11 13:44:36.281568,view
U1170,P0166,2026-03-01 13:44:36.281799,purchase
U0982,P0036,2025-09-20 13:44:36.282001,view
U0019,P0169,2026-03-26 13:44:36.282372,view
U1801,P0387,2025-12-26 13:44:36.282652,view
U0340,P0166,2025-09-04 13:44:36.282850,view
U0111,P0176,2025-07-04 13:44:36.283032,view
U0389,P0198,2025-06-22 13:44:36.287539,cart
U0140,P0366,2025-11-29 13:44:36.287894,cart
U1669,P0107,2025-08-30 13:44:36.288166,wishlist
U1665,P0123,2025-07-09 13:44:36.288341,view
U1049,P0414,2026-03-15 13:44:36.288517,cart
U0663,P0374,2025-06-18 13:44:36.288670,cart
U0886,P0181,2026-02-17 13:44:36.288824,cart
U0922,P0485,2025-12-20 13:44:36.289019,wishlist
U1320,P0468,2025-12-20 13:44:36.289303,view
U0651,P0442,2025-09-07 13:44:36.289547,view
U0940,P0273,2025-10-09 13:44:36.289763,view
U0260,P0226,2026-02-02 13:44:36.290481,purchase
U0974,P0290,2025-08-12 13:44:36.294821,cart
U1468,P0224,2025-06-03 13:44:36.295639,view
U1193,P0357,2025-06-25 13:44:36.295977,view
U0666,P0467,2025-09-17 13:44:36.296880,wishlist
U1981,P0466,2026-01-11 13:44:36.297351,view
U0934,P0369,2025-05-17 13:44:36.297946,view
U0249,P0275,2025-11-22 13:44:36.298292,wishlist
U1760,P0089,2026-02-20 13:44:36.298638,cart
U1623,P0256,2025-08-09 13:44:36.298876,view
U0034,P0068,2026-02-08 13:44:36.299545,wishlist
U1037,P0439,2025-06-24 13:44:36.300097,view
U1731,P0214,2026-03-05 13:44:36.300422,wishlist
U1222,P0347,2026-04-06 13:44:36.300737,cart
U1553,P0341,2026-02-23 13:44:36.300981,cart
U1999,P0025,2025-12-31 13:44:36.301149,view
U0337,P0093,2025-12-20 13:44:36.301317,view
U0474,P0225,2026-03-05 13:44:36.301556,cart
U1934,P0115,2025-12-22 13:44:36.301712,wishlist
U0206,P0491,2026-03-05 13:44:36.301893,view
U0027,P0375,2026-02-23 13:44:36.302102,view
U0551,P0203,2025-09-06 13:44:36.302289,view
U1758,P0038,2025-04-13 13:44:36.303034,view
U0815,P0063,2025-07-02 13:44:36.303409,view
U0241,P0281,2025-10-12 13:44:36.303639,purchase
U0418,P0329,2025-04-21 13:44:36.303896,view
U0265,P0478,2026-01-07 13:44:36.304096,view
U1705,P0161,2025-06-08 13:44:36.304913,view
U0849,P0440,2025-08-19 13:44:36.305293,view
U0174,P0036,2025-04-06 13:44:36.305608,view
U0815,P0440,2025-08-26 13:44:36.305834,view
U0871,P0102,2025-05-21 13:44:36.306042,view
U0428,P0191,2025-07-31 13:44:36.306445,cart
U1973,P0171,2025-06-21 13:44:36.306894,cart
U1454,P0221,2025-08-24 13:44:36.307114,view
U0125,P0147,2026-02-25 13:44:36.307535,cart
U1873,P0492,2025-10-08 13:44:36.307814,cart
U1765,P0007,2025-10-22 13:44:36.308066,view
U1840,P0483,2025-10-24 13:44:36.308312,view
U0070,P0168,2025-04-10 13:44:36.308634,wishlist
U1771,P0270,2025-09-29 13:44:36.308893,view
U1912,P0124,2026-03-22 13:44:36.309158,view
U1304,P0148,2026-03-15 13:44:36.309638,view
U1711,P0085,2025-05-09 13:44:36.309923,wishlist
U0041,P0444,2025-05-14 13:44:36.310124,wishlist
U1516,P0035,2025-11-28 13:44:36.310951,view
U0482,P0082,2026-03-20 13:44:36.311845,view
U0612,P0061,2025-07-28 13:44:36.312677,view
U1506,P0382,2026-03-26 13:44:36.313881,view
U1240,P0222,2025-08-10 13:44:36.314154,cart
U1602,P0135,2025-09-28 13:44:36.314572,purchase
U1129,P0058,2025-05-07 13:44:36.314776,view
U0893,P0360,2025-05-08 13:44:36.314945,view
U0475,P0463,2026-03-04 13:44:36.315537,view
U0947,P0432,2026-03-18 13:44:36.315776,view
U1289,P0428,2025-09-30 13:44:36.315987,wishlist
U0114,P0042,2025-04-09 13:44:36.316225,view
U1227,P0048,2025-09-16 13:44:36.316916,view
U0774,P0131,2025-06-16 13:44:36.318524,view
U0786,P0380,2025-12-20 13:44:36.319985,wishlist
U0278,P0063,2026-02-03 13:44:36.320642,view
U1106,P0261,2025-06-30 13:44:36.321045,view
U0783,P0408,2025-08-04 13:44:36.321467,view
U1814,P0184,2025-06-21 13:44:36.321835,view
U0204,P0279,2026-03-01 13:44:36.325101,cart
U1550,P0495,2025-08-03 13:44:36.329510,cart
U1169,P0031,2025-04-23 13:44:36.332202,view
U1820,P0259,2025-04-08 13:44:36.332811,view
U1597,P0219,2025-08-13 13:44:36.333131,view
U0646,P0268,2025-11-17 13:44:36.333400,cart
U0737,P0488,2025-06-27 13:44:36.333616,view
U1910,P0116,2025-04-24 13:44:36.333896,view
U1120,P0276,2025-12-23 13:44:36.334091,view
U1492,P0153,2025-11-23 13:44:36.336325,cart
U0095,P0112,2025-12-06 13:44:36.340327,cart
U1080,P0120,2025-08-27 13:44:36.343572,purchase
U0196,P0381,2025-08-02 13:44:36.345751,view
U0372,P0264,2025-09-11 13:44:36.346393,wishlist
U0132,P0148,2025-05-28 13:44:36.347401,view
U0489,P0048,2025-11-23 13:44:36.351116,purchase
U0653,P0077,2025-09-03 13:44:36.352311,view
U0069,P0196,2025-09-16 13:44:36.353544,purchase
U1251,P0234,2025-05-27 13:44:36.357540,purchase
U1292,P0236,2026-01-02 13:44:36.359194,view
U0943,P0443,2026-03-14 13:44:36.359584,view
U0969,P0341,2026-01-14 13:44:36.359833,wishlist
U1864,P0167,2025-05-26 13:44:36.360176,view
U1613,P0424,2025-07-30 13:44:36.360418,view
U0939,P0301,2025-12-20 13:44:36.361436,view
U0202,P0145,2025-09-05 13:44:36.361864,view
U0781,P0140,2025-05-14 13:44:36.362301,view
U1097,P0464,2026-01-07 13:44:36.362790,cart
U0699,P0264,2025-09-22 13:44:36.363085,view
U1768,P0031,2026-01-11 13:44:36.366004,view
U1710,P0279,2025-06-11 13:44:36.366550,view
U1664,P0063,2026-03-26 13:44:36.366789,purchase
U0445,P0440,2025-06-11 13:44:36.367622,wishlist
U1132,P0006,2026-02-07 13:44:36.367924,view
U1063,P0004,2025-11-29 13:44:36.368133,wishlist
U1945,P0089,2026-02-19 13:44:36.368337,view
U1206,P0304,2025-05-13 13:44:36.369344,purchase
U0397,P0295,2025-07-01 13:44:36.369793,view
U1237,P0188,2025-10-07 13:44:36.371925,view
U0434,P0087,2026-03-30 13:44:36.372183,cart
U0943,P0140,2025-08-10 13:44:36.374412,view
U0612,P0345,2025-10-16 13:44:36.375681,view
U0680,P0082,2026-03-21 13:44:36.376413,view
U0150,P0026,2025-08-26 13:44:36.379942,view
U0937,P0125,2025-05-02 13:44:36.380683,view
U1067,P0207,2025-12-31 13:44:36.381072,view
U1866,P0265,2026-03-29 13:44:36.381337,view
U0940,P0435,2025-10-05 13:44:36.381559,cart
U1250,P0012,2025-05-22 13:44:36.381771,wishlist
U1103,P0298,2026-02-26 13:44:36.383121,purchase
U0832,P0367,2025-09-17 13:44:36.383641,view
U1325,P0219,2025-08-02 13:44:36.383893,cart
U0572,P0409,2025-11-26 13:44:36.384108,view
U1205,P0103,2025-12-07 13:44:36.385437,view
U1285,P0438,2025-09-14 13:44:36.385822,purchase
U0194,P0390,2026-01-30 13:44:36.386156,view
U0987,P0399,2025-07-30 13:44:36.386843,view
U1643,P0125,2025-10-03 13:44:36.391160,wishlist
U0952,P0491,2025-08-15 13:44:36.392222,view
U1533,P0268,2025-06-21 13:44:36.395368,wishlist
U1692,P0072,2025-11-03 13:44:36.396594,wishlist
U1590,P0370,2025-09-05 13:44:36.396978,view
U0285,P0064,2025-06-14 13:44:36.397332,cart
U1356,P0107,2025-11-18 13:44:36.398352,view
U0741,P0122,2025-06-07 13:44:36.399673,view
U0945,P0193,2026-04-02 13:44:36.400019,cart
U1864,P0287,2025-11-29 13:44:36.400317,cart
U0487,P0101,2025-10-21 13:44:36.403850,purchase
U0241,P0202,2025-07-11 13:44:36.405408,wishlist
U0504,P0421,2025-10-08 13:44:36.409413,view
U0242,P0472,2026-03-27 13:44:36.410362,view
U0714,P0043,2025-12-03 13:44:36.411059,wishlist
U0997,P0425,2025-11-18 13:44:36.412433,view
U0192,P0327,2025-09-05 13:44:36.413800,view
U0693,P0218,2025-11-26 13:44:36.414701,purchase
U0364,P0145,2025-12-04 13:44:36.415707,wishlist
U1296,P0189,2026-03-29 13:44:36.416237,view
U0231,P0416,2025-10-10 13:44:36.417512,cart
U1621,P0211,2025-06-02 13:44:36.418085,view
U1942,P0468,2025-10-06 13:44:36.418624,cart
U1833,P0453,2025-09-21 13:44:36.419341,view
U0928,P0222,2025-04-06 13:44:36.420165,view
U1118,P0032,2025-05-08 13:44:36.420736,view
U1210,P0395,2025-12-05 13:44:36.425294,view
U1896,P0306,2025-12-02 13:44:36.430361,view
U0787,P0173,2025-05-09 13:44:36.432371,view
U0114,P0057,2025-09-08 13:44:36.437699,wishlist
U1780,P0480,2025-07-10 13:44:36.438862,view
U0295,P0282,2025-11-09 13:44:36.439398,view
U1790,P0062,2025-04-22 13:44:36.439877,view
U1960,P0491,2025-07-22 13:44:36.441282,view
U1161,P0465,2026-01-02 13:44:36.441768,view
U1808,P0065,2025-05-16 13:44:36.442084,cart
U1885,P0184,2025-04-20 13:44:36.443480,view
U1248,P0287,2025-04-11 13:44:36.445083,view
U0173,P0145,2025-09-24 13:44:36.445499,cart
U0353,P0216,2025-06-29 13:44:36.445903,view
U0855,P0251,2026-02-03 13:44:36.446107,purchase
U0003,P0437,2026-02-24 13:44:36.446435,view
U0274,P0207,2025-07-31 13:44:36.446646,cart
U0794,P0035,2025-06-27 13:44:36.448381,cart
U0140,P0234,2026-03-08 13:44:36.448857,view
U0613,P0428,2025-08-31 13:44:36.449115,purchase
U0722,P0193,2025-05-25 13:44:36.449437,purchase
U0411,P0069,2026-03-15 13:44:36.449629,view
U1806,P0306,2025-07-24 13:44:36.449846,purchase
U1561,P0202,2025-08-01 13:44:36.450097,view
U0487,P0331,2026-02-07 13:44:36.450498,view
U1940,P0182,2025-05-02 13:44:36.451580,cart
U0669,P0033,2025-10-14 13:44:36.452029,view
U1766,P0226,2025-05-22 13:44:36.452321,wishlist
U0120,P0185,2026-03-19 13:44:36.454144,view
U0329,P0425,2025-12-10 13:44:36.455193,view
U0100,P0472,2025-12-09 13:44:36.455498,view
U1884,P0314,2025-06-17 13:44:36.455766,cart
U1071,P0174,2025-04-28 13:44:36.456078,view
U0113,P0342,2025-04-30 13:44:36.458290,view
U1083,P0146,2026-03-11 13:44:36.459251,view
U0405,P0149,2025-06-24 13:44:36.459621,view
U1811,P0060,2025-11-19 13:44:36.459822,view
U0366,P0300,2025-04-22 13:44:36.460021,view
U0581,P0419,2026-04-05 13:44:36.460215,wishlist
U0923,P0301,2025-05-22 13:44:36.460728,view
U0180,P0322,2025-06-21 13:44:36.462027,purchase
U0792,P0122,2025-10-29 13:44:36.462741,purchase
U0258,P0055,2026-03-14 13:44:36.463638,view
U1209,P0475,2025-06-29 13:44:36.464108,view
U0070,P0367,2025-07-01 13:44:36.466689,view
U1801,P0241,2025-08-22 13:44:36.468071,view
U0720,P0214,2025-07-14 13:44:36.468818,view
U1193,P0171,2025-10-24 13:44:36.469165,view
U0759,P0350,2026-03-13 13:44:36.469492,view
U0752,P0327,2025-05-19 13:44:36.469686,wishlist
U1365,P0153,2025-10-10 13:44:36.469861,view
U0674,P0207,2025-11-13 13:44:36.471851,view
U1690,P0400,2026-03-18 13:44:36.474620,view
U1391,P0066,2025-05-04 13:44:36.475425,view
U1899,P0177,2025-11-29 13:44:36.475720,view
U0017,P0384,2026-01-09 13:44:36.475948,view
U1564,P0101,2025-09-20 13:44:36.476330,view
U0278,P0284,2025-07-19 13:44:36.482474,view
U0719,P0041,2025-07-28 13:44:36.483105,wishlist
U0599,P0302,2025-06-23 13:44:36.485155,cart
U1839,P0056,2025-11-10 13:44:36.485802,view
U1284,P0126,2025-05-23 13:44:36.487230,cart
U0805,P0224,2025-09-10 13:44:36.492515,view
U0819,P0034,2026-02-02 13:44:36.493039,cart
U0862,P0361,2025-11-25 13:44:36.493443,purchase
U1070,P0105,2026-01-16 13:44:36.499380,view
U0349,P0383,2026-01-30 13:44:36.501317,wishlist
U0161,P0265,2025-11-30 13:44:36.505746,view
U0390,P0488,2025-07-04 13:44:36.506131,view
U1129,P0026,2026-02-01 13:44:36.506370,view
U0036,P0179,2026-03-09 13:44:36.506582,view
U0423,P0210,2026-01-17 13:44:36.507408,view
U0725,P0079,2026-03-01 13:44:36.507720,view
U0212,P0271,2025-05-02 13:44:36.508072,view
U1084,P0445,2026-01-20 13:44:36.510395,view
U1288,P0389,2025-08-07 13:44:36.511392,view
U0482,P0221,2025-06-23 13:44:36.511797,view
U1388,P0374,2025-07-22 13:44:36.513664,view
U1937,P0074,2026-02-05 13:44:36.514177,purchase
U1164,P0021,2026-02-02 13:44:36.517590,wishlist
U1143,P0296,2026-01-16 13:44:36.518004,view
U1893,P0433,2025-11-14 13:44:36.520710,view
U0328,P0054,2025-11-25 13:44:36.521603,cart
U0365,P0351,2025-12-15 13:44:36.523131,cart
U0478,P0424,2025-04-09 13:44:36.530748,view
U0371,P0500,2026-03-23 13:44:36.531722,view
U0031,P0066,2026-03-10 13:44:36.539220,view
U0485,P0134,2026-01-15 13:44:36.539616,view
U1611,P0369,2025-04-15 13:44:36.539865,wishlist
U0607,P0117,2025-06-18 13:44:36.540445,cart
U0211,P0040,2025-07-01 13:44:36.544308,view
U1252,P0277,2026-02-16 13:44:36.545105,cart
U0375,P0486,2025-11-03 13:44:36.545658,view
U1790,P0241,2025-12-24 13:44:36.557680,view
U0817,P0417,2025-08-19 13:44:36.560052,purchase
U0353,P0106,2025-08-21 13:44:36.563479,purchase
U1123,P0293,2025-07-20 13:44:36.563950,view
U1468,P0214,2026-02-06 13:44:36.576106,view
U1042,P0015,2025-11-29 13:44:36.577063,wishlist
U1230,P0188,2025-08-03 13:44:36.579725,cart
U0557,P0361,2026-02-07 13:44:36.580292,view
U0765,P0462,2025-07-06 13:44:36.580555,view
U1167,P0441,2025-11-25 13:44:36.595791,view
U0967,P0486,2025-12-16 13:44:36.597106,cart
U1611,P0099,2025-05-13 13:44:36.597592,view
U1231,P0271,2025-11-03 13:44:36.605234,view
U0735,P0499,2026-03-26 13:44:36.605785,cart
U1168,P0279,2025-06-28 13:44:36.617394,view
U0397,P0440,2026-02-09 13:44:36.618977,view
U1060,P0011,2025-11-15 13:44:36.620148,cart
U1906,P0388,2026-03-04 13:44:36.620433,view
U0558,P0385,2026-03-23 13:44:36.625778,view
U1342,P0310,2025-10-23 13:44:36.627061,view
U1942,P0320,2025-07-22 13:44:36.638754,view
U0129,P0263,2025-08-26 13:44:36.639552,cart
U0562,P0287,2025-12-02 13:44:36.645062,purchase
U0990,P0201,2025-07-28 13:44:36.645771,cart
U0261,P0136,2026-02-20 13:44:36.650073,view
U0310,P0361,2025-06-05 13:44:36.651050,view
U1302,P0191,2025-11-18 13:44:36.651494,purchase
U1631,P0264,2025-09-09 13:44:36.652123,view
U1693,P0497,2025-05-22 13:44:36.652905,view
U0078,P0067,2025-12-24 13:44:36.653143,cart
U1394,P0094,2025-06-04 13:44:36.653746,view
U1019,P0359,2025-11-09 13:44:36.654039,view
U1224,P0123,2025-04-15 13:44:36.654220,view
U0324,P0100,2025-09-10 13:44:36.654414,view
U0256,P0124,2025-07-13 13:44:36.654608,view
U0111,P0009,2026-01-23 13:44:36.654898,view
U1599,P0381,2025-09-09 13:44:36.655114,view
U0946,P0387,2026-02-21 13:44:36.657452,view
U1773,P0301,2025-04-28 13:44:36.657980,purchase
U1821,P0371,2025-08-09 13:44:36.658290,view
U1173,P0396,2025-05-25 13:44:36.658476,view
U0611,P0146,2025-05-13 13:44:36.658904,view
U1219,P0169,2026-02-24 13:44:36.661641,view
U0228,P0121,2025-07-08 13:44:36.663147,view
U0720,P0014,2025-06-07 13:44:36.669025,view
U1392,P0028,2025-05-01 13:44:36.669829,cart
U1717,P0127,2026-03-24 13:44:36.671393,view
U1715,P0370,2025-04-12 13:44:36.672686,view
U0804,P0213,2025-09-27 13:44:36.673150,purchase
U0605,P0194,2026-01-07 13:44:36.673499,view
U0829,P0198,2025-05-16 13:44:36.673760,cart
U0674,P0332,2025-05-01 13:44:36.673990,view
U0318,P0394,2025-12-19 13:44:36.675355,view
U0264,P0458,2025-04-10 13:44:36.681423,view
U0137,P0305,2025-08-04 13:44:36.682653,cart
U1187,P0227,2025-06-25 13:44:36.694909,wishlist
U1679,P0043,2025-11-21 13:44:36.695567,view
U1654,P0449,2025-08-25 13:44:36.696190,view
U0953,P0236,2026-02-17 13:44:36.696562,view
U1483,P0255,2025-09-21 13:44:36.697043,view
U1665,P0151,2025-08-15 13:44:36.697389,wishlist
U1740,P0417,2025-05-14 13:44:36.697891,cart
U1737,P0026,2025-04-16 13:44:36.708651,purchase
U1754,P0267,2025-11-08 13:44:36.709469,view
U0963,P0042,2025-05-09 13:44:36.710033,view
U0432,P0009,2025-10-13 13:44:36.712730,wishlist
U0284,P0413,2025-09-07 13:44:36.713052,cart
U1819,P0114,2025-08-20 13:44:36.713283,purchase
U0634,P0347,2026-02-24 13:44:36.713598,view
U0494,P0007,2026-01-24 13:44:36.713812,cart
U1588,P0081,2025-10-01 13:44:36.714021,view
U0625,P0049,2025-08-17 13:44:36.714193,wishlist
U1663,P0128,2025-04-30 13:44:36.715462,view
U1142,P0188,2026-03-21 13:44:36.715736,view
U0379,P0109,2025-04-30 13:44:36.715933,cart
U1590,P0079,2025-09-10 13:44:36.716142,cart
U0199,P0249,2026-02-08 13:44:36.716453,view
U0058,P0384,2025-05-14 13:44:36.717579,purchase
U1621,P0189,2025-10-28 13:44:36.717954,cart
U1059,P0087,2025-06-29 13:44:36.718206,view
U0655,P0425,2025-12-20 13:44:36.718541,view
U0547,P0261,2025-08-30 13:44:36.718790,view
U0481,P0390,2025-11-22 13:44:36.719012,view
U1438,P0444,2025-05-29 13:44:36.719203,view
U0880,P0408,2025-07-11 13:44:36.720420,purchase
U1495,P0305,2026-04-02 13:44:36.720895,purchase
U0943,P0215,2025-05-06 13:44:36.722804,view
U0083,P0322,2025-05-14 13:44:36.728929,wishlist
U1215,P0396,2025-12-29 13:44:36.729453,view
U0369,P0374,2025-06-27 13:44:36.729785,cart
U0947,P0356,2025-05-21 13:44:36.730281,view
U1465,P0023,2025-05-26 13:44:36.730566,view
U0844,P0135,2025-06-04 13:44:36.731486,view
U0777,P0378,2025-12-02 13:44:36.732033,view
U0013,P0306,2025-10-13 13:44:36.732321,view
U0904,P0021,2026-04-02 13:44:36.733565,view
U1835,P0437,2025-06-06 13:44:36.741517,cart
U0801,P0008,2025-06-06 13:44:36.742325,view
U0827,P0237,2025-04-21 13:44:36.742688,view
U1975,P0086,2026-01-20 13:44:36.743168,view
U0892,P0074,2026-01-04 13:44:36.743505,view
U0668,P0183,2026-01-01 13:44:36.743805,purchase
U1495,P0466,2025-05-25 13:44:36.748059,cart
U0015,P0023,2026-02-07 13:44:36.749094,view
U0004,P0339,2026-01-15 13:44:36.749781,view
U1391,P0373,2025-07-26 13:44:36.750491,view
U1105,P0392,2025-09-20 13:44:36.752363,view
U1505,P0036,2025-11-21 13:44:36.753227,cart
U0816,P0491,2025-09-04 13:44:36.758951,view
U0508,P0221,2026-03-17 13:44:36.759630,cart
U1307,P0476,2026-03-09 13:44:36.760445,view
U0829,P0467,2025-12-22 13:44:36.762726,purchase
U0723,P0419,2026-04-01 13:44:36.765695,cart
U1665,P0191,2025-04-19 13:44:36.766305,view
U0103,P0198,2025-09-30 13:44:36.776745,view
U1578,P0430,2026-01-18 13:44:36.779415,view
U1553,P0385,2025-07-08 13:44:36.781395,purchase
U1406,P0408,2026-01-20 13:44:36.781776,view
U0389,P0064,2025-06-30 13:44:36.782347,view
U1320,P0243,2025-12-05 13:44:36.784797,view
U0850,P0272,2025-11-19 13:44:36.785863,view
U1713,P0419,2026-02-08 13:44:36.786617,wishlist
U0326,P0057,2025-06-22 13:44:36.791577,view
U0762,P0265,2025-08-26 13:44:36.795488,view
U0866,P0394,2025-07-16 13:44:36.809138,view
U0768,P0318,2025-04-17 13:44:36.810218,view
U1481,P0210,2025-12-07 13:44:36.811617,cart
U1281,P0083,2026-01-26 13:44:36.811980,cart
U1319,P0035,2025-10-01 13:44:36.812235,cart
U1651,P0208,2025-08-21 13:44:36.812714,view
U0903,P0463,2025-09-13 13:44:36.812956,cart
U1225,P0345,2025-07-02 13:44:36.815483,view
U0779,P0227,2025-08-27 13:44:36.816044,purchase
U0909,P0133,2025-09-02 13:44:36.817254,cart
U0302,P0444,2025-04-14 13:44:36.818107,view
U1232,P0089,2025-11-13 13:44:36.818426,view
U1938,P0146,2025-07-08 13:44:36.818745,view
U1948,P0303,2025-11-22 13:44:36.819570,view
U0021,P0050,2025-12-27 13:44:36.821307,view
U1981,P0117,2025-12-07 13:44:36.824198,cart
U0724,P0148,2025-06-13 13:44:36.825358,view
U0888,P0062,2025-07-15 13:44:36.826184,cart
U0442,P0408,2025-06-24 13:44:36.827297,view
U1766,P0204,2025-08-20 13:44:36.829457,cart
U1869,P0346,2025-10-31 13:44:36.833511,view
U0338,P0481,2025-12-09 13:44:36.836030,cart
U1914,P0384,2025-07-05 13:44:36.840109,view
U0978,P0250,2025-05-24 13:44:36.841316,wishlist
U1898,P0153,2025-07-27 13:44:36.841866,view
U0873,P0141,2025-09-21 13:44:36.842151,view
U1168,P0168,2026-03-16 13:44:36.842389,purchase
U1830,P0015,2025-12-29 13:44:36.842873,view
U1431,P0210,2025-08-18 13:44:36.843706,cart
U1114,P0045,2025-12-31 13:44:36.843993,purchase
U0717,P0242,2025-04-06 13:44:36.844832,purchase
U0463,P0058,2025-08-13 13:44:36.845319,view
U0959,P0023,2025-10-24 13:44:36.846011,purchase
U1249,P0157,2026-02-09 13:44:36.846583,view
U1496,P0473,2025-08-02 13:44:36.848475,view
U0752,P0242,2025-04-07 13:44:36.849227,view
U0942,P0136,2025-06-02 13:44:36.849544,cart
U0704,P0318,2026-03-18 13:44:36.849866,view
U1484,P0156,2025-12-10 13:44:36.850079,view
U1412,P0317,2025-11-23 13:44:36.850270,view
U1211,P0066,2025-12-03 13:44:36.850454,view
U1727,P0018,2026-03-15 13:44:36.850725,view
U1032,P0089,2026-04-03 13:44:36.851003,view
U1281,P0313,2025-05-24 13:44:36.851195,view
U1586,P0078,2025-12-22 13:44:36.851371,purchase
U1657,P0262,2026-01-17 13:44:36.851860,cart
U0572,P0312,2025-09-09 13:44:36.852088,view
U0342,P0142,2025-09-20 13:44:36.852315,purchase
U1888,P0413,2026-03-24 13:44:36.852802,cart
U1625,P0052,2025-04-06 13:44:36.853096,wishlist
U0737,P0239,2025-06-11 13:44:36.853357,purchase
U1307,P0228,2025-05-05 13:44:36.853658,view
U0217,P0005,2025-09-04 13:44:36.856305,view
U1299,P0229,2025-04-20 13:44:36.860271,view
U0383,P0463,2025-04-22 13:44:36.861927,view
U0200,P0136,2025-08-14 13:44:36.863444,cart
U0359,P0210,2026-01-06 13:44:36.865038,cart
U0519,P0318,2025-05-21 13:44:36.865711,purchase
U0577,P0496,2026-03-28 13:44:36.866180,cart
U1465,P0189,2025-04-30 13:44:36.867894,view
U1908,P0074,2025-07-28 13:44:36.868228,purchase
U0500,P0308,2025-08-30 13:44:36.871441,view
U1856,P0357,2025-10-12 13:44:36.871977,view
U0678,P0221,2026-01-24 13:44:36.872387,view
U1478,P0133,2025-07-14 13:44:36.873017,view
U1128,P0391,2026-02-26 13:44:36.873652,wishlist
U1275,P0173,2025-08-26 13:44:36.876746,view
U0111,P0408,2025-07-20 13:44:36.877269,cart
U0021,P0361,2026-03-08 13:44:36.878290,purchase
U1721,P0383,2025-10-27 13:44:36.878634,cart
U1599,P0488,2026-02-21 13:44:36.878873,wishlist
U0889,P0089,2025-06-21 13:44:36.879059,view
U0295,P0464,2026-03-28 13:44:36.882653,view
U0879,P0340,2025-10-29 13:44:36.886195,view
U1850,P0329,2025-12-21 13:44:36.892732,view
U0479,P0362,2025-09-01 13:44:36.894850,view
U1531,P0113,2025-12-03 13:44:36.895235,view
U0895,P0481,2025-10-21 13:44:36.895476,purchase
U1633,P0380,2025-05-05 13:44:36.896795,view
U1303,P0439,2026-01-10 13:44:36.897325,view
U1088,P0149,2025-11-24 13:44:36.897573,view
U1622,P0377,2026-03-05 13:44:36.897777,view
U0917,P0257,2025-07-28 13:44:36.898121,view
U0274,P0154,2025-10-04 13:44:36.898419,cart
U0001,P0260,2025-07-02 13:44:36.900751,view
U0165,P0139,2025-04-25 13:44:36.901078,view
U0898,P0452,2025-12-10 13:44:36.901273,view
U1906,P0030,2026-01-24 13:44:36.901457,cart
U1261,P0341,2025-09-20 13:44:36.901627,view
U1394,P0176,2025-08-14 13:44:36.901793,view
U1656,P0387,2025-05-03 13:44:36.902066,wishlist
U0853,P0499,2025-12-19 13:44:36.902246,purchase
U0875,P0318,2025-05-03 13:44:36.902523,view
U1474,P0223,2025-09-08 13:44:36.902682,view
U1502,P0266,2025-08-24 13:44:36.902883,view
U1005,P0488,2026-01-09 13:44:36.903138,wishlist
U0103,P0466,2025-06-04 13:44:36.903360,view
U0734,P0112,2025-04-15 13:44:36.903673,view
U1516,P0472,2026-01-03 13:44:36.904161,view
U0720,P0333,2025-05-16 13:44:36.904751,cart
U0305,P0079,2025-10-08 13:44:36.905179,view
U0032,P0337,2025-11-28 13:44:36.905445,purchase
U1839,P0423,2025-11-11 13:44:36.906116,cart
U0522,P0144,2025-09-18 13:44:36.906571,cart
U1068,P0246,2025-12-06 13:44:36.906949,view
U0822,P0038,2025-09-27 13:44:36.907257,purchase
U0911,P0089,2025-11-24 13:44:36.907525,view
U0340,P0414,2025-09-12 13:44:36.907781,view
U1642,P0438,2025-08-08 13:44:36.908136,purchase
U0520,P0287,2026-01-08 13:44:36.909023,wishlist
U0946,P0238,2026-01-12 13:44:36.909483,wishlist
U0495,P0149,2025-08-05 13:44:36.909713,view
U1011,P0160,2025-04-14 13:44:36.909911,cart
U1660,P0007,2025-06-10 13:44:36.910187,view
U0823,P0140,2026-01-30 13:44:36.910394,view
U1071,P0384,2025-06-23 13:44:36.910758,view
U0640,P0442,2026-03-20 13:44:36.911345,view
U0114,P0401,2026-02-05 13:44:36.912652,view
U0569,P0493,2025-09-01 13:44:36.912947,view
U1675,P0096,2025-07-01 13:44:36.914368,view
U0954,P0310,2025-10-26 13:44:36.914657,view
U1673,P0296,2025-06-25 13:44:36.918709,view
U1750,P0403,2026-03-26 13:44:36.919897,cart
U1986,P0301,2025-04-10 13:44:36.920459,view
U1791,P0134,2025-05-14 13:44:36.923242,view
U0703,P0262,2025-06-01 13:44:36.923990,view
U1725,P0332,2025-08-23 13:44:36.924307,view
U0933,P0234,2026-01-23 13:44:36.924527,view
U1568,P0435,2025-08-31 13:44:36.930247,view
U1721,P0182,2025-05-18 13:44:36.931429,view
U0950,P0331,2025-08-28 13:44:36.937868,view
U0220,P0272,2026-02-16 13:44:36.938314,view
U0055,P0364,2025-05-15 13:44:36.938593,view
U1076,P0241,2025-12-02 13:44:36.938940,cart
U0153,P0488,2026-03-26 13:44:36.939174,view
U0169,P0158,2025-08-18 13:44:36.939416,view
U1861,P0063,2025-09-14 13:44:36.939662,view
U0941,P0495,2025-04-29 13:44:36.940046,purchase
U0979,P0442,2026-01-13 13:44:36.940357,wishlist
U1712,P0377,2026-01-13 13:44:36.940627,view
U0304,P0009,2025-07-17 13:44:36.946407,view
U1815,P0432,2026-01-24 13:44:36.946998,view
U1333,P0500,2025-06-02 13:44:36.947243,view
U1859,P0384,2025-09-11 13:44:36.947461,view
U0640,P0131,2025-08-29 13:44:36.947646,view
U1861,P0360,2026-02-25 13:44:36.947937,view
U1751,P0428,2026-01-30 13:44:36.950512,view
U1116,P0116,2025-10-16 13:44:36.951443,view
U0414,P0321,2025-06-11 13:44:36.951930,cart
U1540,P0486,2025-08-21 13:44:36.952511,purchase
U1709,P0173,2025-06-24 13:44:36.952700,purchase
U1623,P0143,2025-10-11 13:44:36.952855,view
U0717,P0136,2025-12-28 13:44:36.959664,purchase
U0893,P0020,2025-08-12 13:44:36.960073,view
U1285,P0389,2025-07-22 13:44:36.960314,view
U0296,P0340,2025-10-20 13:44:36.961054,view
U0936,P0198,2025-08-30 13:44:36.965200,cart
U0805,P0021,2025-05-20 13:44:36.965521,view
U1332,P0360,2025-12-02 13:44:36.965712,view
U1205,P0361,2025-09-28 13:44:36.965873,view
U1809,P0273,2025-06-30 13:44:36.966042,cart
U0727,P0073,2025-12-26 13:44:36.978011,view
U0501,P0011,2025-09-13 13:44:36.994118,view
U1472,P0236,2026-01-31 13:44:37.000722,cart
U1324,P0005,2025-12-06 13:44:37.001253,purchase
U1597,P0445,2026-04-06 13:44:37.007809,view
U0762,P0497,2025-09-03 13:44:37.009382,view
U1146,P0099,2025-10-18 13:44:37.010247,view
U0378,P0358,2025-07-07 13:44:37.010580,view
U1742,P0123,2025-05-26 13:44:37.010814,view
U0766,P0190,2025-11-04 13:44:37.011010,purchase
U0151,P0103,2025-08-25 13:44:37.011315,view
U1515,P0024,2026-02-03 13:44:37.011518,cart
U1323,P0438,2025-11-05 13:44:37.014609,cart
U0712,P0188,2025-10-08 13:44:37.015188,purchase
U1736,P0057,2025-10-28 13:44:37.017003,view
U1599,P0079,2026-01-01 13:44:37.025283,wishlist
U1216,P0136,2025-07-01 13:44:37.037620,view
U0916,P0476,2025-08-02 13:44:37.047213,view
U1963,P0116,2025-11-15 13:44:37.048900,view
U1775,P0437,2025-12-25 13:44:37.049533,view
U0643,P0244,2025-06-12 13:44:37.054666,view
U0948,P0293,2025-06-14 13:44:37.056032,wishlist
U0430,P0145,2025-08-08 13:44:37.058824,view
U0038,P0278,2025-05-07 13:44:37.059327,purchase
U1641,P0248,2026-03-01 13:44:37.059561,view
U0465,P0017,2025-07-28 13:44:37.059750,view
U1614,P0260,2026-03-16 13:44:37.060030,view
U1236,P0184,2025-11-09 13:44:37.060257,view
U0249,P0202,2026-03-16 13:44:37.060415,view
U0734,P0291,2026-03-13 13:44:37.060577,view
U0398,P0387,2026-03-31 13:44:37.060741,view
U1677,P0389,2025-07-12 13:44:37.060984,view
U1361,P0020,2025-10-05 13:44:37.061392,view
U1517,P0308,2025-09-19 13:44:37.061598,wishlist
U0403,P0314,2026-01-03 13:44:37.061782,view
U1985,P0258,2025-05-02 13:44:37.062243,view
U0638,P0265,2025-12-30 13:44:37.062742,view
U1909,P0266,2026-04-05 13:44:37.062951,purchase
U0166,P0416,2026-01-05 13:44:37.063244,view
U0585,P0452,2025-06-26 13:44:37.063436,view
U1952,P0132,2026-01-19 13:44:37.063601,view
U0769,P0107,2025-10-13 13:44:37.063761,view
U1524,P0358,2025-11-15 13:44:37.064012,view
U0128,P0410,2026-02-02 13:44:37.065847,view
U0473,P0054,2025-12-12 13:44:37.066495,view
U0075,P0218,2025-09-17 13:44:37.067131,cart
U0880,P0257,2026-03-30 13:44:37.067393,cart
U1410,P0134,2026-02-09 13:44:37.067604,view
U0514,P0175,2025-04-23 13:44:37.068635,view
U0710,P0262,2025-05-24 13:44:37.068993,view
U1187,P0228,2026-02-25 13:44:37.069346,view
U1547,P0416,2026-02-24 13:44:37.069575,view
U1022,P0123,2025-12-05 13:44:37.069783,view
U0678,P0052,2026-03-24 13:44:37.069988,view
U0688,P0090,2026-01-18 13:44:37.070237,view
U1762,P0294,2025-07-29 13:44:37.070531,view
U0787,P0325,2026-03-03 13:44:37.070741,view
U0813,P0201,2025-04-17 13:44:37.070961,view
U1533,P0040,2026-03-11 13:44:37.071235,cart
U1945,P0430,2026-01-31 13:44:37.071561,view
U0880,P0114,2026-02-08 13:44:37.071818,view
U1859,P0058,2026-01-12 13:44:37.072857,purchase
U0404,P0104,2025-05-08 13:44:37.074121,cart
U1155,P0072,2025-09-05 13:44:37.075161,purchase
U0819,P0191,2025-07-20 13:44:37.075747,view
U1514,P0440,2026-02-01 13:44:37.079230,cart
U0848,P0327,2026-02-19 13:44:37.080243,view
U1269,P0239,2026-01-30 13:44:37.080667,wishlist
U1376,P0276,2025-09-30 13:44:37.082920,purchase
U0730,P0199,2025-10-06 13:44:37.083378,cart
U1315,P0252,2026-01-16 13:44:37.083590,view
U0177,P0057,2025-06-19 13:44:37.083796,view
U1149,P0276,2025-11-08 13:44:37.084129,view
U1981,P0438,2025-06-05 13:44:37.084348,cart
U0221,P0070,2025-12-04 13:44:37.084550,cart
U1316,P0428,2025-12-28 13:44:37.084742,view
U0197,P0175,2025-05-09 13:44:37.084945,purchase
U1067,P0003,2025-07-12 13:44:37.085370,cart
U0417,P0260,2026-02-07 13:44:37.085841,view
U1615,P0251,2025-06-13 13:44:37.086140,view
U0885,P0249,2025-10-11 13:44:37.086344,view
U1562,P0149,2025-09-16 13:44:37.086532,view
U0924,P0007,2025-11-30 13:44:37.086697,view
U0948,P0444,2025-08-23 13:44:37.086876,view
U1883,P0317,2025-04-17 13:44:37.087160,cart
U0291,P0022,2025-04-23 13:44:37.087827,view
U1659,P0495,2026-03-23 13:44:37.088242,wishlist
U0739,P0187,2025-08-04 13:44:37.088519,cart
U1615,P0083,2025-06-08 13:44:37.088766,view
U1081,P0298,2025-10-01 13:44:37.089021,view
U0305,P0354,2025-05-15 13:44:37.091649,view
U0612,P0395,2025-05-13 13:44:37.092369,cart
U0916,P0334,2025-09-10 13:44:37.093941,view
U1224,P0359,2026-03-29 13:44:37.094519,cart
U1024,P0110,2025-11-28 13:44:37.098676,view
U1291,P0386,2025-10-02 13:44:37.099547,view
U0534,P0298,2025-06-28 13:44:37.100380,purchase
U1618,P0388,2026-01-26 13:44:37.101466,view
U1851,P0465,2025-12-22 13:44:37.102465,cart
U1645,P0074,2025-08-18 13:44:37.103635,view
U0244,P0115,2026-03-29 13:44:37.104922,purchase
U1894,P0191,2025-10-28 13:44:37.105264,view
U0616,P0233,2025-06-09 13:44:37.105657,view
U1282,P0088,2026-03-29 13:44:37.105949,view
U0513,P0125,2026-01-09 13:44:37.106202,view
U1509,P0325,2025-09-04 13:44:37.106439,view
U0363,P0170,2025-11-17 13:44:37.106777,purchase
U0213,P0313,2025-05-11 13:44:37.107051,view
U1154,P0012,2025-09-13 13:44:37.107350,wishlist
U0358,P0213,2025-10-09 13:44:37.109187,view
U1106,P0160,2026-01-25 13:44:37.109512,view
U1055,P0298,2025-08-02 13:44:37.109837,view
U1245,P0107,2025-06-23 13:44:37.110042,purchase
U0384,P0026,2025-10-31 13:44:37.113007,purchase
U0067,P0483,2025-08-30 13:44:37.113493,view
U1372,P0285,2026-04-02 13:44:37.113851,wishlist
U0965,P0382,2025-05-11 13:44:37.114020,view
U1621,P0232,2025-06-05 13:44:37.114300,view
U0373,P0238,2025-11-22 13:44:37.114470,purchase
U0966,P0305,2025-06-02 13:44:37.114638,view
U0375,P0338,2025-04-13 13:44:37.114806,wishlist
U0055,P0386,2025-09-30 13:44:37.114995,view
U0435,P0384,2025-06-27 13:44:37.115282,purchase
U1963,P0460,2026-03-17 13:44:37.115491,view
U1438,P0055,2026-01-06 13:44:37.115730,view
U0514,P0109,2026-02-25 13:44:37.115910,wishlist
U1367,P0304,2025-05-01 13:44:37.119317,view
U1423,P0155,2025-12-02 13:44:37.119810,view
U0685,P0284,2026-01-03 13:44:37.120150,view
U1587,P0146,2025-05-14 13:44:37.120483,view
U0840,P0004,2025-07-27 13:44:37.120701,wishlist
U0555,P0315,2026-03-14 13:44:37.120934,view
U1773,P0172,2025-05-16 13:44:37.121192,cart
U1204,P0154,2026-02-06 13:44:37.121359,view
U1843,P0090,2025-04-08 13:44:37.121515,view
U1479,P0313,2025-12-13 13:44:37.121679,view
U0314,P0305,2025-05-02 13:44:37.121853,view
U1365,P0350,2026-02-17 13:44:37.122058,view
U0713,P0471,2025-08-31 13:44:37.122377,view
U0220,P0228,2025-08-19 13:44:37.126716,view
U2000,P0455,2026-02-02 13:44:37.127765,view
U0979,P0078,2025-11-25 13:44:37.128098,view
U1032,P0209,2025-04-11 13:44:37.128401,view
U0734,P0132,2025-10-27 13:44:37.132353,cart
U0097,P0128,2025-06-16 13:44:37.132743,view
U0533,P0440,2025-10-23 13:44:37.132956,view
U1071,P0437,2025-12-13 13:44:37.133197,purchase
U0984,P0211,2025-11-03 13:44:37.133362,cart
U1192,P0149,2025-08-24 13:44:37.133505,view
U0202,P0330,2025-11-01 13:44:37.133652,cart
U1516,P0076,2026-01-31 13:44:37.134914,view
U0073,P0301,2025-08-19 13:44:37.135107,view
U0073,P0458,2025-04-30 13:44:37.135337,view
U1486,P0261,2025-08-25 13:44:37.135499,cart
U0305,P0100,2025-12-02 13:44:37.135653,view
U1251,P0142,2025-07-22 13:44:37.135793,view
U0422,P0446,2025-12-28 13:44:37.135961,view
U0064,P0376,2025-12-13 13:44:37.136633,cart
U0002,P0278,2025-10-02 13:44:37.136894,view
U1484,P0494,2026-03-02 13:44:37.137055,purchase
U0319,P0353,2026-03-31 13:44:37.138239,view
U0286,P0012,2025-04-22 13:44:37.138727,cart
U1948,P0453,2026-01-05 13:44:37.139171,view
U0713,P0065,2025-06-15 13:44:37.139482,cart
U0857,P0098,2025-08-24 13:44:37.142682,view
U1716,P0219,2026-01-18 13:44:37.143754,view
U0193,P0464,2025-05-20 13:44:37.144260,view
U1773,P0455,2026-01-19 13:44:37.144646,cart
U0173,P0478,2025-12-11 13:44:37.144877,purchase
U0707,P0179,2025-08-20 13:44:37.145662,cart
U0082,P0187,2025-04-06 13:44:37.146658,wishlist
U0221,P0040,2025-11-22 13:44:37.148105,wishlist
U0046,P0372,2026-03-25 13:44:37.149105,view
U1195,P0454,2025-07-10 13:44:37.149880,cart
U1239,P0413,2026-01-01 13:44:37.151415,view
U0109,P0302,2026-03-23 13:44:37.152121,view
U1527,P0488,2025-11-12 13:44:37.152566,view
U0065,P0297,2025-10-23 13:44:37.153442,view
U0773,P0261,2025-06-15 13:44:37.153897,view
U1394,P0320,2025-10-11 13:44:37.157219,view
U1239,P0409,2025-04-10 13:44:37.157565,view
U1580,P0049,2025-05-28 13:44:37.157769,view
U1107,P0481,2025-12-30 13:44:37.158063,view
U1267,P0191,2025-09-11 13:44:37.158258,view
U1670,P0439,2026-03-18 13:44:37.158449,purchase
U0881,P0018,2025-06-30 13:44:37.164146,wishlist
U1701,P0462,2025-05-07 13:44:37.164726,view
U0557,P0492,2025-04-16 13:44:37.165113,view
U0728,P0399,2025-08-14 13:44:37.165400,purchase
U0609,P0287,2025-05-27 13:44:37.165703,cart
U0773,P0260,2026-02-10 13:44:37.165888,wishlist
U0522,P0296,2025-05-23 13:44:37.166202,cart
U0487,P0364,2026-03-24 13:44:37.168144,view
U1430,P0106,2025-06-30 13:44:37.168717,view
U1625,P0058,2025-11-17 13:44:37.168985,view
U0319,P0060,2025-11-02 13:44:37.169209,view
U0022,P0361,2025-11-16 13:44:37.170374,view
U1032,P0434,2025-05-21 13:44:37.170810,cart
U0337,P0137,2026-03-14 13:44:37.179889,view
U1930,P0208,2026-02-06 13:44:37.182023,view
U0580,P0100,2025-08-02 13:44:37.182437,view
U0780,P0036,2025-11-06 13:44:37.182631,wishlist
U1540,P0056,2025-06-29 13:44:37.182816,view
U1740,P0063,2025-04-08 13:44:37.183149,view
U1563,P0124,2025-06-03 13:44:37.183357,purchase
U0479,P0187,2025-12-11 13:44:37.183558,cart
U0414,P0492,2025-10-07 13:44:37.185290,view
U1220,P0240,2025-04-09 13:44:37.185888,wishlist
U0096,P0320,2025-06-30 13:44:37.186124,view
U1406,P0044,2025-10-04 13:44:37.186869,purchase
U0913,P0233,2025-06-10 13:44:37.187059,view
U1038,P0410,2026-01-03 13:44:37.188636,view
U1707,P0084,2025-09-14 13:44:37.189015,view
U0877,P0087,2025-06-29 13:44:37.189227,wishlist
U1729,P0221,2026-02-11 13:44:37.198039,cart
U1004,P0219,2025-10-27 13:44:37.200941,view
U0210,P0135,2025-08-06 13:44:37.202243,view
U1218,P0075,2025-05-04 13:44:37.202642,view
U0422,P0384,2025-04-08 13:44:37.202854,wishlist
U0280,P0372,2025-06-08 13:44:37.203066,view
U0671,P0296,2025-05-24 13:44:37.203256,purchase
U1997,P0006,2025-08-19 13:44:37.203440,view
U1639,P0213,2025-08-24 13:44:37.205054,cart
U1953,P0376,2025-09-01 13:44:37.205288,cart
U1324,P0218,2025-07-05 13:44:37.205506,view
U0664,P0032,2025-09-21 13:44:37.205650,cart
U0217,P0253,2026-01-27 13:44:37.207814,view
U1986,P0011,2025-10-30 13:44:37.209776,view
U1696,P0426,2025-08-09 13:44:37.210671,purchase
U0071,P0295,2026-03-10 13:44:37.211304,purchase
U1126,P0284,2026-04-02 13:44:37.211748,view
U0454,P0074,2025-12-30 13:44:37.211997,view
U0073,P0147,2025-06-19 13:44:37.212218,wishlist
U1958,P0121,2025-07-15 13:44:37.212628,view
U0378,P0161,2025-07-19 13:44:37.212917,view
U0511,P0250,2025-07-18 13:44:37.213151,view
U0491,P0392,2025-07-12 13:44:37.213712,wishlist
U0430,P0006,2025-12-19 13:44:37.216489,cart
U1256,P0347,2026-03-06 13:44:37.217443,view
U0319,P0367,2025-07-23 13:44:37.217644,wishlist
U0718,P0200,2025-08-24 13:44:37.217806,view
U0745,P0157,2026-03-23 13:44:37.217964,view
U0101,P0474,2026-02-13 13:44:37.218217,cart
U0784,P0001,2025-06-28 13:44:37.218407,purchase
U0640,P0052,2025-04-30 13:44:37.218579,view
U1598,P0417,2025-09-10 13:44:37.218744,cart
U0573,P0471,2025-10-27 13:44:37.219210,purchase
U1463,P0319,2025-05-12 13:44:37.219851,purchase
U0507,P0159,2025-10-21 13:44:37.220186,cart
U0971,P0417,2025-08-05 13:44:37.227207,view
U0347,P0286,2025-11-11 13:44:37.227709,wishlist
U1255,P0389,2025-07-09 13:44:37.228034,cart
U0209,P0048,2026-02-27 13:44:37.228231,view
U0877,P0063,2026-02-09 13:44:37.228400,wishlist
U1698,P0336,2025-12-08 13:44:37.228565,view
U1283,P0319,2025-10-22 13:44:37.228734,view
U1075,P0139,2026-01-13 13:44:37.228993,wishlist
U1954,P0130,2025-10-21 13:44:37.230932,view
U1432,P0232,2025-11-11 13:44:37.231439,view
U1552,P0453,2025-09-17 13:44:37.231846,view
U0730,P0252,2025-05-03 13:44:37.232112,wishlist
U1241,P0308,2025-06-02 13:44:37.233141,wishlist
U1429,P0185,2026-02-11 13:44:37.238875,view
U1891,P0317,2025-08-28 13:44:37.239242,cart
U0154,P0252,2025-07-13 13:44:37.241123,cart
U1346,P0152,2026-01-29 13:44:37.244254,cart
U1046,P0099,2025-10-07 13:44:37.244765,purchase
U1447,P0396,2025-06-22 13:44:37.245041,view
U0261,P0169,2026-03-11 13:44:37.245250,wishlist
U1829,P0258,2025-11-03 13:44:37.245448,view
U1782,P0350,2025-05-27 13:44:37.245695,view
U1989,P0227,2026-03-26 13:44:37.245905,cart
U0166,P0146,2025-04-17 13:44:37.246109,view
U0484,P0275,2025-06-14 13:44:37.246303,view
U0583,P0398,2025-12-01 13:44:37.246492,cart
U0890,P0278,2026-02-21 13:44:37.246707,view
U1549,P0142,2025-12-16 13:44:37.247025,view
U1141,P0490,2025-12-22 13:44:37.247420,view
U0028,P0035,2025-12-20 13:44:37.249215,view
U1438,P0059,2025-06-05 13:44:37.249717,cart
U0769,P0174,2025-06-23 13:44:37.249978,cart
U0461,P0265,2026-04-06 13:44:37.250166,view
U0227,P0175,2025-11-22 13:44:37.250344,view
U0550,P0131,2025-12-30 13:44:37.250499,view
U0433,P0139,2025-04-17 13:44:37.250739,view
U1957,P0141,2026-03-28 13:44:37.250894,cart
U0853,P0139,2025-11-07 13:44:37.251034,cart
U1425,P0492,2025-06-17 13:44:37.251206,view
U1331,P0479,2025-06-20 13:44:37.251353,purchase
U1642,P0010,2026-01-12 13:44:37.251491,view
U0608,P0066,2025-09-14 13:44:37.251705,view
U1424,P0310,2025-08-10 13:44:37.251921,view
U0382,P0452,2025-07-26 13:44:37.252128,wishlist
U0374,P0212,2025-11-16 13:44:37.252477,view
U0238,P0253,2026-02-25 13:44:37.252677,view
U1932,P0061,2025-08-29 13:44:37.252969,view
U0275,P0282,2025-05-20 13:44:37.257790,view
U0595,P0289,2026-03-20 13:44:37.258457,view
U1577,P0333,2025-12-18 13:44:37.258948,view
U0213,P0176,2025-10-01 13:44:37.259279,cart
U1231,P0109,2025-06-07 13:44:37.259521,purchase
U0215,P0147,2025-05-07 13:44:37.259752,cart
U0719,P0283,2026-04-03 13:44:37.260247,purchase
U1286,P0434,2025-07-13 13:44:37.260591,purchase
U0658,P0322,2026-02-04 13:44:37.260853,purchase
U0993,P0286,2026-03-15 13:44:37.261441,view
U1724,P0200,2025-11-04 13:44:37.262041,purchase
U1863,P0098,2025-10-27 13:44:37.262323,wishlist
U1944,P0314,2026-03-30 13:44:37.262530,cart
U1270,P0313,2025-10-02 13:44:37.264595,view
U0011,P0045,2026-02-01 13:44:37.265911,view
U1867,P0317,2025-11-01 13:44:37.266260,view
U1121,P0364,2025-08-27 13:44:37.266466,wishlist
U0210,P0458,2026-01-08 13:44:37.266629,view
U0757,P0083,2025-12-03 13:44:37.266880,view
U0107,P0080,2025-10-26 13:44:37.267070,wishlist
U1612,P0002,2025-08-10 13:44:37.267265,view
U1357,P0422,2025-11-01 13:44:37.271548,view
U0204,P0400,2025-04-13 13:44:37.273195,wishlist
U0306,P0044,2026-02-23 13:44:37.277222,view
U0073,P0037,2025-07-11 13:44:37.277785,view
U0259,P0462,2025-10-09 13:44:37.278123,view
U0281,P0220,2025-08-19 13:44:37.278492,purchase
U1499,P0076,2026-01-21 13:44:37.279183,view
U1039,P0082,2026-02-19 13:44:37.279598,cart
U1079,P0420,2025-07-05 13:44:37.279877,view
U1985,P0193,2025-08-03 13:44:37.280098,wishlist
U1746,P0048,2026-03-10 13:44:37.280295,view
U1027,P0231,2026-03-31 13:44:37.284667,cart
U1110,P0241,2025-10-30 13:44:37.285552,view
U1538,P0402,2026-02-07 13:44:37.286041,view
U0109,P0323,2025-12-24 13:44:37.286249,view
U0504,P0420,2025-09-12 13:44:37.286427,view
U0804,P0094,2025-04-18 13:44:37.288428,wishlist
U1717,P0101,2026-03-23 13:44:37.289137,cart
U1469,P0108,2025-05-19 13:44:37.289531,view
U0445,P0438,2026-03-18 13:44:37.289874,view
U1202,P0366,2025-06-30 13:44:37.290336,view
U1579,P0344,2026-01-12 13:44:37.291227,view
U0924,P0130,2025-08-30 13:44:37.291720,cart
U1556,P0061,2025-09-17 13:44:37.292001,view
U1022,P0159,2026-04-04 13:44:37.292200,cart
U0223,P0006,2025-05-23 13:44:37.292463,view
U1217,P0172,2025-06-30 13:44:37.292654,cart
U1178,P0098,2026-03-11 13:44:37.292852,view
U1248,P0086,2026-01-27 13:44:37.293035,view
U1861,P0223,2026-02-18 13:44:37.293293,view
U0116,P0483,2025-09-09 13:44:37.293481,view
U0439,P0254,2026-03-24 13:44:37.293656,cart
U0208,P0084,2025-08-15 13:44:37.293836,cart
U0583,P0296,2026-01-25 13:44:37.295598,view
U0196,P0486,2025-11-09 13:44:37.296367,view
U1698,P0189,2026-01-04 13:44:37.296895,view
U0250,P0497,2025-06-05 13:44:37.299743,wishlist
U1214,P0298,2025-11-09 13:44:37.300094,wishlist
U0659,P0433,2026-01-17 13:44:37.300299,purchase
U1584,P0149,2025-06-02 13:44:37.300529,cart
U0280,P0127,2025-12-06 13:44:37.300740,cart
U1081,P0022,2026-02-06 13:44:37.300998,view
U0933,P0320,2026-03-23 13:44:37.305192,view
U0115,P0396,2025-10-03 13:44:37.305686,view
U0421,P0269,2025-11-06 13:44:37.306376,cart
U0714,P0182,2026-01-21 13:44:37.307385,cart
U0858,P0379,2026-01-30 13:44:37.307718,wishlist
U1023,P0311,2025-07-06 13:44:37.310795,purchase
U0294,P0361,2026-03-11 13:44:37.311220,purchase
U1053,P0461,2025-07-13 13:44:37.311443,purchase
U0793,P0286,2025-10-12 13:44:37.311626,wishlist
U1769,P0313,2025-05-15 13:44:37.311807,wishlist
U1423,P0340,2025-11-21 13:44:37.311978,view
U0307,P0038,2026-01-31 13:44:37.312278,wishlist
U0412,P0249,2025-08-03 13:44:37.315025,view
U0065,P0125,2025-04-19 13:44:37.315535,purchase
U0295,P0486,2025-08-15 13:44:37.317312,view
U1596,P0435,2025-09-05 13:44:37.317944,view
U1632,P0065,2026-03-10 13:44:37.318229,view
U1581,P0216,2025-09-26 13:44:37.318418,view
U1882,P0068,2025-10-23 13:44:37.318589,view
U1466,P0351,2025-09-24 13:44:37.318756,view
U1553,P0382,2025-04-14 13:44:37.318984,view
U1495,P0129,2025-08-20 13:44:37.321170,view
U0335,P0040,2025-12-09 13:44:37.321895,cart
U0724,P0202,2025-04-08 13:44:37.322287,view
U1410,P0314,2025-10-04 13:44:37.322606,wishlist
U0311,P0435,2025-04-16 13:44:37.322855,purchase
U1908,P0114,2025-11-09 13:44:37.323242,purchase
U1644,P0467,2026-03-21 13:44:37.324663,view
U0610,P0034,2025-05-24 13:44:37.325409,wishlist
U0599,P0052,2025-05-19 13:44:37.325777,cart
U1854,P0302,2025-09-17 13:44:37.326120,wishlist
U1730,P0276,2025-06-26 13:44:37.326785,cart
U1288,P0413,2025-05-26 13:44:37.327669,purchase
U0967,P0020,2025-08-18 13:44:37.327990,view
U1154,P0260,2025-10-31 13:44:37.328663,view
U0418,P0351,2025-11-22 13:44:37.328968,view
U0450,P0340,2025-06-21 13:44:37.329722,view
U1067,P0303,2025-12-09 13:44:37.330892,cart
U1004,P0398,2025-08-25 13:44:37.334553,view
U0842,P0068,2025-07-16 13:44:37.335854,view
U0901,P0154,2025-06-28 13:44:37.338695,view
U1581,P0203,2026-04-03 13:44:37.340050,view
U1148,P0175,2026-03-16 13:44:37.340607,view
U0168,P0489,2026-01-09 13:44:37.342698,wishlist
U1947,P0391,2025-07-14 13:44:37.343192,purchase
U1937,P0241,2025-11-03 13:44:37.343764,view
U0240,P0288,2025-06-08 13:44:37.346872,cart
U0213,P0091,2025-08-09 13:44:37.347711,view
U1172,P0026,2025-12-12 13:44:37.348100,cart
U0725,P0374,2025-05-06 13:44:37.348321,view
U0354,P0063,2026-03-11 13:44:37.348513,view
U0482,P0012,2025-09-10 13:44:37.350438,view
U1827,P0205,2025-10-26 13:44:37.351376,cart
U1189,P0407,2026-02-02 13:44:37.351806,cart
U0302,P0191,2026-02-19 13:44:37.352261,purchase
U1367,P0175,2026-01-14 13:44:37.355390,view
U1453,P0098,2025-04-24 13:44:37.355818,cart
U0577,P0260,2025-12-14 13:44:37.356609,view
U0250,P0296,2025-11-17 13:44:37.357450,view
U1988,P0355,2025-05-04 13:44:37.357709,cart
U0816,P0058,2025-06-09 13:44:37.357923,wishlist
U0696,P0302,2025-09-12 13:44:37.358200,view
U1548,P0175,2025-08-09 13:44:37.359900,view
U0131,P0253,2025-06-21 13:44:37.360782,cart
U0889,P0302,2025-05-28 13:44:37.361122,view
U0011,P0259,2026-03-29 13:44:37.361331,cart
U1340,P0176,2025-12-10 13:44:37.369573,view
U0724,P0123,2026-02-27 13:44:37.369914,purchase
U0666,P0444,2025-05-19 13:44:37.370632,view
U0520,P0283,2025-08-23 13:44:37.372310,cart
U0775,P0088,2025-05-27 13:44:37.374862,view
U0546,P0017,2025-10-31 13:44:37.375355,cart
U1427,P0257,2026-01-12 13:44:37.375547,view
U0315,P0291,2025-10-08 13:44:37.375710,view
U0811,P0056,2026-04-05 13:44:37.376004,view
U0155,P0154,2025-12-17 13:44:37.382020,view
U1017,P0403,2026-01-11 13:44:37.383579,cart
U0096,P0224,2026-02-18 13:44:37.386809,view
U0530,P0288,2026-04-02 13:44:37.388496,view
U0468,P0479,2025-09-26 13:44:37.391473,wishlist
U0240,P0104,2025-06-04 13:44:37.392291,view
U1829,P0299,2026-02-20 13:44:37.392555,cart
U1508,P0246,2026-02-01 13:44:37.393553,view
U1302,P0454,2025-09-18 13:44:37.400856,view
U0271,P0498,2025-08-23 13:44:37.401222,view
U1911,P0302,2025-12-07 13:44:37.401462,purchase
U0888,P0326,2025-04-13 13:44:37.402524,view
U1282,P0149,2025-05-12 13:44:37.403476,view
U1360,P0475,2025-07-17 13:44:37.404417,view
U1841,P0002,2025-05-03 13:44:37.404715,view
U0551,P0251,2025-08-04 13:44:37.404981,view
U1978,P0193,2025-09-05 13:44:37.406115,wishlist
U1608,P0278,2025-12-28 13:44:37.406772,cart
U1723,P0053,2025-09-03 13:44:37.407073,view
U0860,P0215,2026-03-10 13:44:37.407343,cart
U1637,P0246,2025-12-20 13:44:37.407536,view
U0019,P0473,2025-05-11 13:44:37.407716,view
U0447,P0342,2025-08-01 13:44:37.407913,view
U0332,P0170,2025-06-10 13:44:37.408225,view
U0197,P0449,2026-03-04 13:44:37.408472,view
U1077,P0165,2025-04-21 13:44:37.408681,wishlist
U1644,P0071,2025-05-08 13:44:37.409672,view
U1790,P0087,2025-04-26 13:44:37.410541,cart
U0993,P0128,2025-08-28 13:44:37.410992,view
U1457,P0426,2025-09-03 13:44:37.412112,view
U1070,P0132,2025-10-22 13:44:37.412523,purchase
U0838,P0479,2026-01-12 13:44:37.412745,view
U0941,P0003,2026-03-08 13:44:37.415791,view
U0501,P0232,2025-05-14 13:44:37.416545,view
U0244,P0273,2025-06-07 13:44:37.417133,view
U1016,P0397,2025-10-31 13:44:37.418110,wishlist
U0791,P0423,2025-10-21 13:44:37.418524,view
U1577,P0204,2026-01-27 13:44:37.423297,view
U1189,P0385,2025-05-25 13:44:37.424450,view
U0855,P0011,2025-05-25 13:44:37.424893,view
U0599,P0278,2025-08-17 13:44:37.425171,purchase
U1394,P0273,2025-08-11 13:44:37.425413,cart
U1949,P0385,2026-01-03 13:44:37.431059,view
U0170,P0347,2025-05-26 13:44:37.431406,cart
U1775,P0009,2025-11-24 13:44:37.432037,purchase
U0717,P0339,2025-05-27 13:44:37.432250,view
U1794,P0095,2026-01-03 13:44:37.434354,view
U0102,P0396,2026-02-03 13:44:37.434989,view
U0470,P0320,2025-06-05 13:44:37.435553,cart
U0135,P0326,2026-03-26 13:44:37.438369,cart
U1316,P0237,2025-08-08 13:44:37.439367,view
U0005,P0192,2025-09-14 13:44:37.442811,view
U1563,P0112,2025-09-06 13:44:37.447599,view
U1957,P0362,2025-08-19 13:44:37.448750,view
U0570,P0240,2025-08-27 13:44:37.450996,wishlist
U1890,P0334,2025-10-14 13:44:37.452050,view
U1934,P0467,2025-10-01 13:44:37.452931,view
U0697,P0071,2026-02-09 13:44:37.456264,view
U1463,P0290,2025-10-21 13:44:37.458236,cart
U0652,P0118,2025-07-10 13:44:37.458694,view
U0226,P0250,2026-02-24 13:44:37.458967,view
U1987,P0500,2025-07-22 13:44:37.460770,view
U1839,P0026,2025-05-10 13:44:37.461171,view
U0182,P0237,2025-12-31 13:44:37.461372,cart
U1228,P0069,2025-08-22 13:44:37.462296,view
U0884,P0304,2025-07-22 13:44:37.462900,cart
U1321,P0092,2026-01-18 13:44:37.463660,view
U1025,P0102,2025-07-17 13:44:37.464333,view
U1141,P0087,2026-03-09 13:44:37.464610,cart
U1050,P0368,2025-05-02 13:44:37.464844,wishlist
U0570,P0125,2025-05-13 13:44:37.465027,view
U1449,P0252,2026-03-14 13:44:37.465270,cart
U0180,P0082,2025-08-03 13:44:37.465459,wishlist
U0109,P0181,2025-11-13 13:44:37.465634,view
U1461,P0223,2025-08-22 13:44:37.465808,view
U0139,P0325,2025-07-27 13:44:37.465981,view
U1982,P0450,2025-08-19 13:44:37.466164,view
U1548,P0213,2025-10-10 13:44:37.467119,view
U0679,P0168,2025-07-28 13:44:37.467699,view
U1085,P0126,2025-12-19 13:44:37.468234,view
U1550,P0182,2025-10-30 13:44:37.468676,view
U0814,P0290,2025-08-17 13:44:37.468999,view
U1338,P0083,2026-03-25 13:44:37.469300,wishlist
U0005,P0165,2025-07-30 13:44:37.469857,view
U1626,P0124,2026-02-20 13:44:37.470303,view
U1882,P0407,2026-02-19 13:44:37.470807,view
U1703,P0041,2025-12-03 13:44:37.471232,cart
U1972,P0326,2025-12-30 13:44:37.471569,view
U0746,P0081,2025-09-11 13:44:37.471789,view
U1936,P0330,2025-10-07 13:44:37.471985,view
U0174,P0272,2026-01-11 13:44:37.477525,cart
U0136,P0426,2025-08-21 13:44:37.479047,wishlist
U1743,P0305,2025-10-10 13:44:37.482744,view
U1795,P0137,2026-03-07 13:44:37.483955,purchase
U1143,P0474,2026-02-06 13:44:37.485719,view
U0359,P0305,2025-11-30 13:44:37.486028,view
U1324,P0117,2026-01-22 13:44:37.486916,view
U0268,P0476,2026-03-31 13:44:37.487304,view
U0968,P0491,2025-09-04 13:44:37.487699,view
U0070,P0147,2025-09-04 13:44:37.488769,wishlist
U0669,P0076,2025-07-11 13:44:37.490453,view
U1835,P0350,2026-01-13 13:44:37.490793,wishlist
U1904,P0249,2025-04-29 13:44:37.491023,view
U0840,P0040,2025-09-09 13:44:37.491223,view
U1815,P0171,2026-01-03 13:44:37.491499,view
U0020,P0261,2025-09-01 13:44:37.494058,view
U0044,P0336,2025-05-26 13:44:37.494680,view
U0254,P0227,2026-02-14 13:44:37.494940,cart
U1205,P0181,2025-04-24 13:44:37.495283,view
U0794,P0244,2025-07-12 13:44:37.495662,purchase
U0751,P0105,2025-12-31 13:44:37.495893,view
U0114,P0139,2025-09-09 13:44:37.496060,cart
U1424,P0481,2025-11-20 13:44:37.496224,purchase
U0287,P0131,2025-08-29 13:44:37.499112,purchase
U1884,P0407,2025-11-01 13:44:37.499861,cart
U1896,P0026,2025-11-14 13:44:37.502158,view
U0920,P0202,2025-04-28 13:44:37.503416,view
U0972,P0112,2025-10-05 13:44:37.503711,view
U1214,P0390,2025-04-10 13:44:37.504153,wishlist
U1686,P0272,2026-02-26 13:44:37.504377,view
U1516,P0393,2025-08-08 13:44:37.505208,view
U1816,P0094,2025-05-16 13:44:37.505607,wishlist
U0072,P0213,2025-07-05 13:44:37.506648,purchase
U1323,P0160,2026-01-30 13:44:37.507257,cart
U0359,P0058,2025-08-20 13:44:37.507808,purchase
U0941,P0238,2025-12-04 13:44:37.508224,view
U1190,P0220,2025-10-09 13:44:37.508623,view
U1919,P0351,2025-09-17 13:44:37.509313,cart
U0670,P0366,2026-02-02 13:44:37.509663,view
U1237,P0222,2025-11-17 13:44:37.510037,view
U1477,P0071,2026-02-24 13:44:37.510221,wishlist
U1431,P0452,2025-07-04 13:44:37.510390,view
U0763,P0390,2025-12-21 13:44:37.510686,view
U1035,P0345,2026-01-19 13:44:37.510877,view
U0853,P0481,2025-06-13 13:44:37.511050,view
U1677,P0417,2025-09-22 13:44:37.511273,view
U0618,P0222,2025-08-17 13:44:37.511604,cart
U0929,P0180,2026-03-29 13:44:37.512325,view
U1635,P0282,2026-01-12 13:44:37.515002,view
U1582,P0055,2025-11-04 13:44:37.520212,view
U1563,P0442,2025-11-02 13:44:37.520883,view
U0739,P0103,2026-01-15 13:44:37.521666,purchase
U0641,P0384,2026-03-03 13:44:37.521902,cart
U0518,P0003,2026-04-06 13:44:37.522129,wishlist
U1096,P0136,2025-07-03 13:44:37.522428,purchase
U0287,P0023,2025-09-14 13:44:37.522632,view
U0972,P0413,2025-11-04 13:44:37.529655,view
U0069,P0064,2025-09-06 13:44:37.530628,purchase
U1212,P0245,2025-12-19 13:44:37.537444,view
U1767,P0184,2025-06-24 13:44:37.538275,wishlist
U1631,P0047,2026-03-26 13:44:37.538643,view
U1670,P0472,2026-03-15 13:44:37.538894,view
U0012,P0313,2025-09-24 13:44:37.539099,view
U0288,P0441,2025-11-07 13:44:37.540931,view
U1090,P0496,2025-08-10 13:44:37.542859,cart
U0631,P0230,2025-09-01 13:44:37.545176,cart
U0535,P0269,2025-06-27 13:44:37.545518,view
U0724,P0044,2026-01-29 13:44:37.546172,wishlist
U0923,P0018,2025-06-27 13:44:37.546398,view
U0839,P0400,2025-06-01 13:44:37.546590,view
U1146,P0274,2025-09-28 13:44:37.546930,view
U0559,P0240,2025-10-22 13:44:37.548620,cart
U1361,P0104,2025-07-03 13:44:37.550732,view
U1477,P0093,2025-12-21 13:44:37.551440,view
U1690,P0376,2025-10-12 13:44:37.551928,view
U1301,P0429,2025-05-21 13:44:37.552124,view
U1167,P0358,2025-11-04 13:44:37.552612,cart
U1591,P0022,2025-10-23 13:44:37.552860,view
U1828,P0133,2025-08-11 13:44:37.555991,view
U1219,P0067,2025-04-10 13:44:37.559752,cart
U1979,P0106,2026-01-02 13:44:37.560489,wishlist
U0789,P0442,2025-12-18 13:44:37.562918,cart
U0959,P0047,2025-04-13 13:44:37.564713,view
U0456,P0232,2025-07-04 13:44:37.572157,view
U0851,P0329,2026-01-18 13:44:37.574085,view
U0479,P0095,2025-09-09 13:44:37.576399,cart
U0602,P0350,2025-07-27 13:44:37.577791,purchase
U1534,P0043,2025-07-28 13:44:37.578533,view
U1348,P0277,2025-08-10 13:44:37.579618,view
U0612,P0318,2026-02-09 13:44:37.580082,view
U1986,P0486,2025-12-01 13:44:37.580397,view
U0905,P0461,2026-04-05 13:44:37.580761,cart
U0258,P0182,2025-11-17 13:44:37.600156,view
U0086,P0203,2025-12-02 13:44:37.600838,view
U1901,P0182,2026-01-28 13:44:37.601662,view
U1991,P0151,2025-07-07 13:44:37.602251,view
U0104,P0206,2026-03-23 13:44:37.603020,cart
U1789,P0498,2025-07-02 13:44:37.603375,cart
U1628,P0029,2026-01-31 13:44:37.604375,view
U0094,P0089,2025-08-30 13:44:37.605162,purchase
U1753,P0085,2025-10-10 13:44:37.605961,view
U0806,P0243,2025-09-28 13:44:37.606277,wishlist
U1574,P0115,2025-04-16 13:44:37.606503,wishlist
U0960,P0471,2026-03-27 13:44:37.606824,view
U1580,P0485,2026-03-16 13:44:37.607112,cart
U0590,P0271,2025-05-15 13:44:37.607492,view
U1861,P0357,2026-02-08 13:44:37.607997,cart
U1816,P0238,2026-02-13 13:44:37.608475,view
U1331,P0188,2026-04-02 13:44:37.608715,cart
U1575,P0342,2025-12-28 13:44:37.609645,view
U1428,P0192,2025-05-27 13:44:37.610082,purchase
U1283,P0013,2025-10-05 13:44:37.610874,view
U1547,P0403,2025-11-20 13:44:37.611141,view
U0302,P0225,2026-02-27 13:44:37.611376,view
U1088,P0466,2025-04-20 13:44:37.611598,view
U0314,P0239,2026-01-09 13:44:37.611812,view
U0981,P0420,2026-02-07 13:44:37.612519,cart
U0225,P0183,2026-01-28 13:44:37.612779,view
U1243,P0315,2025-12-11 13:44:37.617943,view
U1978,P0469,2025-11-11 13:44:37.618380,purchase
U0692,P0446,2025-08-01 13:44:37.621430,view
U1465,P0059,2025-06-29 13:44:37.622284,wishlist
U0026,P0125,2025-06-04 13:44:37.623215,view
U1620,P0357,2026-03-12 13:44:37.624642,view
U1271,P0118,2025-04-16 13:44:37.625422,view
U1785,P0462,2025-05-03 13:44:37.626831,cart
U1196,P0024,2025-12-02 13:44:37.627271,view
U1538,P0341,2025-08-05 13:44:37.627569,cart
U0940,P0492,2026-01-27 13:44:37.630416,view
U0957,P0469,2025-10-02 13:44:37.630803,view
U0886,P0196,2025-10-01 13:44:37.631082,view
U0891,P0093,2025-10-04 13:44:37.631359,view
U0923,P0495,2025-06-09 13:44:37.632737,cart
U1625,P0077,2026-02-28 13:44:37.633622,view
U0042,P0136,2025-10-24 13:44:37.634334,view
U1525,P0294,2025-09-09 13:44:37.634895,cart
U1836,P0459,2025-06-29 13:44:37.637784,view
U1027,P0440,2025-04-14 13:44:37.638361,view
U1530,P0071,2026-03-03 13:44:37.638591,wishlist
U1589,P0212,2025-09-02 13:44:37.638783,view
U0814,P0404,2025-08-22 13:44:37.639242,view
U1331,P0224,2025-06-11 13:44:37.640990,cart
U1922,P0119,2026-03-18 13:44:37.641327,cart
U0611,P0178,2025-09-28 13:44:37.641529,view
U1146,P0189,2025-08-16 13:44:37.641704,wishlist
U1349,P0469,2025-04-27 13:44:37.641952,cart
U1577,P0346,2025-07-23 13:44:37.642281,view
U0538,P0005,2025-08-01 13:44:37.642494,view
U0508,P0083,2025-06-06 13:44:37.642666,cart
U0744,P0247,2025-04-29 13:44:37.642830,view
U0538,P0366,2025-11-26 13:44:37.643077,view
U1926,P0215,2025-04-23 13:44:37.643247,view
U0112,P0321,2026-01-17 13:44:37.643396,purchase
U0540,P0088,2025-07-29 13:44:37.643547,view
U0985,P0011,2025-11-11 13:44:37.643706,view
U1582,P0088,2025-05-21 13:44:37.648316,purchase
U0264,P0487,2026-03-07 13:44:37.649257,cart
U0973,P0180,2025-04-06 13:44:37.649679,wishlist
U1983,P0393,2025-06-08 13:44:37.650143,view
U0305,P0071,2025-11-15 13:44:37.650498,cart
U0934,P0088,2025-08-28 13:44:37.651379,purchase
U1660,P0211,2025-10-14 13:44:37.651955,wishlist
U1118,P0219,2025-12-17 13:44:37.652346,view
U1162,P0186,2025-08-19 13:44:37.652560,cart
U0418,P0202,2025-08-03 13:44:37.652739,view
U1698,P0435,2025-05-27 13:44:37.652917,view
U1655,P0455,2025-06-25 13:44:37.654398,wishlist
U1264,P0202,2025-12-18 13:44:37.655124,view
U0913,P0457,2025-06-07 13:44:37.655518,view
U1139,P0122,2025-07-05 13:44:37.655843,view
U0775,P0128,2025-07-26 13:44:37.656235,view
U1847,P0094,2026-01-21 13:44:37.658212,view
U1694,P0491,2025-07-26 13:44:37.660342,view
U0089,P0095,2025-09-28 13:44:37.660794,view
U1196,P0145,2025-07-10 13:44:37.661061,view
U1687,P0329,2025-08-26 13:44:37.661337,view
U0646,P0183,2025-08-29 13:44:37.664923,view
U0351,P0440,2025-06-05 13:44:37.665239,view
U1572,P0290,2026-04-04 13:44:37.665508,view
U1615,P0271,2025-05-25 13:44:37.665863,view
U1143,P0352,2025-09-07 13:44:37.666129,cart
U0833,P0204,2025-07-24 13:44:37.666355,view
U1650,P0222,2026-01-15 13:44:37.666611,purchase
U0990,P0264,2025-05-31 13:44:37.666849,view
U0255,P0362,2025-08-30 13:44:37.672044,purchase
U1790,P0096,2026-03-27 13:44:37.673790,view
U1321,P0193,2025-07-22 13:44:37.676107,view
U0863,P0225,2025-08-18 13:44:37.678383,view
U0525,P0073,2025-12-07 13:44:37.678780,wishlist
U1557,P0044,2025-09-11 13:44:37.679058,view
U0129,P0458,2025-12-05 13:44:37.679662,view
U0210,P0128,2025-06-10 13:44:37.680179,cart
U1808,P0215,2026-02-19 13:44:37.680442,view
U0631,P0293,2025-11-17 13:44:37.680663,view
U0148,P0157,2026-01-07 13:44:37.680868,view
U0805,P0263,2026-04-03 13:44:37.681232,view
U1516,P0043,2026-03-24 13:44:37.681487,view
U0348,P0337,2025-10-25 13:44:37.683841,wishlist
U0748,P0345,2026-04-05 13:44:37.684082,cart
U0576,P0435,2025-07-09 13:44:37.684323,view
U1503,P0075,2025-08-25 13:44:37.684489,cart
U0813,P0020,2025-07-13 13:44:37.684644,view
U0558,P0135,2026-02-21 13:44:37.684813,view
U0093,P0074,2026-03-04 13:44:37.685042,view
U0518,P0217,2025-07-01 13:44:37.685196,view
U1173,P0051,2025-08-04 13:44:37.685352,view
U0526,P0146,2025-09-29 13:44:37.685498,view
U1895,P0406,2025-11-19 13:44:37.687683,cart
U1337,P0021,2025-12-05 13:44:37.688199,view
U1771,P0258,2025-08-10 13:44:37.688680,cart
U0429,P0017,2025-11-05 13:44:37.688982,view
U0721,P0011,2026-01-25 13:44:37.695113,cart
U1192,P0401,2025-11-09 13:44:37.695757,view
U0869,P0275,2025-07-25 13:44:37.696108,cart
U0840,P0054,2025-07-04 13:44:37.696638,view
U1562,P0222,2025-12-12 13:44:37.696955,view
U1036,P0081,2025-07-18 13:44:37.697367,view
U1179,P0352,2025-05-14 13:44:37.697780,wishlist
U1446,P0124,2026-03-16 13:44:37.698641,view
U1348,P0257,2025-10-12 13:44:37.698952,view
U0427,P0147,2025-04-30 13:44:37.699130,view
U0732,P0454,2025-07-04 13:44:37.699394,view
U1425,P0484,2025-06-22 13:44:37.699578,wishlist
U0696,P0204,2026-03-21 13:44:37.700581,view
U1424,P0441,2025-04-22 13:44:37.700937,view
U0416,P0486,2025-05-21 13:44:37.701134,cart
U1536,P0489,2025-10-31 13:44:37.701321,wishlist
U0628,P0247,2026-01-14 13:44:37.701703,wishlist
U1313,P0279,2025-12-28 13:44:37.701998,view
U1270,P0181,2025-11-23 13:44:37.702223,view
U1017,P0363,2025-07-23 13:44:37.702431,view
U1482,P0078,2025-08-17 13:44:37.702744,view
U1517,P0096,2025-08-04 13:44:37.702999,view
U1467,P0006,2025-09-27 13:44:37.703245,cart
U0109,P0252,2025-12-30 13:44:37.704239,cart
U0171,P0115,2026-03-30 13:44:37.704874,view
U0741,P0255,2025-04-22 13:44:37.705181,cart
U0905,P0430,2025-05-26 13:44:37.705545,cart
U0394,P0256,2025-04-18 13:44:37.705797,view
U1914,P0257,2025-10-20 13:44:37.706095,view
U0685,P0354,2025-09-15 13:44:37.706356,view
U0570,P0092,2025-07-03 13:44:37.706721,view
U0434,P0377,2025-12-22 13:44:37.706963,cart
U1497,P0436,2025-09-14 13:44:37.707192,view
U0737,P0371,2025-08-22 13:44:37.707536,cart
U1124,P0183,2025-07-18 13:44:37.707786,view
U0054,P0345,2025-09-26 13:44:37.710400,purchase
U0393,P0452,2026-01-14 13:44:37.711041,cart
U0185,P0374,2025-11-17 13:44:37.711466,view
U1114,P0003,2025-08-23 13:44:37.711681,cart
U1048,P0456,2026-02-17 13:44:37.714973,cart
U1600,P0042,2025-09-18 13:44:37.715519,view
U1670,P0076,2025-12-25 13:44:37.715767,purchase
U0158,P0044,2025-06-01 13:44:37.716745,cart
U0450,P0133,2025-06-10 13:44:37.719170,purchase
U0141,P0273,2025-08-26 13:44:37.719945,cart
U1095,P0241,2025-05-25 13:44:37.720779,view
U1970,P0022,2025-12-17 13:44:37.721100,view
U0959,P0467,2025-11-24 13:44:37.722153,cart
U1626,P0240,2025-04-29 13:44:37.722908,view
U1950,P0128,2026-02-08 13:44:37.725486,wishlist
U0083,P0226,2025-07-25 13:44:37.726761,purchase
U1338,P0047,2026-03-13 13:44:37.727469,view
U1894,P0444,2025-06-26 13:44:37.727845,purchase
U1103,P0406,2025-07-06 13:44:37.728536,cart
U1070,P0197,2025-11-29 13:44:37.728976,view
U1021,P0154,2026-04-02 13:44:37.729288,view
U1041,P0032,2025-10-25 13:44:37.729574,view
U1397,P0208,2026-03-27 13:44:37.730096,view
U1335,P0026,2026-01-07 13:44:37.733211,view
U0608,P0213,2025-11-17 13:44:37.733981,view
U0433,P0095,2025-10-23 13:44:37.734856,cart
U0741,P0234,2025-11-18 13:44:37.738855,view
U1222,P0105,2025-12-23 13:44:37.739603,view
U0209,P0390,2025-07-20 13:44:37.740218,view
U0675,P0256,2025-07-15 13:44:37.740486,view
U0432,P0370,2025-05-11 13:44:37.741746,view
U1043,P0104,2025-08-23 13:44:37.742098,wishlist
U1899,P0269,2026-01-07 13:44:37.742388,view
U0273,P0253,2026-04-04 13:44:37.742576,view
U0531,P0224,2025-10-20 13:44:37.742766,view
U1237,P0376,2025-10-19 13:44:37.742960,view
U1366,P0148,2026-04-04 13:44:37.743171,view
U1034,P0328,2025-05-24 13:44:37.743463,wishlist
U1341,P0445,2026-03-01 13:44:37.745031,view
U1281,P0305,2026-01-12 13:44:37.745965,view
U1084,P0493,2025-09-26 13:44:37.746340,cart
U0403,P0205,2026-01-28 13:44:37.746693,view
U1072,P0124,2025-04-07 13:44:37.746960,cart
U0177,P0158,2026-01-25 13:44:37.747249,cart
U0184,P0005,2026-02-23 13:44:37.750174,view
U1188,P0347,2025-08-27 13:44:37.750978,view
U0869,P0178,2026-03-29 13:44:37.751287,wishlist
U1323,P0325,2025-12-14 13:44:37.751527,view
U1935,P0058,2026-01-07 13:44:37.751845,view
U0885,P0300,2025-11-03 13:44:37.752105,wishlist
U0764,P0498,2025-08-16 13:44:37.752345,view
U0302,P0434,2025-09-11 13:44:37.752580,view
U1837,P0387,2025-08-05 13:44:37.757068,view
U0578,P0481,2026-02-20 13:44:37.757549,view
U1397,P0349,2025-06-27 13:44:37.757798,purchase
U1241,P0291,2026-01-25 13:44:37.758035,view
U0735,P0380,2026-03-17 13:44:37.758256,purchase
U1492,P0112,2026-01-03 13:44:37.758819,view
U0777,P0212,2026-02-18 13:44:37.759074,view
U1226,P0312,2025-06-27 13:44:37.759324,view
U0378,P0184,2025-12-21 13:44:37.759953,wishlist
U0018,P0366,2026-01-02 13:44:37.760278,view
U0941,P0059,2026-03-13 13:44:37.760709,cart
U0872,P0126,2026-01-29 13:44:37.761724,purchase
U0110,P0162,2026-03-07 13:44:37.762332,view
U0455,P0181,2025-12-12 13:44:37.762765,purchase
U1714,P0113,2025-08-28 13:44:37.763078,cart
U1003,P0347,2026-02-20 13:44:37.763395,view
U1273,P0008,2026-02-10 13:44:37.765822,cart
U0299,P0447,2025-10-06 13:44:37.766230,view
U1967,P0142,2026-01-16 13:44:37.766515,view
U0148,P0217,2025-10-10 13:44:37.766723,view
U1390,P0279,2025-06-09 13:44:37.766916,cart
U0474,P0476,2025-09-13 13:44:37.767124,view
U0995,P0353,2025-05-26 13:44:37.767334,cart
U0390,P0461,2025-04-18 13:44:37.767656,view
U0306,P0377,2025-10-10 13:44:37.768073,view
U1805,P0452,2025-10-28 13:44:37.769035,purchase
U1802,P0215,2025-11-01 13:44:37.770682,cart
U0949,P0330,2026-03-07 13:44:37.774090,cart
U0586,P0405,2025-11-21 13:44:37.774851,view
U0432,P0111,2025-07-24 13:44:37.775190,view
U0874,P0234,2025-06-23 13:44:37.778233,view
U1961,P0355,2025-09-07 13:44:37.778627,cart
U1791,P0187,2025-09-04 13:44:37.779376,cart
U0671,P0194,2025-10-13 13:44:37.779690,view
U1257,P0283,2025-05-23 13:44:37.782755,view
U0424,P0169,2026-01-18 13:44:37.782979,wishlist
U0555,P0329,2025-04-08 13:44:37.783228,wishlist
U0391,P0235,2025-09-16 13:44:37.783700,view
U1796,P0225,2025-11-25 13:44:37.785040,view
U0616,P0136,2026-02-20 13:44:37.785329,view
U0891,P0017,2025-08-25 13:44:37.789192,view
U1344,P0150,2025-09-13 13:44:37.789712,view
U1661,P0404,2025-07-21 13:44:37.790413,view
U0213,P0421,2026-04-02 13:44:37.797577,view
U0956,P0036,2026-02-10 13:44:37.799162,view
U0392,P0227,2025-10-01 13:44:37.807346,wishlist
U0310,P0076,2025-10-09 13:44:37.810432,cart
U0959,P0076,2025-05-26 13:44:37.810755,view
U1150,P0113,2026-01-26 13:44:37.811128,view
U1966,P0009,2025-09-13 13:44:37.811348,view
U1470,P0465,2025-09-11 13:44:37.811581,view
U1957,P0116,2025-04-27 13:44:37.811777,view
U0679,P0454,2026-03-07 13:44:37.812103,cart
U0597,P0144,2025-06-27 13:44:37.815306,cart
U0983,P0056,2025-10-09 13:44:37.819488,view
U1662,P0242,2025-08-07 13:44:37.821796,view
U1155,P0443,2026-01-14 13:44:37.822612,view
U1036,P0380,2025-10-17 13:44:37.823095,cart
U0779,P0085,2026-03-11 13:44:37.827494,view
U0202,P0022,2025-09-01 13:44:37.829218,view
U1944,P0357,2025-09-06 13:44:37.832129,purchase
U0178,P0412,2026-03-07 13:44:37.835812,view
U0696,P0148,2026-01-31 13:44:37.836193,view
U0163,P0271,2025-12-26 13:44:37.837132,wishlist
U1766,P0144,2025-06-14 13:44:37.837522,view
U1846,P0196,2025-05-27 13:44:37.838525,view
U0373,P0199,2025-10-16 13:44:37.840616,view
U0777,P0247,2025-06-21 13:44:37.841255,view
U1530,P0444,2026-02-02 13:44:37.841485,view
U1044,P0205,2025-05-12 13:44:37.843157,view
U0958,P0460,2026-02-09 13:44:37.843382,view
U0681,P0093,2026-01-05 13:44:37.843925,cart
U1153,P0063,2026-02-26 13:44:37.844538,view
U1096,P0014,2025-09-11 13:44:37.844845,purchase
U1098,P0433,2025-05-22 13:44:37.845033,view
U1909,P0147,2026-03-29 13:44:37.845241,view
U0411,P0453,2026-02-11 13:44:37.845454,view
U0699,P0044,2025-12-27 13:44:37.845634,purchase
U1364,P0490,2025-11-26 13:44:37.846123,view
U0942,P0188,2026-02-15 13:44:37.846465,cart
U1614,P0211,2026-03-30 13:44:37.846821,view
U0019,P0028,2025-08-13 13:44:37.856638,view
U1287,P0300,2025-11-10 13:44:37.857359,view
U1463,P0153,2026-01-11 13:44:37.857979,view
U0340,P0075,2025-09-14 13:44:37.858692,cart
U0815,P0079,2025-10-10 13:44:37.860407,view
U1412,P0355,2025-06-22 13:44:37.860830,view
U1142,P0147,2025-06-17 13:44:37.861479,view
U1448,P0108,2025-09-17 13:44:37.862025,view
U0322,P0447,2026-04-06 13:44:37.862431,view
U1926,P0169,2026-03-15 13:44:37.862865,view
U1369,P0436,2025-09-26 13:44:37.864876,view
U0752,P0067,2025-08-18 13:44:37.865536,view
U1246,P0138,2025-09-16 13:44:37.865789,view
U1701,P0296,2025-09-21 13:44:37.866511,purchase
U1760,P0137,2025-06-27 13:44:37.867292,view
U1705,P0189,2026-01-16 13:44:37.867576,view
U1953,P0364,2025-10-27 13:44:37.867814,view
U0614,P0141,2025-08-24 13:44:37.868091,cart
U0508,P0034,2025-11-22 13:44:37.868292,wishlist
U0682,P0469,2026-01-02 13:44:37.868481,view
U1035,P0106,2025-11-13 13:44:37.868798,view
U0329,P0218,2026-03-27 13:44:37.869136,purchase
U1027,P0136,2025-07-02 13:44:37.869360,cart
U0344,P0093,2025-08-26 13:44:37.869555,view
U0442,P0014,2026-01-20 13:44:37.869784,view
U0635,P0404,2025-07-31 13:44:37.870788,view
U0773,P0133,2025-08-23 13:44:37.871313,cart
U0689,P0238,2026-03-10 13:44:37.872062,purchase
U0673,P0173,2026-02-03 13:44:37.872480,view
U1084,P0458,2025-07-11 13:44:37.872937,view
U1727,P0150,2025-05-01 13:44:37.873141,view
U1949,P0164,2025-09-03 13:44:37.873314,cart
U0452,P0354,2025-04-21 13:44:37.873568,view
U1422,P0208,2025-11-10 13:44:37.873741,view
U0219,P0320,2025-09-10 13:44:37.873907,view
U0649,P0127,2025-06-12 13:44:37.874110,cart
U1123,P0468,2025-05-03 13:44:37.874351,view
U0785,P0299,2025-12-31 13:44:37.875590,view
U0987,P0156,2025-04-11 13:44:37.875849,purchase
U0498,P0450,2025-08-14 13:44:37.876011,cart
U1608,P0159,2026-01-22 13:44:37.876372,view
U1831,P0364,2025-12-15 13:44:37.877515,view
U1016,P0315,2025-09-29 13:44:37.877809,cart
U0997,P0159,2025-09-06 13:44:37.878000,view
U0570,P0461,2026-01-28 13:44:37.879514,view
U1845,P0085,2025-06-22 13:44:37.880163,wishlist
U1522,P0226,2025-06-27 13:44:37.880896,view
U1217,P0186,2026-03-17 13:44:37.883899,cart
U0288,P0240,2025-12-09 13:44:37.885338,view
U0120,P0126,2026-02-05 13:44:37.885756,purchase
U0643,P0476,2026-03-07 13:44:37.887751,view
U0051,P0201,2025-06-23 13:44:37.888094,view
U0674,P0192,2025-07-09 13:44:37.888454,wishlist
U1613,P0177,2025-04-24 13:44:37.888718,view
U0101,P0256,2025-09-13 13:44:37.888958,cart
U0051,P0132,2025-10-19 13:44:37.889306,view
U0882,P0174,2025-05-04 13:44:37.889734,view
U0313,P0021,2025-05-28 13:44:37.890048,purchase
U1261,P0245,2025-08-03 13:44:37.890325,purchase
U1296,P0457,2025-08-04 13:44:37.890682,purchase
U0530,P0393,2025-11-18 13:44:37.890923,cart
U1160,P0312,2025-06-05 13:44:37.891218,cart
U1674,P0311,2025-09-27 13:44:37.891468,view
U1895,P0411,2025-04-17 13:44:37.891808,view
U0742,P0275,2025-04-25 13:44:37.892053,view
U1120,P0095,2025-06-10 13:44:37.892331,wishlist
U0041,P0366,2025-11-15 13:44:37.899048,cart
U1030,P0281,2026-01-30 13:44:37.899559,cart
U1249,P0389,2025-08-25 13:44:37.899838,cart
U1675,P0353,2025-10-09 13:44:37.900067,wishlist
U1641,P0178,2025-09-27 13:44:37.900276,cart
U1722,P0099,2025-11-26 13:44:37.901671,view
U1323,P0045,2026-03-13 13:44:37.902280,view
U0711,P0266,2025-08-08 13:44:37.902864,wishlist
U1445,P0490,2025-04-30 13:44:37.904100,view
U0970,P0397,2025-07-28 13:44:37.904510,view
U0956,P0080,2025-08-26 13:44:37.904942,cart
U0066,P0293,2025-12-03 13:44:37.905667,view
U0841,P0399,2025-12-04 13:44:37.906034,view
U1616,P0428,2025-11-19 13:44:37.906339,view
U1368,P0354,2026-01-22 13:44:37.906540,purchase
U0781,P0473,2025-07-21 13:44:37.906714,cart
U0919,P0302,2026-03-20 13:44:37.906891,cart
U0312,P0076,2025-06-26 13:44:37.907050,view
U0359,P0276,2025-10-12 13:44:37.907317,view
U0674,P0371,2025-08-25 13:44:37.907507,view
U0238,P0055,2026-02-27 13:44:37.907686,cart
U0808,P0314,2026-01-16 13:44:37.907853,view
U0618,P0152,2025-06-05 13:44:37.908215,view
U0258,P0266,2025-12-04 13:44:37.908434,view
U1760,P0191,2026-01-05 13:44:37.908628,view
U0793,P0414,2025-07-06 13:44:37.908823,view
U1146,P0283,2025-12-20 13:44:37.908999,view
U0843,P0040,2025-11-13 13:44:37.909259,view
U1574,P0190,2026-04-06 13:44:37.909438,view
U0418,P0426,2025-08-01 13:44:37.909618,view
U1837,P0129,2025-07-29 13:44:37.909799,cart
U1193,P0290,2026-04-03 13:44:37.910413,cart
U0223,P0131,2025-08-01 13:44:37.910952,cart
U1053,P0471,2026-03-28 13:44:37.911639,view
U0085,P0231,2025-11-22 13:44:37.911935,cart
U0754,P0451,2025-06-30 13:44:37.912273,view
U0846,P0357,2025-07-29 13:44:37.912512,purchase
U0128,P0383,2026-02-20 13:44:37.915892,view
U1927,P0214,2025-12-17 13:44:37.917409,purchase
U0729,P0005,2025-12-23 13:44:37.917740,view
U1888,P0075,2025-08-06 13:44:37.917943,cart
U1747,P0432,2025-05-09 13:44:37.918126,view
U0486,P0193,2025-08-01 13:44:37.918418,view
U1174,P0232,2025-04-28 13:44:37.918601,view
U1737,P0144,2025-07-14 13:44:37.920491,view
U1528,P0313,2025-11-28 13:44:37.920816,cart
U0818,P0028,2025-07-27 13:44:37.921336,view
U1398,P0017,2025-11-04 13:44:37.921555,view
U1299,P0041,2026-01-17 13:44:37.921741,view
U0915,P0067,2025-05-22 13:44:37.921915,purchase
U0318,P0067,2025-10-27 13:44:37.922490,wishlist
U1690,P0485,2026-02-05 13:44:37.922824,wishlist
U0598,P0113,2025-12-05 13:44:37.924258,view
U1280,P0495,2026-03-25 13:44:37.925222,view
U1422,P0104,2026-04-04 13:44:37.930064,view
U0228,P0170,2026-01-30 13:44:37.930606,view
U1100,P0355,2025-06-08 13:44:37.930861,cart
U0899,P0399,2025-04-11 13:44:37.931100,purchase
U0460,P0051,2025-06-13 13:44:37.931418,wishlist
U1185,P0184,2025-12-29 13:44:37.931639,view
U1596,P0339,2026-01-06 13:44:37.931835,view
U1529,P0343,2026-02-19 13:44:37.932006,view
U1812,P0243,2025-09-06 13:44:37.932855,view
U1553,P0198,2025-12-26 13:44:37.933122,view
U0056,P0265,2025-05-19 13:44:37.934812,view
U0716,P0420,2026-03-07 13:44:37.935263,wishlist
U1345,P0091,2025-11-28 13:44:37.937129,view
U0707,P0170,2025-12-27 13:44:37.937500,view
U0266,P0346,2025-12-07 13:44:37.937791,purchase
U0363,P0032,2025-10-10 13:44:37.938018,view
U0305,P0388,2026-02-16 13:44:37.938242,purchase
U1214,P0020,2025-10-24 13:44:37.938448,view
U0047,P0474,2025-09-18 13:44:37.938651,view
U1903,P0475,2025-10-22 13:44:37.938951,wishlist
U0411,P0099,2025-06-16 13:44:37.939152,view
U1214,P0311,2026-01-23 13:44:37.939351,view
U1841,P0127,2025-12-27 13:44:37.939697,view
U0745,P0384,2025-12-06 13:44:37.940079,view
U1687,P0261,2025-12-14 13:44:37.940317,wishlist
U1654,P0442,2025-04-23 13:44:37.940567,view
U1383,P0124,2026-03-14 13:44:37.940830,cart
U1541,P0021,2025-09-27 13:44:37.941176,wishlist
U1834,P0433,2026-01-01 13:44:37.946048,view
U0840,P0263,2025-04-10 13:44:37.947175,view
U1010,P0033,2025-08-23 13:44:37.947531,view
U0667,P0133,2025-07-30 13:44:37.947931,view
U1695,P0327,2025-06-17 13:44:37.948351,cart
U1127,P0115,2026-03-02 13:44:37.950338,wishlist
U0524,P0208,2025-07-02 13:44:37.951728,cart
U0490,P0256,2025-08-24 13:44:37.952177,purchase
U1707,P0165,2025-07-24 13:44:37.952470,cart
U1293,P0200,2025-06-24 13:44:37.952735,view
U0534,P0001,2025-12-28 13:44:37.953082,view
U1598,P0034,2026-01-19 13:44:37.955633,cart
U0115,P0048,2025-06-25 13:44:37.958599,view
U1190,P0427,2025-12-30 13:44:37.959036,purchase
U0721,P0334,2025-10-11 13:44:37.959477,view
U0351,P0019,2026-03-01 13:44:37.959929,cart
U1801,P0456,2025-10-30 13:44:37.960358,cart
U0555,P0048,2025-06-05 13:44:37.960974,wishlist
U0946,P0363,2025-07-08 13:44:37.961405,view
U1009,P0036,2025-06-07 13:44:37.961725,view
U1848,P0083,2026-02-25 13:44:37.965043,view
U0826,P0102,2025-07-29 13:44:37.965520,view
U1542,P0310,2025-11-07 13:44:37.965766,cart
U1054,P0263,2025-05-23 13:44:37.966809,view
U0497,P0499,2025-09-05 13:44:37.967147,cart
U1609,P0152,2025-05-31 13:44:37.967360,view
U1901,P0290,2025-05-14 13:44:37.967538,view
U0821,P0097,2025-11-18 13:44:37.968044,view
U1008,P0385,2025-05-14 13:44:37.968622,cart
U1709,P0428,2025-08-02 13:44:37.968942,wishlist
U0334,P0300,2025-10-01 13:44:37.969356,view
U1913,P0127,2025-05-07 13:44:37.969631,view
U0978,P0040,2025-10-28 13:44:37.971379,view
U1691,P0159,2025-05-15 13:44:37.972582,view
U0913,P0164,2025-07-13 13:44:37.975394,view
U1247,P0169,2025-04-24 13:44:37.976189,view
U0457,P0053,2025-12-12 13:44:37.977111,view
U1724,P0080,2025-11-18 13:44:37.977698,cart
U1616,P0464,2026-03-22 13:44:37.978880,cart
U0754,P0079,2025-12-05 13:44:37.979299,cart
U0350,P0141,2025-10-10 13:44:37.979567,view
U1780,P0216,2025-08-24 13:44:37.979818,view
U0260,P0447,2026-03-22 13:44:37.980086,view
U0279,P0296,2026-03-27 13:44:37.980480,view
U1322,P0182,2026-01-19 13:44:37.981640,view
U0532,P0193,2025-08-10 13:44:37.982170,wishlist
U0972,P0475,2026-03-15 13:44:37.982927,view
U0048,P0264,2026-01-30 13:44:37.983249,view
U0159,P0172,2025-05-15 13:44:37.985062,view
U1215,P0166,2026-01-27 13:44:37.985403,view
U0820,P0474,2025-04-09 13:44:37.985623,purchase
U0757,P0422,2025-11-21 13:44:37.985970,view
U1129,P0396,2025-10-13 13:44:37.986202,view
U1076,P0004,2025-11-24 13:44:37.986405,view
U1195,P0105,2026-03-02 13:44:37.986601,view
U1388,P0429,2025-07-19 13:44:37.986808,purchase
U0820,P0092,2025-10-04 13:44:37.987100,view
U1211,P0491,2025-09-19 13:44:37.987295,view
U1261,P0312,2025-09-09 13:44:37.994159,view
U1864,P0103,2025-12-10 13:44:37.994932,view
U0683,P0132,2025-12-08 13:44:37.999841,view
U0404,P0216,2025-06-04 13:44:38.000552,cart
U0074,P0023,2026-01-20 13:44:38.000879,cart
U0358,P0456,2026-03-17 13:44:38.001143,cart
U0632,P0015,2025-11-24 13:44:38.002436,view
U0099,P0489,2025-04-11 13:44:38.002806,view
U0738,P0286,2025-12-06 13:44:38.003063,purchase
U1148,P0231,2026-03-31 13:44:38.003289,wishlist
U0828,P0400,2026-01-02 13:44:38.003708,wishlist
U1373,P0103,2025-10-18 13:44:38.004297,view
U1454,P0353,2025-05-04 13:44:38.008236,view
U0342,P0201,2025-11-16 13:44:38.008636,wishlist
U1466,P0399,2026-01-11 13:44:38.008881,wishlist
U1727,P0168,2026-02-13 13:44:38.009172,view
U0100,P0264,2025-08-30 13:44:38.009429,cart
U1781,P0391,2025-12-12 13:44:38.010314,view
U1913,P0043,2025-06-02 13:44:38.010622,cart
U1183,P0007,2025-12-06 13:44:38.010915,view
U0049,P0479,2026-01-28 13:44:38.011278,cart
U1304,P0250,2026-02-12 13:44:38.011608,purchase
U0229,P0067,2025-04-07 13:44:38.011903,view
U0752,P0177,2025-07-23 13:44:38.012074,view
U1909,P0130,2025-04-25 13:44:38.012317,view
U0535,P0151,2025-07-14 13:44:38.012597,view
U1532,P0415,2025-12-20 13:44:38.012766,view
U1687,P0173,2025-10-21 13:44:38.013032,view
U1649,P0379,2025-09-24 13:44:38.013598,view
U1955,P0266,2025-12-07 13:44:38.013815,view
U0286,P0142,2025-06-25 13:44:38.014106,view
U0754,P0246,2025-07-19 13:44:38.014787,wishlist
U0643,P0389,2025-09-23 13:44:38.015003,purchase
U1726,P0449,2025-10-24 13:44:38.016629,purchase
U1968,P0119,2025-12-01 13:44:38.018825,purchase
U1796,P0064,2026-02-17 13:44:38.033282,view
U1431,P0060,2025-05-05 13:44:38.038019,cart
U0986,P0348,2025-10-15 13:44:38.040320,view
U0684,P0223,2025-04-23 13:44:38.043128,view
U1627,P0135,2026-03-30 13:44:38.045024,wishlist
U0147,P0457,2026-01-13 13:44:38.045439,wishlist
U0954,P0374,2025-08-25 13:44:38.047286,view
U1389,P0002,2025-06-03 13:44:38.049873,view
U1240,P0473,2025-08-26 13:44:38.051206,cart
U0627,P0345,2025-07-11 13:44:38.051584,cart
U1363,P0379,2025-06-08 13:44:38.051827,cart
U1775,P0076,2026-03-26 13:44:38.052081,view
U1534,P0358,2025-12-28 13:44:38.052444,purchase
U1669,P0284,2025-11-07 13:44:38.052895,cart
U1732,P0106,2025-07-18 13:44:38.053120,view
U1470,P0116,2025-09-03 13:44:38.054596,wishlist
U1937,P0208,2025-06-11 13:44:38.054971,view
U1420,P0133,2025-04-22 13:44:38.055228,wishlist
U1677,P0212,2025-08-02 13:44:38.055545,cart
U1169,P0154,2026-02-18 13:44:38.055775,view
U0805,P0223,2025-12-07 13:44:38.056000,view
U1278,P0191,2025-08-09 13:44:38.060010,cart
U1582,P0190,2026-01-18 13:44:38.060802,purchase
U0353,P0385,2025-08-19 13:44:38.061182,view
U0742,P0306,2025-07-26 13:44:38.061384,view
U0534,P0039,2026-03-02 13:44:38.061553,cart
U1638,P0426,2025-07-05 13:44:38.061733,view
U0275,P0044,2025-07-19 13:44:38.062018,wishlist
U0562,P0014,2025-05-28 13:44:38.062202,view
U1158,P0138,2026-01-29 13:44:38.079507,view
U0061,P0365,2025-11-15 13:44:38.080862,view
U1993,P0455,2025-11-01 13:44:38.089446,view
U0552,P0349,2025-10-13 13:44:38.090035,view
U1633,P0183,2025-08-23 13:44:38.090275,view
U1893,P0095,2025-06-23 13:44:38.090451,view
U1247,P0238,2025-07-01 13:44:38.090623,purchase
U1871,P0079,2025-09-06 13:44:38.090794,cart
U1792,P0267,2025-06-29 13:44:38.091152,view
U0728,P0080,2025-07-25 13:44:38.091390,view
U0360,P0219,2025-08-02 13:44:38.091612,cart
U0697,P0346,2025-06-30 13:44:38.097652,cart
U0715,P0043,2026-04-04 13:44:38.100426,purchase
U1820,P0476,2025-10-21 13:44:38.100828,cart
U1787,P0234,2025-12-02 13:44:38.101047,purchase
U0267,P0167,2025-04-17 13:44:38.101315,cart
U1840,P0448,2025-12-07 13:44:38.101494,view
U1712,P0460,2025-10-12 13:44:38.101671,view
U1736,P0183,2025-04-22 13:44:38.101858,view
U1069,P0185,2026-01-29 13:44:38.114801,purchase
U1697,P0061,2026-02-05 13:44:38.116382,wishlist
U1364,P0393,2026-01-30 13:44:38.117424,purchase
U0535,P0439,2025-07-15 13:44:38.117702,purchase
U1308,P0481,2025-06-07 13:44:38.124408,view
U0262,P0131,2025-04-26 13:44:38.124784,view
U0997,P0239,2025-04-17 13:44:38.125057,wishlist
U1576,P0121,2025-12-18 13:44:38.125246,view
U1283,P0488,2025-08-23 13:44:38.125408,view
U0634,P0129,2025-11-21 13:44:38.125565,view
U0538,P0056,2025-06-09 13:44:38.125719,cart
U0324,P0265,2025-07-08 13:44:38.125894,purchase
U1200,P0068,2025-06-03 13:44:38.130457,purchase
U1522,P0240,2025-06-11 13:44:38.130749,cart
U0439,P0388,2026-02-26 13:44:38.130971,cart
U1187,P0290,2025-06-02 13:44:38.133543,view
U0016,P0458,2025-10-22 13:44:38.135421,cart
U0296,P0129,2026-01-06 13:44:38.140392,view
U0541,P0413,2025-11-02 13:44:38.152805,view
U1767,P0377,2025-11-27 13:44:38.153259,view
U1060,P0123,2025-06-28 13:44:38.153620,view
U1905,P0098,2026-03-07 13:44:38.153857,purchase
U0554,P0314,2026-03-21 13:44:38.154100,view
U0299,P0152,2025-12-09 13:44:38.154260,cart
U1659,P0198,2026-02-19 13:44:38.154413,view
U1931,P0084,2025-04-19 13:44:38.154565,view
U0997,P0397,2026-01-30 13:44:38.154727,cart
U1119,P0040,2026-03-29 13:44:38.154960,view
U1673,P0333,2025-11-03 13:44:38.155185,cart
U1031,P0093,2026-02-01 13:44:38.155980,view
U0298,P0197,2025-08-01 13:44:38.157162,view
U1598,P0448,2025-09-15 13:44:38.157500,view
U0371,P0151,2026-03-21 13:44:38.157739,view
U0354,P0151,2025-08-30 13:44:38.157943,cart
U1208,P0276,2026-01-15 13:44:38.158205,view
U0304,P0275,2026-03-04 13:44:38.158356,view
U0105,P0246,2025-05-31 13:44:38.158620,view
U1546,P0084,2026-03-22 13:44:38.158876,purchase
U1988,P0459,2025-12-31 13:44:38.159249,purchase
U0389,P0300,2025-09-13 13:44:38.159488,view
U1637,P0054,2025-05-21 13:44:38.159688,view
U1700,P0003,2025-12-02 13:44:38.159853,cart
U1246,P0355,2026-01-22 13:44:38.160015,view
U0510,P0018,2025-07-16 13:44:38.160862,cart
U1195,P0101,2025-10-19 13:44:38.161110,cart
U1251,P0265,2025-04-30 13:44:38.161270,purchase
U1852,P0444,2026-02-07 13:44:38.162060,cart
U0976,P0451,2026-04-04 13:44:38.162493,cart
U1882,P0182,2025-07-30 13:44:38.162969,view
U0702,P0381,2025-07-16 13:44:38.163200,cart
U1814,P0064,2025-10-15 13:44:38.163368,wishlist
U1403,P0064,2025-05-25 13:44:38.163522,purchase
U1658,P0305,2026-02-11 13:44:38.164889,cart
U0682,P0052,2025-08-26 13:44:38.165350,view
U0623,P0122,2025-09-18 13:44:38.165867,wishlist
U0632,P0361,2025-12-20 13:44:38.166268,view
U1263,P0098,2026-03-25 13:44:38.166465,view
U0696,P0280,2025-06-05 13:44:38.166631,view
U1511,P0140,2026-02-28 13:44:38.166835,view
U0788,P0407,2025-04-11 13:44:38.167250,view
U0297,P0275,2025-10-23 13:44:38.167475,view
U1035,P0283,2025-09-08 13:44:38.167799,view
U1680,P0178,2025-08-30 13:44:38.168072,cart
U1879,P0327,2025-11-17 13:44:38.168256,view
U0112,P0091,2025-06-17 13:44:38.168424,view
U0149,P0394,2025-08-17 13:44:38.168732,wishlist
U1856,P0056,2025-11-10 13:44:38.169031,view
U1700,P0398,2026-01-05 13:44:38.169250,view
U0282,P0227,2025-04-06 13:44:38.169440,view
U0593,P0207,2025-04-29 13:44:38.169781,purchase
U0471,P0337,2026-02-26 13:44:38.171811,cart
U1811,P0224,2025-04-18 13:44:38.172424,cart
U1474,P0042,2025-12-13 13:44:38.172798,cart
U0744,P0132,2025-11-27 13:44:38.173098,view
U1811,P0087,2025-06-29 13:44:38.173490,wishlist
U1903,P0058,2025-05-28 13:44:38.173758,cart
U0361,P0274,2025-08-23 13:44:38.174053,view
U1732,P0002,2025-11-25 13:44:38.174458,cart
U1509,P0391,2025-06-11 13:44:38.174733,view
U1454,P0295,2026-03-19 13:44:38.177705,view
U1506,P0385,2025-04-26 13:44:38.178140,view
U1095,P0375,2026-03-17 13:44:38.179551,view
U0366,P0327,2026-01-29 13:44:38.179824,view
U1057,P0167,2025-12-12 13:44:38.180125,view
U1559,P0066,2025-09-14 13:44:38.180324,purchase
U1930,P0333,2025-12-08 13:44:38.180597,view
U0970,P0318,2026-02-27 13:44:38.181549,view
U0473,P0298,2026-03-31 13:44:38.181892,view
U1342,P0403,2025-12-30 13:44:38.182118,cart
U1008,P0256,2025-08-29 13:44:38.182936,view
U1841,P0004,2025-11-14 13:44:38.183347,view
U1314,P0224,2025-04-27 13:44:38.183695,view
U0246,P0268,2025-10-09 13:44:38.183856,view
U1910,P0448,2025-08-26 13:44:38.184305,view
U1018,P0397,2026-01-09 13:44:38.184521,view
U1312,P0335,2026-03-14 13:44:38.184725,view
U1365,P0307,2025-11-16 13:44:38.184886,purchase
U0885,P0192,2025-08-08 13:44:38.185133,purchase
U0633,P0309,2026-02-13 13:44:38.186583,view
U1220,P0410,2025-05-10 13:44:38.187582,view
U0122,P0314,2026-01-31 13:44:38.187919,purchase
U0687,P0230,2025-10-30 13:44:38.188286,purchase
U0416,P0330,2026-01-04 13:44:38.188541,view
U0636,P0112,2025-10-20 13:44:38.188759,view
U1819,P0475,2025-11-16 13:44:38.188986,cart
U0156,P0194,2025-05-24 13:44:38.193443,cart
U1352,P0479,2025-09-14 13:44:38.194259,view
U1511,P0478,2025-04-25 13:44:38.194566,purchase
U0736,P0243,2025-09-06 13:44:38.194749,view
U0934,P0466,2025-07-27 13:44:38.194941,view
U0065,P0150,2025-10-29 13:44:38.197644,view
U1654,P0182,2026-02-04 13:44:38.198143,view
U0922,P0430,2025-07-27 13:44:38.199708,purchase
U1860,P0148,2026-01-07 13:44:38.200242,cart
U0314,P0462,2025-12-31 13:44:38.200510,purchase
U1559,P0450,2025-05-06 13:44:38.200706,purchase
U1564,P0235,2026-01-01 13:44:38.200895,cart
U1571,P0291,2025-12-07 13:44:38.201218,view
U1022,P0092,2025-10-14 13:44:38.201425,view
U1019,P0222,2026-03-03 13:44:38.201613,cart
U1385,P0038,2025-04-23 13:44:38.203660,view
U1317,P0039,2026-04-05 13:44:38.204221,view
U1534,P0446,2026-01-19 13:44:38.204460,view
U0111,P0253,2025-06-15 13:44:38.204658,view
U1506,P0316,2025-10-12 13:44:38.204841,view
U0239,P0177,2025-05-28 13:44:38.205024,view
U1449,P0351,2026-02-01 13:44:38.205221,view
U0927,P0042,2025-08-27 13:44:38.205530,view
U1806,P0120,2026-03-30 13:44:38.207849,view
U0505,P0286,2025-09-30 13:44:38.208335,wishlist
U0782,P0189,2025-05-04 13:44:38.208626,view
U1073,P0349,2025-08-21 13:44:38.208927,view
U0126,P0495,2025-11-18 13:44:38.209323,view
U0829,P0032,2025-11-26 13:44:38.209504,view
U1702,P0219,2025-12-17 13:44:38.209651,view
U0935,P0339,2025-06-28 13:44:38.209808,view
U0855,P0212,2026-03-17 13:44:38.210172,view
U1248,P0386,2025-05-30 13:44:38.210451,view
U1306,P0171,2025-09-26 13:44:38.210758,cart
U1384,P0185,2025-10-03 13:44:38.211482,view
U0652,P0303,2025-04-12 13:44:38.211755,wishlist
U0052,P0149,2025-04-06 13:44:38.211973,view
U0202,P0258,2026-03-22 13:44:38.212391,view
U0688,P0333,2025-07-31 13:44:38.213040,view
U1476,P0137,2025-07-12 13:44:38.214593,view
U0957,P0103,2025-05-04 13:44:38.216225,cart
U1930,P0345,2025-04-07 13:44:38.222503,view
U1479,P0210,2025-12-23 13:44:38.222869,view
U1080,P0231,2025-12-07 13:44:38.223103,cart
U0206,P0387,2025-10-06 13:44:38.228795,cart
U1368,P0410,2026-02-17 13:44:38.230713,cart
U0017,P0023,2025-04-26 13:44:38.231084,view
U0215,P0438,2025-07-27 13:44:38.231333,cart
U1730,P0189,2026-02-28 13:44:38.231551,view
U1770,P0310,2025-10-23 13:44:38.235159,wishlist
U0750,P0237,2026-03-02 13:44:38.236065,cart
U1268,P0332,2025-08-20 13:44:38.237063,view
U0812,P0220,2025-12-28 13:44:38.237554,view
U0019,P0119,2025-12-28 13:44:38.237801,cart
U0491,P0177,2025-09-05 13:44:38.238012,view
U0646,P0447,2026-01-25 13:44:38.238308,wishlist
U0649,P0203,2025-07-20 13:44:38.238568,view
U1839,P0241,2025-07-12 13:44:38.238806,view
U0521,P0025,2025-05-25 13:44:38.239011,view
U1430,P0101,2025-11-03 13:44:38.251698,cart
U1386,P0467,2025-11-02 13:44:38.252167,view
U0066,P0260,2025-06-11 13:44:38.252387,cart
U0811,P0284,2025-05-31 13:44:38.257124,view
U1506,P0232,2026-01-20 13:44:38.258453,purchase
U0707,P0045,2025-12-08 13:44:38.258829,view
U0014,P0255,2025-07-16 13:44:38.259067,view
U1868,P0056,2026-04-03 13:44:38.259774,view
U1965,P0094,2025-04-30 13:44:38.260061,view
U0349,P0194,2025-06-27 13:44:38.260251,view
U0277,P0229,2025-10-24 13:44:38.260416,cart
U1305,P0004,2025-11-01 13:44:38.260645,view
U1791,P0373,2026-03-06 13:44:38.260946,view
U0257,P0071,2025-08-30 13:44:38.261145,purchase
U0849,P0356,2025-06-23 13:44:38.261332,cart
U1002,P0014,2025-11-26 13:44:38.263847,view
U0797,P0049,2026-01-08 13:44:38.264660,cart
U1725,P0380,2026-03-06 13:44:38.267957,view
U1652,P0134,2026-02-20 13:44:38.268389,view
U1265,P0373,2025-05-30 13:44:38.268703,view
U1923,P0300,2026-01-17 13:44:38.268903,view
U0849,P0050,2025-07-13 13:44:38.270148,view
U1951,P0414,2026-03-04 13:44:38.270603,cart
U0615,P0220,2025-08-21 13:44:38.270823,view
U1490,P0212,2025-07-25 13:44:38.270987,cart
U0047,P0409,2025-11-22 13:44:38.271144,view
U0413,P0217,2025-05-07 13:44:38.271302,view
U1464,P0027,2025-09-18 13:44:38.271550,wishlist
U1912,P0111,2026-01-06 13:44:38.271715,cart
U0139,P0095,2025-04-06 13:44:38.271881,cart
U0029,P0316,2026-01-20 13:44:38.272056,cart
U0066,P0159,2025-07-16 13:44:38.272485,wishlist
U0394,P0196,2025-09-08 13:44:38.272987,view
U0420,P0082,2026-02-02 13:44:38.273184,view
U1895,P0423,2025-04-15 13:44:38.273450,wishlist
U0118,P0309,2026-03-09 13:44:38.273637,view
U1646,P0055,2025-10-06 13:44:38.273832,cart
U0469,P0240,2025-12-15 13:44:38.273991,view
U1683,P0160,2025-07-18 13:44:38.274178,cart
U1530,P0037,2025-06-08 13:44:38.274425,view
U0140,P0199,2025-05-31 13:44:38.274597,cart
U1571,P0025,2025-06-11 13:44:38.274771,view
U0860,P0173,2025-11-22 13:44:38.274937,view
U0665,P0291,2025-06-10 13:44:38.275104,view
U0012,P0059,2025-05-03 13:44:38.282770,view
U0717,P0275,2025-07-15 13:44:38.284627,view
U0479,P0306,2025-09-02 13:44:38.285558,view
U1119,P0351,2026-01-27 13:44:38.285910,view
U0681,P0440,2025-09-28 13:44:38.286176,view
U1896,P0233,2025-08-24 13:44:38.286434,view
U0099,P0183,2026-04-05 13:44:38.291705,view
U1491,P0494,2025-10-14 13:44:38.294766,view
U0656,P0040,2025-09-21 13:44:38.297132,view
U1021,P0163,2025-12-04 13:44:38.298000,view
U0404,P0432,2025-06-18 13:44:38.298486,view
U0981,P0235,2025-05-19 13:44:38.298881,cart
U0863,P0201,2025-05-29 13:44:38.299222,view
U0866,P0477,2026-04-03 13:44:38.299422,wishlist
U0200,P0442,2025-07-05 13:44:38.299598,view
U0614,P0059,2025-11-10 13:44:38.299770,view
U1259,P0144,2025-06-02 13:44:38.300378,view
U1676,P0188,2026-01-03 13:44:38.300797,cart
U1647,P0036,2025-07-10 13:44:38.301555,wishlist
U0253,P0309,2025-10-30 13:44:38.301804,view
U1613,P0046,2026-02-07 13:44:38.301982,cart
U1755,P0104,2025-10-05 13:44:38.302165,view
U1271,P0418,2025-08-29 13:44:38.302392,view
U0078,P0034,2025-07-10 13:44:38.302601,view
U0076,P0446,2025-06-10 13:44:38.302761,view
U0009,P0294,2025-10-21 13:44:38.302899,purchase
U0927,P0030,2025-05-28 13:44:38.303492,wishlist
U1356,P0209,2026-02-13 13:44:38.304640,view
U0206,P0243,2025-07-28 13:44:38.304875,view
U1559,P0056,2025-07-27 13:44:38.305046,wishlist
U0146,P0059,2025-10-10 13:44:38.305210,view
U0905,P0175,2025-10-05 13:44:38.305461,view
U1429,P0114,2026-01-23 13:44:38.305636,purchase
U0142,P0478,2025-09-18 13:44:38.305794,view
U0663,P0111,2025-10-13 13:44:38.305947,view
U1268,P0027,2025-06-05 13:44:38.306123,view
U1971,P0358,2025-06-04 13:44:38.306395,cart
U1419,P0294,2025-06-20 13:44:38.306593,cart
U1250,P0381,2025-07-24 13:44:38.307857,purchase
U0945,P0129,2025-05-06 13:44:38.308400,purchase
U0931,P0468,2026-02-15 13:44:38.308942,view
U1343,P0288,2025-08-12 13:44:38.309280,view
U1055,P0047,2025-04-28 13:44:38.309570,cart
U1007,P0278,2025-07-09 13:44:38.309751,cart
U0157,P0022,2025-09-16 13:44:38.310745,view
U0870,P0368,2025-10-13 13:44:38.311908,view
U1849,P0308,2025-08-11 13:44:38.312123,view
U0220,P0479,2026-03-05 13:44:38.312274,cart
U0750,P0157,2025-09-15 13:44:38.312718,view
U1981,P0016,2025-04-29 13:44:38.312924,view
U1677,P0241,2025-08-04 13:44:38.313087,view
U1798,P0477,2025-11-15 13:44:38.313271,view
U0649,P0207,2025-11-20 13:44:38.320424,view
U0710,P0415,2025-08-21 13:44:38.322121,view
U1766,P0414,2025-05-07 13:44:38.322654,cart
U0715,P0455,2025-07-19 13:44:38.330752,view
U0816,P0490,2026-01-16 13:44:38.333749,view
U1845,P0461,2025-09-06 13:44:38.335325,view
U0879,P0348,2026-01-30 13:44:38.335660,view
U0743,P0030,2025-06-08 13:44:38.335853,view
U0199,P0256,2025-10-11 13:44:38.339014,cart
U1281,P0357,2025-07-24 13:44:38.339605,view
U0815,P0287,2025-10-20 13:44:38.339957,view
U0719,P0264,2025-12-29 13:44:38.341477,purchase
U0339,P0440,2026-03-30 13:44:38.342086,cart
U0289,P0447,2025-04-21 13:44:38.342465,purchase
U0575,P0043,2025-09-21 13:44:38.342702,view
U0688,P0250,2026-03-12 13:44:38.343007,cart
U0559,P0450,2026-01-08 13:44:38.344532,view
U0538,P0160,2025-06-14 13:44:38.347861,purchase
U1444,P0173,2026-01-29 13:44:38.348497,view
U0314,P0387,2026-02-10 13:44:38.348827,view
U1132,P0086,2025-07-28 13:44:38.349025,view
U1427,P0299,2025-12-15 13:44:38.349207,wishlist
U1607,P0398,2025-04-15 13:44:38.349479,purchase
U1994,P0117,2025-11-03 13:44:38.349664,view
U1970,P0242,2026-01-11 13:44:38.349841,view
U0242,P0169,2025-04-27 13:44:38.350001,cart
U0335,P0465,2025-12-13 13:44:38.350218,wishlist
U1822,P0217,2025-09-25 13:44:38.354910,view
U1386,P0491,2025-09-26 13:44:38.355720,purchase
U1116,P0388,2025-05-29 13:44:38.356978,view
U1565,P0177,2026-01-15 13:44:38.357359,view
U1759,P0237,2026-04-01 13:44:38.357958,view
U0484,P0157,2026-02-20 13:44:38.358181,purchase
U0677,P0437,2025-08-16 13:44:38.358356,wishlist
U1410,P0004,2025-05-17 13:44:38.358624,view
U0962,P0061,2025-07-15 13:44:38.358790,view
U0525,P0273,2025-09-02 13:44:38.358952,view
U0688,P0328,2025-10-23 13:44:38.360000,wishlist
U1273,P0119,2025-11-09 13:44:38.360795,wishlist
U0740,P0359,2026-03-29 13:44:38.361152,cart
U0962,P0429,2026-02-13 13:44:38.361349,view
U1088,P0236,2025-11-22 13:44:38.364048,view
U1208,P0010,2025-11-01 13:44:38.364725,view
U1424,P0466,2025-07-14 13:44:38.365041,view
U1408,P0472,2025-08-02 13:44:38.365226,view
U1647,P0085,2025-07-08 13:44:38.365515,cart
U1550,P0281,2025-09-06 13:44:38.365819,view
U0630,P0065,2025-06-03 13:44:38.367775,purchase
U1843,P0360,2025-04-23 13:44:38.368400,cart
U1360,P0175,2026-03-22 13:44:38.368709,view
U1981,P0464,2025-10-10 13:44:38.370738,view
U1288,P0016,2025-10-30 13:44:38.375581,view
U1609,P0375,2025-08-31 13:44:38.382028,view
U1343,P0441,2025-11-18 13:44:38.382754,wishlist
U0013,P0493,2025-08-31 13:44:38.383052,view
U0995,P0306,2025-11-01 13:44:38.384863,view
U0376,P0244,2025-12-15 13:44:38.388794,cart
U1429,P0184,2025-09-06 13:44:38.389530,cart
U1745,P0378,2025-11-15 13:44:38.389945,view
U1266,P0347,2026-03-01 13:44:38.390178,cart
U1156,P0452,2026-02-25 13:44:38.390389,cart
U1653,P0002,2026-03-12 13:44:38.390583,view
U1824,P0260,2025-04-13 13:44:38.390866,cart
U0391,P0487,2025-08-28 13:44:38.390995,view
U0089,P0301,2026-01-24 13:44:38.391112,purchase
U1177,P0010,2025-05-27 13:44:38.391263,view
U0223,P0149,2026-01-01 13:44:38.391410,view
U0390,P0425,2025-08-14 13:44:38.391630,view
U1906,P0354,2025-12-25 13:44:38.391801,view
U0852,P0277,2025-12-22 13:44:38.395006,view
U0283,P0165,2025-12-19 13:44:38.397961,view
U0161,P0355,2026-02-26 13:44:38.398550,view
U1431,P0280,2025-10-22 13:44:38.398821,view
U1096,P0290,2025-05-15 13:44:38.399016,purchase
U1666,P0207,2025-11-13 13:44:38.399235,view
U0709,P0349,2025-10-20 13:44:38.399488,view
U1447,P0335,2026-02-03 13:44:38.399652,cart
U0266,P0287,2026-01-07 13:44:38.399814,view
U0468,P0492,2025-05-21 13:44:38.399966,view
U1978,P0045,2026-01-18 13:44:38.400115,cart
U1888,P0351,2025-11-25 13:44:38.400962,wishlist
U1390,P0071,2026-02-16 13:44:38.401457,purchase
U0014,P0464,2025-10-29 13:44:38.401782,view
U0473,P0229,2025-12-31 13:44:38.404023,view
U1521,P0299,2025-04-20 13:44:38.404916,view
U1457,P0035,2025-05-09 13:44:38.406353,view
U1577,P0102,2025-10-14 13:44:38.408089,view
U0229,P0191,2026-02-16 13:44:38.408455,view
U0429,P0095,2026-01-07 13:44:38.408649,view
U1800,P0100,2026-01-29 13:44:38.409015,view
U0483,P0238,2026-02-11 13:44:38.409212,view
U1027,P0456,2025-07-27 13:44:38.409375,view
U0158,P0218,2026-02-24 13:44:38.409530,view
U0809,P0052,2025-08-21 13:44:38.409682,cart
U1197,P0399,2025-11-03 13:44:38.411008,view
U1143,P0004,2026-01-11 13:44:38.411736,view
U1123,P0083,2025-04-30 13:44:38.413124,purchase
U0970,P0321,2025-07-22 13:44:38.413690,purchase
U1715,P0227,2025-10-21 13:44:38.413909,cart
U0428,P0020,2025-07-31 13:44:38.414420,wishlist
U1900,P0356,2025-10-01 13:44:38.414751,view
U1205,P0345,2025-10-04 13:44:38.414966,view
U1266,P0427,2026-02-10 13:44:38.415229,wishlist
U0044,P0284,2025-10-28 13:44:38.415481,cart
U0490,P0053,2025-10-20 13:44:38.415665,view
U1544,P0270,2026-03-19 13:44:38.415858,view
U1176,P0491,2025-06-16 13:44:38.416010,view
U0704,P0494,2025-04-28 13:44:38.416171,cart
U1694,P0082,2026-03-14 13:44:38.417473,view
U1555,P0094,2026-01-26 13:44:38.417738,purchase
U0551,P0111,2025-08-31 13:44:38.418060,view
U0424,P0494,2025-05-16 13:44:38.418352,cart
U1477,P0371,2026-04-05 13:44:38.418529,view
U0012,P0466,2026-01-18 13:44:38.418722,cart
U1533,P0189,2026-03-17 13:44:38.418867,view
U0250,P0357,2026-01-16 13:44:38.419078,view
U0723,P0016,2025-06-12 13:44:38.419238,view
U0888,P0299,2025-10-12 13:44:38.419770,view
U0681,P0034,2025-11-06 13:44:38.421098,view
U0566,P0492,2026-02-24 13:44:38.421395,purchase
U0836,P0005,2026-02-24 13:44:38.421565,view
U1695,P0364,2025-12-23 13:44:38.421752,view
U0684,P0095,2025-11-02 13:44:38.421926,cart
U1248,P0250,2026-04-01 13:44:38.422218,cart
U0986,P0002,2026-01-28 13:44:38.422463,view
U1940,P0339,2025-08-27 13:44:38.423581,wishlist
U1059,P0232,2025-10-05 13:44:38.424269,wishlist
U0608,P0002,2025-12-19 13:44:38.424582,view
U0208,P0373,2025-09-01 13:44:38.424802,view
U1651,P0317,2026-03-17 13:44:38.425022,view
U1348,P0279,2025-04-27 13:44:38.425824,view
U0156,P0312,2025-11-28 13:44:38.429333,wishlist
U0520,P0386,2025-04-11 13:44:38.429828,wishlist
U1905,P0134,2026-03-11 13:44:38.430014,view
U0235,P0450,2025-04-08 13:44:38.430156,view
U0970,P0354,2025-10-05 13:44:38.430292,purchase
U1493,P0294,2025-06-20 13:44:38.431415,view
U1127,P0087,2026-03-02 13:44:38.431784,view
U0427,P0450,2025-08-10 13:44:38.436178,view
U0738,P0250,2025-12-22 13:44:38.436752,view
U1045,P0076,2025-05-29 13:44:38.437941,view
U0158,P0235,2025-10-07 13:44:38.438287,view
U1835,P0305,2025-06-02 13:44:38.438527,view
U1580,P0117,2025-05-05 13:44:38.438880,view
U0834,P0109,2026-03-26 13:44:38.439091,cart
U1496,P0092,2026-02-11 13:44:38.439297,view
U0731,P0173,2025-04-08 13:44:38.439525,wishlist
U1897,P0405,2025-11-25 13:44:38.441354,purchase
U1693,P0357,2026-02-06 13:44:38.442215,cart
U1771,P0403,2026-03-01 13:44:38.442658,cart
U1034,P0002,2025-10-31 13:44:38.442889,view
U1692,P0485,2025-12-16 13:44:38.443106,view
U1124,P0391,2025-12-31 13:44:38.443313,view
U0369,P0018,2025-09-19 13:44:38.445338,view
U0217,P0193,2026-02-01 13:44:38.445708,view
U1726,P0321,2026-01-12 13:44:38.445909,view
U1993,P0332,2025-10-19 13:44:38.446074,view
U0823,P0277,2025-07-19 13:44:38.446466,wishlist
U1813,P0100,2026-01-08 13:44:38.447724,purchase
U1304,P0493,2026-01-16 13:44:38.448249,wishlist
U0704,P0309,2025-09-16 13:44:38.448505,view
U1213,P0368,2026-03-27 13:44:38.449231,view
U1486,P0263,2025-10-12 13:44:38.449630,cart
U1450,P0230,2026-01-01 13:44:38.449839,view
U0666,P0025,2026-03-11 13:44:38.449986,cart
U0886,P0238,2025-11-08 13:44:38.450226,view
U1876,P0314,2025-06-17 13:44:38.450379,cart
U1232,P0344,2025-11-29 13:44:38.450524,view
U1407,P0166,2025-12-16 13:44:38.450665,wishlist
U1132,P0077,2025-08-28 13:44:38.452371,view
U0592,P0141,2025-10-13 13:44:38.452648,view
U1594,P0456,2025-08-26 13:44:38.452816,view
U0849,P0296,2025-05-12 13:44:38.453876,view
U0805,P0130,2025-12-28 13:44:38.454360,view
U1883,P0398,2025-11-17 13:44:38.454679,purchase
U0014,P0499,2025-12-03 13:44:38.455155,view
U0769,P0119,2026-01-20 13:44:38.458193,purchase
U0125,P0198,2025-12-22 13:44:38.459397,wishlist
U0294,P0128,2025-12-14 13:44:38.460099,wishlist
U0351,P0144,2025-10-29 13:44:38.460503,view
U0319,P0063,2025-12-14 13:44:38.460749,purchase
U0427,P0268,2025-05-07 13:44:38.461517,view
U1101,P0420,2026-01-10 13:44:38.461928,view
U1583,P0278,2026-01-20 13:44:38.462258,wishlist
U0945,P0014,2026-03-09 13:44:38.462432,purchase
U1238,P0079,2025-10-18 13:44:38.462594,view
U0960,P0221,2025-08-27 13:44:38.462754,view
U0700,P0446,2025-10-31 13:44:38.462962,cart
U1363,P0278,2025-09-10 13:44:38.464416,cart
U0757,P0341,2025-08-28 13:44:38.464710,view
U0942,P0475,2026-03-09 13:44:38.464893,view
U1364,P0138,2025-11-13 13:44:38.465223,view
U0406,P0097,2026-01-09 13:44:38.465545,view
U0042,P0084,2025-10-06 13:44:38.465747,view
U0705,P0276,2025-12-15 13:44:38.465928,view
U0928,P0306,2025-12-18 13:44:38.466432,cart
U1204,P0168,2026-03-14 13:44:38.466649,view
U0482,P0100,2025-09-21 13:44:38.466932,view
U1750,P0255,2025-06-26 13:44:38.467708,view
U0725,P0269,2025-12-03 13:44:38.467953,view
U1053,P0244,2026-01-03 13:44:38.468198,purchase
U0706,P0228,2025-11-15 13:44:38.469365,cart
U0038,P0231,2025-08-18 13:44:38.469860,cart
U0198,P0125,2025-11-29 13:44:38.470776,view
U0685,P0246,2025-08-07 13:44:38.471348,view
U0271,P0179,2025-05-19 13:44:38.471584,purchase
U0804,P0198,2025-10-27 13:44:38.474179,view
U0515,P0097,2025-12-24 13:44:38.474625,view
U1328,P0288,2025-12-25 13:44:38.474940,view
U0693,P0448,2025-07-07 13:44:38.475388,purchase
U0342,P0263,2025-05-27 13:44:38.475998,view
U0158,P0473,2026-02-12 13:44:38.476305,purchase
U0336,P0414,2026-03-27 13:44:38.478396,cart
U0941,P0193,2025-11-20 13:44:38.478874,view
U0768,P0364,2025-12-24 13:44:38.479137,cart
U1292,P0046,2025-05-10 13:44:38.479557,cart
U1864,P0159,2025-05-17 13:44:38.479802,cart
U0370,P0033,2026-01-27 13:44:38.479989,view
U1152,P0023,2026-01-24 13:44:38.480552,cart
U1532,P0257,2025-05-19 13:44:38.480976,view
U0938,P0257,2026-02-21 13:44:38.481289,view
U1848,P0168,2025-06-01 13:44:38.481540,purchase
U0946,P0474,2025-07-19 13:44:38.481770,view
U0382,P0002,2026-03-09 13:44:38.482002,view
U1819,P0328,2025-05-01 13:44:38.482988,purchase
U1870,P0315,2026-03-22 13:44:38.483263,view
U1337,P0145,2025-07-11 13:44:38.483421,purchase
U1705,P0205,2025-11-21 13:44:38.483574,view
U0343,P0072,2025-12-07 13:44:38.484584,wishlist
U1020,P0021,2025-04-30 13:44:38.484963,cart
U0834,P0401,2025-07-30 13:44:38.485248,view
U1326,P0122,2026-03-03 13:44:38.485426,wishlist
U1162,P0348,2025-10-21 13:44:38.485584,view
U1445,P0049,2025-12-30 13:44:38.485736,cart
U0547,P0203,2025-07-26 13:44:38.486001,cart
U1969,P0023,2025-11-21 13:44:38.486729,view
U1169,P0072,2025-05-30 13:44:38.487209,view
U0307,P0156,2025-10-06 13:44:38.487464,cart
U1782,P0334,2026-02-20 13:44:38.487676,purchase
U0347,P0443,2025-05-24 13:44:38.487867,purchase
U1629,P0314,2025-08-02 13:44:38.488108,cart
U0859,P0393,2025-12-28 13:44:38.488306,purchase
U0998,P0423,2025-08-05 13:44:38.488790,cart
U0046,P0494,2025-05-31 13:44:38.489000,wishlist
U0706,P0383,2026-02-11 13:44:38.489419,cart
U0222,P0154,2026-01-04 13:44:38.489644,cart
U1727,P0249,2025-08-11 13:44:38.489839,wishlist
U0200,P0358,2026-03-26 13:44:38.489992,view
U1615,P0276,2025-08-08 13:44:38.490229,purchase
U1439,P0408,2025-08-29 13:44:38.490563,purchase
U0965,P0099,2025-09-24 13:44:38.490883,view
U1656,P0269,2025-05-02 13:44:38.491159,purchase
U0141,P0059,2025-12-29 13:44:38.491336,view
U0937,P0094,2026-02-04 13:44:38.491688,wishlist
U1179,P0197,2025-06-25 13:44:38.491949,wishlist
U0244,P0028,2025-11-17 13:44:38.492287,view
U1608,P0380,2026-02-14 13:44:38.492621,view
U0608,P0464,2025-09-16 13:44:38.492792,purchase
U1098,P0430,2026-03-17 13:44:38.493097,view
U1640,P0212,2025-06-04 13:44:38.493780,view
U1378,P0073,2025-08-16 13:44:38.494170,cart
U1862,P0023,2025-09-12 13:44:38.494520,view
U1462,P0482,2025-09-11 13:44:38.494741,cart
U0936,P0400,2025-08-22 13:44:38.494945,view
U0050,P0216,2025-12-02 13:44:38.495161,view
U1472,P0331,2026-02-22 13:44:38.496570,view
U1636,P0025,2025-11-15 13:44:38.496913,purchase
U0253,P0005,2025-10-27 13:44:38.497179,view
U1819,P0376,2025-08-31 13:44:38.497370,cart
U1946,P0175,2025-10-23 13:44:38.497566,view
U0668,P0197,2025-08-25 13:44:38.497820,cart
U0738,P0035,2025-05-15 13:44:38.498120,view
U0790,P0043,2025-06-07 13:44:38.498664,wishlist
U1529,P0272,2025-07-01 13:44:38.499077,cart
U0861,P0414,2026-02-04 13:44:38.499475,view
U1641,P0422,2025-04-08 13:44:38.499732,purchase
U0263,P0151,2025-06-28 13:44:38.499958,view
U1951,P0026,2025-10-09 13:44:38.500177,wishlist
U1044,P0187,2026-02-23 13:44:38.500852,view
U1784,P0366,2025-05-03 13:44:38.501131,view
U0389,P0030,2025-09-23 13:44:38.501451,view
U1601,P0026,2025-11-16 13:44:38.501643,view
U1783,P0108,2026-03-30 13:44:38.501854,cart
U1014,P0293,2025-10-12 13:44:38.502091,view
U1375,P0463,2025-11-16 13:44:38.502418,view
U0053,P0048,2025-09-16 13:44:38.502642,view
U1504,P0114,2025-04-25 13:44:38.503612,cart
U1255,P0347,2025-09-03 13:44:38.503982,view
U0853,P0208,2025-06-15 13:44:38.504235,purchase
U0386,P0389,2025-07-01 13:44:38.504396,view
U1400,P0260,2025-05-31 13:44:38.504541,cart
U0617,P0141,2025-10-26 13:44:38.504686,view
U0460,P0024,2026-01-28 13:44:38.504848,cart
U0715,P0051,2026-02-14 13:44:38.505000,cart
U1835,P0456,2026-03-08 13:44:38.505975,cart
U0199,P0292,2025-12-17 13:44:38.506441,cart
U1234,P0045,2025-07-25 13:44:38.506767,view
U0102,P0307,2025-05-03 13:44:38.507044,wishlist
U1745,P0432,2025-11-22 13:44:38.507315,view
U0603,P0271,2025-06-24 13:44:38.509355,cart
U1999,P0174,2025-08-09 13:44:38.509687,wishlist
U1684,P0272,2026-03-06 13:44:38.509994,purchase
U0237,P0064,2025-05-05 13:44:38.510416,cart
U0300,P0063,2025-07-01 13:44:38.510703,wishlist
U0131,P0075,2025-11-05 13:44:38.510883,view
U0787,P0169,2025-04-21 13:44:38.511031,view
U1468,P0410,2025-06-22 13:44:38.511894,cart
U1782,P0359,2025-04-19 13:44:38.512329,view
U1695,P0463,2025-04-11 13:44:38.512627,view
U0351,P0368,2025-11-04 13:44:38.512801,view
U0678,P0462,2025-09-22 13:44:38.512959,cart
U0971,P0225,2025-10-26 13:44:38.513573,view
U0663,P0298,2025-11-19 13:44:38.513773,cart
U1331,P0205,2026-02-15 13:44:38.517519,view
U1754,P0030,2025-12-10 13:44:38.517905,cart
U1321,P0336,2025-08-26 13:44:38.520558,wishlist
U1726,P0094,2025-11-24 13:44:38.521247,cart
U1973,P0195,2025-12-04 13:44:38.529482,cart
U1803,P0472,2025-08-14 13:44:38.530052,view
U0169,P0448,2025-04-18 13:44:38.531023,view
U1730,P0074,2025-05-15 13:44:38.537025,view
U0950,P0062,2025-09-22 13:44:38.537453,cart
U1994,P0115,2025-08-15 13:44:38.537656,view
U1120,P0452,2025-12-16 13:44:38.537829,cart
U1184,P0073,2025-06-17 13:44:38.538063,wishlist
U1535,P0270,2025-10-25 13:44:38.538225,view
U0993,P0377,2025-10-01 13:44:38.539441,view
U0609,P0321,2025-09-30 13:44:38.539747,view
U0493,P0222,2025-08-04 13:44:38.539954,cart
U1152,P0127,2026-03-19 13:44:38.540210,view
U1564,P0447,2026-01-21 13:44:38.540388,purchase
U0942,P0430,2025-05-10 13:44:38.540555,view
U1684,P0146,2026-02-25 13:44:38.540722,view
U0668,P0450,2025-06-21 13:44:38.540928,view
U1721,P0236,2026-02-22 13:44:38.541273,view
U1151,P0233,2025-04-28 13:44:38.542417,view
U1588,P0065,2025-06-20 13:44:38.543218,view
U0317,P0362,2026-01-27 13:44:38.543738,wishlist
U1117,P0213,2025-05-05 13:44:38.544093,purchase
U1809,P0167,2026-02-15 13:44:38.545064,view
U1299,P0478,2025-08-05 13:44:38.545419,view
U1978,P0129,2025-04-28 13:44:38.545611,cart
U0510,P0274,2025-05-10 13:44:38.545772,cart
U0351,P0020,2025-11-25 13:44:38.545940,cart
U0337,P0238,2025-12-09 13:44:38.546174,cart
U0438,P0348,2025-09-28 13:44:38.546348,wishlist
U0639,P0161,2025-08-17 13:44:38.546964,cart
U0853,P0131,2025-09-08 13:44:38.547255,view
U1879,P0252,2025-09-20 13:44:38.547775,view
U0937,P0231,2026-01-21 13:44:38.548211,view
U0716,P0317,2025-12-16 13:44:38.548541,cart
U1485,P0364,2025-12-30 13:44:38.548751,cart
U1790,P0499,2026-02-25 13:44:38.548954,view
U1293,P0351,2025-05-16 13:44:38.549182,view
U1562,P0304,2025-10-02 13:44:38.550165,purchase
U0314,P0264,2025-10-02 13:44:38.551144,view
U0903,P0301,2025-08-26 13:44:38.551467,view
U0426,P0478,2025-06-04 13:44:38.551650,wishlist
U0266,P0121,2025-12-31 13:44:38.551818,view
U0134,P0302,2026-01-27 13:44:38.551982,wishlist
U0340,P0163,2025-09-17 13:44:38.552143,purchase
U0605,P0175,2025-07-10 13:44:38.552406,view
U1122,P0319,2025-05-30 13:44:38.552566,view
U1168,P0390,2026-01-30 13:44:38.552721,wishlist
U1344,P0417,2025-07-14 13:44:38.552901,view
U0528,P0017,2026-01-10 13:44:38.553106,view
U0203,P0120,2025-10-04 13:44:38.553387,view
U1252,P0472,2025-05-08 13:44:38.553601,view
U0144,P0416,2026-03-26 13:44:38.553796,view
U0117,P0366,2026-01-18 13:44:38.554017,view
U1979,P0230,2025-09-11 13:44:38.554276,cart
U0557,P0393,2025-06-12 13:44:38.555919,view
U1446,P0182,2026-01-09 13:44:38.556940,view
U0907,P0210,2025-06-17 13:44:38.557801,view
U0670,P0445,2025-04-12 13:44:38.558183,purchase
U0689,P0262,2025-05-08 13:44:38.558550,view
U1952,P0457,2025-11-15 13:44:38.558768,cart
U1486,P0317,2025-05-15 13:44:38.558978,purchase
U0413,P0412,2025-05-25 13:44:38.559178,view
U1021,P0483,2025-04-18 13:44:38.559460,view
U1543,P0110,2025-06-15 13:44:38.559678,view
U0426,P0482,2025-05-15 13:44:38.559872,wishlist
U0630,P0001,2025-10-20 13:44:38.560135,view
U0801,P0172,2026-03-06 13:44:38.560363,view
U1859,P0017,2025-05-22 13:44:38.560774,view
U0791,P0472,2025-07-20 13:44:38.561009,view
U0097,P0203,2026-03-06 13:44:38.561226,cart
U0714,P0460,2025-11-02 13:44:38.561449,view
U0804,P0210,2025-04-21 13:44:38.561761,purchase
U1107,P0454,2025-10-10 13:44:38.561989,purchase
U0721,P0373,2025-12-18 13:44:38.562251,wishlist
U0269,P0453,2026-03-10 13:44:38.562468,wishlist
U1940,P0094,2025-12-10 13:44:38.562784,view
U1842,P0304,2025-09-21 13:44:38.563005,wishlist
U0350,P0306,2025-07-12 13:44:38.563218,view
U1838,P0307,2025-12-19 13:44:38.563441,wishlist
U1359,P0498,2026-02-15 13:44:38.563748,view
U1387,P0355,2026-01-21 13:44:38.563972,purchase
U1851,P0122,2026-03-24 13:44:38.564920,view
U0829,P0334,2025-07-23 13:44:38.565144,view
U0305,P0246,2026-01-01 13:44:38.565293,view
U0585,P0362,2025-08-31 13:44:38.565527,view
U0220,P0489,2025-04-15 13:44:38.565681,view
U0118,P0422,2026-03-26 13:44:38.565832,cart
U0321,P0355,2025-12-23 13:44:38.566648,wishlist
U1173,P0192,2025-11-20 13:44:38.568410,view
U0435,P0337,2025-08-19 13:44:38.568762,view
U0813,P0195,2025-05-26 13:44:38.569002,view
U1673,P0086,2025-04-08 13:44:38.569233,view
U0476,P0173,2025-06-29 13:44:38.569404,cart
U1206,P0327,2025-07-03 13:44:38.569861,view
U0295,P0432,2026-03-30 13:44:38.570085,wishlist
U1777,P0144,2026-04-03 13:44:38.570341,view
U0873,P0305,2025-08-26 13:44:38.570650,view
U0810,P0265,2025-10-29 13:44:38.570892,cart
U1001,P0032,2025-12-07 13:44:38.571117,cart
U0909,P0068,2025-08-13 13:44:38.571337,purchase
U0284,P0300,2026-02-27 13:44:38.571519,view
U1914,P0017,2026-01-10 13:44:38.571672,view
U0922,P0192,2025-04-22 13:44:38.571817,wishlist
U0986,P0406,2026-04-01 13:44:38.571975,view
U1125,P0223,2025-08-19 13:44:38.572273,cart
U1876,P0243,2025-06-18 13:44:38.572447,view
U0461,P0314,2025-06-04 13:44:38.572595,purchase
U0461,P0295,2025-08-15 13:44:38.572764,wishlist
U1928,P0486,2025-04-29 13:44:38.572909,view
U1083,P0384,2025-09-05 13:44:38.574014,view
U1312,P0141,2025-10-06 13:44:38.574339,cart
U1319,P0401,2026-01-09 13:44:38.574666,view
U1497,P0427,2026-01-13 13:44:38.575281,view
U1406,P0379,2026-03-27 13:44:38.575532,cart
U1714,P0491,2026-03-29 13:44:38.575675,view
U1332,P0110,2026-02-07 13:44:38.575811,view
U0667,P0363,2026-02-07 13:44:38.577443,view
U1328,P0394,2026-01-01 13:44:38.577849,view
U1329,P0018,2025-09-19 13:44:38.578088,view
U1686,P0185,2025-05-02 13:44:38.578780,purchase
U1075,P0153,2025-07-26 13:44:38.579037,cart
U1260,P0114,2025-08-17 13:44:38.579210,view
U1631,P0346,2025-05-28 13:44:38.579618,view
U1747,P0475,2026-02-16 13:44:38.579977,view
U1229,P0279,2025-04-09 13:44:38.580802,view
U0477,P0393,2025-08-10 13:44:38.581492,view
U1213,P0485,2026-01-24 13:44:38.582919,view
U1306,P0490,2025-04-11 13:44:38.584782,view
U1885,P0288,2025-08-12 13:44:38.585933,cart
U1706,P0436,2025-11-24 13:44:38.586280,view
U0080,P0362,2025-12-24 13:44:38.586683,view
U1482,P0137,2025-10-05 13:44:38.586894,view
U1931,P0403,2025-05-25 13:44:38.587308,view
U0003,P0220,2025-12-03 13:44:38.587641,view
U1305,P0086,2025-11-29 13:44:38.588122,view
U1585,P0469,2025-06-21 13:44:38.588472,purchase
U1624,P0475,2025-06-14 13:44:38.588704,wishlist
U1742,P0369,2025-05-25 13:44:38.589034,view
U1746,P0122,2025-11-24 13:44:38.589251,view
U1072,P0005,2025-10-21 13:44:38.589464,cart
U1152,P0343,2025-05-06 13:44:38.589682,purchase
U1115,P0217,2025-11-30 13:44:38.590148,cart
U0974,P0453,2025-08-02 13:44:38.590519,cart
U1857,P0485,2026-02-16 13:44:38.590806,wishlist
U0814,P0092,2025-08-15 13:44:38.591270,view
U0852,P0460,2025-07-03 13:44:38.591549,cart
U0764,P0028,2025-08-25 13:44:38.591781,cart
U1305,P0390,2025-10-01 13:44:38.594445,view
U1462,P0393,2025-06-10 13:44:38.594722,cart
U1183,P0352,2025-11-30 13:44:38.594892,view
U0251,P0244,2025-10-07 13:44:38.595081,view
U1909,P0223,2026-03-13 13:44:38.595320,view
U1243,P0392,2025-10-22 13:44:38.595467,view
U1576,P0398,2026-01-29 13:44:38.595604,view
U1903,P0451,2025-08-11 13:44:38.595754,cart
U1992,P0440,2026-03-03 13:44:38.606798,cart
U0979,P0185,2025-06-18 13:44:38.607101,view
U1047,P0193,2025-07-25 13:44:38.607348,wishlist
U1926,P0168,2025-12-03 13:44:38.607721,view
U1897,P0493,2026-02-08 13:44:38.608105,cart
U0718,P0053,2025-10-02 13:44:38.608317,cart
U0022,P0464,2026-01-29 13:44:38.614330,purchase
U1642,P0471,2026-02-16 13:44:38.615060,view
U1523,P0387,2025-12-19 13:44:38.615330,view
U0216,P0096,2025-07-15 13:44:38.615626,cart
U0198,P0055,2026-03-09 13:44:38.615788,wishlist
U1141,P0331,2025-11-25 13:44:38.615971,view
U0748,P0076,2025-11-22 13:44:38.616123,view
U1068,P0152,2025-06-03 13:44:38.616339,view
U0325,P0500,2025-11-30 13:44:38.616498,view
U0113,P0042,2025-06-15 13:44:38.616639,wishlist
U0103,P0393,2026-03-11 13:44:38.616784,view
U0757,P0155,2025-09-16 13:44:38.616923,view
U1163,P0284,2025-12-27 13:44:38.617060,view
U1463,P0083,2026-01-15 13:44:38.617202,view
U0849,P0298,2025-05-17 13:44:38.617449,view
U1244,P0270,2025-06-03 13:44:38.617587,wishlist
U0940,P0321,2025-04-09 13:44:38.617736,view
U0225,P0446,2025-07-23 13:44:38.617907,purchase
U0922,P0467,2025-05-30 13:44:38.618226,cart
U0898,P0394,2025-09-15 13:44:38.618413,view
U1769,P0221,2025-09-29 13:44:38.618702,purchase
U1018,P0369,2025-06-28 13:44:38.618895,view
U0382,P0129,2025-10-03 13:44:38.619026,view
U0455,P0085,2025-12-15 13:44:38.619164,cart
U0324,P0398,2025-05-12 13:44:38.619294,cart
U0318,P0371,2025-05-22 13:44:38.619521,view
U0353,P0286,2025-04-26 13:44:38.619666,cart
U1261,P0496,2025-12-21 13:44:38.619801,view
U0455,P0140,2025-09-26 13:44:38.619940,view
U0570,P0302,2025-10-29 13:44:38.620232,view
U0159,P0293,2026-01-25 13:44:38.620435,view
U0642,P0380,2025-12-07 13:44:38.620574,view
U0577,P0480,2025-09-21 13:44:38.620711,purchase
U0492,P0145,2025-04-20 13:44:38.620858,view
U1260,P0105,2026-02-08 13:44:38.620994,view
U1193,P0442,2025-10-04 13:44:38.621130,view
U1364,P0085,2026-03-31 13:44:38.621345,view
U0105,P0235,2025-11-18 13:44:38.621497,cart
U1774,P0119,2025-11-07 13:44:38.621638,wishlist
U1595,P0326,2026-01-13 13:44:38.621773,view
U0739,P0232,2025-10-24 13:44:38.621909,view
U1698,P0017,2025-09-11 13:44:38.622153,cart
U1338,P0400,2025-09-14 13:44:38.622300,view
U1030,P0024,2025-07-12 13:44:38.622545,view
U0563,P0242,2025-12-15 13:44:38.622691,view
U1924,P0435,2025-12-03 13:44:38.622856,wishlist
U0620,P0218,2025-04-12 13:44:38.623042,purchase
U1197,P0352,2025-07-17 13:44:38.624709,cart
U0913,P0041,2025-11-27 13:44:38.625381,view
U0584,P0246,2026-01-24 13:44:38.625796,purchase
U1172,P0354,2025-06-21 13:44:38.626094,wishlist
U1424,P0374,2026-02-19 13:44:38.626824,cart
U0686,P0468,2025-07-18 13:44:38.630951,view
U1959,P0021,2025-04-18 13:44:38.638606,view
U0809,P0282,2025-11-24 13:44:38.639068,view
U0369,P0062,2026-01-14 13:44:38.639464,view
U0996,P0409,2025-10-15 13:44:38.639638,view
U0411,P0129,2025-07-02 13:44:38.640246,view
U0763,P0425,2025-04-10 13:44:38.640493,view
U1701,P0477,2025-06-13 13:44:38.640689,view
U1697,P0310,2025-05-20 13:44:38.640853,view
U0897,P0274,2025-04-11 13:44:38.641068,purchase
U0940,P0327,2025-11-14 13:44:38.641231,wishlist
U2000,P0034,2025-09-04 13:44:38.641379,view
U1231,P0327,2026-03-31 13:44:38.641516,view
U0859,P0119,2025-05-24 13:44:38.641659,view
U1505,P0020,2026-01-02 13:44:38.641826,view
U0570,P0058,2026-02-24 13:44:38.642001,cart
U1509,P0163,2025-11-22 13:44:38.643838,view
U0326,P0385,2026-01-13 13:44:38.644587,view
U0781,P0223,2026-02-28 13:44:38.645254,view
U1981,P0014,2025-05-11 13:44:38.645717,view
U0123,P0407,2025-09-21 13:44:38.645899,wishlist
U0597,P0039,2025-11-29 13:44:38.646054,purchase
U0241,P0190,2025-11-06 13:44:38.646685,view
U1838,P0434,2026-02-27 13:44:38.646956,view
U0567,P0211,2025-06-19 13:44:38.647121,cart
U1362,P0295,2026-01-24 13:44:38.647277,view
U1899,P0437,2025-06-11 13:44:38.647525,view
U0098,P0431,2025-09-14 13:44:38.647663,view
U0409,P0189,2026-02-06 13:44:38.647793,cart
U0038,P0254,2026-03-02 13:44:38.647934,purchase
U0291,P0015,2025-05-22 13:44:38.648161,view
U0431,P0474,2026-01-13 13:44:38.648842,view
U1242,P0140,2025-08-06 13:44:38.649064,view
U0486,P0204,2025-10-21 13:44:38.649229,wishlist
U1000,P0307,2025-09-12 13:44:38.649460,view
U0954,P0405,2025-07-04 13:44:38.649596,view
U0226,P0177,2026-02-03 13:44:38.649732,purchase
U0007,P0067,2026-02-17 13:44:38.649870,purchase
U0322,P0192,2025-12-29 13:44:38.650004,view
U1788,P0157,2026-03-21 13:44:38.650153,cart
U1770,P0008,2025-07-12 13:44:38.650413,view
U0606,P0074,2025-11-06 13:44:38.650575,view
U0740,P0103,2025-09-07 13:44:38.650713,view
U0298,P0325,2026-03-06 13:44:38.651269,view
U0623,P0408,2025-11-14 13:44:38.651748,view
U0177,P0114,2025-08-17 13:44:38.651934,cart
U1296,P0374,2025-11-21 13:44:38.652084,purchase
U1963,P0124,2026-02-11 13:44:38.652236,purchase
U1864,P0311,2026-01-11 13:44:38.652468,view
U0662,P0063,2025-07-04 13:44:38.652618,view
U0229,P0483,2025-09-30 13:44:38.652773,purchase
U0995,P0113,2025-08-31 13:44:38.652952,view
U1684,P0127,2025-05-14 13:44:38.653088,view
U0346,P0174,2025-05-11 13:44:38.654415,wishlist
U1171,P0409,2025-04-11 13:44:38.654701,purchase
U1956,P0400,2025-07-21 13:44:38.654943,cart
U0480,P0277,2025-07-15 13:44:38.655190,view
U0757,P0346,2026-01-30 13:44:38.655521,cart
U1609,P0093,2025-11-28 13:44:38.655832,cart
U1889,P0228,2026-01-02 13:44:38.656985,wishlist
U1299,P0009,2025-06-15 13:44:38.657513,view
U1278,P0098,2026-01-16 13:44:38.657734,view
U1570,P0104,2026-03-02 13:44:38.657958,view
U0479,P0407,2025-08-12 13:44:38.658273,view
U0023,P0241,2025-07-05 13:44:38.658477,purchase
U1671,P0200,2026-02-13 13:44:38.658670,cart
U1453,P0295,2025-05-07 13:44:38.661311,cart
U0251,P0437,2026-01-05 13:44:38.661776,wishlist
U1413,P0427,2025-10-28 13:44:38.662064,view
U1926,P0165,2025-06-04 13:44:38.662283,cart
U0343,P0031,2025-04-06 13:44:38.662615,view
U1288,P0057,2025-11-22 13:44:38.662777,view
U0328,P0275,2025-04-22 13:44:38.662933,view
U1348,P0105,2025-07-31 13:44:38.663628,purchase
U1669,P0138,2026-03-30 13:44:38.663831,cart
U0931,P0189,2025-08-02 13:44:38.664102,view
U0847,P0392,2025-09-09 13:44:38.664420,cart
U1925,P0304,2026-04-06 13:44:38.665114,view
U1286,P0218,2025-05-02 13:44:38.665463,purchase
U1082,P0302,2025-11-05 13:44:38.665868,wishlist
U0055,P0397,2025-11-23 13:44:38.666142,view
U0770,P0092,2025-06-08 13:44:38.667025,view
U1328,P0340,2026-03-29 13:44:38.667370,view
U1205,P0485,2026-03-03 13:44:38.667556,wishlist
U0254,P0095,2025-05-08 13:44:38.667716,cart
U0124,P0201,2025-11-27 13:44:38.667873,view
U0042,P0303,2025-09-29 13:44:38.668048,cart
U0751,P0360,2025-10-28 13:44:38.668337,view
U1646,P0016,2025-12-06 13:44:38.668543,view
U1579,P0162,2025-05-25 13:44:38.668747,cart
U1627,P0219,2026-02-24 13:44:38.668933,view
U1719,P0041,2025-08-19 13:44:38.669106,cart
U1442,P0387,2026-01-07 13:44:38.669488,cart
U1783,P0248,2025-06-21 13:44:38.669708,view
U1430,P0232,2025-11-28 13:44:38.669926,purchase
U1382,P0209,2025-05-31 13:44:38.670142,cart
U0655,P0088,2025-06-22 13:44:38.670359,view
U0687,P0204,2025-09-05 13:44:38.670696,wishlist
U1542,P0163,2026-01-24 13:44:38.670905,purchase
U1422,P0369,2025-09-15 13:44:38.671112,cart
U0989,P0283,2025-11-21 13:44:38.671625,view
U0243,P0277,2025-07-08 13:44:38.671897,view
U1324,P0017,2025-08-07 13:44:38.672119,view
U1956,P0329,2025-05-13 13:44:38.672329,view
U0584,P0015,2025-07-28 13:44:38.672647,view
U0486,P0460,2026-01-18 13:44:38.672862,view
U0134,P0168,2025-11-08 13:44:38.673067,wishlist
U1053,P0191,2025-04-29 13:44:38.674177,purchase
U0136,P0245,2025-10-04 13:44:38.675174,wishlist
U0368,P0380,2025-08-25 13:44:38.677757,view
U1674,P0094,2025-09-21 13:44:38.678135,view
U0358,P0093,2026-02-01 13:44:38.678421,view
U0273,P0031,2026-01-17 13:44:38.679066,wishlist
U1801,P0042,2025-08-24 13:44:38.679449,view
U0736,P0363,2025-06-12 13:44:38.679639,view
U1294,P0420,2025-06-07 13:44:38.679815,cart
U0456,P0232,2025-04-13 13:44:38.679998,purchase
U0888,P0456,2025-12-23 13:44:38.680662,purchase
U1776,P0414,2025-07-28 13:44:38.681514,view
U1382,P0500,2026-03-04 13:44:38.681810,view
U0862,P0242,2025-11-21 13:44:38.681975,view
U0637,P0053,2025-09-23 13:44:38.682146,purchase
U0013,P0336,2025-11-10 13:44:38.682298,view
U1688,P0358,2025-11-07 13:44:38.682556,view
U0008,P0014,2025-05-03 13:44:38.682724,view
U0500,P0045,2025-08-27 13:44:38.682872,purchase
U1853,P0269,2025-08-14 13:44:38.683053,wishlist
U0799,P0333,2025-11-17 13:44:38.683210,view
U0249,P0443,2025-11-13 13:44:38.683829,purchase
U1512,P0440,2025-09-27 13:44:38.684019,wishlist
U0500,P0440,2025-08-06 13:44:38.684188,view
U1267,P0117,2025-09-15 13:44:38.684598,view
U1118,P0015,2025-04-07 13:44:38.684842,cart
U1660,P0476,2025-07-11 13:44:38.685002,view
U1658,P0105,2025-08-08 13:44:38.687378,cart
U0253,P0490,2025-11-13 13:44:38.687830,cart
U0455,P0120,2025-11-22 13:44:38.690631,wishlist
U1111,P0272,2025-08-28 13:44:38.691068,view
U0945,P0014,2026-03-10 13:44:38.691280,cart
U0800,P0145,2025-11-21 13:44:38.691510,wishlist
U1662,P0445,2025-07-29 13:44:38.691678,wishlist
U0266,P0243,2025-08-13 13:44:38.691820,view
U1354,P0089,2025-09-01 13:44:38.691966,cart
U1799,P0075,2026-01-14 13:44:38.696906,cart
U1575,P0179,2025-07-28 13:44:38.697322,view
U0578,P0483,2025-07-27 13:44:38.697598,view
U0197,P0372,2026-01-09 13:44:38.697817,view
U1810,P0240,2025-10-08 13:44:38.698013,purchase
U0915,P0054,2025-07-19 13:44:38.698192,view
U0991,P0324,2026-01-03 13:44:38.698370,view
U1875,P0492,2026-03-05 13:44:38.698744,view
U1675,P0147,2025-04-19 13:44:38.698976,view
U1986,P0461,2026-02-25 13:44:38.699135,cart
U0090,P0004,2025-12-30 13:44:38.699302,view
U1890,P0464,2026-03-25 13:44:38.699453,view
U1161,P0174,2026-03-31 13:44:38.699673,view
U1658,P0076,2026-03-05 13:44:38.699841,wishlist
U1066,P0016,2026-01-02 13:44:38.700024,cart
U1019,P0130,2025-08-05 13:44:38.700195,view
U0347,P0379,2025-08-09 13:44:38.700369,view
U0350,P0105,2025-12-16 13:44:38.700627,view
U0191,P0313,2025-06-13 13:44:38.702328,view
U1948,P0308,2026-03-20 13:44:38.702727,wishlist
U0924,P0121,2025-08-02 13:44:38.702984,cart
U1482,P0036,2025-05-07 13:44:38.703353,cart
U1608,P0413,2025-12-23 13:44:38.704226,view
U1831,P0416,2025-05-26 13:44:38.704560,view
U0034,P0161,2025-07-30 13:44:38.704742,view
U1833,P0380,2026-04-05 13:44:38.704902,view
U0035,P0404,2025-10-02 13:44:38.705072,view
U0388,P0142,2026-02-24 13:44:38.705218,cart
U1517,P0296,2025-08-06 13:44:38.705437,view
U1599,P0337,2025-08-21 13:44:38.705598,view
U1215,P0343,2025-12-30 13:44:38.705837,view
U1584,P0158,2026-01-19 13:44:38.707025,view
U1636,P0448,2025-12-02 13:44:38.707832,view
U1617,P0066,2026-03-05 13:44:38.708504,view
U1678,P0313,2025-11-28 13:44:38.708934,wishlist
U1813,P0125,2025-06-04 13:44:38.709202,cart
U1371,P0448,2025-06-28 13:44:38.709451,view
U1782,P0187,2025-06-02 13:44:38.709776,wishlist
U0259,P0322,2025-08-01 13:44:38.710025,purchase
U0871,P0216,2026-03-31 13:44:38.710256,view
U0916,P0424,2025-05-31 13:44:38.710740,wishlist
U1399,P0020,2025-11-24 13:44:38.711292,cart
U1150,P0337,2025-07-27 13:44:38.711615,wishlist
U0924,P0188,2025-04-20 13:44:38.711944,view
U0969,P0099,2025-05-05 13:44:38.712264,view
U0833,P0083,2025-09-19 13:44:38.712908,cart
U1798,P0252,2025-07-14 13:44:38.713270,view
U1712,P0006,2025-06-15 13:44:38.713543,view
U1795,P0179,2025-10-24 13:44:38.713873,view
U1515,P0483,2026-02-14 13:44:38.715197,cart
U0059,P0283,2025-09-26 13:44:38.716379,view
U1209,P0233,2026-02-07 13:44:38.716721,view
U0390,P0004,2025-11-10 13:44:38.716881,view
U1244,P0044,2025-12-28 13:44:38.717020,view
U1552,P0178,2025-12-23 13:44:38.717160,view
U0241,P0102,2025-08-13 13:44:38.717303,view
U0627,P0070,2025-05-12 13:44:38.717512,purchase
U1376,P0462,2025-11-07 13:44:38.717662,purchase
U0916,P0450,2026-02-08 13:44:38.717804,view
U0429,P0105,2026-01-23 13:44:38.717956,view
U1661,P0051,2025-05-31 13:44:38.718112,wishlist
U0514,P0121,2025-09-22 13:44:38.719637,view
U1104,P0439,2025-09-20 13:44:38.720055,view
U0753,P0129,2025-06-09 13:44:38.720595,purchase
U0291,P0295,2025-10-03 13:44:38.720993,view
U1700,P0018,2025-05-02 13:44:38.722338,view
U0374,P0438,2025-12-09 13:44:38.722673,purchase
U1323,P0095,2025-04-06 13:44:38.726777,view
U1517,P0498,2025-07-20 13:44:38.727075,purchase
U0769,P0053,2025-08-29 13:44:38.727883,view
U0439,P0150,2025-04-28 13:44:38.728258,cart
U0030,P0461,2025-05-31 13:44:38.729567,view
U1138,P0320,2025-07-09 13:44:38.730023,wishlist
U0514,P0354,2025-08-24 13:44:38.730652,cart
U1757,P0419,2026-01-09 13:44:38.731477,view
U0365,P0208,2026-03-16 13:44:38.731892,view
U0875,P0087,2025-11-14 13:44:38.732182,purchase
U0428,P0492,2025-05-23 13:44:38.732422,view
U1866,P0306,2026-03-06 13:44:38.732660,cart
U1678,P0412,2025-07-07 13:44:38.732883,view
U1545,P0270,2025-05-12 13:44:38.734683,view
U0907,P0446,2026-01-27 13:44:38.734959,wishlist
U0697,P0259,2025-11-30 13:44:38.735532,cart
U1240,P0012,2025-08-18 13:44:38.736838,view
U1938,P0222,2026-03-16 13:44:38.739187,cart
U1592,P0276,2025-05-27 13:44:38.739575,view
U0886,P0249,2025-06-01 13:44:38.739829,view
U0521,P0137,2025-09-17 13:44:38.740164,cart
U1785,P0099,2026-04-03 13:44:38.740465,view
U1921,P0380,2025-11-02 13:44:38.740670,view
U1196,P0475,2026-03-11 13:44:38.740876,view
U1390,P0061,2025-12-04 13:44:38.741211,view
U1323,P0463,2025-08-03 13:44:38.741422,purchase
U0815,P0437,2025-09-14 13:44:38.741625,view
U1310,P0449,2025-11-09 13:44:38.741833,view
U1758,P0407,2026-03-20 13:44:38.742052,purchase
U1345,P0384,2025-09-06 13:44:38.743175,wishlist
U0736,P0385,2025-12-16 13:44:38.744045,cart
U0464,P0175,2025-07-27 13:44:38.744453,view
U1012,P0466,2026-02-18 13:44:38.744978,purchase
U0735,P0496,2025-08-16 13:44:38.745607,cart
U1683,P0272,2025-04-23 13:44:38.745936,purchase
U0099,P0478,2026-01-15 13:44:38.746147,view
U1886,P0460,2026-03-31 13:44:38.746325,cart
U0494,P0246,2025-09-28 13:44:38.746490,view
U1274,P0489,2025-12-28 13:44:38.746659,view
U1907,P0021,2025-06-25 13:44:38.747043,view
U0778,P0476,2026-03-05 13:44:38.747488,view
U0343,P0016,2026-02-27 13:44:38.747801,view
U0390,P0056,2025-10-24 13:44:38.747968,wishlist
U0862,P0203,2025-09-29 13:44:38.748138,view
U0427,P0345,2025-04-24 13:44:38.748876,view
U1577,P0190,2026-02-17 13:44:38.749138,cart
U1124,P0461,2025-06-12 13:44:38.749362,cart
U1966,P0080,2025-11-07 13:44:38.749594,view
U0269,P0136,2025-12-09 13:44:38.749770,view
U1081,P0309,2025-12-14 13:44:38.749936,view
U1524,P0368,2025-05-07 13:44:38.750096,view
U1246,P0316,2025-10-06 13:44:38.750252,view
U1239,P0247,2025-07-07 13:44:38.750413,view
U0484,P0090,2025-11-26 13:44:38.750660,view
U0863,P0088,2025-05-25 13:44:38.750824,cart
U1820,P0108,2025-11-22 13:44:38.750980,view
U1761,P0395,2026-04-03 13:44:38.751130,view
U1737,P0119,2025-11-14 13:44:38.751281,view
U0408,P0176,2025-09-20 13:44:38.751539,view
U0512,P0050,2025-05-30 13:44:38.751728,view
U1213,P0394,2025-05-05 13:44:38.751899,wishlist
U0325,P0223,2025-05-15 13:44:38.752061,view
U1486,P0070,2025-04-30 13:44:38.752217,wishlist
U0712,P0209,2025-08-10 13:44:38.752863,cart
U1173,P0496,2025-10-15 13:44:38.757859,wishlist
U0168,P0129,2025-12-16 13:44:38.759033,view
U0736,P0186,2025-06-03 13:44:38.759539,view
U1699,P0045,2025-12-18 13:44:38.760033,wishlist
U0284,P0276,2025-04-24 13:44:38.760706,cart
U0470,P0377,2026-01-21 13:44:38.761167,cart
U0145,P0216,2025-09-22 13:44:38.761394,view
U0833,P0223,2026-03-10 13:44:38.761566,view
U1554,P0431,2026-01-17 13:44:38.761732,cart
U1272,P0186,2025-08-20 13:44:38.761920,cart
U1370,P0286,2025-04-29 13:44:38.762208,view
U1352,P0291,2025-08-02 13:44:38.762408,view
U0434,P0161,2026-02-16 13:44:38.762854,cart
U1425,P0076,2025-08-07 13:44:38.763141,view
U1868,P0449,2025-09-27 13:44:38.763513,purchase
U0757,P0470,2025-08-06 13:44:38.763901,cart
U1195,P0148,2025-07-03 13:44:38.764089,purchase
U0043,P0298,2025-05-17 13:44:38.764319,view
U0729,P0068,2026-02-01 13:44:38.764462,view
U1038,P0084,2025-05-29 13:44:38.764760,view
U1908,P0034,2025-12-25 13:44:38.765024,view
U0001,P0014,2026-01-30 13:44:38.765234,view
U1372,P0111,2026-03-04 13:44:38.765396,view
U1759,P0013,2026-03-07 13:44:38.765562,cart
U0558,P0418,2025-08-03 13:44:38.765729,view
U0617,P0374,2025-08-02 13:44:38.765890,view
U1509,P0385,2025-08-03 13:44:38.766141,cart
U1028,P0448,2025-11-22 13:44:38.766340,view
U0967,P0467,2026-01-02 13:44:38.766527,view
U1950,P0103,2025-10-11 13:44:38.766714,view
U0204,P0349,2025-07-02 13:44:38.766911,view
U1598,P0281,2025-05-03 13:44:38.767405,cart
U1202,P0047,2025-05-03 13:44:38.767912,view
U0956,P0435,2026-02-15 13:44:38.768156,cart
U1344,P0383,2026-02-23 13:44:38.769723,cart
U1841,P0103,2025-09-06 13:44:38.770620,view
U1395,P0031,2025-07-22 13:44:38.774972,cart
U0298,P0396,2025-10-27 13:44:38.776957,view
U0009,P0133,2025-06-04 13:44:38.777546,view
U0646,P0429,2025-09-03 13:44:38.778932,view
U1785,P0396,2026-04-06 13:44:38.779289,view
U0146,P0267,2026-03-10 13:44:38.779494,cart
U1949,P0107,2025-07-29 13:44:38.779771,wishlist
U1935,P0124,2026-02-28 13:44:38.779953,view
U0951,P0288,2025-10-05 13:44:38.780138,view
U0280,P0035,2026-02-09 13:44:38.780466,view
U1286,P0255,2026-02-26 13:44:38.781424,view
U1701,P0088,2026-03-28 13:44:38.781738,view
U1427,P0468,2025-06-15 13:44:38.781954,cart
U1855,P0060,2025-04-21 13:44:38.782167,wishlist
U0759,P0455,2025-05-27 13:44:38.782795,cart
U0786,P0424,2025-05-01 13:44:38.783120,view
U1934,P0284,2025-10-12 13:44:38.785671,wishlist
U0913,P0026,2025-08-21 13:44:38.786387,cart
U1868,P0243,2025-07-16 13:44:38.786775,wishlist
U1451,P0313,2025-11-20 13:44:38.786983,view
U0922,P0245,2025-12-28 13:44:38.787157,cart
U1249,P0168,2025-09-07 13:44:38.787321,cart
U1730,P0404,2026-04-04 13:44:38.787483,view
U1112,P0193,2025-05-14 13:44:38.787737,view
U1257,P0036,2025-10-23 13:44:38.793016,view
U0889,P0196,2026-03-01 13:44:38.797285,view
U1486,P0350,2025-11-22 13:44:38.797533,cart
U1213,P0175,2025-10-01 13:44:38.797784,cart
U0776,P0452,2025-08-06 13:44:38.802761,view
U1753,P0032,2026-03-19 13:44:38.803207,view
U0372,P0451,2025-12-22 13:44:38.803483,view
U0953,P0095,2026-01-02 13:44:38.803662,view
U0722,P0489,2025-12-08 13:44:38.803826,cart
U0181,P0186,2026-03-17 13:44:38.804002,purchase
U1956,P0242,2025-08-31 13:44:38.804244,cart
U1338,P0227,2025-06-03 13:44:38.804415,cart
U1146,P0014,2025-10-22 13:44:38.804568,view
U0913,P0338,2026-03-25 13:44:38.804718,cart
U0937,P0222,2025-07-28 13:44:38.804861,view
U1147,P0257,2025-05-28 13:44:38.805005,cart
U1312,P0049,2025-06-25 13:44:38.806517,view
U0272,P0283,2026-01-07 13:44:38.807587,cart
U0943,P0071,2025-06-04 13:44:38.808100,view
U1465,P0319,2025-04-07 13:44:38.808829,cart
U1284,P0354,2025-06-09 13:44:38.809085,view
U1942,P0187,2026-01-17 13:44:38.810041,view
U1629,P0432,2025-11-01 13:44:38.810938,view
U1041,P0130,2026-03-19 13:44:38.811409,purchase
U0539,P0433,2026-02-13 13:44:38.811653,view
U1713,P0430,2026-03-12 13:44:38.811869,view
U1185,P0353,2025-05-11 13:44:38.812453,view
U1860,P0424,2025-07-08 13:44:38.812843,cart
U0796,P0073,2025-04-17 13:44:38.813425,wishlist
U0364,P0464,2025-06-06 13:44:38.813975,wishlist
U1759,P0391,2025-05-24 13:44:38.814776,cart
U0260,P0008,2025-04-28 13:44:38.815786,view
U0115,P0090,2025-10-16 13:44:38.816069,cart
U1934,P0458,2025-05-20 13:44:38.816838,purchase
U0456,P0323,2026-01-18 13:44:38.817105,view
U0017,P0234,2025-04-26 13:44:38.817316,view
U1507,P0219,2025-08-29 13:44:38.817512,view
U0156,P0392,2026-04-06 13:44:38.817791,cart
U0117,P0500,2026-03-07 13:44:38.817996,cart
U1539,P0491,2026-04-06 13:44:38.818171,view
U0138,P0252,2026-03-13 13:44:38.818350,view
U1978,P0188,2025-11-05 13:44:38.821956,view
U0012,P0026,2025-12-31 13:44:38.822746,purchase
U1386,P0493,2025-05-08 13:44:38.823440,wishlist
U0402,P0012,2025-06-11 13:44:38.824177,view
U1936,P0175,2025-12-18 13:44:38.824657,view
U1244,P0476,2025-10-14 13:44:38.825264,purchase
U0565,P0460,2026-04-04 13:44:38.825612,cart
U0907,P0455,2025-06-15 13:44:38.825810,cart
U0488,P0343,2025-06-04 13:44:38.826185,purchase
U1476,P0494,2025-12-06 13:44:38.827725,view
U1021,P0217,2026-01-15 13:44:38.828436,view
U0215,P0424,2026-03-02 13:44:38.828871,cart
U0626,P0219,2025-05-15 13:44:38.829109,view
U0799,P0132,2025-05-23 13:44:38.829372,view
U0781,P0012,2026-01-26 13:44:38.829549,view
U1832,P0478,2026-03-03 13:44:38.832104,view
U1450,P0145,2025-09-25 13:44:38.832382,view
U1956,P0233,2025-06-04 13:44:38.832547,view
U0595,P0220,2026-02-24 13:44:38.832858,purchase
U1270,P0112,2025-12-03 13:44:38.834072,cart
U1603,P0489,2026-01-18 13:44:38.834341,view
U1034,P0088,2025-10-15 13:44:38.834612,cart
U1516,P0468,2026-03-24 13:44:38.834901,cart
U1033,P0399,2025-11-27 13:44:38.835071,purchase
U0491,P0052,2025-07-05 13:44:38.835324,view
U1520,P0480,2026-02-09 13:44:38.835511,purchase
U0737,P0307,2025-09-15 13:44:38.835655,view
U1339,P0277,2025-06-12 13:44:38.835865,cart
U1010,P0190,2025-12-31 13:44:38.836013,view
U1565,P0124,2025-04-29 13:44:38.836862,view
U0057,P0198,2025-09-15 13:44:38.837500,purchase
U1735,P0453,2025-10-17 13:44:38.837942,view
U1616,P0160,2026-02-13 13:44:38.838245,view
U0990,P0120,2025-06-25 13:44:38.838490,purchase
U0290,P0006,2025-09-27 13:44:38.838804,cart
U1557,P0170,2026-02-21 13:44:38.839026,purchase
U1874,P0357,2026-03-16 13:44:38.839223,view
U0452,P0132,2025-07-18 13:44:38.839507,view
U0820,P0015,2025-08-24 13:44:38.839699,cart
U1431,P0153,2025-09-05 13:44:38.839904,purchase
U0448,P0435,2025-08-24 13:44:38.840140,view
U1554,P0361,2025-04-19 13:44:38.840376,view
U0177,P0200,2025-09-05 13:44:38.842138,view
U0442,P0473,2025-06-25 13:44:38.842587,view
U1709,P0405,2025-12-03 13:44:38.842888,purchase
U1086,P0222,2025-07-20 13:44:38.843131,purchase
U1380,P0301,2025-05-28 13:44:38.843776,purchase
U1768,P0489,2026-03-11 13:44:38.844031,cart
U1825,P0077,2025-04-27 13:44:38.844258,view
U0633,P0206,2025-09-23 13:44:38.845374,purchase
U0888,P0397,2026-01-06 13:44:38.845921,view
U0767,P0055,2025-06-11 13:44:38.846383,view
U1120,P0388,2025-04-20 13:44:38.846746,view
U1230,P0182,2025-09-26 13:44:38.847010,view
U1337,P0176,2026-03-21 13:44:38.847211,view
U1407,P0445,2025-04-11 13:44:38.847414,cart
U1392,P0046,2026-03-03 13:44:38.847697,purchase
U1167,P0318,2025-07-05 13:44:38.848037,view
U0151,P0175,2025-08-26 13:44:38.848274,cart
U0024,P0280,2026-03-27 13:44:38.848499,view
U0705,P0225,2025-04-12 13:44:38.849010,view
U0828,P0426,2025-09-03 13:44:38.849270,cart
U0417,P0083,2025-09-28 13:44:38.849450,cart
U0314,P0092,2025-08-26 13:44:38.849695,cart
U0962,P0213,2025-12-26 13:44:38.849913,view
U1341,P0461,2026-01-18 13:44:38.850104,view
U1985,P0416,2025-10-08 13:44:38.850288,view
U0306,P0198,2025-09-27 13:44:38.850458,view
U0864,P0079,2026-03-05 13:44:38.850728,view
U0193,P0072,2025-05-23 13:44:38.851434,purchase
U0477,P0405,2026-01-27 13:44:38.851928,cart
U1088,P0332,2025-07-23 13:44:38.852193,view
U1985,P0286,2025-10-06 13:44:38.852407,view
U0918,P0359,2026-04-03 13:44:38.852596,view
U0582,P0156,2025-05-25 13:44:38.852780,view
U1680,P0390,2025-07-26 13:44:38.853044,view
U0008,P0263,2025-05-19 13:44:38.853224,wishlist
U0309,P0025,2025-07-02 13:44:38.853673,view
U1246,P0004,2025-11-26 13:44:38.854530,view
U1475,P0284,2025-11-20 13:44:38.855309,view
U0329,P0395,2026-02-22 13:44:38.856746,view
U1994,P0032,2025-06-12 13:44:38.857418,cart
U1021,P0013,2025-05-03 13:44:38.857768,cart
U1947,P0161,2026-03-29 13:44:38.858085,view
U0451,P0423,2025-06-19 13:44:38.858393,view
U0995,P0119,2025-09-11 13:44:38.858823,wishlist
U1578,P0217,2026-02-24 13:44:38.859051,cart
U0770,P0127,2025-04-22 13:44:38.859244,view
U0061,P0345,2025-08-27 13:44:38.859439,view
U0501,P0327,2025-07-31 13:44:38.859634,view
U1384,P0431,2025-10-03 13:44:38.859913,view
U1098,P0263,2025-08-29 13:44:38.860099,view
U0478,P0026,2025-08-14 13:44:38.860249,view
U1026,P0190,2025-06-13 13:44:38.860718,view
U0191,P0027,2025-12-24 13:44:38.861112,view
U1017,P0333,2025-05-15 13:44:38.861401,view
U0560,P0192,2026-02-19 13:44:38.861833,cart
U0228,P0342,2025-11-29 13:44:38.862126,purchase
U0336,P0036,2026-01-08 13:44:38.864078,view
U1726,P0112,2025-06-19 13:44:38.864586,view
U1650,P0289,2025-11-20 13:44:38.864846,view
U0686,P0486,2025-05-18 13:44:38.865080,view
U1562,P0397,2025-04-22 13:44:38.865442,cart
U0793,P0167,2026-01-08 13:44:38.866009,view
U0002,P0490,2025-09-18 13:44:38.866779,wishlist
U0680,P0225,2025-12-31 13:44:38.867431,cart
U0768,P0042,2026-01-21 13:44:38.867667,view
U0856,P0446,2026-01-28 13:44:38.870133,view
U1037,P0452,2026-01-21 13:44:38.871317,cart
U1202,P0158,2025-11-01 13:44:38.871680,view
U0524,P0492,2025-08-09 13:44:38.872440,view
U0535,P0468,2025-10-20 13:44:38.872898,purchase
U1886,P0198,2026-02-15 13:44:38.873115,view
U0461,P0335,2026-03-21 13:44:38.873796,wishlist
U0463,P0137,2025-04-29 13:44:38.874392,view
U0524,P0276,2025-09-12 13:44:38.874984,view
U0002,P0092,2026-01-14 13:44:38.875451,view
U0431,P0479,2026-01-25 13:44:38.878011,view
U1145,P0163,2026-01-04 13:44:38.878332,view
U1764,P0378,2025-06-23 13:44:38.878501,view
U1932,P0013,2025-12-23 13:44:38.878961,view
U1172,P0139,2025-05-30 13:44:38.879213,view
U0080,P0040,2026-03-01 13:44:38.879417,view
U1321,P0207,2025-07-07 13:44:38.881394,purchase
U0614,P0451,2025-12-18 13:44:38.881780,view
U0984,P0082,2026-01-28 13:44:38.881978,cart
U0268,P0189,2025-12-23 13:44:38.882170,view
U1340,P0498,2025-12-15 13:44:38.882349,view
U0038,P0109,2025-07-22 13:44:38.882521,view
U0027,P0064,2025-08-08 13:44:38.884973,purchase
U0447,P0472,2025-09-24 13:44:38.885609,purchase
U0143,P0393,2026-03-26 13:44:38.886599,view
U1038,P0419,2026-01-20 13:44:38.887344,view
U0928,P0088,2025-06-21 13:44:38.887695,view
U0762,P0005,2025-04-19 13:44:38.888126,view
U0624,P0143,2026-01-17 13:44:38.888422,view
U0432,P0146,2026-02-12 13:44:38.888665,view
U1081,P0433,2025-10-01 13:44:38.888920,cart
U1246,P0024,2026-01-02 13:44:38.889305,purchase
U1340,P0151,2025-06-14 13:44:38.890590,view
U0823,P0163,2025-05-01 13:44:38.891269,view
U0988,P0083,2025-12-10 13:44:38.891704,view
U0093,P0237,2025-10-16 13:44:38.892514,view
U0827,P0329,2026-02-12 13:44:38.892781,view
U1542,P0063,2025-04-28 13:44:38.894007,wishlist
U1711,P0225,2026-03-11 13:44:38.894277,purchase
U0443,P0328,2025-12-18 13:44:38.894435,view
U0609,P0446,2025-08-11 13:44:38.894592,view
U0491,P0089,2025-12-12 13:44:38.894749,view
U1560,P0299,2025-04-12 13:44:38.895332,view
U0841,P0304,2025-05-30 13:44:38.895718,view
U0590,P0417,2025-08-18 13:44:38.895924,view
U1074,P0137,2025-10-22 13:44:38.896157,cart
U0292,P0171,2025-10-07 13:44:38.896334,view
U1973,P0471,2025-09-15 13:44:38.896944,view
U0083,P0498,2026-03-10 13:44:38.897629,view
U0006,P0177,2025-10-25 13:44:38.897948,cart
U1900,P0492,2026-03-11 13:44:38.898139,purchase
U1063,P0119,2025-05-06 13:44:38.898293,cart
U1579,P0079,2025-08-17 13:44:38.898457,view
U1470,P0026,2025-07-20 13:44:38.898598,wishlist
U1201,P0074,2026-02-16 13:44:38.898736,view
U0033,P0239,2025-05-15 13:44:38.898970,view
U1721,P0296,2025-06-23 13:44:38.899131,cart
U1606,P0133,2026-02-14 13:44:38.899284,view
U1351,P0112,2026-03-22 13:44:38.899470,wishlist
U1840,P0416,2025-11-05 13:44:38.899639,view
U0767,P0143,2025-11-01 13:44:38.899795,view
U1849,P0044,2025-12-27 13:44:38.900080,view
U0517,P0023,2025-04-08 13:44:38.900292,view
U0284,P0074,2026-03-30 13:44:38.900482,cart
U0770,P0156,2025-05-25 13:44:38.900658,cart
U0262,P0474,2025-06-15 13:44:38.900860,view
U0641,P0189,2025-09-05 13:44:38.901159,wishlist
U1922,P0272,2026-03-12 13:44:38.901410,view
U1556,P0342,2025-09-23 13:44:38.901679,view
U1597,P0320,2026-03-23 13:44:38.901891,view
U1768,P0397,2026-03-23 13:44:38.902110,view
U1501,P0478,2026-01-23 13:44:38.902453,view
U0381,P0010,2025-10-29 13:44:38.902682,wishlist
U0902,P0107,2025-05-12 13:44:38.903177,view
U0894,P0090,2026-01-20 13:44:38.903950,view
U0363,P0400,2025-11-25 13:44:38.904264,view
U1715,P0486,2025-12-16 13:44:38.904639,view
U0442,P0221,2025-06-14 13:44:38.904805,view
U0867,P0197,2025-10-01 13:44:38.904954,view
U0353,P0123,2025-09-18 13:44:38.905555,view
U0572,P0043,2025-11-09 13:44:38.906087,view
U1401,P0326,2026-01-25 13:44:38.906817,view
U0464,P0138,2025-09-01 13:44:38.907207,view
U1299,P0355,2026-03-13 13:44:38.907472,view
U0358,P0219,2025-11-20 13:44:38.907862,view
U0952,P0455,2025-09-06 13:44:38.908185,view
U0183,P0395,2025-06-01 13:44:38.908791,view
U1378,P0047,2025-07-05 13:44:38.909258,view
U1684,P0171,2025-10-23 13:44:38.909564,cart
U1170,P0470,2026-03-09 13:44:38.909802,view
U1490,P0045,2026-02-27 13:44:38.910071,view
U0440,P0072,2025-05-14 13:44:38.912930,wishlist
U0016,P0070,2025-08-19 13:44:38.913391,view
U1292,P0152,2026-01-16 13:44:38.913682,view
U1120,P0488,2025-08-12 13:44:38.914198,view
U1982,P0107,2025-09-25 13:44:38.914601,view
U1158,P0193,2025-04-27 13:44:38.914838,cart
U1510,P0328,2025-07-21 13:44:38.915088,view
U1330,P0213,2025-05-07 13:44:38.915500,view
U0450,P0015,2026-03-15 13:44:38.917235,purchase
U0772,P0473,2025-06-01 13:44:38.919393,view
U1007,P0498,2026-01-26 13:44:38.919776,wishlist
U0213,P0343,2025-08-12 13:44:38.920061,view
U0080,P0370,2025-05-19 13:44:38.920252,cart
U1090,P0221,2025-06-23 13:44:38.920432,wishlist
U1408,P0129,2026-03-07 13:44:38.920639,view
U1828,P0129,2026-03-10 13:44:38.920805,view
U1458,P0120,2025-07-23 13:44:38.921039,cart
U0907,P0152,2026-02-09 13:44:38.921469,view
U1997,P0472,2026-01-24 13:44:38.923564,cart
U1597,P0022,2025-11-28 13:44:38.924101,view
U0457,P0427,2025-09-06 13:44:38.924393,view
U1966,P0451,2025-06-10 13:44:38.924813,view
U0279,P0357,2025-04-08 13:44:38.925346,view
U1213,P0001,2025-05-23 13:44:38.927332,cart
U0164,P0383,2026-03-21 13:44:38.928122,view
U1160,P0023,2025-11-24 13:44:38.928371,purchase
U0205,P0126,2025-09-25 13:44:38.928538,view
U1382,P0026,2025-04-25 13:44:38.928687,cart
U0411,P0093,2025-08-26 13:44:38.928843,wishlist
U0168,P0343,2026-03-17 13:44:38.929111,purchase
U1088,P0365,2026-04-06 13:44:38.929311,view
U0914,P0025,2026-02-16 13:44:38.929485,view
U0082,P0022,2025-08-02 13:44:38.929661,cart
U1126,P0396,2025-09-06 13:44:38.930094,view
U1170,P0463,2026-03-03 13:44:38.930716,view
U0761,P0473,2025-09-27 13:44:38.934704,wishlist
U1653,P0370,2025-06-12 13:44:38.935609,view
U0435,P0055,2025-08-16 13:44:38.936113,wishlist
U1861,P0423,2025-09-10 13:44:38.937075,wishlist
U0133,P0230,2025-08-07 13:44:38.937521,wishlist
U0657,P0089,2026-04-06 13:44:38.937721,cart
U0828,P0402,2025-06-14 13:44:38.937895,view
U1334,P0300,2025-06-09 13:44:38.938068,view
U1590,P0396,2025-05-06 13:44:38.938342,view
U1202,P0162,2026-02-21 13:44:38.938530,cart
U1056,P0242,2025-11-04 13:44:38.938857,cart
U1823,P0464,2025-12-29 13:44:38.940161,wishlist
U0428,P0247,2025-04-22 13:44:38.940885,cart
U0366,P0383,2025-09-28 13:44:38.942240,cart
U1867,P0208,2025-04-28 13:44:38.942653,view
U0445,P0454,2025-09-13 13:44:38.942903,view
U1131,P0132,2025-12-31 13:44:38.943082,view
U1744,P0246,2025-04-19 13:44:38.944195,view
U1940,P0141,2026-03-06 13:44:38.944554,view
U1907,P0404,2026-02-13 13:44:38.946768,wishlist
U1202,P0047,2026-02-02 13:44:38.947098,wishlist
U1714,P0152,2026-01-19 13:44:38.947661,view
U1072,P0110,2026-03-14 13:44:38.947852,wishlist
U0787,P0170,2025-10-14 13:44:38.948341,view
U0574,P0486,2025-11-13 13:44:38.948645,view
U0034,P0102,2026-03-19 13:44:38.949605,view
U0688,P0085,2026-02-20 13:44:38.949875,cart
U1069,P0365,2025-11-01 13:44:38.950262,view
U1660,P0126,2025-07-09 13:44:38.950506,view
U1407,P0091,2025-10-14 13:44:38.950739,view
U0118,P0103,2025-04-17 13:44:38.950907,purchase
U1072,P0092,2025-09-14 13:44:38.951155,cart
U0080,P0037,2025-09-02 13:44:38.951337,cart
U0415,P0165,2026-02-14 13:44:38.951503,wishlist
U0705,P0102,2026-04-05 13:44:38.951659,cart
U0034,P0199,2026-02-24 13:44:38.951816,cart
U0879,P0049,2025-09-08 13:44:38.951989,cart
U1142,P0439,2025-05-30 13:44:38.953052,cart
U1649,P0098,2026-04-04 13:44:38.955140,view
U0655,P0389,2025-09-06 13:44:38.955504,view
U0056,P0232,2026-01-14 13:44:38.955702,view
U1175,P0184,2026-03-19 13:44:38.957596,view
U0268,P0323,2025-06-23 13:44:38.958765,view
U0479,P0172,2025-11-07 13:44:38.959558,view
U0433,P0316,2025-04-30 13:44:38.960110,view
U1693,P0301,2025-05-20 13:44:38.961484,cart
U1856,P0287,2025-04-21 13:44:38.961960,view
U0560,P0026,2026-03-06 13:44:38.962268,view
U0097,P0330,2025-06-12 13:44:38.962612,view
U1208,P0031,2026-04-02 13:44:38.962813,view
U0248,P0148,2026-03-17 13:44:38.963025,view
U0368,P0271,2026-01-30 13:44:38.963255,cart
U0636,P0424,2025-08-08 13:44:38.963619,cart
U0741,P0231,2025-10-12 13:44:38.963864,cart
U0185,P0236,2025-09-22 13:44:38.964340,view
U1105,P0442,2026-03-28 13:44:38.964809,view
U1802,P0481,2025-10-20 13:44:38.965041,view
U0128,P0125,2026-02-06 13:44:38.965228,view
U0355,P0217,2025-09-25 13:44:38.965410,view
U0522,P0111,2025-04-26 13:44:38.965663,view
U1159,P0460,2025-08-26 13:44:38.965840,view
U1628,P0124,2025-07-06 13:44:38.966172,view
U0090,P0001,2025-10-30 13:44:38.966481,view
U0394,P0236,2025-07-23 13:44:38.968554,cart
U1197,P0213,2025-12-09 13:44:38.968963,cart
U0573,P0280,2026-01-17 13:44:38.969258,view
U0243,P0013,2026-02-01 13:44:38.969822,view
U0158,P0396,2025-11-15 13:44:38.970150,view
U1047,P0421,2025-12-20 13:44:38.970473,cart
U1494,P0333,2025-09-25 13:44:38.970681,view
U1917,P0004,2025-10-28 13:44:38.970880,wishlist
U0792,P0436,2026-02-12 13:44:38.971218,view
U1401,P0044,2026-04-01 13:44:38.971683,view
U0521,P0487,2025-06-03 13:44:38.974076,view
U0688,P0226,2025-09-02 13:44:38.974785,wishlist
U1976,P0405,2026-02-13 13:44:38.975802,view
U0911,P0286,2026-03-18 13:44:38.977079,view
U1661,P0207,2025-07-09 13:44:38.977426,view
U0968,P0112,2025-07-20 13:44:38.977618,view
U0966,P0049,2025-05-18 13:44:38.977943,view
U0811,P0047,2026-01-04 13:44:38.978269,cart
U0465,P0058,2025-11-21 13:44:38.978454,view
U0719,P0371,2025-09-29 13:44:38.979368,view
U0818,P0155,2025-07-30 13:44:38.979690,cart
U0247,P0048,2025-11-23 13:44:38.980119,view
U1407,P0003,2025-07-12 13:44:38.985486,purchase
U1227,P0283,2025-05-31 13:44:38.988844,view
U1507,P0307,2025-10-27 13:44:38.990899,view
U1579,P0187,2026-03-14 13:44:38.991718,cart
U1503,P0044,2025-11-19 13:44:38.992379,wishlist
U0729,P0159,2025-12-27 13:44:38.992851,view
U0713,P0039,2025-05-24 13:44:38.996160,view
U0156,P0298,2025-12-24 13:44:38.997447,purchase
U0897,P0068,2026-01-09 13:44:38.997755,cart
U0580,P0191,2025-12-05 13:44:38.998069,cart
U0274,P0277,2025-08-07 13:44:38.998269,wishlist
U0622,P0433,2025-07-17 13:44:38.999265,wishlist
U1555,P0177,2025-08-16 13:44:38.999769,purchase
U1081,P0123,2025-09-01 13:44:38.999976,cart
U1986,P0296,2025-04-18 13:44:39.000160,cart
U0764,P0495,2026-02-14 13:44:39.000334,view
U0863,P0391,2025-10-13 13:44:39.000659,wishlist
U0567,P0024,2025-04-07 13:44:39.000839,view
U0548,P0067,2025-07-19 13:44:39.001890,purchase
U0897,P0423,2026-02-17 13:44:39.002211,view
U0017,P0362,2025-11-22 13:44:39.002543,view
U0940,P0259,2026-01-09 13:44:39.003543,cart
U0438,P0453,2025-10-30 13:44:39.004612,view
U1989,P0217,2025-04-27 13:44:39.004945,view
U0866,P0445,2026-02-13 13:44:39.005172,view
U0790,P0072,2026-03-04 13:44:39.005451,cart
U0345,P0392,2026-02-13 13:44:39.006450,purchase
U1175,P0130,2025-06-04 13:44:39.008230,view
U1302,P0321,2026-01-19 13:44:39.008754,cart
U1017,P0080,2025-12-01 13:44:39.009066,cart
U0890,P0328,2025-07-18 13:44:39.011078,view
U0421,P0103,2025-10-13 13:44:39.011770,view
U0414,P0254,2025-04-15 13:44:39.012039,view
U1875,P0468,2025-12-11 13:44:39.012259,view
U1149,P0312,2025-08-27 13:44:39.013233,view
U0521,P0040,2026-04-03 13:44:39.025567,view
U1069,P0061,2026-01-28 13:44:39.026024,wishlist
U1267,P0209,2025-10-27 13:44:39.026674,view
U1305,P0055,2026-01-28 13:44:39.028288,cart
U0019,P0186,2026-03-07 13:44:39.029211,view
U1072,P0087,2026-03-24 13:44:39.029536,cart
U1436,P0320,2025-12-04 13:44:39.030208,cart
U0593,P0441,2026-01-24 13:44:39.030821,view
U0923,P0083,2025-11-18 13:44:39.031159,view
U0259,P0454,2025-12-01 13:44:39.031365,view
U1180,P0380,2025-04-28 13:44:39.031553,cart
U0946,P0255,2025-04-24 13:44:39.031830,wishlist
U0559,P0449,2025-04-29 13:44:39.032024,view
U0001,P0445,2025-09-10 13:44:39.032224,wishlist
U1840,P0017,2025-11-16 13:44:39.032414,view
U1534,P0262,2025-10-02 13:44:39.032602,view
U0922,P0115,2026-04-03 13:44:39.032867,cart
U0143,P0089,2025-08-17 13:44:39.034746,view
U0165,P0375,2025-08-02 13:44:39.035247,view
U1703,P0398,2025-12-14 13:44:39.039992,purchase
U0452,P0248,2025-06-18 13:44:39.041144,view
U1414,P0252,2025-07-25 13:44:39.041605,cart
U1957,P0045,2025-09-27 13:44:39.043590,view
U1588,P0456,2025-07-16 13:44:39.044058,cart
U0781,P0058,2025-08-18 13:44:39.044886,view
U0477,P0409,2025-04-18 13:44:39.045222,cart
U0545,P0418,2025-08-09 13:44:39.046530,view
U0174,P0233,2026-01-12 13:44:39.047643,view
U0340,P0439,2026-01-22 13:44:39.048105,view
U1945,P0355,2025-08-08 13:44:39.048848,wishlist
U0504,P0040,2026-02-27 13:44:39.050021,cart
U0959,P0361,2025-06-05 13:44:39.050610,purchase
U1308,P0285,2025-08-17 13:44:39.051167,view
U1307,P0420,2025-08-21 13:44:39.051432,cart
U1526,P0101,2025-12-29 13:44:39.052058,view
U0623,P0353,2026-03-19 13:44:39.052825,purchase
U1089,P0055,2025-11-07 13:44:39.053390,view
U0713,P0395,2026-02-07 13:44:39.054098,cart
U1250,P0288,2025-12-17 13:44:39.054652,view
U1833,P0254,2025-11-01 13:44:39.055674,view
U1428,P0468,2025-12-09 13:44:39.056435,view
U1040,P0219,2025-12-21 13:44:39.057804,view
U1004,P0056,2025-04-07 13:44:39.058272,view
U1462,P0224,2025-11-28 13:44:39.058535,view
U0887,P0274,2026-03-28 13:44:39.058741,view
U0653,P0257,2025-10-16 13:44:39.058933,cart
U0178,P0460,2025-05-25 13:44:39.059214,purchase
U1901,P0447,2025-04-06 13:44:39.059412,view
U0521,P0281,2026-02-24 13:44:39.059578,purchase
U0364,P0133,2025-12-13 13:44:39.059760,view
U0440,P0006,2025-12-08 13:44:39.059962,view
U1313,P0480,2025-07-30 13:44:39.060294,view
U0764,P0165,2025-11-14 13:44:39.060508,cart
U0071,P0448,2025-05-25 13:44:39.060709,wishlist
U1917,P0240,2025-05-24 13:44:39.060901,view
U0225,P0274,2026-03-05 13:44:39.061190,view
U1157,P0228,2026-04-05 13:44:39.061408,purchase
U0734,P0073,2026-02-09 13:44:39.061600,view
U1744,P0022,2026-01-07 13:44:39.061778,wishlist
U0425,P0492,2025-10-30 13:44:39.061993,view
U0111,P0248,2025-05-12 13:44:39.062598,view
U0529,P0024,2025-06-11 13:44:39.062793,purchase
U1516,P0378,2025-06-07 13:44:39.062976,cart
U0093,P0091,2025-07-09 13:44:39.063267,cart
U0909,P0241,2025-09-03 13:44:39.063470,cart
U0475,P0322,2025-10-18 13:44:39.063674,wishlist
U1559,P0232,2025-09-30 13:44:39.063871,view
U0346,P0192,2025-08-27 13:44:39.064147,cart
U0996,P0338,2025-10-02 13:44:39.064876,view
U0082,P0177,2025-11-14 13:44:39.067588,view
U1891,P0154,2026-02-17 13:44:39.067929,cart
U1860,P0263,2025-09-03 13:44:39.068266,view
U1778,P0198,2025-11-13 13:44:39.068700,purchase
U1482,P0498,2026-03-13 13:44:39.068933,cart
U0390,P0065,2025-04-07 13:44:39.069158,cart
U1815,P0198,2026-03-19 13:44:39.069433,view
U1882,P0032,2025-10-19 13:44:39.069644,cart
U0058,P0488,2026-02-07 13:44:39.069822,purchase
U1628,P0324,2025-07-25 13:44:39.070040,purchase
U1025,P0469,2025-12-28 13:44:39.070449,view
U1992,P0229,2025-09-03 13:44:39.070701,view
U0646,P0144,2025-11-09 13:44:39.070929,view
U0711,P0382,2025-12-04 13:44:39.071123,purchase
U0897,P0419,2026-03-13 13:44:39.071319,view
U1615,P0347,2026-02-17 13:44:39.072969,view
U0301,P0080,2025-10-30 13:44:39.074461,cart
U1074,P0001,2025-04-12 13:44:39.076292,view
U1667,P0348,2025-11-11 13:44:39.077217,view
U0932,P0350,2025-06-03 13:44:39.078093,view
U1231,P0376,2026-02-06 13:44:39.082642,view
U0429,P0349,2025-10-03 13:44:39.083170,view
U1837,P0481,2025-09-17 13:44:39.083694,purchase
U1580,P0229,2025-09-22 13:44:39.084480,cart
U0415,P0280,2025-11-09 13:44:39.084746,view
U0605,P0258,2025-05-29 13:44:39.084949,purchase
U0981,P0033,2026-03-07 13:44:39.085151,view
U0851,P0373,2025-07-26 13:44:39.085444,cart
U0961,P0417,2025-05-08 13:44:39.085641,view
U1065,P0469,2025-10-28 13:44:39.087825,purchase
U0068,P0129,2025-09-02 13:44:39.088087,cart
U1631,P0301,2025-06-23 13:44:39.088391,view
U0367,P0483,2025-06-22 13:44:39.088733,purchase
U0852,P0320,2026-04-02 13:44:39.089408,view
U1051,P0249,2025-09-29 13:44:39.091248,view
U0741,P0275,2026-01-13 13:44:39.091538,cart
U0126,P0420,2025-06-03 13:44:39.091714,wishlist
U1408,P0452,2025-10-29 13:44:39.092061,cart
U0679,P0391,2025-07-30 13:44:39.092317,purchase
U1404,P0235,2026-02-05 13:44:39.092659,purchase
U0390,P0115,2025-09-05 13:44:39.094794,view
U1739,P0184,2025-04-06 13:44:39.095078,view
U0267,P0384,2025-08-19 13:44:39.095758,view
U0029,P0298,2026-02-18 13:44:39.097590,view
U0839,P0254,2025-08-18 13:44:39.097882,view
U1145,P0331,2025-10-23 13:44:39.098118,view
U0824,P0495,2025-10-06 13:44:39.098342,wishlist
U0392,P0124,2025-06-05 13:44:39.099678,wishlist
U1059,P0292,2025-10-22 13:44:39.100752,view
U1799,P0355,2025-10-09 13:44:39.101654,cart
U1930,P0149,2025-09-19 13:44:39.102223,cart
U0177,P0335,2025-05-10 13:44:39.102544,view
U1148,P0157,2025-08-05 13:44:39.102950,view
U0232,P0173,2025-10-04 13:44:39.103295,cart
U1817,P0489,2025-04-08 13:44:39.103621,view
U1929,P0142,2026-02-15 13:44:39.104328,purchase
U0099,P0130,2025-12-16 13:44:39.104672,view
U0784,P0279,2025-04-07 13:44:39.105080,purchase
U0031,P0230,2025-07-12 13:44:39.105369,view
U0249,P0152,2025-12-17 13:44:39.105642,view
U0691,P0468,2025-08-26 13:44:39.106171,view
U0145,P0400,2025-04-22 13:44:39.107254,wishlist
U0205,P0419,2025-11-13 13:44:39.107789,purchase
U0055,P0392,2025-09-12 13:44:39.108022,view
U1125,P0255,2026-03-27 13:44:39.108534,view
U1147,P0260,2025-06-22 13:44:39.109072,view
U0111,P0017,2025-11-17 13:44:39.109383,view
U0922,P0412,2026-03-12 13:44:39.109750,view
U0444,P0144,2025-09-07 13:44:39.109980,view
U1714,P0306,2025-06-22 13:44:39.110163,wishlist
U0875,P0122,2026-02-16 13:44:39.110346,view
U1869,P0145,2025-05-27 13:44:39.110625,wishlist
U1965,P0309,2026-02-16 13:44:39.111669,cart
U1683,P0143,2025-11-22 13:44:39.112026,purchase
U0800,P0254,2026-01-28 13:44:39.114277,view
U1887,P0014,2025-10-27 13:44:39.116176,purchase
U1814,P0332,2025-09-08 13:44:39.116968,view
U1689,P0048,2025-07-01 13:44:39.117236,purchase
U1195,P0063,2026-01-14 13:44:39.117973,cart
U1086,P0472,2026-04-02 13:44:39.118839,cart
U0799,P0471,2025-07-03 13:44:39.119779,view
U1503,P0296,2025-04-23 13:44:39.120079,view
U1566,P0148,2025-04-09 13:44:39.121429,cart
U0373,P0328,2025-05-11 13:44:39.125149,cart
U1692,P0336,2025-05-19 13:44:39.127415,view
U1504,P0043,2025-12-31 13:44:39.127856,view
U0143,P0013,2026-02-19 13:44:39.128135,cart
U0078,P0458,2025-11-28 13:44:39.130273,wishlist
U1124,P0487,2025-12-09 13:44:39.131134,view
U1304,P0242,2026-01-25 13:44:39.132139,view
U1327,P0369,2025-12-03 13:44:39.132528,view
U1976,P0496,2025-11-13 13:44:39.132841,cart
U1172,P0477,2026-02-05 13:44:39.133319,wishlist
U1352,P0084,2025-09-26 13:44:39.133650,view
U1183,P0386,2025-11-16 13:44:39.134004,view
U1754,P0482,2025-10-08 13:44:39.134231,view
U0986,P0057,2025-12-25 13:44:39.134446,view
U1216,P0270,2025-05-19 13:44:39.135207,cart
U1375,P0405,2025-09-05 13:44:39.137787,wishlist
U0879,P0133,2026-04-05 13:44:39.138296,wishlist
U1124,P0471,2025-12-01 13:44:39.139005,view
U0110,P0476,2025-06-01 13:44:39.140370,wishlist
U1005,P0299,2026-02-20 13:44:39.140788,purchase
U1544,P0412,2025-04-18 13:44:39.141207,view
U0666,P0454,2025-08-07 13:44:39.141564,view
U0432,P0317,2025-05-18 13:44:39.141866,view
U1268,P0336,2026-03-10 13:44:39.151167,cart
U0824,P0074,2026-04-01 13:44:39.151939,view
U1423,P0335,2025-12-07 13:44:39.153021,wishlist
U1262,P0456,2025-07-18 13:44:39.158574,view
U0858,P0438,2025-08-05 13:44:39.159011,wishlist
U0761,P0171,2025-08-29 13:44:39.159464,purchase
U0470,P0201,2025-05-05 13:44:39.161456,wishlist
U0029,P0005,2026-01-03 13:44:39.161912,view
U1689,P0435,2025-04-16 13:44:39.162193,view
U0607,P0177,2025-11-26 13:44:39.162520,view
U1508,P0250,2025-05-17 13:44:39.162761,cart
U1493,P0406,2026-03-06 13:44:39.164590,purchase
U1047,P0341,2026-01-27 13:44:39.165411,cart
U1122,P0098,2025-10-21 13:44:39.166156,view
U1662,P0341,2026-03-18 13:44:39.166776,purchase
U1341,P0028,2026-01-19 13:44:39.168923,view
U0104,P0447,2025-09-30 13:44:39.169573,purchase
U1820,P0327,2025-04-12 13:44:39.170073,view
U1731,P0143,2026-03-20 13:44:39.170363,wishlist
U0201,P0099,2025-11-24 13:44:39.170547,view
U0467,P0271,2025-12-02 13:44:39.172056,cart
U1338,P0228,2025-11-27 13:44:39.177035,view
U1643,P0279,2025-11-12 13:44:39.182794,purchase
U0595,P0229,2025-04-17 13:44:39.187898,purchase
U1770,P0007,2025-04-10 13:44:39.188571,wishlist
U0408,P0152,2026-01-21 13:44:39.188853,view
U1272,P0325,2025-04-28 13:44:39.192981,view
U0605,P0311,2025-08-24 13:44:39.195132,cart
U0192,P0395,2025-10-20 13:44:39.195643,view
U1702,P0398,2025-06-29 13:44:39.195921,view
U0388,P0496,2025-05-17 13:44:39.196266,view
U0896,P0358,2025-06-10 13:44:39.196461,view
U1673,P0229,2025-06-14 13:44:39.199055,cart
U0004,P0419,2025-07-09 13:44:39.200042,wishlist
U1726,P0214,2026-02-11 13:44:39.201034,wishlist
U1306,P0328,2025-07-02 13:44:39.201792,view
U0811,P0478,2025-08-31 13:44:39.202131,view
U0893,P0129,2025-04-17 13:44:39.202664,view
U1159,P0197,2025-04-24 13:44:39.203004,view
U1380,P0199,2025-06-21 13:44:39.203332,wishlist
U0397,P0143,2025-05-16 13:44:39.203734,wishlist
U1928,P0247,2026-03-19 13:44:39.205121,view
U0351,P0497,2025-05-12 13:44:39.205872,purchase
U1474,P0188,2026-01-26 13:44:39.206174,view
U1440,P0035,2025-05-11 13:44:39.209618,purchase
U1130,P0100,2025-07-04 13:44:39.214472,wishlist
U0926,P0097,2025-11-02 13:44:39.214821,view
U1353,P0058,2026-01-02 13:44:39.215074,view
U0954,P0130,2025-11-11 13:44:39.215299,wishlist
U1259,P0250,2026-01-05 13:44:39.223427,cart
U1711,P0449,2026-02-27 13:44:39.224139,cart
U0587,P0202,2025-09-03 13:44:39.224704,view
U1354,P0015,2025-08-17 13:44:39.226456,view
U1585,P0344,2026-01-17 13:44:39.227593,view
U0118,P0485,2025-12-12 13:44:39.228180,view
U1594,P0356,2025-07-02 13:44:39.230592,view
U0569,P0488,2025-11-13 13:44:39.233569,view
U1444,P0311,2025-05-16 13:44:39.236019,view
U0236,P0489,2026-03-20 13:44:39.237466,view
U0756,P0119,2025-04-22 13:44:39.237884,view
U0701,P0128,2025-05-28 13:44:39.238106,view
U0695,P0165,2026-02-26 13:44:39.240832,purchase
U0700,P0290,2026-04-04 13:44:39.242126,view
U0460,P0323,2025-09-01 13:44:39.242433,view
U0698,P0209,2026-01-04 13:44:39.243320,view
U1445,P0245,2025-12-17 13:44:39.243679,cart
U0024,P0068,2025-05-17 13:44:39.244067,view
U0768,P0109,2025-10-04 13:44:39.245208,wishlist
U0120,P0225,2025-05-02 13:44:39.247546,cart
U1847,P0206,2026-03-23 13:44:39.248627,purchase
U1987,P0071,2025-12-11 13:44:39.248846,view
U0351,P0057,2026-01-23 13:44:39.249055,cart
U1751,P0434,2026-04-06 13:44:39.249262,cart
U0874,P0020,2025-06-18 13:44:39.249540,wishlist
U0139,P0002,2025-07-08 13:44:39.250429,view
U1626,P0130,2025-11-14 13:44:39.251108,cart
U1434,P0012,2025-09-24 13:44:39.251872,purchase
U0694,P0129,2025-08-04 13:44:39.252149,view
U0947,P0296,2025-04-10 13:44:39.253896,view
U0099,P0008,2025-06-23 13:44:39.255178,cart
U0171,P0330,2025-05-02 13:44:39.255778,view
U1975,P0157,2025-08-17 13:44:39.256515,wishlist
U0805,P0495,2025-05-11 13:44:39.257730,cart
U1825,P0457,2025-07-30 13:44:39.258622,view
U0461,P0059,2026-02-28 13:44:39.258878,wishlist
U0532,P0331,2025-04-10 13:44:39.259070,view
U1278,P0178,2025-10-29 13:44:39.259249,view
U0306,P0363,2025-11-08 13:44:39.259634,view
U0760,P0369,2026-01-07 13:44:39.260282,view
U1528,P0360,2025-05-20 13:44:39.261590,view
U1856,P0096,2025-10-08 13:44:39.262301,view
U1405,P0179,2025-07-13 13:44:39.263092,view
U1443,P0034,2026-03-30 13:44:39.265348,wishlist
U1932,P0227,2026-01-16 13:44:39.265666,view
U1884,P0487,2025-10-04 13:44:39.266221,cart
U0951,P0203,2026-02-23 13:44:39.272108,view
U0947,P0326,2026-01-13 13:44:39.272592,wishlist
U0544,P0458,2026-04-01 13:44:39.274828,purchase
U0402,P0402,2025-12-21 13:44:39.280023,view
U1865,P0020,2025-06-28 13:44:39.280680,view
U0627,P0287,2026-03-08 13:44:39.281113,view
U1405,P0050,2025-08-06 13:44:39.281383,wishlist
U0731,P0440,2026-03-12 13:44:39.281630,cart
U0043,P0287,2025-05-10 13:44:39.281972,purchase
U1097,P0029,2026-01-15 13:44:39.282193,cart
U0199,P0421,2026-02-22 13:44:39.284259,wishlist
U1053,P0198,2025-04-30 13:44:39.285480,view
U1760,P0271,2026-03-18 13:44:39.287233,view
U0375,P0079,2025-09-02 13:44:39.287553,purchase
U0533,P0413,2026-01-17 13:44:39.287896,cart
U0599,P0155,2026-01-01 13:44:39.288149,cart
U0567,P0047,2025-04-17 13:44:39.288390,view
U0165,P0065,2025-06-17 13:44:39.288624,view
U1804,P0051,2025-09-04 13:44:39.288850,cart
U0349,P0057,2026-04-02 13:44:39.295557,purchase
U0101,P0412,2025-07-10 13:44:39.295900,wishlist
U1477,P0049,2025-10-10 13:44:39.296280,purchase
U1072,P0120,2026-01-07 13:44:39.296521,wishlist
U1489,P0481,2025-12-20 13:44:39.296745,cart
U0954,P0142,2025-05-17 13:44:39.297006,purchase
U0486,P0422,2025-10-30 13:44:39.297396,view
U1586,P0352,2026-04-04 13:44:39.300057,view
U0816,P0130,2025-06-14 13:44:39.302360,view
U0609,P0360,2025-11-26 13:44:39.302844,cart
U0591,P0095,2025-08-26 13:44:39.305498,cart
U1123,P0300,2025-10-05 13:44:39.306616,purchase
U1246,P0006,2026-02-02 13:44:39.307085,wishlist
U0286,P0197,2025-09-20 13:44:39.307423,cart
U0899,P0240,2025-10-21 13:44:39.307637,view
U0037,P0016,2025-05-29 13:44:39.307848,wishlist
U1620,P0070,2025-11-05 13:44:39.308594,view
U1134,P0407,2025-06-12 13:44:39.308902,view
U0797,P0043,2026-03-01 13:44:39.309287,view
U0205,P0206,2026-02-06 13:44:39.309540,view
U1513,P0282,2025-10-14 13:44:39.310024,view
U1715,P0328,2025-04-19 13:44:39.310869,view
U1001,P0151,2026-03-01 13:44:39.311852,cart
U1269,P0294,2025-08-31 13:44:39.314705,purchase
U0274,P0339,2025-12-20 13:44:39.318729,view
U0237,P0070,2025-05-25 13:44:39.319734,view
U0910,P0438,2025-05-08 13:44:39.321371,view
U1939,P0014,2026-02-01 13:44:39.322173,cart
U0233,P0209,2025-09-25 13:44:39.322563,view
U1503,P0324,2025-06-06 13:44:39.322796,view
U1630,P0027,2025-11-23 13:44:39.323298,view
U1416,P0222,2025-07-03 13:44:39.323991,view
U0775,P0211,2025-11-20 13:44:39.324640,view
U1076,P0049,2025-05-03 13:44:39.325044,view
U1306,P0491,2025-09-27 13:44:39.325285,view
U0589,P0448,2025-11-15 13:44:39.325490,wishlist
U1750,P0474,2025-10-10 13:44:39.325728,view
U0641,P0273,2026-03-11 13:44:39.326036,cart
U1504,P0036,2025-06-12 13:44:39.326245,purchase
U0674,P0169,2025-12-18 13:44:39.326984,view
U0002,P0133,2025-09-12 13:44:39.327386,cart
U0880,P0135,2025-06-08 13:44:39.327627,view
U0002,P0361,2025-08-02 13:44:39.327842,view
U0468,P0494,2025-04-27 13:44:39.328132,wishlist
U1589,P0444,2026-02-18 13:44:39.328343,view
U0458,P0286,2025-12-01 13:44:39.328544,view
U1912,P0234,2025-10-18 13:44:39.328911,view
U0304,P0088,2026-03-05 13:44:39.329437,view
U1387,P0053,2025-05-27 13:44:39.329811,cart
U0270,P0474,2025-07-23 13:44:39.330171,view
U1372,P0097,2026-01-29 13:44:39.332293,wishlist
U0055,P0351,2025-10-23 13:44:39.333005,view
U1850,P0231,2026-01-22 13:44:39.334716,cart
U0338,P0015,2025-08-20 13:44:39.335192,view
U1162,P0426,2025-07-18 13:44:39.336290,wishlist
U0005,P0070,2025-09-03 13:44:39.336772,view
U0965,P0452,2025-04-19 13:44:39.337934,view
U0389,P0328,2026-02-15 13:44:39.338388,cart
U1557,P0108,2025-08-11 13:44:39.338981,cart
U0347,P0251,2025-09-07 13:44:39.340697,view
U0842,P0211,2025-09-24 13:44:39.341259,wishlist
U0037,P0001,2025-11-25 13:44:39.341810,view
U0158,P0369,2026-01-25 13:44:39.342222,view
U1212,P0190,2025-11-06 13:44:39.342949,view
U0454,P0263,2025-11-06 13:44:39.343996,view
U1486,P0078,2026-03-10 13:44:39.344679,cart
U1238,P0103,2026-01-28 13:44:39.344960,view
U1286,P0432,2025-06-24 13:44:39.345162,view
U0442,P0177,2025-05-09 13:44:39.345485,purchase
U1344,P0491,2025-06-18 13:44:39.346086,wishlist
U1218,P0246,2025-09-21 13:44:39.347557,view
U0111,P0082,2025-10-31 13:44:39.348080,view
U0530,P0259,2025-08-10 13:44:39.348397,cart
U1090,P0029,2026-03-08 13:44:39.348629,view
U1847,P0445,2025-05-13 13:44:39.348939,view
U0914,P0427,2026-01-31 13:44:39.349168,view
U0499,P0313,2025-09-14 13:44:39.349376,view
U0425,P0437,2026-04-04 13:44:39.349612,view
U0709,P0225,2025-08-16 13:44:39.350312,cart
U1271,P0001,2025-11-15 13:44:39.350866,purchase
U1995,P0203,2025-07-08 13:44:39.351841,view
U0835,P0388,2025-07-22 13:44:39.352471,view
U0632,P0352,2025-09-09 13:44:39.353194,view
U1387,P0211,2025-04-21 13:44:39.353792,view
U0519,P0290,2025-11-24 13:44:39.354374,cart
U0680,P0467,2025-07-02 13:44:39.354660,view
U1095,P0094,2025-05-21 13:44:39.354885,view
U0659,P0018,2025-12-29 13:44:39.358110,wishlist
U1259,P0013,2025-08-13 13:44:39.358576,purchase
U0537,P0309,2025-10-26 13:44:39.358921,view
U0183,P0256,2026-01-18 13:44:39.359156,view
U1216,P0419,2025-08-07 13:44:39.359406,view
U0452,P0081,2026-02-27 13:44:39.359599,view
U0591,P0363,2026-02-09 13:44:39.359791,view
U0787,P0069,2025-12-23 13:44:39.360090,cart
U1872,P0358,2025-09-10 13:44:39.360280,cart
U0409,P0225,2025-10-06 13:44:39.360471,purchase
U1257,P0172,2026-02-21 13:44:39.360645,view
U1802,P0255,2025-08-18 13:44:39.360901,view
U0411,P0362,2025-09-17 13:44:39.361119,cart
U1684,P0312,2025-09-08 13:44:39.361357,view
U1750,P0310,2026-02-19 13:44:39.361564,view
U1953,P0228,2025-06-21 13:44:39.361771,view
U0536,P0039,2026-02-11 13:44:39.362081,purchase
U1245,P0246,2026-03-21 13:44:39.362287,purchase
U0101,P0206,2025-11-04 13:44:39.362471,view
U0802,P0185,2026-03-20 13:44:39.363097,cart
U0715,P0324,2025-08-05 13:44:39.364499,view
U1188,P0433,2026-01-01 13:44:39.365014,view
U1181,P0157,2025-09-14 13:44:39.365293,view
U0716,P0341,2025-08-04 13:44:39.365516,view
U0669,P0043,2025-12-05 13:44:39.365725,cart
U0626,P0307,2025-11-27 13:44:39.366115,wishlist
U0141,P0400,2025-11-24 13:44:39.366813,wishlist
U0386,P0090,2025-04-28 13:44:39.367489,view
U0927,P0430,2025-11-26 13:44:39.367734,view
U0206,P0332,2025-06-14 13:44:39.368056,view
U0868,P0205,2025-06-10 13:44:39.368262,view
U0305,P0492,2025-06-21 13:44:39.368452,cart
U1845,P0195,2026-01-15 13:44:39.368646,cart
U0823,P0405,2025-07-12 13:44:39.369754,view
U0934,P0134,2025-12-19 13:44:39.370445,cart
U1880,P0025,2025-08-11 13:44:39.371318,purchase
U1883,P0081,2026-02-12 13:44:39.371646,wishlist
U1461,P0021,2025-11-21 13:44:39.372334,wishlist
U1985,P0304,2025-05-25 13:44:39.373239,cart
U1180,P0043,2026-03-26 13:44:39.374225,view
U0246,P0325,2025-06-26 13:44:39.374941,view
U1112,P0280,2025-06-27 13:44:39.375831,view
U1881,P0362,2025-10-28 13:44:39.376399,view
U1662,P0025,2025-06-18 13:44:39.377175,wishlist
U1620,P0347,2026-03-02 13:44:39.377672,view
U1656,P0043,2025-08-24 13:44:39.378349,view
U1424,P0277,2025-11-07 13:44:39.379076,view
U0313,P0019,2025-08-12 13:44:39.379389,cart
U1105,P0118,2025-06-18 13:44:39.379610,view
U0437,P0339,2025-07-18 13:44:39.379926,view
U1351,P0310,2026-03-26 13:44:39.382444,cart
U1275,P0033,2025-11-21 13:44:39.384066,cart
U0033,P0195,2025-04-10 13:44:39.384386,view
U0431,P0331,2025-08-20 13:44:39.385140,view
U0332,P0267,2026-01-22 13:44:39.385456,view
U0815,P0272,2026-03-14 13:44:39.386250,view
U0509,P0191,2025-09-13 13:44:39.387052,view
U0843,P0388,2025-08-11 13:44:39.387329,purchase
U1075,P0435,2025-07-14 13:44:39.387666,cart
U1967,P0154,2025-12-13 13:44:39.388482,view
U1796,P0004,2025-08-13 13:44:39.389866,view
U1372,P0475,2025-12-14 13:44:39.392094,view
U1848,P0421,2025-04-28 13:44:39.392613,view
U1016,P0050,2025-12-08 13:44:39.392895,view
U1763,P0142,2026-02-03 13:44:39.393134,cart
U1466,P0041,2025-07-01 13:44:39.393469,view
U0050,P0205,2026-03-22 13:44:39.393695,view
U1311,P0161,2025-09-13 13:44:39.393900,view
U1291,P0246,2025-10-07 13:44:39.394129,cart
U0687,P0118,2025-11-10 13:44:39.400396,purchase
U1077,P0415,2025-06-11 13:44:39.401993,view
U1249,P0185,2025-06-25 13:44:39.402416,view
U1617,P0400,2026-01-29 13:44:39.402847,purchase
U1886,P0110,2025-12-07 13:44:39.403142,wishlist
U1342,P0187,2025-06-19 13:44:39.403385,wishlist
U0493,P0376,2025-06-17 13:44:39.406489,view
U1324,P0458,2025-04-20 13:44:39.407593,purchase
U0827,P0440,2025-07-17 13:44:39.409741,cart
U0338,P0020,2025-10-28 13:44:39.411193,cart
U0124,P0182,2025-06-21 13:44:39.411817,view
U0681,P0335,2025-06-12 13:44:39.418508,view
U0333,P0240,2026-02-20 13:44:39.420462,cart
U1950,P0227,2025-12-08 13:44:39.422215,view
U0740,P0284,2025-06-28 13:44:39.422568,cart
U0824,P0491,2025-10-05 13:44:39.422914,view
U1462,P0107,2025-09-11 13:44:39.423265,purchase
U1872,P0334,2025-05-08 13:44:39.426949,view
U1227,P0204,2025-05-28 13:44:39.429512,view
U0931,P0131,2025-09-04 13:44:39.430730,view
U1145,P0391,2025-05-12 13:44:39.432038,view
U1777,P0026,2025-08-27 13:44:39.432740,view
U1002,P0497,2026-03-19 13:44:39.436337,view
U0539,P0193,2025-12-27 13:44:39.438290,cart
U1349,P0396,2026-01-31 13:44:39.439535,view
U1842,P0084,2025-10-19 13:44:39.443489,wishlist
U0454,P0347,2025-08-02 13:44:39.444953,cart
U1697,P0410,2025-10-07 13:44:39.445731,wishlist
U1999,P0089,2025-09-09 13:44:39.446187,view
U0098,P0335,2025-07-10 13:44:39.446842,view
U0126,P0427,2026-02-14 13:44:39.447256,view
U1668,P0190,2025-04-11 13:44:39.447612,view
U0113,P0129,2025-06-22 13:44:39.452700,view
U0473,P0048,2025-11-06 13:44:39.453071,view
U0043,P0332,2025-12-16 13:44:39.453285,purchase
U0270,P0266,2025-08-23 13:44:39.453593,view
U1229,P0319,2025-04-22 13:44:39.456151,view
U1446,P0325,2025-08-22 13:44:39.456868,view
U0063,P0264,2025-11-26 13:44:39.457144,view
U0490,P0230,2025-07-16 13:44:39.457382,wishlist
U1418,P0253,2025-08-03 13:44:39.457711,purchase
U1076,P0337,2026-02-15 13:44:39.457939,purchase
U0589,P0396,2025-04-26 13:44:39.458166,cart
U1355,P0369,2025-11-01 13:44:39.458395,cart
U0858,P0096,2025-11-19 13:44:39.458721,view
U0100,P0349,2025-12-19 13:44:39.459876,wishlist
U0671,P0347,2025-08-10 13:44:39.460456,view
U1918,P0255,2025-10-02 13:44:39.460733,wishlist
U0277,P0029,2025-06-13 13:44:39.461092,cart
U0220,P0289,2025-07-01 13:44:39.461883,cart
U0039,P0192,2025-11-28 13:44:39.463442,wishlist
U0283,P0090,2025-07-03 13:44:39.465317,view
U1984,P0093,2025-06-30 13:44:39.465784,view
U1084,P0280,2025-10-23 13:44:39.466673,wishlist
U0043,P0077,2025-12-09 13:44:39.467413,cart
U1259,P0481,2026-02-22 13:44:39.467759,view
U1757,P0353,2026-02-16 13:44:39.468058,view
U1236,P0197,2025-04-18 13:44:39.468495,view
U0214,P0200,2025-11-07 13:44:39.468758,purchase
U0919,P0001,2025-04-24 13:44:39.469024,cart
U0287,P0398,2025-12-01 13:44:39.470052,view
U0218,P0052,2025-05-22 13:44:39.471097,wishlist
U0349,P0144,2025-05-06 13:44:39.471503,view
U0120,P0427,2025-09-13 13:44:39.472562,view
U1654,P0204,2026-02-21 13:44:39.473112,view
U1706,P0188,2025-10-01 13:44:39.476100,view
U0110,P0241,2025-10-23 13:44:39.479660,wishlist
U1657,P0415,2025-04-16 13:44:39.480595,cart
U0980,P0265,2025-10-04 13:44:39.481073,view
U0827,P0215,2025-05-26 13:44:39.481315,cart
U0352,P0032,2025-05-30 13:44:39.481520,purchase
U1792,P0157,2025-07-01 13:44:39.481827,purchase
U1901,P0287,2026-02-15 13:44:39.485991,view
U1517,P0399,2025-11-09 13:44:39.486802,view
U0482,P0098,2025-12-16 13:44:39.488743,view
U1576,P0271,2025-11-18 13:44:39.489417,purchase
U0209,P0230,2026-01-27 13:44:39.489768,view
U1812,P0377,2025-09-11 13:44:39.490202,view
U1946,P0350,2026-03-19 13:44:39.492169,view
U0486,P0110,2026-02-04 13:44:39.493806,view
U0480,P0181,2025-10-24 13:44:39.494514,purchase
U0086,P0442,2025-06-20 13:44:39.497518,purchase
U1087,P0297,2025-07-01 13:44:39.497849,cart
U0192,P0077,2025-07-23 13:44:39.498282,view
U0920,P0290,2026-02-08 13:44:39.498579,view
U0008,P0458,2025-06-11 13:44:39.500245,view
U0698,P0030,2025-06-29 13:44:39.502195,view
U0809,P0465,2026-03-03 13:44:39.503166,cart
U1589,P0234,2025-06-17 13:44:39.506764,cart
U1360,P0059,2025-05-04 13:44:39.507341,view
U1554,P0073,2025-10-24 13:44:39.507858,view
U1862,P0021,2026-02-05 13:44:39.508579,view
U0311,P0368,2025-11-05 13:44:39.508907,view
U1656,P0283,2025-11-15 13:44:39.509423,cart
U0286,P0162,2025-09-22 13:44:39.509842,cart
U0527,P0487,2025-06-21 13:44:39.510185,purchase
U1790,P0116,2026-02-28 13:44:39.510528,view
U0871,P0087,2025-12-16 13:44:39.510774,view
U1372,P0485,2025-04-17 13:44:39.511068,view
U0394,P0116,2025-08-06 13:44:39.511307,cart
U0180,P0082,2025-04-24 13:44:39.511539,view
U1758,P0347,2025-11-01 13:44:39.511791,view
U1914,P0145,2025-11-30 13:44:39.512108,cart
U0161,P0183,2025-07-16 13:44:39.512335,wishlist
U1024,P0297,2025-11-11 13:44:39.512717,purchase
U0265,P0445,2026-02-17 13:44:39.513100,wishlist
U1278,P0400,2025-08-25 13:44:39.513380,cart
U1412,P0225,2025-07-26 13:44:39.514296,purchase
U0165,P0354,2025-08-26 13:44:39.515098,view
U1543,P0420,2026-03-04 13:44:39.515634,cart
U0632,P0468,2026-01-25 13:44:39.516820,view
U0203,P0325,2026-03-19 13:44:39.517420,view
U1067,P0315,2026-02-18 13:44:39.518809,view
U1344,P0134,2025-12-08 13:44:39.519683,view
U1435,P0449,2025-07-26 13:44:39.520022,view
U1528,P0121,2026-04-01 13:44:39.520864,cart
U1718,P0233,2025-04-26 13:44:39.537939,cart
U1401,P0358,2025-11-14 13:44:39.539092,view
U0380,P0272,2025-05-19 13:44:39.541090,view
U1374,P0210,2025-12-23 13:44:39.541903,view
U1513,P0146,2025-10-23 13:44:39.546461,view
U0688,P0434,2025-04-09 13:44:39.547363,view
U0806,P0384,2025-05-18 13:44:39.547740,view
U0738,P0334,2025-09-10 13:44:39.548357,cart
U1059,P0247,2026-02-22 13:44:39.551514,view
U1327,P0476,2025-09-05 13:44:39.551900,view
U1005,P0261,2025-12-26 13:44:39.552126,view
U1356,P0464,2025-11-24 13:44:39.552743,wishlist
U1003,P0163,2025-08-24 13:44:39.553013,purchase
U1761,P0134,2026-01-02 13:44:39.558909,view
U0829,P0330,2025-10-26 13:44:39.559848,view
U0142,P0485,2025-10-15 13:44:39.560786,cart
U1120,P0088,2026-03-19 13:44:39.562362,view
U0557,P0357,2025-08-19 13:44:39.564733,cart
U1725,P0269,2026-03-14 13:44:39.565085,view
U0173,P0276,2025-12-12 13:44:39.567038,cart
U0322,P0084,2026-01-18 13:44:39.567574,view
U0837,P0038,2025-08-01 13:44:39.567879,cart
U0362,P0471,2026-03-27 13:44:39.568162,view
U0376,P0328,2025-05-05 13:44:39.568529,view
U1370,P0113,2025-10-10 13:44:39.570431,view
U1467,P0030,2025-12-17 13:44:39.570853,view
U1778,P0464,2025-12-11 13:44:39.571847,wishlist
U0821,P0152,2026-02-04 13:44:39.572314,view
U0344,P0289,2025-04-07 13:44:39.580704,view
U0592,P0162,2026-02-26 13:44:39.581277,wishlist
U1041,P0153,2025-07-17 13:44:39.581614,view
U1455,P0275,2025-04-21 13:44:39.581864,view
U1833,P0199,2025-08-05 13:44:39.582115,purchase
U1967,P0422,2025-04-22 13:44:39.584150,view
U1955,P0228,2025-06-10 13:44:39.584611,view
U1934,P0430,2025-10-07 13:44:39.584857,cart
U1670,P0296,2025-12-04 13:44:39.585556,view
U0193,P0421,2025-10-29 13:44:39.587548,cart
U1723,P0112,2025-05-01 13:44:39.587913,cart
U0669,P0033,2025-06-07 13:44:39.588153,view
U1779,P0268,2025-08-28 13:44:39.588475,wishlist
U1068,P0417,2026-03-19 13:44:39.588708,view
U0172,P0145,2025-07-10 13:44:39.588970,wishlist
U0751,P0430,2025-08-26 13:44:39.589258,purchase
U1172,P0063,2026-02-20 13:44:39.592326,view
U0675,P0340,2025-05-19 13:44:39.594592,cart
U0118,P0290,2025-09-09 13:44:39.600157,wishlist
U0197,P0488,2026-01-17 13:44:39.601387,view
U1922,P0376,2025-05-23 13:44:39.602597,view
U0948,P0435,2025-05-23 13:44:39.603051,view
U1986,P0078,2025-10-13 13:44:39.605025,view
U0493,P0012,2026-01-09 13:44:39.606664,view
U1668,P0049,2025-06-15 13:44:39.607930,purchase
U0239,P0129,2025-11-09 13:44:39.608327,view
U1741,P0496,2025-09-29 13:44:39.608694,view
U1147,P0482,2025-07-06 13:44:39.608962,cart
U1931,P0460,2026-03-17 13:44:39.609279,view
U1389,P0495,2025-12-18 13:44:39.609635,cart
U1461,P0002,2025-10-07 13:44:39.610436,purchase
U1376,P0289,2025-04-10 13:44:39.610787,view
U1908,P0268,2026-01-04 13:44:39.611210,purchase
U0250,P0138,2025-10-06 13:44:39.611471,view
U1181,P0400,2026-03-19 13:44:39.612355,cart
U1617,P0225,2026-01-17 13:44:39.612894,purchase
U0348,P0157,2025-10-19 13:44:39.613703,view
U0408,P0472,2025-10-05 13:44:39.614345,view
U0056,P0117,2025-08-21 13:44:39.614695,cart
U0403,P0347,2025-10-15 13:44:39.614961,view
U0909,P0226,2025-11-26 13:44:39.620218,purchase
U0231,P0224,2025-06-10 13:44:39.621270,view
U1901,P0005,2025-11-29 13:44:39.622074,purchase
U0889,P0099,2025-08-01 13:44:39.622507,view
U0823,P0013,2025-04-23 13:44:39.623541,wishlist
U0664,P0126,2026-03-15 13:44:39.624405,view
U1133,P0242,2025-05-29 13:44:39.624768,view
U0250,P0031,2025-08-03 13:44:39.625768,purchase
U1104,P0033,2025-04-12 13:44:39.628976,cart
U0078,P0040,2025-09-03 13:44:39.630402,view
U0381,P0326,2025-11-19 13:44:39.631812,wishlist
U1905,P0200,2025-11-09 13:44:39.633940,cart
U0258,P0238,2026-03-03 13:44:39.634761,cart
U0307,P0281,2025-11-12 13:44:39.635385,view
U0089,P0261,2025-06-11 13:44:39.635721,cart
U0811,P0468,2026-02-20 13:44:39.638107,cart
U0478,P0319,2026-02-01 13:44:39.638391,cart
U1864,P0488,2026-01-13 13:44:39.638615,view
U1238,P0110,2026-01-07 13:44:39.638941,view
U0399,P0118,2025-07-06 13:44:39.639172,view
U1693,P0320,2025-09-29 13:44:39.639400,cart
U1798,P0027,2025-08-08 13:44:39.639606,wishlist
U1029,P0447,2026-02-23 13:44:39.639925,view
U1171,P0325,2025-06-03 13:44:39.640149,purchase
U1211,P0471,2025-07-31 13:44:39.640379,view
U0050,P0214,2026-02-18 13:44:39.640665,cart
U1235,P0087,2025-11-16 13:44:39.643593,cart
U0671,P0496,2026-01-02 13:44:39.645387,purchase
U0796,P0261,2025-11-13 13:44:39.649908,cart
U0181,P0304,2025-09-21 13:44:39.651006,view
U1417,P0255,2025-06-10 13:44:39.651806,purchase
U1246,P0486,2026-01-13 13:44:39.656186,view
U0391,P0444,2025-07-05 13:44:39.657228,cart
U0793,P0060,2025-12-19 13:44:39.663863,cart
U1317,P0017,2025-10-10 13:44:39.664811,view
U1233,P0015,2026-02-26 13:44:39.665659,cart
U1998,P0118,2026-02-18 13:44:39.668339,view
U0276,P0413,2025-09-17 13:44:39.668764,view
U1699,P0336,2025-08-14 13:44:39.670339,cart
U0082,P0473,2025-08-16 13:44:39.671434,view
U1271,P0040,2025-05-13 13:44:39.672368,wishlist
U0647,P0075,2026-02-05 13:44:39.672743,view
U1191,P0241,2026-03-04 13:44:39.675295,wishlist
U0965,P0234,2025-07-25 13:44:39.677610,wishlist
U0563,P0190,2025-10-06 13:44:39.678007,cart
U1958,P0134,2026-03-18 13:44:39.678274,view
U0877,P0083,2025-10-01 13:44:39.679692,cart
U0323,P0347,2026-02-20 13:44:39.680120,view
U1796,P0285,2025-10-15 13:44:39.680553,wishlist
U0525,P0003,2025-07-11 13:44:39.680815,purchase
U0778,P0170,2026-03-26 13:44:39.681051,view
U0532,P0449,2025-10-27 13:44:39.681269,view
U1640,P0264,2025-10-10 13:44:39.681723,view
U0627,P0489,2025-05-18 13:44:39.681978,view
U0150,P0448,2025-06-27 13:44:39.682190,view
U1712,P0464,2025-07-08 13:44:39.682507,cart
U1632,P0137,2025-09-20 13:44:39.682776,view
U0748,P0179,2025-10-24 13:44:39.682995,cart
U1951,P0092,2025-12-29 13:44:39.683206,wishlist
U1638,P0411,2025-08-02 13:44:39.684710,wishlist
U1366,P0039,2025-09-27 13:44:39.685472,purchase
U1648,P0374,2025-04-20 13:44:39.685782,view
U1193,P0292,2025-08-21 13:44:39.686003,view
U0416,P0280,2025-12-14 13:44:39.686202,view
U1727,P0334,2025-07-10 13:44:39.686502,wishlist
U0392,P0201,2026-02-14 13:44:39.687333,cart
U1566,P0035,2025-05-16 13:44:39.688791,cart
U1346,P0377,2025-11-04 13:44:39.689214,view
U1023,P0121,2025-04-12 13:44:39.689571,view
U0696,P0146,2025-10-16 13:44:39.689807,view
U0100,P0240,2025-10-14 13:44:39.690064,view
U1378,P0369,2026-01-31 13:44:39.690426,view
U1942,P0469,2025-12-22 13:44:39.690675,cart
U1434,P0355,2025-08-26 13:44:39.690908,view
U1724,P0110,2025-07-15 13:44:39.695252,view
U0448,P0407,2025-12-16 13:44:39.697263,wishlist
U0913,P0395,2025-06-04 13:44:39.697867,wishlist
U0822,P0227,2025-10-07 13:44:39.699385,view
U0711,P0476,2025-12-09 13:44:39.700065,wishlist
U1266,P0243,2026-01-05 13:44:39.700676,wishlist
U1037,P0199,2025-10-21 13:44:39.701009,view
U1193,P0214,2026-03-21 13:44:39.710625,cart
U0153,P0029,2025-06-06 13:44:39.710987,cart
U1456,P0046,2025-06-27 13:44:39.711217,purchase
U1687,P0234,2026-03-22 13:44:39.711503,view
U1000,P0048,2026-02-04 13:44:39.711720,view
U1307,P0076,2025-07-07 13:44:39.711936,purchase
U1692,P0169,2025-10-02 13:44:39.712213,view
U1813,P0301,2025-08-02 13:44:39.712460,purchase
U1409,P0388,2025-12-12 13:44:39.715873,wishlist
U0317,P0420,2025-04-10 13:44:39.716436,cart
U0181,P0026,2026-01-25 13:44:39.717694,view
U1214,P0078,2025-12-27 13:44:39.718162,view
U0805,P0187,2026-01-14 13:44:39.718542,view
U0691,P0392,2025-06-27 13:44:39.722395,view
U0126,P0202,2025-12-15 13:44:39.722894,view
U1067,P0288,2025-04-09 13:44:39.723994,view
U0053,P0391,2026-02-04 13:44:39.724411,view
U1252,P0207,2025-11-28 13:44:39.730955,view
U1345,P0015,2025-06-05 13:44:39.731682,view
U1441,P0434,2025-12-27 13:44:39.732026,view
U1490,P0356,2025-09-02 13:44:39.732359,view
U0896,P0077,2025-08-28 13:44:39.737032,view
U1402,P0114,2026-03-22 13:44:39.738580,cart
U0008,P0189,2026-01-14 13:44:39.739757,view
U0126,P0475,2025-07-15 13:44:39.740095,cart
U1677,P0362,2026-01-01 13:44:39.740537,cart
U0156,P0445,2025-07-13 13:44:39.740827,view
U0455,P0214,2025-12-19 13:44:39.742001,view
U0698,P0443,2025-12-10 13:44:39.742486,wishlist
U1996,P0133,2025-07-10 13:44:39.742713,view
U1894,P0294,2025-06-03 13:44:39.742962,view
U0505,P0331,2025-12-24 13:44:39.743217,view
U0805,P0242,2025-10-17 13:44:39.746304,view
U1196,P0423,2025-04-25 13:44:39.746905,purchase
U0530,P0020,2025-07-26 13:44:39.747237,view
U1061,P0191,2025-06-17 13:44:39.747621,view
U0945,P0003,2025-09-04 13:44:39.747889,purchase
U0033,P0150,2025-04-19 13:44:39.748417,cart
U0924,P0355,2025-05-11 13:44:39.748958,cart
U0863,P0060,2026-02-28 13:44:39.749201,view
U0115,P0498,2025-04-22 13:44:39.749409,cart
U0117,P0348,2025-11-10 13:44:39.749749,purchase
U1822,P0396,2025-09-14 13:44:39.749948,view
U1545,P0026,2025-10-18 13:44:39.751376,purchase
U0616,P0371,2025-11-17 13:44:39.751683,view
U1582,P0270,2026-01-07 13:44:39.751961,purchase
U0809,P0419,2025-05-23 13:44:39.752154,view
U1291,P0063,2025-08-05 13:44:39.752338,view
U0395,P0250,2025-06-09 13:44:39.752543,view
U1248,P0148,2026-01-05 13:44:39.752722,purchase
U0884,P0019,2025-10-12 13:44:39.752973,view
U1961,P0129,2025-09-01 13:44:39.753158,view
U1704,P0270,2025-11-20 13:44:39.754930,view
U1225,P0303,2026-02-05 13:44:39.755323,cart
U0314,P0460,2025-07-24 13:44:39.755659,cart
U0461,P0133,2026-03-03 13:44:39.755885,view
U1293,P0134,2026-03-26 13:44:39.756121,view
U0930,P0450,2025-11-01 13:44:39.756770,wishlist
U0708,P0031,2025-06-18 13:44:39.757190,view
U1957,P0042,2025-10-13 13:44:39.757975,view
U0660,P0246,2025-08-21 13:44:39.758652,purchase
U1611,P0082,2026-01-11 13:44:39.758995,view
U1259,P0268,2025-04-12 13:44:39.759218,view
U1540,P0335,2025-05-20 13:44:39.759465,cart
U1394,P0050,2025-05-07 13:44:39.759656,wishlist
U1859,P0403,2025-12-18 13:44:39.759872,view
U0248,P0046,2025-12-12 13:44:39.760202,view
U1400,P0131,2025-04-19 13:44:39.760427,view
U1094,P0476,2025-09-26 13:44:39.760656,cart
U0895,P0153,2025-12-19 13:44:39.761177,view
U0077,P0059,2025-05-16 13:44:39.761458,view
U1075,P0297,2025-08-17 13:44:39.761679,view
U1126,P0476,2025-12-27 13:44:39.761877,view
U0949,P0208,2026-03-31 13:44:39.762162,view
U0394,P0125,2025-10-01 13:44:39.762364,view
U0061,P0416,2025-04-18 13:44:39.762568,purchase
U0095,P0285,2025-08-19 13:44:39.762772,view
U0902,P0283,2025-04-21 13:44:39.763097,cart
U0228,P0015,2025-09-01 13:44:39.763302,view
U1911,P0318,2026-01-14 13:44:39.765892,view
U0569,P0017,2025-08-15 13:44:39.767124,view
U1732,P0229,2025-08-05 13:44:39.767458,cart
U0540,P0106,2026-01-29 13:44:39.767677,view
U0688,P0276,2026-03-26 13:44:39.768008,purchase
U1553,P0425,2026-03-24 13:44:39.768239,view
U1313,P0336,2026-03-21 13:44:39.768453,view
U1632,P0467,2025-07-11 13:44:39.768677,view
U0950,P0272,2025-11-27 13:44:39.768914,wishlist
U1112,P0252,2025-07-22 13:44:39.770349,wishlist
U0671,P0298,2025-12-05 13:44:39.770925,view
U1342,P0022,2025-11-28 13:44:39.771253,cart
U0476,P0303,2025-06-07 13:44:39.771594,cart
U0965,P0030,2025-09-29 13:44:39.772020,wishlist
U0191,P0089,2025-06-14 13:44:39.775997,cart
U0398,P0312,2025-10-08 13:44:39.777203,view
U1111,P0072,2026-03-24 13:44:39.777711,wishlist
U1665,P0108,2025-07-01 13:44:39.782095,view
U1677,P0174,2025-09-30 13:44:39.783625,cart
U1896,P0073,2025-10-04 13:44:39.787443,view
U0349,P0086,2026-01-19 13:44:39.788087,cart
U1729,P0244,2026-01-23 13:44:39.788911,view
U1701,P0236,2025-12-23 13:44:39.789908,view
U1546,P0340,2025-05-25 13:44:39.790403,view
U1657,P0183,2025-07-29 13:44:39.790774,view
U1291,P0459,2025-12-25 13:44:39.791066,view
U0393,P0075,2026-01-02 13:44:39.791739,view
U0163,P0012,2025-08-21 13:44:39.792101,view
U1011,P0220,2025-11-24 13:44:39.792437,view
U1796,P0120,2025-04-14 13:44:39.792904,cart
U1607,P0464,2025-11-21 13:44:39.793215,wishlist
U0633,P0316,2025-10-15 13:44:39.797472,view
U1777,P0473,2025-06-28 13:44:39.797923,view
U0092,P0062,2025-07-02 13:44:39.798148,view
U0105,P0307,2026-03-31 13:44:39.799197,view
U0329,P0313,2025-09-19 13:44:39.799685,view
U1336,P0419,2026-03-15 13:44:39.800321,view
U0303,P0345,2025-05-28 13:44:39.801444,view
U0801,P0096,2025-10-21 13:44:39.801968,purchase
U0264,P0431,2026-03-28 13:44:39.802358,wishlist
U1980,P0250,2025-07-25 13:44:39.802932,cart
U0409,P0065,2026-01-27 13:44:39.807074,view
U1239,P0083,2025-09-02 13:44:39.807842,purchase
U1269,P0119,2025-10-24 13:44:39.810058,view
U0302,P0222,2025-12-24 13:44:39.810755,view
U1570,P0146,2026-02-01 13:44:39.811374,view
U1329,P0186,2026-02-25 13:44:39.811847,cart
U1133,P0189,2026-01-23 13:44:39.812216,view
U1975,P0035,2025-10-10 13:44:39.812565,cart
U0716,P0350,2025-11-18 13:44:39.816588,view
U0557,P0481,2025-12-27 13:44:39.817273,view
U0061,P0152,2025-04-14 13:44:39.818276,view
U1852,P0280,2025-10-07 13:44:39.821193,view
U0683,P0381,2025-06-19 13:44:39.822004,purchase
U1477,P0245,2025-09-09 13:44:39.822503,wishlist
U1156,P0309,2025-07-16 13:44:39.824557,view
U0499,P0359,2025-09-14 13:44:39.825317,view
U1233,P0475,2025-04-18 13:44:39.826015,view
U0815,P0381,2026-02-19 13:44:39.826369,purchase
U1761,P0300,2025-05-06 13:44:39.827498,view
U1447,P0183,2025-07-01 13:44:39.828332,view
U1502,P0423,2025-11-15 13:44:39.829087,cart
U1707,P0254,2025-08-14 13:44:39.829383,view
U1161,P0047,2025-05-09 13:44:39.829605,view
U2000,P0205,2025-07-21 13:44:39.829898,cart
U0168,P0411,2025-10-06 13:44:39.830117,view
U0742,P0443,2025-04-06 13:44:39.830325,cart
U0035,P0213,2026-02-27 13:44:39.830530,view
U0833,P0308,2025-06-20 13:44:39.831431,view
U0556,P0162,2025-09-17 13:44:39.831855,wishlist
U0838,P0235,2025-11-24 13:44:39.832089,view
U0046,P0351,2025-05-03 13:44:39.832294,view
U1533,P0353,2025-06-03 13:44:39.832504,view
U0137,P0277,2025-09-30 13:44:39.832806,view
U1946,P0396,2025-08-28 13:44:39.835372,wishlist
U1601,P0091,2025-08-02 13:44:39.836607,view
U0998,P0023,2026-02-11 13:44:39.837149,cart
U1600,P0384,2025-07-22 13:44:39.839046,wishlist
U0499,P0352,2026-01-24 13:44:39.839706,view
U1759,P0347,2025-11-26 13:44:39.840123,wishlist
U0313,P0388,2025-04-06 13:44:39.840632,view
U0265,P0266,2026-01-26 13:44:39.840970,wishlist
U0754,P0393,2025-05-18 13:44:39.841423,view
U0983,P0070,2025-08-23 13:44:39.841776,purchase
U1491,P0264,2026-01-05 13:44:39.842772,cart
U0632,P0074,2025-06-22 13:44:39.843114,wishlist
U1303,P0430,2026-02-28 13:44:39.844015,purchase
U1295,P0333,2026-02-25 13:44:39.844675,cart
U0646,P0060,2026-01-11 13:44:39.845112,view
U0529,P0353,2026-03-05 13:44:39.847428,cart
U1720,P0385,2025-10-16 13:44:39.848364,purchase
U1803,P0413,2026-03-11 13:44:39.849510,view
U0321,P0119,2026-02-05 13:44:39.849841,view
U1151,P0070,2026-01-28 13:44:39.850428,view
U0326,P0176,2025-11-27 13:44:39.850897,view
U0641,P0389,2025-07-17 13:44:39.851179,view
U1819,P0444,2025-09-30 13:44:39.852142,view
U1175,P0284,2025-04-13 13:44:39.852673,wishlist
U0516,P0004,2025-09-25 13:44:39.852983,wishlist
U0308,P0101,2025-05-05 13:44:39.854334,view
U0307,P0098,2025-12-03 13:44:39.854705,view
U1703,P0091,2025-10-08 13:44:39.855087,view
U0327,P0338,2026-02-21 13:44:39.855386,cart
U1021,P0327,2025-04-18 13:44:39.855655,view
U0769,P0148,2026-03-24 13:44:39.855892,view
U0245,P0125,2026-03-03 13:44:39.856143,view
U1086,P0192,2026-01-29 13:44:39.857266,cart
U0997,P0187,2025-11-17 13:44:39.858297,cart
U1918,P0421,2025-09-13 13:44:39.858688,view
U0149,P0415,2026-01-02 13:44:39.859278,view
U0811,P0315,2025-11-04 13:44:39.859634,view
U1652,P0027,2026-02-19 13:44:39.860683,cart
U0937,P0084,2026-03-26 13:44:39.861260,cart
U1463,P0093,2025-05-06 13:44:39.861828,view
U1665,P0052,2025-09-20 13:44:39.862192,view
U1375,P0152,2025-07-08 13:44:39.865368,view
U1845,P0472,2026-01-03 13:44:39.865820,view
U0686,P0243,2026-03-31 13:44:39.866066,wishlist
U1375,P0205,2025-10-26 13:44:39.866368,view
U0126,P0359,2025-04-06 13:44:39.866602,view
U0823,P0203,2025-08-08 13:44:39.866802,purchase
U1602,P0022,2025-10-21 13:44:39.867028,view
U0491,P0210,2025-12-05 13:44:39.867362,view
U1992,P0433,2026-02-13 13:44:39.867592,view
U1268,P0152,2026-04-05 13:44:39.867804,view
U1375,P0447,2025-07-13 13:44:39.868056,wishlist
U1684,P0368,2026-01-09 13:44:39.868316,view
U0249,P0200,2025-08-12 13:44:39.869281,view
U1887,P0388,2025-06-22 13:44:39.870392,view
U0786,P0211,2025-04-23 13:44:39.870863,view
U0358,P0194,2026-02-20 13:44:39.871404,wishlist
U1786,P0024,2026-03-04 13:44:39.872145,wishlist
U1517,P0100,2025-12-31 13:44:39.872759,wishlist
U0317,P0464,2026-04-06 13:44:39.874925,purchase
U1765,P0039,2025-06-13 13:44:39.877335,purchase
U0181,P0106,2025-07-29 13:44:39.878357,purchase
U1088,P0202,2025-10-06 13:44:39.878599,cart
U1013,P0168,2026-01-02 13:44:39.879579,cart
U1590,P0051,2026-03-15 13:44:39.880458,wishlist
U1902,P0180,2025-06-01 13:44:39.882044,view
U0567,P0069,2026-01-30 13:44:39.884462,view
U1406,P0020,2026-03-28 13:44:39.885679,cart
U0282,P0483,2026-03-06 13:44:39.886765,view
U1329,P0434,2026-03-01 13:44:39.887466,cart
U0612,P0252,2025-04-06 13:44:39.887814,cart
U1489,P0340,2025-04-13 13:44:39.888262,wishlist
U0472,P0046,2025-10-22 13:44:39.888901,cart
U0450,P0271,2025-10-17 13:44:39.889408,view
U1434,P0115,2025-09-13 13:44:39.889709,view
U1774,P0039,2025-07-17 13:44:39.891444,view
U1169,P0122,2026-04-02 13:44:39.891855,view
U0379,P0216,2026-03-26 13:44:39.892128,wishlist
U0875,P0454,2025-04-23 13:44:39.892349,cart
U0025,P0465,2025-07-13 13:44:39.892653,view
U1152,P0485,2025-07-15 13:44:39.892866,cart
U1812,P0018,2025-06-19 13:44:39.893059,view
U0812,P0201,2025-07-02 13:44:39.893243,wishlist
U1040,P0364,2025-04-23 13:44:39.893420,cart
U1432,P0412,2025-11-03 13:44:39.893700,purchase
U0204,P0066,2025-04-19 13:44:39.897756,view
U1657,P0337,2026-03-27 13:44:39.908442,purchase
U1514,P0475,2025-07-30 13:44:39.914238,view
U1695,P0408,2026-01-16 13:44:39.925022,view
U0278,P0284,2025-10-17 13:44:39.926277,cart
U1990,P0466,2025-10-20 13:44:39.927873,view
U0621,P0114,2025-05-23 13:44:39.928611,view
U0641,P0018,2025-09-09 13:44:39.929379,view
U0889,P0127,2025-10-05 13:44:39.930094,view
U1667,P0433,2025-08-03 13:44:39.931513,view
U1841,P0112,2026-03-04 13:44:39.931848,purchase
U0438,P0119,2025-05-17 13:44:39.932316,view
U0884,P0345,2025-05-01 13:44:39.932739,cart
U1949,P0155,2026-01-16 13:44:39.933673,cart
U0586,P0044,2025-08-03 13:44:39.934919,view
U0626,P0131,2026-01-16 13:44:39.935673,purchase
U1080,P0423,2025-11-16 13:44:39.937206,view
U0854,P0318,2025-10-20 13:44:39.937680,view
U1281,P0173,2025-08-26 13:44:39.937987,view
U0092,P0490,2025-07-18 13:44:39.938222,view
U0506,P0353,2025-08-30 13:44:39.938554,cart
U0196,P0041,2025-06-05 13:44:39.943539,view
U1022,P0443,2025-04-07 13:44:39.944107,view
U0500,P0275,2025-08-02 13:44:39.944697,view
U1879,P0130,2026-02-03 13:44:39.945100,view
U0320,P0413,2025-07-02 13:44:39.945885,view
U0240,P0050,2025-06-10 13:44:39.946168,view
U0104,P0130,2025-04-24 13:44:39.946691,view
U1816,P0039,2026-02-04 13:44:39.947746,view
U1869,P0002,2025-12-08 13:44:39.948297,cart
U0339,P0325,2026-03-03 13:44:39.948579,view
U1437,P0448,2026-02-06 13:44:39.948820,view
U1002,P0140,2025-07-09 13:44:39.949160,cart
U0205,P0188,2025-08-15 13:44:39.949392,view
U0800,P0215,2025-09-08 13:44:39.949610,cart
U0462,P0259,2026-01-16 13:44:39.950352,cart
U1137,P0051,2026-02-21 13:44:39.950804,view
U0777,P0002,2025-08-01 13:44:39.951322,view
U1393,P0265,2025-10-14 13:44:39.951619,view
U1329,P0495,2025-11-05 13:44:39.951957,view
U0833,P0271,2025-04-11 13:44:39.952197,view
U1752,P0288,2025-09-23 13:44:39.952409,view
U1168,P0105,2026-03-25 13:44:39.953355,cart
U1428,P0396,2025-07-23 13:44:39.953886,purchase
U1816,P0060,2025-04-06 13:44:39.954237,cart
U1607,P0495,2026-04-02 13:44:39.954551,view
U1047,P0427,2025-04-10 13:44:39.954747,view
U1075,P0052,2025-08-31 13:44:39.954946,view
U1750,P0249,2025-04-18 13:44:39.955147,view
U0147,P0343,2025-05-10 13:44:39.955429,view
U0002,P0064,2025-11-09 13:44:39.955644,view
U1601,P0172,2025-04-16 13:44:39.958037,view
U1884,P0357,2025-07-20 13:44:39.958313,purchase
U1931,P0372,2026-01-20 13:44:39.958538,view
U0413,P0324,2025-09-07 13:44:39.958749,cart
U0153,P0374,2025-05-07 13:44:39.959391,view
U0428,P0073,2025-12-17 13:44:39.960169,purchase
U1432,P0478,2025-11-18 13:44:39.960635,view
U0246,P0412,2026-01-11 13:44:39.961112,view
U0977,P0467,2026-02-03 13:44:39.961473,view
U0882,P0029,2026-03-14 13:44:39.961713,purchase
U0712,P0226,2025-11-23 13:44:39.961919,view
U1424,P0010,2025-04-10 13:44:39.962111,cart
U0482,P0325,2026-02-17 13:44:39.962311,purchase
U0244,P0474,2026-04-03 13:44:39.962589,cart
U0285,P0007,2025-04-28 13:44:39.962771,view
U0888,P0114,2025-05-17 13:44:39.963632,cart
U0407,P0090,2026-03-03 13:44:39.964204,cart
U0978,P0331,2025-08-10 13:44:39.964907,view
U0269,P0044,2025-10-29 13:44:39.965294,view
U1016,P0093,2025-08-09 13:44:39.965525,view
U1583,P0318,2025-10-02 13:44:39.965744,wishlist
U0344,P0309,2025-05-28 13:44:39.966050,cart
U1143,P0391,2025-04-09 13:44:39.967709,view
U0926,P0208,2025-07-11 13:44:39.968241,view
U0397,P0245,2025-06-12 13:44:39.968623,view
U0888,P0437,2025-08-07 13:44:39.969478,view
U1722,P0079,2025-08-09 13:44:39.970089,view
U1645,P0423,2025-06-19 13:44:39.970332,view
U0670,P0232,2025-11-09 13:44:39.970551,view
U0546,P0306,2025-07-13 13:44:39.970764,cart
U1718,P0307,2026-01-01 13:44:39.971097,view
U1065,P0336,2025-06-14 13:44:39.971328,wishlist
U0006,P0135,2026-02-23 13:44:39.971563,purchase
U0063,P0126,2026-01-01 13:44:39.974573,wishlist
U1437,P0377,2025-05-28 13:44:39.975313,view
U1199,P0491,2025-08-26 13:44:39.975646,view
U1689,P0447,2025-07-19 13:44:39.975936,cart
U1880,P0474,2025-11-16 13:44:39.976252,view
U1501,P0057,2026-03-16 13:44:39.977540,view
U0243,P0211,2025-06-12 13:44:39.977959,purchase
U1688,P0495,2025-09-23 13:44:39.979954,view
U1092,P0225,2026-04-03 13:44:39.980455,view
U0094,P0296,2025-09-20 13:44:39.980702,view
U1653,P0220,2025-11-17 13:44:39.980913,wishlist
U1582,P0145,2025-05-04 13:44:39.982174,view
U1979,P0238,2026-03-01 13:44:39.983322,purchase
U0559,P0460,2025-12-06 13:44:39.983660,view
U0521,P0221,2025-07-07 13:44:39.983872,view
U1700,P0452,2026-04-03 13:44:39.984358,view
U0883,P0443,2025-04-25 13:44:39.984723,view
U0685,P0423,2025-11-11 13:44:39.985049,view
U0182,P0010,2025-04-16 13:44:39.985374,view
U1202,P0303,2025-09-04 13:44:39.985768,cart
U1736,P0014,2025-04-28 13:44:39.986057,wishlist
U0190,P0422,2025-06-07 13:44:39.986594,view
U1730,P0099,2026-02-25 13:44:39.986974,view
U0708,P0499,2025-07-14 13:44:39.987364,view
U1340,P0424,2026-01-19 13:44:39.989509,view
U1420,P0263,2025-12-16 13:44:39.990824,cart
U0260,P0244,2025-04-20 13:44:39.991334,wishlist
U1525,P0421,2025-12-28 13:44:39.991590,cart
U0265,P0085,2025-06-07 13:44:39.991954,view
U0634,P0237,2026-03-13 13:44:39.992469,purchase
U0062,P0434,2025-06-12 13:44:39.993795,view
U0830,P0095,2025-04-13 13:44:39.994990,cart
U1411,P0056,2026-03-27 13:44:39.995496,view
U0566,P0051,2025-12-14 13:44:39.996695,view
U1954,P0162,2025-12-10 13:44:39.997733,purchase
U1069,P0283,2025-10-08 13:44:39.998116,view
U1888,P0126,2025-08-07 13:44:39.998397,view
U1798,P0020,2025-04-21 13:44:39.998613,view
U0988,P0481,2025-04-15 13:44:39.999207,view
U1655,P0263,2025-08-29 13:44:39.999559,view
U0389,P0350,2026-01-07 13:44:39.999897,cart
U0849,P0421,2025-04-12 13:44:40.000400,purchase
U1670,P0076,2025-12-21 13:44:40.000700,view
U1781,P0329,2026-03-26 13:44:40.001249,view
U1854,P0443,2025-07-04 13:44:40.001515,purchase
U1128,P0474,2026-01-30 13:44:40.001931,view
U1983,P0314,2026-04-04 13:44:40.002184,view
U0968,P0154,2025-04-09 13:44:40.002538,wishlist
U1117,P0288,2025-06-21 13:44:40.002761,view
U1045,P0199,2025-09-08 13:44:40.002996,cart
U0529,P0315,2025-06-12 13:44:40.003279,wishlist
U0585,P0390,2025-08-20 13:44:40.003700,purchase
U1115,P0481,2025-05-02 13:44:40.004845,view
U0056,P0114,2025-06-28 13:44:40.005205,view
U1490,P0317,2026-01-15 13:44:40.005839,purchase
U1177,P0347,2025-08-09 13:44:40.007273,wishlist
U0077,P0325,2025-05-25 13:44:40.007984,purchase
U1867,P0358,2025-12-03 13:44:40.009012,view
U0124,P0339,2025-07-25 13:44:40.009754,cart
U1563,P0043,2026-04-03 13:44:40.010171,view
U1936,P0292,2025-04-07 13:44:40.010400,view
U0652,P0383,2026-01-22 13:44:40.010642,view
U1192,P0292,2025-12-13 13:44:40.011142,view
U0585,P0119,2025-12-29 13:44:40.011407,view
U1430,P0441,2026-02-27 13:44:40.011604,view
U0881,P0337,2026-02-26 13:44:40.011793,view
U1159,P0051,2025-09-17 13:44:40.012125,view
U1538,P0437,2026-03-18 13:44:40.012378,view
U1969,P0075,2025-12-10 13:44:40.013296,view
U1214,P0209,2025-09-20 13:44:40.013644,view
U1274,P0024,2026-01-04 13:44:40.014526,view
U0814,P0022,2025-04-21 13:44:40.015617,view
U0458,P0050,2025-12-26 13:44:40.016191,cart
U0491,P0403,2025-08-22 13:44:40.017219,view
U1957,P0495,2025-08-24 13:44:40.018854,purchase
U1459,P0204,2025-11-15 13:44:40.019208,view
U0481,P0065,2026-03-13 13:44:40.019502,view
U1936,P0144,2025-04-23 13:44:40.019835,view
U1146,P0024,2025-09-27 13:44:40.020116,view
U1040,P0404,2026-01-06 13:44:40.020402,view
U1968,P0145,2026-02-12 13:44:40.024210,view
U0819,P0380,2025-11-30 13:44:40.025122,cart
U1084,P0374,2025-09-14 13:44:40.025845,cart
U1066,P0147,2025-05-22 13:44:40.027220,view
U0674,P0260,2025-10-13 13:44:40.028005,view
U0143,P0224,2025-09-24 13:44:40.028635,view
U1221,P0413,2025-08-18 13:44:40.030965,cart
U1440,P0469,2025-07-07 13:44:40.031737,purchase
U0947,P0331,2026-01-19 13:44:40.032391,view
U0058,P0458,2026-01-30 13:44:40.038343,purchase
U1579,P0078,2026-02-14 13:44:40.039315,view
U0480,P0480,2025-12-22 13:44:40.039919,cart
U0260,P0488,2026-02-06 13:44:40.040228,purchase
U0606,P0323,2025-06-09 13:44:40.040503,view
U1174,P0324,2025-10-28 13:44:40.041685,view
U0444,P0266,2025-07-31 13:44:40.042271,wishlist
U0557,P0332,2025-10-02 13:44:40.042670,view
U1360,P0275,2025-09-27 13:44:40.043117,view
U1312,P0220,2026-02-27 13:44:40.043440,view
U1780,P0362,2025-04-21 13:44:40.043767,wishlist
U0738,P0419,2025-06-16 13:44:40.044204,view
U0127,P0211,2026-01-25 13:44:40.044596,view
U0729,P0367,2025-08-19 13:44:40.045234,view
U1703,P0196,2026-01-28 13:44:40.045722,view
U0252,P0438,2025-05-29 13:44:40.046038,view
U0518,P0306,2025-10-22 13:44:40.046333,wishlist
U1825,P0118,2026-02-09 13:44:40.046750,purchase
U1757,P0408,2025-08-29 13:44:40.052907,view
U0437,P0148,2025-07-21 13:44:40.053390,view
U1897,P0119,2025-06-28 13:44:40.053651,view
U1736,P0313,2025-10-19 13:44:40.053906,purchase
U1887,P0365,2026-02-23 13:44:40.054264,view
U0231,P0171,2025-11-13 13:44:40.055443,view
U0341,P0045,2025-06-29 13:44:40.056042,view
U0756,P0479,2025-07-13 13:44:40.056917,view
U0778,P0061,2025-11-28 13:44:40.057927,view
U1413,P0115,2025-09-09 13:44:40.058626,view
U1481,P0281,2026-04-02 13:44:40.059023,view
U1823,P0420,2025-05-31 13:44:40.059353,view
U0666,P0067,2025-07-17 13:44:40.059847,wishlist
U0421,P0469,2026-03-13 13:44:40.060486,view
U0353,P0336,2025-10-18 13:44:40.060960,view
U1294,P0130,2025-11-25 13:44:40.061461,wishlist
U0360,P0382,2025-10-08 13:44:40.062411,view
U0220,P0141,2025-04-13 13:44:40.062915,view
U1235,P0153,2025-12-15 13:44:40.063769,cart
U0286,P0218,2026-01-16 13:44:40.067182,view
U0723,P0203,2026-01-30 13:44:40.068263,cart
U1559,P0286,2026-01-13 13:44:40.076691,view
U0279,P0428,2026-03-08 13:44:40.077306,view
U0526,P0436,2025-09-15 13:44:40.077570,view
U1142,P0256,2025-05-23 13:44:40.077831,wishlist
U1095,P0372,2025-06-18 13:44:40.078100,view
U1706,P0053,2025-09-27 13:44:40.083165,view
U0628,P0273,2025-12-25 13:44:40.085225,cart
U0588,P0368,2025-09-05 13:44:40.085755,view
U0355,P0360,2025-12-15 13:44:40.093262,wishlist
U0374,P0364,2025-10-09 13:44:40.095428,view
U0674,P0300,2026-03-20 13:44:40.096178,view
U1589,P0225,2025-12-10 13:44:40.105532,cart
U1398,P0140,2026-03-17 13:44:40.105820,view
U1993,P0465,2026-03-18 13:44:40.106108,view
U0351,P0497,2025-07-14 13:44:40.106388,wishlist
U0888,P0313,2025-09-04 13:44:40.106835,view
U0922,P0177,2025-06-06 13:44:40.107134,wishlist
U0431,P0348,2025-11-19 13:44:40.111704,view
U0649,P0415,2025-08-23 13:44:40.114480,view
U0376,P0149,2025-07-02 13:44:40.128973,wishlist
U1130,P0443,2025-06-16 13:44:40.130363,cart
U1866,P0053,2026-02-17 13:44:40.130975,view
U1156,P0084,2025-08-24 13:44:40.132021,cart
U0849,P0272,2025-10-30 13:44:40.133279,view
U0370,P0039,2025-11-19 13:44:40.147327,view
U1712,P0082,2025-12-27 13:44:40.147872,view
U1406,P0173,2026-02-20 13:44:40.148517,purchase
U0353,P0356,2025-06-29 13:44:40.148802,view
U0051,P0105,2025-04-24 13:44:40.149993,cart
U1609,P0458,2026-01-04 13:44:40.150534,view
U0848,P0206,2026-02-10 13:44:40.150826,purchase
U0279,P0385,2025-07-29 13:44:40.151254,view
U1370,P0185,2025-10-02 13:44:40.151514,wishlist
U1558,P0056,2025-09-25 13:44:40.151771,view
U1760,P0348,2025-05-12 13:44:40.152226,cart
U0326,P0082,2025-11-04 13:44:40.153365,view
U0889,P0233,2025-07-06 13:44:40.154125,cart
U1863,P0058,2025-07-31 13:44:40.154371,view
U1354,P0318,2025-07-25 13:44:40.154612,view
U0294,P0194,2025-11-22 13:44:40.154904,view
U0655,P0479,2026-02-14 13:44:40.155182,cart
U0126,P0219,2025-05-04 13:44:40.156184,view
U1300,P0022,2025-11-18 13:44:40.157313,view
U0221,P0226,2025-11-19 13:44:40.157722,purchase
U1032,P0157,2025-10-23 13:44:40.157989,view
U0458,P0338,2026-02-18 13:44:40.158338,view
U1881,P0088,2025-12-20 13:44:40.158579,purchase
U1083,P0126,2025-10-01 13:44:40.158809,view
U1091,P0319,2025-06-02 13:44:40.159370,cart
U0766,P0312,2025-04-10 13:44:40.159690,view
U0188,P0177,2026-02-11 13:44:40.159928,view
U0720,P0343,2026-01-09 13:44:40.161106,view
U1521,P0330,2025-08-10 13:44:40.161751,cart
U1435,P0271,2026-02-13 13:44:40.162917,cart
U0325,P0050,2025-09-20 13:44:40.163148,view
U0925,P0250,2025-04-06 13:44:40.163340,wishlist
U0781,P0068,2026-03-23 13:44:40.163772,wishlist
U1003,P0096,2025-06-06 13:44:40.164264,view
U0999,P0120,2025-11-25 13:44:40.167848,cart
U0047,P0318,2025-10-25 13:44:40.168806,view
U0202,P0170,2025-10-10 13:44:40.169526,purchase
U1367,P0161,2025-08-14 13:44:40.182812,view
U1896,P0297,2025-12-09 13:44:40.183812,view
U0198,P0299,2026-01-29 13:44:40.189067,purchase
U1425,P0281,2026-03-28 13:44:40.189584,view
U0714,P0335,2025-11-28 13:44:40.190641,cart
U0825,P0462,2025-09-29 13:44:40.196893,view
U0510,P0447,2026-01-06 13:44:40.206184,cart
U1655,P0466,2025-09-25 13:44:40.206995,view
U0480,P0476,2026-04-01 13:44:40.207328,view
U0131,P0168,2026-03-28 13:44:40.207599,view
U0596,P0462,2026-03-23 13:44:40.207969,view
U1939,P0036,2026-03-23 13:44:40.208257,purchase
U0909,P0040,2025-09-15 13:44:40.211908,cart
U1040,P0124,2026-03-17 13:44:40.212838,wishlist
U1932,P0351,2025-09-29 13:44:40.213324,view
U0655,P0435,2026-03-24 13:44:40.213634,view
U0374,P0408,2025-07-13 13:44:40.213933,view
U1908,P0108,2025-07-04 13:44:40.214256,cart
U1328,P0318,2025-11-10 13:44:40.215416,wishlist
U0613,P0017,2026-01-09 13:44:40.215774,view
U1721,P0063,2025-09-06 13:44:40.216128,view
U1683,P0280,2026-02-07 13:44:40.216370,view
U1002,P0299,2026-03-17 13:44:40.216668,view
U1971,P0317,2025-09-30 13:44:40.217016,purchase
U1636,P0146,2025-10-21 13:44:40.217308,wishlist
U0213,P0265,2026-03-06 13:44:40.217998,view
U0569,P0060,2025-11-30 13:44:40.218947,view
U0897,P0046,2025-04-24 13:44:40.219671,purchase
U0121,P0011,2025-05-15 13:44:40.220771,cart
U1450,P0102,2025-05-01 13:44:40.221309,view
U1772,P0273,2026-03-24 13:44:40.221602,view
U1409,P0120,2025-12-17 13:44:40.221856,view
U0908,P0103,2025-11-13 13:44:40.222708,view
U0851,P0006,2025-10-23 13:44:40.223171,wishlist
U1451,P0229,2025-08-24 13:44:40.223426,view
U0238,P0265,2025-06-07 13:44:40.223665,view
U1539,P0374,2026-03-15 13:44:40.224058,view
U0032,P0431,2026-02-11 13:44:40.224394,purchase
U1725,P0459,2025-07-18 13:44:40.224698,view
U0789,P0055,2025-07-23 13:44:40.226346,purchase
U1229,P0140,2025-05-23 13:44:40.228248,purchase
U1017,P0060,2025-11-22 13:44:40.231085,wishlist
U1260,P0370,2026-03-08 13:44:40.232161,wishlist
U0487,P0086,2026-01-18 13:44:40.232517,view
U1337,P0499,2026-02-20 13:44:40.232779,view
U0080,P0476,2025-05-05 13:44:40.234883,view
U0627,P0297,2025-05-11 13:44:40.236392,view
U0899,P0148,2025-10-26 13:44:40.236692,view
U0178,P0118,2025-09-21 13:44:40.240849,view
U1389,P0429,2025-11-06 13:44:40.241427,view
U0367,P0346,2025-11-08 13:44:40.241943,view
U1857,P0147,2025-08-06 13:44:40.242497,view
U0170,P0385,2025-12-27 13:44:40.244076,view
U1464,P0079,2025-07-10 13:44:40.244623,wishlist
U0509,P0018,2025-04-24 13:44:40.244897,view
U1809,P0254,2025-11-29 13:44:40.245555,view
U0748,P0146,2025-05-20 13:44:40.246812,cart
U1539,P0232,2025-12-06 13:44:40.248716,wishlist
U1851,P0392,2025-04-10 13:44:40.249135,view
U0376,P0133,2026-02-14 13:44:40.249546,view
U1967,P0120,2025-11-19 13:44:40.249815,wishlist
U0227,P0014,2025-04-21 13:44:40.250055,view
U1358,P0229,2026-02-22 13:44:40.254565,purchase
U1771,P0115,2025-11-28 13:44:40.255209,wishlist
U0820,P0043,2025-05-12 13:44:40.255715,purchase
U0176,P0221,2025-05-04 13:44:40.256042,view
U1239,P0413,2025-08-03 13:44:40.257078,purchase
U0522,P0092,2025-07-25 13:44:40.261770,view
U0549,P0123,2025-11-08 13:44:40.262349,cart
U1471,P0435,2025-12-05 13:44:40.265019,cart
U1018,P0406,2026-01-15 13:44:40.265807,wishlist
U1835,P0233,2025-09-21 13:44:40.266933,wishlist
U0799,P0040,2025-11-10 13:44:40.267490,wishlist
U1149,P0237,2026-02-04 13:44:40.267781,wishlist
U1399,P0156,2025-09-12 13:44:40.268019,view
U1089,P0499,2025-05-23 13:44:40.271804,view
U0445,P0384,2025-04-06 13:44:40.272673,wishlist
U0684,P0009,2025-04-09 13:44:40.273239,cart
U0265,P0365,2026-02-14 13:44:40.282005,view
U0618,P0383,2025-04-10 13:44:40.285524,view
U0716,P0056,2025-08-28 13:44:40.305044,view
U1723,P0206,2026-03-05 13:44:40.305853,view
U1092,P0066,2025-12-28 13:44:40.314694,cart
U1117,P0294,2025-06-28 13:44:40.315276,purchase
U0142,P0473,2025-07-10 13:44:40.315544,cart
U0761,P0132,2025-06-05 13:44:40.315769,view
U1912,P0172,2025-06-25 13:44:40.316010,cart
U0171,P0339,2026-03-30 13:44:40.316378,view
U1244,P0009,2025-09-17 13:44:40.317706,view
U1152,P0123,2026-01-05 13:44:40.318246,view
U1934,P0131,2026-01-27 13:44:40.318577,wishlist
U0351,P0427,2025-09-28 13:44:40.318894,view
U0947,P0203,2026-01-17 13:44:40.319304,cart
U0281,P0406,2025-05-10 13:44:40.319617,cart
U1029,P0073,2025-05-17 13:44:40.319897,view
U1551,P0081,2025-11-22 13:44:40.320254,view
U0550,P0475,2026-01-05 13:44:40.320511,purchase
U0963,P0445,2026-02-02 13:44:40.320938,purchase
U0172,P0386,2025-10-19 13:44:40.321935,cart
U1156,P0018,2025-10-09 13:44:40.322531,view
U1925,P0103,2025-10-15 13:44:40.323705,purchase
U0784,P0105,2025-12-19 13:44:40.324461,view
U1455,P0094,2025-05-10 13:44:40.325383,wishlist
U1642,P0248,2025-07-17 13:44:40.327445,view
U1208,P0273,2026-03-30 13:44:40.328106,view
U0869,P0483,2025-04-26 13:44:40.328427,cart
U1032,P0096,2025-05-19 13:44:40.328705,cart
U0346,P0333,2025-04-06 13:44:40.330485,view
U0141,P0238,2025-10-17 13:44:40.331290,view
U1304,P0481,2026-02-09 13:44:40.331949,cart
U1673,P0381,2025-11-04 13:44:40.336783,cart
U0419,P0474,2025-12-30 13:44:40.340148,cart
U0514,P0184,2025-05-19 13:44:40.341770,view
U0269,P0449,2026-02-01 13:44:40.342393,cart
U1914,P0376,2025-09-14 13:44:40.345017,view
U0765,P0039,2025-11-13 13:44:40.345748,view
U0553,P0384,2025-04-22 13:44:40.347453,view
U0081,P0051,2026-03-19 13:44:40.348257,cart
U0057,P0158,2026-02-24 13:44:40.349515,wishlist
U1653,P0120,2025-11-24 13:44:40.349955,view
U1585,P0439,2025-11-10 13:44:40.350678,view
U0872,P0459,2025-10-05 13:44:40.351023,cart
U1238,P0359,2026-02-13 13:44:40.351411,view
U1048,P0160,2026-01-07 13:44:40.351659,view
U0157,P0107,2025-11-24 13:44:40.351928,view
U1428,P0070,2025-07-14 13:44:40.352257,cart
U1422,P0161,2026-04-02 13:44:40.352516,cart
U0891,P0060,2026-03-12 13:44:40.352756,cart
U0755,P0214,2026-02-17 13:44:40.352979,view
U1566,P0499,2025-12-21 13:44:40.354183,wishlist
U1567,P0221,2025-07-01 13:44:40.355915,view
U1933,P0147,2026-03-13 13:44:40.360336,view
U1121,P0160,2025-04-30 13:44:40.361263,purchase
U0841,P0304,2025-11-20 13:44:40.363375,view
U1493,P0282,2025-10-24 13:44:40.363997,cart
U1072,P0053,2025-10-10 13:44:40.364366,view
U0473,P0312,2025-04-20 13:44:40.364636,view
U0680,P0320,2026-03-12 13:44:40.365065,view
U1606,P0072,2026-01-12 13:44:40.366579,view
U0795,P0465,2025-07-19 13:44:40.367765,view
U0907,P0079,2025-06-23 13:44:40.368141,cart
U1166,P0002,2025-05-25 13:44:40.368563,view
U0790,P0156,2025-09-21 13:44:40.372185,purchase
U1239,P0363,2025-07-22 13:44:40.373811,cart
U0251,P0192,2025-11-26 13:44:40.378262,view
U0617,P0376,2025-11-03 13:44:40.380362,view
U0897,P0216,2025-10-24 13:44:40.381881,view
U1387,P0050,2026-01-12 13:44:40.382362,purchase
U1765,P0473,2025-11-29 13:44:40.383563,cart
U1410,P0443,2025-06-16 13:44:40.384124,view
U0675,P0059,2025-04-07 13:44:40.386568,view
U1189,P0283,2025-06-16 13:44:40.387031,wishlist
U0437,P0222,2026-02-02 13:44:40.387340,view
U0823,P0050,2025-10-14 13:44:40.387688,view
U0607,P0395,2026-03-20 13:44:40.388038,view
U0623,P0034,2025-05-19 13:44:40.388350,view
U1782,P0141,2025-07-16 13:44:40.391035,view
U0847,P0264,2025-06-18 13:44:40.391608,view
U1948,P0390,2025-06-09 13:44:40.393436,wishlist
U0376,P0205,2025-10-16 13:44:40.394147,view
U0547,P0101,2025-10-18 13:44:40.394678,view
U1089,P0094,2025-04-19 13:44:40.395247,view
U0353,P0450,2025-09-10 13:44:40.395664,view
U1963,P0070,2025-10-02 13:44:40.396218,purchase
U0032,P0499,2025-12-03 13:44:40.397807,purchase
U1173,P0415,2025-08-03 13:44:40.398196,purchase
U0218,P0378,2025-12-03 13:44:40.398590,view
U1405,P0009,2025-04-29 13:44:40.398921,cart
U1127,P0438,2025-05-25 13:44:40.399665,view
U0892,P0024,2025-10-05 13:44:40.399978,cart
U1913,P0204,2025-05-21 13:44:40.400230,view
U1924,P0227,2026-01-27 13:44:40.400620,view
U1644,P0205,2025-12-18 13:44:40.400909,view
U1318,P0221,2025-07-20 13:44:40.401177,cart
U1483,P0199,2026-03-20 13:44:40.401538,view
U1322,P0174,2025-10-19 13:44:40.401786,view
U0600,P0449,2025-09-21 13:44:40.402019,view
U1452,P0342,2026-01-22 13:44:40.402251,view
U0769,P0216,2025-06-28 13:44:40.402581,view
U0862,P0152,2025-09-21 13:44:40.402823,view
U1660,P0470,2025-09-19 13:44:40.403240,view
U0670,P0044,2026-03-07 13:44:40.403710,view
U0320,P0397,2025-05-25 13:44:40.403973,view
U0263,P0069,2025-06-07 13:44:40.404210,cart
U1216,P0084,2025-08-27 13:44:40.405442,cart
U1198,P0365,2025-05-27 13:44:40.406105,view
U1519,P0225,2026-03-26 13:44:40.407742,view
U0744,P0141,2026-01-13 13:44:40.409206,cart
U1059,P0366,2025-12-10 13:44:40.410550,wishlist
U0597,P0452,2025-04-25 13:44:40.410973,cart
U1594,P0152,2025-05-24 13:44:40.411256,cart
U1578,P0244,2025-08-07 13:44:40.411620,wishlist
U0034,P0292,2026-02-18 13:44:40.411891,view
U1870,P0397,2025-05-13 13:44:40.412145,view
U0611,P0124,2025-10-01 13:44:40.413179,view
U0598,P0378,2026-01-02 13:44:40.418323,view
U0903,P0461,2025-04-17 13:44:40.418916,view
U1618,P0111,2026-01-17 13:44:40.419223,view
U0094,P0428,2025-10-27 13:44:40.432276,cart
U1675,P0173,2026-02-05 13:44:40.432914,wishlist
U0992,P0286,2025-08-13 13:44:40.439119,view
U1829,P0396,2025-05-25 13:44:40.440360,view
U1263,P0483,2025-04-08 13:44:40.441137,view
U0584,P0200,2026-03-12 13:44:40.451996,view
U0692,P0337,2025-06-02 13:44:40.452518,wishlist
U1300,P0138,2026-02-14 13:44:40.452858,cart
U0022,P0434,2026-01-28 13:44:40.458686,wishlist
U0687,P0351,2026-04-02 13:44:40.459992,purchase
U0238,P0158,2025-07-19 13:44:40.460445,purchase
U0139,P0032,2025-09-28 13:44:40.460834,cart
U1655,P0258,2025-08-25 13:44:40.464874,purchase
U0628,P0392,2026-02-10 13:44:40.466165,cart
U1394,P0455,2026-01-19 13:44:40.467004,cart
U0754,P0444,2025-11-20 13:44:40.479824,view
U1988,P0016,2025-06-19 13:44:40.480416,view
U1139,P0453,2025-05-10 13:44:40.487009,view
U0143,P0206,2025-09-20 13:44:40.492351,cart
U0931,P0114,2025-07-21 13:44:40.492777,view
U0402,P0039,2025-07-23 13:44:40.507608,purchase
U0360,P0202,2026-02-18 13:44:40.540991,view
U1444,P0292,2026-01-03 13:44:40.551511,view
U0697,P0467,2025-09-29 13:44:40.572547,view
U0333,P0105,2025-10-29 13:44:40.573769,cart
U0174,P0184,2025-10-19 13:44:40.574436,view
U1854,P0074,2025-09-06 13:44:40.575212,cart
U1710,P0126,2025-10-25 13:44:40.575796,view
U1807,P0490,2025-11-10 13:44:40.576328,view
U0437,P0393,2025-08-07 13:44:40.576703,view
U1538,P0426,2025-10-30 13:44:40.577492,view
U0802,P0309,2025-05-10 13:44:40.578080,cart
U1647,P0179,2026-02-05 13:44:40.578399,cart
U0068,P0115,2025-07-30 13:44:40.578618,view
U1920,P0079,2025-05-12 13:44:40.578828,view
U0263,P0195,2025-12-04 13:44:40.579618,cart
U1734,P0146,2025-08-29 13:44:40.580710,wishlist
U1517,P0106,2026-02-20 13:44:40.581226,view
U0876,P0402,2025-07-26 13:44:40.581699,view
U0323,P0416,2025-04-19 13:44:40.581960,view
U0781,P0454,2025-07-04 13:44:40.582691,view
U1417,P0389,2025-07-15 13:44:40.583258,view
U0242,P0196,2025-04-30 13:44:40.584137,purchase
U0139,P0451,2025-06-03 13:44:40.587175,view
U0366,P0095,2025-06-07 13:44:40.587585,wishlist
U0435,P0278,2026-03-30 13:44:40.587904,cart
U0117,P0369,2025-06-09 13:44:40.588557,view
U0190,P0360,2026-01-22 13:44:40.588965,view
U1912,P0437,2025-10-21 13:44:40.589744,cart
U0622,P0205,2025-12-19 13:44:40.590248,view
U1487,P0446,2026-03-27 13:44:40.590520,view
U0658,P0234,2026-03-11 13:44:40.590739,cart
U1958,P0133,2025-07-19 13:44:40.590966,view
U1162,P0425,2026-01-08 13:44:40.592317,view
U1537,P0365,2025-11-02 13:44:40.593554,view
U1512,P0035,2025-12-15 13:44:40.594201,view
U1254,P0284,2025-09-06 13:44:40.594480,cart
U0679,P0127,2025-12-06 13:44:40.595169,view
U1755,P0391,2025-06-17 13:44:40.595418,view
U1794,P0425,2025-05-08 13:44:40.596071,view
U0645,P0162,2026-03-07 13:44:40.596307,view
U1000,P0052,2025-08-16 13:44:40.596681,purchase
U1245,P0045,2025-10-02 13:44:40.598204,view
U0855,P0280,2025-05-01 13:44:40.599095,view
U0154,P0478,2025-06-15 13:44:40.600351,wishlist
U1068,P0429,2025-11-09 13:44:40.600902,view
U0923,P0214,2025-11-29 13:44:40.602274,view
U0082,P0289,2026-03-25 13:44:40.603437,view
U0155,P0143,2026-03-29 13:44:40.604917,cart
U0983,P0355,2025-07-26 13:44:40.605363,view
U0543,P0063,2026-01-30 13:44:40.605627,view
U1899,P0363,2025-05-17 13:44:40.605933,view
U1165,P0312,2026-01-14 13:44:40.606247,purchase
U1809,P0227,2025-07-06 13:44:40.606757,view
U0203,P0222,2026-03-05 13:44:40.607400,view
U0217,P0414,2025-08-04 13:44:40.607688,view
U1189,P0021,2025-10-31 13:44:40.607918,view
U0908,P0339,2025-06-04 13:44:40.608223,view
U1778,P0066,2026-03-06 13:44:40.608434,wishlist
U1004,P0140,2026-02-18 13:44:40.608636,view
U0313,P0159,2026-02-22 13:44:40.608836,purchase
U0571,P0255,2025-10-21 13:44:40.609290,purchase
U1774,P0048,2025-10-09 13:44:40.609657,view
U0821,P0376,2025-10-15 13:44:40.609902,view
U1772,P0442,2026-02-19 13:44:40.610114,view
U1248,P0330,2025-08-17 13:44:40.610655,wishlist
U1184,P0197,2026-02-19 13:44:40.611427,view
U1103,P0277,2025-08-01 13:44:40.612226,view
U0202,P0013,2025-08-08 13:44:40.613345,view
U1905,P0432,2025-05-22 13:44:40.614212,view
U1258,P0021,2025-08-09 13:44:40.614667,view
U1919,P0230,2025-11-13 13:44:40.615201,view
U0219,P0196,2025-06-17 13:44:40.615464,purchase
U1729,P0207,2025-11-10 13:44:40.616127,view
U0380,P0393,2026-01-06 13:44:40.617444,view
U1082,P0457,2025-06-23 13:44:40.617809,cart
U1970,P0116,2025-10-25 13:44:40.618040,cart
U0689,P0033,2025-06-01 13:44:40.618330,view
U0727,P0445,2025-09-04 13:44:40.618542,purchase
U1673,P0455,2025-04-16 13:44:40.618762,view
U0669,P0318,2026-02-21 13:44:40.619564,view
U1694,P0340,2025-06-23 13:44:40.620247,view
U1557,P0415,2025-06-08 13:44:40.620645,wishlist
U0351,P0491,2025-12-19 13:44:40.621472,view
U0753,P0393,2025-08-18 13:44:40.622051,view
U1765,P0091,2026-01-13 13:44:40.622748,view
U0624,P0419,2025-05-15 13:44:40.623389,view
U1444,P0369,2025-11-22 13:44:40.623799,cart
U0074,P0011,2025-10-05 13:44:40.624062,cart
U0714,P0123,2026-01-05 13:44:40.625708,view
U0535,P0218,2025-12-30 13:44:40.626333,view
U0797,P0373,2025-12-12 13:44:40.626625,cart
U0519,P0452,2025-11-29 13:44:40.627014,cart
U1928,P0471,2025-12-07 13:44:40.628257,view
U0496,P0072,2025-10-15 13:44:40.630084,view
U0891,P0251,2026-02-25 13:44:40.633440,cart
U0114,P0333,2025-06-08 13:44:40.634698,purchase
U0111,P0066,2025-05-15 13:44:40.641412,view
U1619,P0039,2025-11-15 13:44:40.642437,view
U0073,P0429,2025-06-27 13:44:40.642948,cart
U0403,P0188,2025-08-13 13:44:40.649053,view
U0218,P0154,2025-12-09 13:44:40.649627,view
U1893,P0417,2025-04-23 13:44:40.650003,purchase
U1043,P0169,2026-03-23 13:44:40.650246,purchase
U0641,P0452,2025-06-17 13:44:40.650461,view
U0021,P0229,2025-05-21 13:44:40.654867,view
U0429,P0270,2026-02-04 13:44:40.655651,cart
U1103,P0407,2026-04-03 13:44:40.656110,view
U0795,P0360,2025-06-03 13:44:40.662759,view
U0063,P0041,2025-12-12 13:44:40.663206,view
U1078,P0357,2025-12-07 13:44:40.663443,view
U1663,P0385,2026-01-26 13:44:40.663654,view
U0403,P0347,2026-03-05 13:44:40.665752,purchase
U0087,P0377,2025-08-29 13:44:40.666832,view
U1899,P0003,2026-02-12 13:44:40.667392,view
U0082,P0286,2026-03-01 13:44:40.667629,view
U1000,P0075,2025-11-28 13:44:40.667834,purchase
U1442,P0425,2025-08-15 13:44:40.668140,view
U1922,P0262,2025-07-01 13:44:40.668354,wishlist
U0085,P0286,2025-04-08 13:44:40.668596,cart
U0292,P0357,2025-08-13 13:44:40.668808,view
U1455,P0435,2025-06-04 13:44:40.669534,view
U1231,P0204,2025-05-25 13:44:40.670470,view
U1847,P0042,2026-03-11 13:44:40.671810,view
U1523,P0094,2025-12-28 13:44:40.672296,cart
U0824,P0399,2025-05-27 13:44:40.672558,view
U0088,P0030,2025-04-18 13:44:40.672783,cart
U0798,P0289,2026-02-18 13:44:40.681620,view
U0838,P0491,2025-08-20 13:44:40.683140,purchase
U0020,P0468,2025-12-01 13:44:40.695457,wishlist
U0037,P0420,2026-02-15 13:44:40.696313,view
U0056,P0332,2025-11-06 13:44:40.698110,wishlist
U1758,P0411,2025-11-17 13:44:40.700579,view
U1529,P0432,2025-09-16 13:44:40.701102,cart
U0131,P0066,2025-09-20 13:44:40.701438,view
U0423,P0433,2025-10-07 13:44:40.701696,view
U0023,P0388,2025-12-21 13:44:40.702277,view
U0709,P0222,2026-01-31 13:44:40.702760,cart
U1004,P0035,2026-02-09 13:44:40.703160,cart
U0797,P0400,2025-10-20 13:44:40.703557,view
U1315,P0291,2025-05-07 13:44:40.703802,view
U0807,P0458,2026-01-02 13:44:40.704021,view
U0989,P0032,2025-06-01 13:44:40.704238,view
U0712,P0184,2025-10-07 13:44:40.705588,view
U0140,P0224,2025-07-22 13:44:40.706852,cart
U0408,P0171,2026-03-17 13:44:40.707303,view
U0419,P0425,2025-10-12 13:44:40.708926,view
U1669,P0105,2025-04-09 13:44:40.709402,cart
U0042,P0099,2025-12-06 13:44:40.709693,view
U1163,P0298,2026-03-31 13:44:40.710058,cart
U0793,P0423,2025-10-05 13:44:40.710777,view
U0187,P0295,2025-11-22 13:44:40.711207,view
U1711,P0459,2025-07-26 13:44:40.711483,view
U1700,P0218,2025-04-08 13:44:40.712024,view
U0805,P0241,2025-05-01 13:44:40.712574,view
U0884,P0423,2025-12-09 13:44:40.713004,cart
U1007,P0068,2026-01-09 13:44:40.715873,view
U1981,P0093,2025-06-01 13:44:40.716354,cart
U1661,P0477,2025-09-08 13:44:40.717089,view
U0766,P0351,2026-02-14 13:44:40.717901,view
U1203,P0490,2026-01-18 13:44:40.718280,view
U1570,P0046,2025-04-18 13:44:40.718971,cart
U1620,P0187,2025-08-05 13:44:40.719747,view
U1071,P0029,2025-12-23 13:44:40.720129,view
U0227,P0251,2025-12-14 13:44:40.720370,view
U0723,P0259,2026-01-18 13:44:40.720591,cart
U0418,P0094,2025-12-17 13:44:40.720875,cart
U0951,P0259,2025-05-19 13:44:40.721201,view
U0303,P0494,2025-05-21 13:44:40.723134,view
U1291,P0084,2026-02-20 13:44:40.726011,view
U0350,P0287,2025-05-23 13:44:40.731642,view
U1679,P0455,2025-10-27 13:44:40.732681,view
U1493,P0264,2025-08-15 13:44:40.733051,view
U0272,P0435,2025-10-04 13:44:40.733265,view
U1723,P0288,2025-10-09 13:44:40.735932,cart
U1154,P0206,2026-01-10 13:44:40.739025,view
U1303,P0032,2026-01-22 13:44:40.740219,view
U1598,P0253,2025-12-16 13:44:40.740538,view
U1777,P0149,2026-02-27 13:44:40.740870,wishlist
U0487,P0044,2026-02-08 13:44:40.741070,purchase
U0846,P0144,2025-10-14 13:44:40.741237,view
U1883,P0309,2025-11-13 13:44:40.741609,view
U1138,P0024,2025-09-13 13:44:40.742022,cart
U0461,P0167,2026-02-16 13:44:40.742253,wishlist
U1506,P0404,2026-01-19 13:44:40.742482,view
U0132,P0470,2025-04-07 13:44:40.742681,view
U0632,P0346,2026-03-24 13:44:40.742962,wishlist
U0212,P0361,2026-02-21 13:44:40.744279,view
U0989,P0438,2025-12-19 13:44:40.744775,purchase
U0568,P0021,2025-10-11 13:44:40.745047,view
U1451,P0129,2025-12-02 13:44:40.745371,view
U1613,P0450,2025-07-02 13:44:40.745576,view
U1541,P0437,2025-12-13 13:44:40.745780,cart
U1068,P0094,2025-07-19 13:44:40.745977,view
U0225,P0331,2025-06-06 13:44:40.746281,cart
U1400,P0335,2025-10-12 13:44:40.746469,view
U0664,P0365,2025-07-05 13:44:40.746658,view
U0706,P0362,2025-06-06 13:44:40.748384,view
U0608,P0300,2025-10-31 13:44:40.748825,cart
U1413,P0204,2026-03-21 13:44:40.749182,cart
U0012,P0493,2025-08-25 13:44:40.749425,view
U1293,P0028,2025-11-26 13:44:40.749639,view
U1949,P0246,2026-04-02 13:44:40.749845,view
U0437,P0150,2026-01-06 13:44:40.750180,view
U1711,P0027,2026-02-17 13:44:40.752828,view
U1848,P0341,2026-03-21 13:44:40.753376,wishlist
U1791,P0028,2025-08-08 13:44:40.754663,view
U1445,P0399,2026-03-15 13:44:40.755009,wishlist
U0647,P0500,2025-06-10 13:44:40.755201,view
U1088,P0044,2026-01-11 13:44:40.756075,cart
U0924,P0447,2026-01-12 13:44:40.756681,view
U1583,P0318,2026-03-27 13:44:40.757397,cart
U0583,P0422,2025-04-16 13:44:40.757686,cart
U1183,P0020,2025-10-23 13:44:40.757907,view
U0144,P0411,2025-10-18 13:44:40.758199,view
U0465,P0351,2025-12-02 13:44:40.758406,view
U1257,P0411,2025-07-24 13:44:40.758611,view
U1613,P0342,2026-03-18 13:44:40.758791,view
U1286,P0372,2025-09-22 13:44:40.759776,view
U0247,P0414,2025-12-14 13:44:40.760434,view
U0264,P0265,2026-03-12 13:44:40.761194,cart
U0460,P0459,2026-01-23 13:44:40.761536,wishlist
U0480,P0200,2026-02-24 13:44:40.762938,purchase
U1472,P0350,2025-04-09 13:44:40.763728,view
U0760,P0049,2025-05-02 13:44:40.764302,view
U1923,P0149,2025-10-23 13:44:40.767021,view
U1433,P0130,2025-07-02 13:44:40.767611,view
U0484,P0367,2025-11-04 13:44:40.768363,view
U1286,P0469,2025-06-04 13:44:40.770527,cart
U1534,P0052,2026-02-16 13:44:40.779791,view
U1356,P0162,2026-03-12 13:44:40.781054,view
U0653,P0452,2025-10-20 13:44:40.781737,cart
U1292,P0370,2026-03-20 13:44:40.789170,view
U0876,P0364,2025-04-10 13:44:40.789411,cart
U0368,P0345,2025-06-14 13:44:40.789588,view
U0131,P0418,2025-05-03 13:44:40.789754,view
U0849,P0127,2026-03-19 13:44:40.789975,view
U0749,P0001,2025-04-27 13:44:40.790139,purchase
U1822,P0428,2025-05-22 13:44:40.790307,view
U1419,P0415,2025-05-25 13:44:40.790466,view
U1810,P0220,2025-07-31 13:44:40.790622,view
U0759,P0300,2025-04-11 13:44:40.797601,cart
U1692,P0267,2025-05-12 13:44:40.798444,view
U0676,P0314,2025-12-03 13:44:40.798915,wishlist
U1579,P0454,2025-10-09 13:44:40.805472,view
U1087,P0020,2025-05-16 13:44:40.805787,cart
U1710,P0429,2025-06-08 13:44:40.806056,purchase
U0664,P0069,2026-02-23 13:44:40.806343,view
U0986,P0167,2025-08-01 13:44:40.806545,cart
U1299,P0493,2025-09-28 13:44:40.806733,view
U1312,P0160,2025-11-02 13:44:40.812908,cart
U1379,P0436,2026-03-08 13:44:40.813680,cart
U0549,P0375,2025-10-27 13:44:40.814102,view
U0562,P0307,2025-04-13 13:44:40.818233,view
U1011,P0199,2025-04-13 13:44:40.818691,view
U1578,P0179,2025-10-08 13:44:40.819918,view
U0829,P0309,2025-10-14 13:44:40.823919,view
U1266,P0059,2025-12-01 13:44:40.825477,cart
U0573,P0041,2025-07-14 13:44:40.826202,wishlist
U0390,P0062,2026-01-04 13:44:40.827145,purchase
U0840,P0455,2025-08-30 13:44:40.827546,cart
U0989,P0451,2025-08-13 13:44:40.828901,wishlist
U1330,P0040,2025-06-18 13:44:40.830814,view
U0744,P0189,2025-06-08 13:44:40.834641,view
U1591,P0296,2025-07-08 13:44:40.835147,purchase
U0958,P0439,2025-07-06 13:44:40.835417,view
U0876,P0424,2025-06-30 13:44:40.835612,wishlist
U1830,P0109,2026-02-19 13:44:40.835801,view
U1739,P0478,2025-06-23 13:44:40.835973,purchase
U1694,P0479,2025-10-15 13:44:40.837045,view
U0263,P0126,2026-01-22 13:44:40.838073,view
U1484,P0181,2025-06-07 13:44:40.838733,cart
U1701,P0322,2025-08-12 13:44:40.841792,view
U0855,P0292,2025-04-12 13:44:40.842568,view
U1159,P0212,2025-09-16 13:44:40.843823,view
U1750,P0077,2025-05-31 13:44:40.844602,view
U0006,P0316,2025-07-04 13:44:40.844986,cart
U0005,P0162,2025-08-26 13:44:40.845282,view
U0585,P0085,2025-09-11 13:44:40.845764,view
U0337,P0476,2025-08-23 13:44:40.852152,view
U1651,P0310,2025-09-07 13:44:40.852735,view
U1885,P0227,2026-02-27 13:44:40.853940,purchase
U0028,P0044,2025-10-27 13:44:40.854446,wishlist
U0109,P0123,2025-10-02 13:44:40.854679,view
U1009,P0081,2025-11-16 13:44:40.854898,view
U0773,P0006,2025-12-12 13:44:40.855166,wishlist
U1344,P0067,2025-08-24 13:44:40.858616,view
U1911,P0239,2025-12-28 13:44:40.858962,view
U0614,P0086,2025-07-12 13:44:40.859295,purchase
U0959,P0232,2025-08-28 13:44:40.859532,cart
U1088,P0203,2025-05-13 13:44:40.859749,view
U1584,P0068,2025-08-13 13:44:40.860255,view
U0632,P0360,2025-12-11 13:44:40.861048,wishlist
U0353,P0091,2025-11-13 13:44:40.861537,view
U1878,P0193,2025-09-04 13:44:40.862286,cart
U1651,P0333,2026-03-18 13:44:40.862747,view
U1196,P0039,2025-07-16 13:44:40.863041,view
U0346,P0141,2025-11-25 13:44:40.863319,view
U0565,P0347,2025-09-25 13:44:40.867558,cart
U1789,P0405,2025-12-31 13:44:40.868120,view
U1444,P0123,2025-06-23 13:44:40.868365,view
U0002,P0465,2025-09-14 13:44:40.871632,view
U1465,P0386,2025-11-28 13:44:40.872631,cart
U1987,P0436,2025-10-07 13:44:40.873496,view
U1589,P0262,2025-07-31 13:44:40.874638,wishlist
U1112,P0213,2025-09-11 13:44:40.876318,view
U0222,P0271,2025-12-07 13:44:40.877198,cart
U0979,P0305,2025-11-18 13:44:40.880487,view
U1777,P0389,2025-11-21 13:44:40.881076,view
U0001,P0496,2025-10-29 13:44:40.883548,view
U0177,P0213,2026-03-11 13:44:40.890854,cart
U0906,P0121,2025-05-29 13:44:40.891611,view
U0074,P0426,2026-01-13 13:44:40.891911,view
U1792,P0260,2026-02-20 13:44:40.892141,purchase
U1512,P0221,2026-02-02 13:44:40.892343,view
U0083,P0206,2026-02-14 13:44:40.895149,view
U0813,P0469,2025-06-26 13:44:40.895799,view
U0286,P0336,2025-07-05 13:44:40.896063,cart
U0513,P0355,2026-02-21 13:44:40.897666,view
U1305,P0034,2025-12-26 13:44:40.898464,view
U0833,P0320,2025-07-13 13:44:40.898778,purchase
U1729,P0432,2025-06-23 13:44:40.898987,view
U1958,P0065,2025-04-25 13:44:40.899332,cart
U1484,P0370,2025-06-27 13:44:40.899964,view
U0785,P0150,2025-10-24 13:44:40.900449,view
U1731,P0105,2025-07-01 13:44:40.900877,view
U0052,P0254,2026-03-31 13:44:40.901180,view
U1382,P0211,2025-06-15 13:44:40.902496,view
U0407,P0056,2025-10-05 13:44:40.903192,view
U1777,P0030,2025-10-07 13:44:40.905127,view
U0322,P0371,2026-03-18 13:44:40.905643,cart
U1723,P0005,2025-11-09 13:44:40.906229,view
U0736,P0247,2025-12-20 13:44:40.906761,view
U1160,P0296,2025-11-17 13:44:40.907128,cart
U0157,P0053,2025-07-13 13:44:40.907405,view
U1856,P0489,2025-07-20 13:44:40.907576,cart
U0948,P0426,2026-02-05 13:44:40.907781,view
U0846,P0018,2025-12-08 13:44:40.912032,view
U0392,P0108,2025-10-24 13:44:40.913506,cart
U0124,P0077,2025-12-21 13:44:40.914224,view
U0647,P0179,2025-11-16 13:44:40.914502,view
U0909,P0395,2026-03-09 13:44:40.914724,view
U0259,P0348,2026-03-31 13:44:40.915083,view
U1228,P0131,2025-11-15 13:44:40.920930,purchase
U0585,P0326,2025-10-16 13:44:40.923988,view
U0202,P0266,2025-09-14 13:44:40.929728,view
U0470,P0355,2025-10-08 13:44:40.934015,view
U0679,P0084,2025-10-30 13:44:40.937017,view
U0277,P0261,2025-12-17 13:44:40.945909,cart
U0723,P0405,2025-05-30 13:44:40.947963,cart
U1988,P0281,2025-09-14 13:44:40.948590,view
U1796,P0379,2025-05-26 13:44:40.948905,cart
U1437,P0050,2026-03-30 13:44:40.949161,view
U0693,P0227,2026-03-21 13:44:40.951310,view
U0383,P0093,2026-01-05 13:44:40.952259,cart
U0230,P0117,2025-08-06 13:44:40.952983,cart
U1414,P0358,2025-04-13 13:44:40.957289,view
U1333,P0401,2025-06-10 13:44:40.957724,view
U0734,P0205,2025-08-30 13:44:40.958124,wishlist
U1037,P0099,2025-06-17 13:44:40.958414,view
U0511,P0031,2025-11-02 13:44:40.958680,purchase
U0990,P0472,2026-02-04 13:44:40.958928,wishlist
U0939,P0395,2025-07-01 13:44:40.960767,cart
U0908,P0116,2026-03-11 13:44:40.961341,purchase
U0553,P0310,2025-09-03 13:44:40.961730,view
U0120,P0309,2025-12-17 13:44:40.962120,wishlist
U0279,P0494,2025-08-06 13:44:40.962349,cart
U0471,P0405,2026-02-07 13:44:40.962592,purchase
U1722,P0137,2026-01-27 13:44:40.962911,view
U0396,P0018,2026-04-03 13:44:40.963252,view
U0263,P0403,2025-09-16 13:44:40.964309,wishlist
U0553,P0161,2025-09-03 13:44:40.964813,purchase
U0142,P0101,2026-02-11 13:44:40.965088,purchase
U1343,P0169,2025-09-16 13:44:40.965318,view
U1405,P0144,2025-12-11 13:44:40.965793,view
U1186,P0285,2025-05-21 13:44:40.966007,view
U1982,P0471,2025-09-06 13:44:40.966214,view
U1946,P0234,2025-04-26 13:44:40.967689,view
U1726,P0450,2025-06-01 13:44:40.969847,wishlist
U0046,P0281,2025-09-12 13:44:40.970694,view
U0271,P0382,2026-01-23 13:44:40.971346,cart
U1837,P0269,2025-06-28 13:44:40.974826,wishlist
U0469,P0475,2025-05-26 13:44:40.976144,view
U1195,P0444,2025-08-03 13:44:40.977935,view
U1564,P0479,2025-11-20 13:44:40.978304,view
U0994,P0297,2025-07-24 13:44:40.985939,view
U1610,P0137,2025-08-27 13:44:40.987175,view
U1841,P0275,2025-07-26 13:44:40.987520,view
U0149,P0192,2025-10-25 13:44:40.995049,view
U0090,P0079,2026-01-09 13:44:40.995987,cart
U1408,P0174,2025-11-09 13:44:41.001246,view
U1094,P0047,2025-05-05 13:44:41.002502,wishlist
U1235,P0217,2025-12-02 13:44:41.008987,cart
U0682,P0486,2026-02-11 13:44:41.009383,view
U0200,P0041,2026-02-24 13:44:41.009648,view
U1946,P0322,2025-04-28 13:44:41.009995,view
U1730,P0405,2026-03-30 13:44:41.010224,view
U1789,P0328,2025-10-15 13:44:41.010428,view
U0928,P0152,2026-02-18 13:44:41.010637,view
U1298,P0155,2025-11-29 13:44:41.016133,view
U1851,P0270,2026-01-28 13:44:41.017930,view
U1453,P0188,2025-10-31 13:44:41.025132,view
U0433,P0036,2026-01-10 13:44:41.026011,view
U0558,P0110,2025-09-29 13:44:41.026887,cart
U0821,P0292,2025-10-06 13:44:41.031056,view
U0377,P0187,2025-11-26 13:44:41.032308,view
U1281,P0087,2025-10-20 13:44:41.041183,view
U1504,P0074,2026-02-26 13:44:41.044975,view
U1332,P0399,2026-01-03 13:44:41.045578,view
U1368,P0173,2025-07-31 13:44:41.045870,purchase
U0412,P0427,2025-07-07 13:44:41.046118,view
U0551,P0445,2026-02-13 13:44:41.049207,view
U0084,P0336,2025-05-12 13:44:41.049705,view
U1680,P0403,2025-10-13 13:44:41.050109,view
U0576,P0180,2025-10-10 13:44:41.050509,view
U0769,P0245,2025-07-17 13:44:41.055032,cart
U0525,P0092,2025-11-13 13:44:41.055817,view
U1269,P0220,2026-01-18 13:44:41.056108,view
U1982,P0068,2025-08-09 13:44:41.056845,purchase
U0277,P0229,2026-03-05 13:44:41.060660,cart
U1984,P0251,2025-05-08 13:44:41.061175,cart
U0083,P0285,2025-12-22 13:44:41.061506,view
U0384,P0058,2026-01-27 13:44:41.061765,cart
U0152,P0302,2025-06-01 13:44:41.061970,view
U0912,P0377,2025-07-29 13:44:41.062320,view
U0766,P0267,2026-01-10 13:44:41.062530,view
U1876,P0396,2025-12-30 13:44:41.062732,wishlist
U1555,P0093,2025-08-07 13:44:41.063024,view
U0602,P0263,2025-04-08 13:44:41.063254,cart
U0557,P0415,2025-05-20 13:44:41.063492,purchase
U1180,P0137,2025-10-14 13:44:41.063700,view
U1802,P0217,2026-01-13 13:44:41.063941,cart
U1149,P0018,2025-10-30 13:44:41.065075,cart
U0854,P0436,2025-12-01 13:44:41.065613,purchase
U0896,P0046,2025-12-09 13:44:41.066023,view
U1881,P0265,2026-03-29 13:44:41.066287,view
U1233,P0251,2026-01-12 13:44:41.066939,wishlist
U0742,P0346,2026-03-08 13:44:41.067223,cart
U0677,P0090,2025-10-11 13:44:41.067696,view
U1008,P0287,2025-05-19 13:44:41.067937,cart
U1638,P0363,2025-11-26 13:44:41.068273,view
U0975,P0466,2026-03-10 13:44:41.068999,purchase
U0043,P0434,2026-01-08 13:44:41.069629,cart
U1987,P0231,2025-07-04 13:44:41.069930,view
U0987,P0179,2025-10-27 13:44:41.070697,view
U0369,P0193,2025-11-16 13:44:41.070968,wishlist
U0552,P0304,2026-03-17 13:44:41.071346,view
U1311,P0134,2025-12-30 13:44:41.071567,view
U0534,P0047,2025-04-28 13:44:41.071763,purchase
U0604,P0486,2025-11-29 13:44:41.071991,cart
U0992,P0267,2025-05-20 13:44:41.072332,purchase
U0638,P0478,2025-12-21 13:44:41.072577,wishlist
U0552,P0180,2025-08-30 13:44:41.072779,cart
U0192,P0058,2025-12-02 13:44:41.072963,view
U1904,P0411,2025-07-06 13:44:41.081098,cart
U0147,P0344,2025-05-25 13:44:41.083255,view
U1027,P0180,2026-02-07 13:44:41.087928,wishlist
U0250,P0072,2026-03-31 13:44:41.088469,view
U1785,P0074,2025-07-25 13:44:41.088839,view
U1513,P0412,2025-08-17 13:44:41.089105,view
U0534,P0491,2025-11-29 13:44:41.089326,view
U1433,P0288,2025-10-22 13:44:41.089634,wishlist
U0461,P0021,2025-06-11 13:44:41.089876,view
U0373,P0098,2025-05-22 13:44:41.090081,purchase
U0491,P0015,2025-05-26 13:44:41.110067,view
U0571,P0436,2025-09-12 13:44:41.120157,cart
U1868,P0232,2026-01-21 13:44:41.121423,wishlist
U1542,P0113,2025-05-11 13:44:41.140696,view
U0817,P0290,2025-07-23 13:44:41.141322,wishlist
U0552,P0268,2025-11-19 13:44:41.141811,view
U0802,P0378,2026-03-24 13:44:41.142140,view
U1754,P0018,2026-01-21 13:44:41.155935,view
U1022,P0216,2025-06-26 13:44:41.158336,cart
U0753,P0366,2025-12-03 13:44:41.180992,view
U0464,P0249,2026-02-19 13:44:41.182719,view
U0240,P0475,2025-12-04 13:44:41.211184,view
U0284,P0120,2026-02-26 13:44:41.212512,view
U1917,P0401,2025-06-22 13:44:41.234323,view
U0703,P0172,2025-11-06 13:44:41.247849,purchase
U1700,P0378,2025-11-29 13:44:41.248590,purchase
U0109,P0459,2025-06-08 13:44:41.264631,view
U1864,P0204,2026-03-27 13:44:41.265983,view
U0925,P0117,2025-07-05 13:44:41.277702,cart
U1153,P0106,2026-02-06 13:44:41.279342,view
U1277,P0294,2025-06-27 13:44:41.285300,view
U1007,P0390,2026-01-24 13:44:41.286019,view
U0660,P0370,2025-06-20 13:44:41.286328,view
U0983,P0056,2026-01-17 13:44:41.287751,purchase
U0914,P0051,2025-07-10 13:44:41.288942,purchase
U0502,P0467,2026-01-05 13:44:41.291782,view
U1465,P0231,2026-04-03 13:44:41.292941,purchase
U0359,P0244,2025-09-11 13:44:41.306790,view
U1988,P0080,2025-09-25 13:44:41.307582,view
U0854,P0184,2026-01-31 13:44:41.309626,view
U0810,P0153,2026-03-22 13:44:41.337596,view
U0235,P0235,2026-01-14 13:44:41.347545,purchase
U1040,P0014,2025-11-10 13:44:41.348110,view
U0550,P0036,2025-05-11 13:44:41.348395,cart
U1216,P0125,2026-01-08 13:44:41.348647,view
U0837,P0469,2025-09-29 13:44:41.349026,view
U1268,P0459,2025-08-06 13:44:41.349311,cart
U1576,P0241,2026-02-08 13:44:41.349574,view
U1783,P0120,2025-04-26 13:44:41.349809,wishlist
U0538,P0431,2025-04-17 13:44:41.357498,view
U0111,P0399,2026-03-30 13:44:41.362171,wishlist
U1397,P0183,2025-07-11 13:44:41.363672,cart
U0874,P0298,2026-02-18 13:44:41.364022,view
U1641,P0326,2026-04-02 13:44:41.364357,cart
U0287,P0304,2025-11-10 13:44:41.364587,cart
U1514,P0179,2025-08-12 13:44:41.367142,cart
U0747,P0464,2025-07-07 13:44:41.367789,cart
U0524,P0152,2025-07-05 13:44:41.368285,cart
U1832,P0348,2025-06-07 13:44:41.368531,view
U1510,P0289,2025-11-13 13:44:41.368748,purchase
U0982,P0291,2025-11-01 13:44:41.369645,view
U1845,P0303,2025-09-08 13:44:41.369971,view
U1534,P0295,2026-02-04 13:44:41.370198,wishlist
U1374,P0079,2026-03-19 13:44:41.371005,view
U0260,P0269,2025-05-02 13:44:41.371992,cart
U0280,P0471,2025-05-19 13:44:41.372336,view
U0844,P0361,2025-06-13 13:44:41.372543,view
U1978,P0288,2025-06-22 13:44:41.372731,view
U1994,P0380,2026-03-31 13:44:41.372912,view
U0296,P0224,2025-09-25 13:44:41.373090,view
U1389,P0122,2025-11-15 13:44:41.373441,view
U0029,P0269,2026-02-09 13:44:41.374536,view
U1086,P0272,2025-12-17 13:44:41.374961,cart
U0063,P0271,2025-07-18 13:44:41.375312,cart
U1418,P0210,2025-12-19 13:44:41.378302,view
U1608,P0426,2025-06-20 13:44:41.379641,wishlist
U0686,P0500,2026-01-02 13:44:41.380300,purchase
U0589,P0460,2025-08-08 13:44:41.380699,purchase
U1224,P0483,2025-10-17 13:44:41.380993,purchase
U1627,P0159,2025-04-12 13:44:41.381448,view
U0567,P0221,2025-09-22 13:44:41.384534,view
U0735,P0188,2025-12-26 13:44:41.387766,view
U1122,P0272,2025-09-11 13:44:41.391404,view
U1234,P0214,2025-06-12 13:44:41.392320,view
U0038,P0160,2026-01-23 13:44:41.392616,view
U0619,P0207,2025-12-29 13:44:41.397561,view
U0854,P0062,2025-07-06 13:44:41.398044,wishlist
U1248,P0069,2025-08-28 13:44:41.398302,view
U1000,P0250,2025-12-13 13:44:41.398524,cart
U1382,P0332,2025-04-25 13:44:41.398835,wishlist
U0438,P0031,2026-02-04 13:44:41.399078,wishlist
U0764,P0354,2025-05-02 13:44:41.399295,view
U1666,P0388,2025-08-27 13:44:41.399506,view
U0876,P0179,2026-01-03 13:44:41.399843,wishlist
U1233,P0135,2026-01-20 13:44:41.401223,view
U1910,P0015,2025-11-23 13:44:41.401565,cart
U0988,P0426,2026-04-01 13:44:41.401859,purchase
U0968,P0168,2025-10-02 13:44:41.402311,view
U1172,P0102,2025-11-25 13:44:41.402606,view
U0067,P0166,2025-06-08 13:44:41.402891,view
U0084,P0122,2025-08-22 13:44:41.404639,cart
U0018,P0353,2025-07-30 13:44:41.405636,cart
U1598,P0396,2025-06-18 13:44:41.406213,cart
U0584,P0016,2025-09-14 13:44:41.407381,cart
U1506,P0376,2026-01-20 13:44:41.407704,view
U1718,P0149,2025-12-22 13:44:41.407930,wishlist
U1944,P0014,2025-10-26 13:44:41.408129,view
U0926,P0319,2025-10-16 13:44:41.408320,view
U0748,P0307,2025-08-06 13:44:41.408552,wishlist
U1504,P0111,2025-05-24 13:44:41.408853,view
U0127,P0344,2025-07-17 13:44:41.414152,view
U0254,P0439,2025-12-25 13:44:41.415430,view
U1510,P0476,2025-04-12 13:44:41.425229,purchase
U0543,P0002,2025-08-28 13:44:41.425736,view
U1087,P0364,2025-08-06 13:44:41.427553,wishlist
U0529,P0411,2026-01-15 13:44:41.430092,view
U0704,P0033,2025-05-30 13:44:41.430825,cart
U1239,P0486,2025-08-06 13:44:41.431372,purchase
U1221,P0198,2026-03-09 13:44:41.431865,wishlist
U0117,P0108,2025-10-15 13:44:41.432675,cart
U1408,P0202,2025-05-28 13:44:41.440765,purchase
U0893,P0078,2025-06-19 13:44:41.441259,view
U1307,P0333,2025-05-09 13:44:41.441470,purchase
U1217,P0151,2025-07-15 13:44:41.441675,purchase
U1659,P0454,2025-08-18 13:44:41.441963,view
U1059,P0277,2026-04-06 13:44:41.442212,view
U1442,P0314,2025-09-30 13:44:41.442615,view
U1646,P0213,2025-09-08 13:44:41.442867,cart
U1693,P0015,2025-09-26 13:44:41.443210,view
U0830,P0348,2025-10-02 13:44:41.446256,view
U0990,P0311,2025-08-17 13:44:41.448777,view
U1856,P0450,2026-03-07 13:44:41.449257,view
U1950,P0062,2025-09-25 13:44:41.449528,view
U0738,P0366,2025-08-21 13:44:41.449743,view
U0371,P0134,2025-11-21 13:44:41.449990,view
U0004,P0034,2025-11-19 13:44:41.457329,purchase
U1712,P0107,2025-10-21 13:44:41.458324,wishlist
U1757,P0319,2025-07-07 13:44:41.458912,view
U0594,P0064,2025-09-10 13:44:41.459419,cart
U1339,P0324,2026-01-24 13:44:41.467330,view
U0211,P0496,2025-12-04 13:44:41.470775,view
U0719,P0209,2025-07-25 13:44:41.471443,view
U0749,P0303,2025-11-05 13:44:41.478167,cart
U0397,P0468,2025-06-13 13:44:41.478609,view
U1172,P0239,2026-02-11 13:44:41.478854,view
U1959,P0294,2026-03-04 13:44:41.479168,view
U0096,P0430,2025-10-14 13:44:41.479379,cart
U0437,P0268,2025-05-30 13:44:41.481342,view
U0831,P0233,2025-10-01 13:44:41.482317,view
U0619,P0450,2025-11-14 13:44:41.500311,view
U0418,P0352,2025-07-06 13:44:41.501019,cart
U0968,P0197,2026-02-20 13:44:41.501362,view
U1157,P0432,2026-02-26 13:44:41.512008,cart
U1464,P0167,2025-05-19 13:44:41.515146,view
U0290,P0315,2025-04-30 13:44:41.533977,view
U0116,P0492,2025-07-20 13:44:41.534413,purchase
U1521,P0456,2026-01-12 13:44:41.536022,view
U1148,P0490,2026-02-27 13:44:41.539618,view
U1989,P0105,2025-11-16 13:44:41.540211,view
U0306,P0473,2025-07-27 13:44:41.540635,view
U1677,P0418,2026-01-06 13:44:41.541174,view
U1596,P0066,2025-10-30 13:44:41.541448,view
U0487,P0082,2026-02-08 13:44:41.541771,view
U1127,P0024,2026-01-26 13:44:41.541998,view
U1317,P0115,2025-12-06 13:44:41.542236,view
U1067,P0096,2025-10-09 13:44:41.542482,cart
U0826,P0381,2025-06-10 13:44:41.543713,cart
U0639,P0375,2025-06-12 13:44:41.544653,cart
U0046,P0420,2026-03-04 13:44:41.545007,cart
U1262,P0486,2025-07-12 13:44:41.545207,cart
U0156,P0483,2025-04-11 13:44:41.548601,view
U1133,P0130,2025-07-10 13:44:41.556143,view
U1911,P0483,2025-11-11 13:44:41.556739,view
U0521,P0092,2025-08-13 13:44:41.558443,wishlist
U1735,P0459,2026-04-05 13:44:41.558822,cart
U1666,P0047,2025-06-21 13:44:41.563306,cart
U1592,P0440,2025-11-09 13:44:41.564385,cart
U0664,P0240,2025-06-03 13:44:41.568191,view
U1634,P0084,2026-03-08 13:44:41.568700,wishlist
U0399,P0045,2025-11-24 13:44:41.569073,view
U1395,P0378,2026-03-07 13:44:41.569334,purchase
U1220,P0192,2025-09-28 13:44:41.569565,wishlist
U0507,P0225,2025-04-22 13:44:41.576201,cart
U0593,P0351,2025-04-16 13:44:41.576678,view
U0566,P0345,2025-11-12 13:44:41.577024,view
U1826,P0413,2025-07-30 13:44:41.577550,view
U0698,P0035,2025-07-20 13:44:41.577938,view
U1177,P0118,2026-03-19 13:44:41.578224,view
U0841,P0011,2025-11-27 13:44:41.578455,wishlist
U0081,P0352,2025-06-05 13:44:41.578680,cart
U1845,P0019,2025-08-04 13:44:41.581117,view
U0660,P0338,2026-03-24 13:44:41.583946,view
U1126,P0151,2025-11-01 13:44:41.584501,view
U0287,P0297,2026-03-24 13:44:41.584831,view
U0405,P0476,2025-12-10 13:44:41.590151,purchase
U1985,P0053,2025-12-28 13:44:41.592285,view
U0987,P0275,2025-06-15 13:44:41.595776,cart
U1856,P0130,2026-03-17 13:44:41.596860,view
U1915,P0325,2026-01-30 13:44:41.599855,view
U0257,P0024,2026-01-01 13:44:41.600746,view
U0858,P0108,2025-10-18 13:44:41.603725,cart
U1734,P0479,2025-08-16 13:44:41.607970,view
U0122,P0093,2025-04-14 13:44:41.608753,view
U0550,P0111,2025-06-15 13:44:41.610588,view
U1739,P0211,2025-10-14 13:44:41.610961,cart
U1822,P0366,2026-03-17 13:44:41.611192,purchase
U1580,P0231,2025-05-25 13:44:41.611598,view
U1056,P0353,2026-01-12 13:44:41.611853,view
U1633,P0457,2025-07-24 13:44:41.612133,view
U1914,P0421,2025-12-19 13:44:41.612522,cart
U0413,P0302,2026-03-10 13:44:41.612830,cart
U0608,P0447,2025-06-07 13:44:41.613151,view
U0762,P0144,2025-04-10 13:44:41.614657,wishlist
U1831,P0360,2025-10-23 13:44:41.615050,cart
U1530,P0413,2025-12-07 13:44:41.615339,cart
U1016,P0454,2025-06-17 13:44:41.624761,view
U0988,P0251,2025-12-30 13:44:41.648199,purchase
U1436,P0484,2025-12-21 13:44:41.649278,view
U0968,P0234,2025-04-24 13:44:41.649793,cart
U1167,P0033,2025-09-12 13:44:41.661521,cart
U0281,P0053,2026-03-23 13:44:41.661959,cart
U0461,P0279,2025-12-20 13:44:41.662261,view
U0380,P0488,2025-07-06 13:44:41.669981,view
U1330,P0252,2025-12-08 13:44:41.690297,view
U0219,P0015,2025-11-02 13:44:41.691965,view
U0272,P0209,2025-05-15 13:44:41.700073,view
U0876,P0017,2025-09-21 13:44:41.700737,wishlist
U0833,P0349,2025-12-17 13:44:41.701171,cart
U1558,P0021,2026-01-01 13:44:41.701862,cart
U1104,P0251,2025-12-10 13:44:41.704459,view
U1915,P0005,2026-03-07 13:44:41.705146,view
U1017,P0334,2025-08-25 13:44:41.705696,wishlist
U1994,P0055,2025-10-04 13:44:41.714961,view
U0306,P0160,2025-12-29 13:44:41.719229,wishlist
U0802,P0072,2025-08-22 13:44:41.730553,view
U0828,P0256,2026-01-23 13:44:41.731365,view
U1614,P0208,2025-05-29 13:44:41.766078,view
U1391,P0345,2025-11-13 13:44:41.775142,cart
U1218,P0058,2025-11-20 13:44:41.796726,view
U1532,P0028,2025-11-08 13:44:41.799089,cart
U0803,P0373,2026-03-19 13:44:41.816435,wishlist
U1071,P0166,2025-09-19 13:44:41.818593,cart
U0415,P0118,2025-09-21 13:44:41.821690,cart
U1601,P0202,2025-10-21 13:44:41.822299,cart
U1135,P0259,2026-01-12 13:44:41.823921,view
U0670,P0278,2025-12-24 13:44:41.842035,view
U1813,P0189,2025-09-30 13:44:41.844034,cart
U0791,P0025,2025-08-09 13:44:41.850162,view
U0558,P0070,2025-09-15 13:44:41.853577,cart
U0435,P0377,2025-05-03 13:44:41.859545,view
U0302,P0361,2025-07-18 13:44:41.860499,cart
U0245,P0368,2025-12-08 13:44:41.866632,purchase
U1253,P0214,2026-02-16 13:44:41.871794,view
U1304,P0346,2025-09-24 13:44:41.889280,wishlist
U0816,P0113,2025-08-21 13:44:41.889689,cart
U1241,P0332,2025-08-01 13:44:41.890135,cart
U1161,P0136,2025-10-05 13:44:41.895300,view
U0972,P0099,2025-04-14 13:44:41.897126,view
U0107,P0125,2025-06-16 13:44:41.899391,wishlist
U1711,P0490,2026-02-21 13:44:41.900438,view
U1399,P0188,2025-09-20 13:44:41.911080,purchase
U1696,P0248,2025-06-11 13:44:41.912081,view
U0849,P0331,2026-01-09 13:44:41.912502,cart
U1939,P0076,2025-06-29 13:44:41.914703,cart
U0822,P0154,2026-02-15 13:44:41.917649,view
U1729,P0301,2025-12-14 13:44:41.920609,view
U0246,P0289,2025-05-04 13:44:41.921562,view
U1904,P0421,2025-12-13 13:44:41.922366,view
U1805,P0122,2025-04-06 13:44:41.929572,cart
U0036,P0352,2025-07-12 13:44:41.930240,view
U0868,P0482,2026-03-13 13:44:41.939634,view
U0169,P0178,2025-06-26 13:44:41.942404,view
U0059,P0346,2026-03-18 13:44:41.947463,cart
U1912,P0144,2025-04-17 13:44:41.948525,view
U1981,P0374,2025-11-02 13:44:41.949135,view
U1717,P0183,2025-12-08 13:44:41.949608,wishlist
U1166,P0215,2025-10-22 13:44:41.949891,view
U0114,P0145,2025-08-28 13:44:41.950138,wishlist
U1264,P0051,2025-07-07 13:44:41.951043,view
U1140,P0491,2026-01-26 13:44:41.951795,view
U1274,P0314,2025-10-18 13:44:41.952136,cart
U1467,P0297,2025-08-12 13:44:41.960527,wishlist
U0945,P0446,2025-12-18 13:44:41.984007,cart
U1087,P0314,2025-05-12 13:44:41.993679,view
U0387,P0185,2025-12-24 13:44:41.995347,cart
U1829,P0435,2025-08-23 13:44:41.995934,view
U1997,P0135,2026-02-01 13:44:41.998831,view
U1709,P0199,2025-10-03 13:44:41.999552,view
U0863,P0462,2025-11-13 13:44:41.999976,view
U1464,P0038,2025-04-08 13:44:42.000322,cart
U1765,P0469,2025-05-03 13:44:42.000800,view
U0253,P0167,2025-04-28 13:44:42.003951,cart
U1745,P0070,2025-09-25 13:44:42.004605,cart
U0925,P0049,2025-12-26 13:44:42.004890,cart
U1866,P0347,2025-11-22 13:44:42.005197,purchase
U1309,P0100,2025-06-20 13:44:42.005570,view
U0736,P0366,2025-09-22 13:44:42.005851,view
U0561,P0329,2026-02-01 13:44:42.007327,view
U0044,P0398,2025-11-15 13:44:42.008006,cart
U1865,P0149,2026-03-17 13:44:42.014919,view
U1386,P0081,2026-03-27 13:44:42.016046,view
U0955,P0481,2026-03-29 13:44:42.016823,view
U1303,P0219,2025-10-17 13:44:42.027686,view
U1004,P0226,2025-11-04 13:44:42.028568,wishlist
U0308,P0225,2025-04-07 13:44:42.029840,view
U1613,P0458,2026-02-01 13:44:42.030356,view
U1001,P0480,2025-06-28 13:44:42.030645,view
U1801,P0379,2026-02-09 13:44:42.030892,view
U0422,P0473,2025-04-10 13:44:42.031125,view
U1431,P0245,2025-09-05 13:44:42.031528,wishlist
U1270,P0330,2025-09-19 13:44:42.031794,wishlist
U0981,P0034,2025-11-13 13:44:42.032041,cart
U1023,P0318,2025-09-20 13:44:42.032412,cart
U0658,P0007,2025-07-17 13:44:42.033722,cart
U1082,P0176,2025-11-26 13:44:42.036157,cart
U0832,P0211,2025-04-28 13:44:42.036843,cart
U0852,P0241,2026-03-14 13:44:42.038654,cart
U1798,P0074,2025-11-06 13:44:42.039042,view
U0262,P0087,2025-04-16 13:44:42.040242,view
U1333,P0145,2025-11-16 13:44:42.041683,wishlist
U0819,P0265,2025-12-19 13:44:42.042181,cart
U1737,P0471,2026-03-05 13:44:42.042582,cart
U1259,P0263,2025-04-09 13:44:42.042836,view
U0007,P0363,2025-08-01 13:44:42.043070,cart
U0087,P0464,2025-06-09 13:44:42.043467,view
U1450,P0211,2025-06-19 13:44:42.044989,view
U0430,P0049,2025-09-12 13:44:42.046070,view
U1911,P0004,2025-04-26 13:44:42.046661,view
U1455,P0372,2025-11-04 13:44:42.049013,view
U0016,P0348,2026-01-29 13:44:42.049553,cart
U1522,P0170,2026-03-15 13:44:42.049833,view
U0918,P0111,2025-07-13 13:44:42.050103,cart
U0071,P0268,2025-06-19 13:44:42.050479,view
U0341,P0442,2025-12-23 13:44:42.050727,cart
U0478,P0206,2025-09-25 13:44:42.059431,cart
U1855,P0442,2025-05-30 13:44:42.061810,cart
U0868,P0047,2026-03-09 13:44:42.066087,view
U1830,P0081,2026-02-20 13:44:42.071302,view
U1906,P0030,2025-08-26 13:44:42.072175,view
U1390,P0322,2025-06-04 13:44:42.076063,view
U0481,P0178,2025-12-10 13:44:42.078323,view
U0105,P0251,2026-02-06 13:44:42.081588,cart
U0832,P0428,2025-06-16 13:44:42.082340,view
U1271,P0097,2025-05-05 13:44:42.084608,wishlist
U0159,P0008,2025-10-01 13:44:42.085242,view
U1834,P0269,2025-11-12 13:44:42.088652,purchase
U0219,P0369,2025-11-12 13:44:42.089968,view
U1627,P0330,2025-06-21 13:44:42.090653,cart
U1047,P0104,2025-12-21 13:44:42.091105,view
U1550,P0218,2025-07-15 13:44:42.091518,purchase
U0743,P0215,2025-11-10 13:44:42.092009,view
U0320,P0207,2026-01-13 13:44:42.094232,view
U1768,P0238,2025-08-04 13:44:42.097919,cart
U0701,P0235,2025-07-21 13:44:42.100656,view
U1382,P0146,2026-01-22 13:44:42.103830,view
U1232,P0104,2026-02-21 13:44:42.104301,view
U0548,P0372,2025-05-21 13:44:42.109595,view
U0441,P0272,2025-09-19 13:44:42.111671,view
U0422,P0462,2025-11-27 13:44:42.114771,view
U0460,P0273,2026-03-26 13:44:42.130604,view
U1658,P0415,2025-08-22 13:44:42.135542,cart
U1201,P0382,2025-07-03 13:44:42.149005,cart
U1021,P0376,2025-08-14 13:44:42.150118,view
U0177,P0083,2025-11-11 13:44:42.183823,cart
U1648,P0189,2025-08-20 13:44:42.215710,wishlist
U0206,P0248,2025-09-26 13:44:42.216313,cart
U0913,P0481,2026-03-01 13:44:42.226546,purchase
U1441,P0077,2025-12-14 13:44:42.228712,cart
U1093,P0035,2025-08-12 13:44:42.236191,view
U0348,P0088,2026-03-26 13:44:42.239116,purchase
U0105,P0347,2025-05-22 13:44:42.245286,view
U1521,P0079,2025-05-18 13:44:42.246408,cart
U0953,P0139,2025-06-19 13:44:42.264624,view
U0450,P0111,2025-08-17 13:44:42.267587,view
U0050,P0424,2026-01-21 13:44:42.268620,view
U1668,P0493,2025-06-01 13:44:42.269094,view
U0829,P0365,2026-01-05 13:44:42.269531,view
U1194,P0050,2025-07-12 13:44:42.269807,wishlist
U0085,P0025,2025-08-08 13:44:42.270059,view
U1341,P0089,2025-09-07 13:44:42.270678,view
U0740,P0412,2026-04-05 13:44:42.271171,view
U1420,P0302,2025-05-21 13:44:42.271635,purchase
U0178,P0457,2025-07-28 13:44:42.272026,view
U0036,P0203,2026-01-22 13:44:42.272424,view
U1452,P0449,2025-05-03 13:44:42.272704,view
U1140,P0246,2026-01-16 13:44:42.272944,cart
U0361,P0167,2025-05-28 13:44:42.273755,view
U0201,P0423,2025-06-12 13:44:42.275112,view
U1275,P0023,2026-02-07 13:44:42.276074,view
U0994,P0058,2025-12-11 13:44:42.278323,view
U0776,P0206,2025-10-15 13:44:42.282961,view
U0099,P0472,2025-08-29 13:44:42.286328,view
U1318,P0436,2025-07-01 13:44:42.288216,view
U0183,P0131,2025-04-29 13:44:42.290200,view
U0467,P0366,2026-03-13 13:44:42.292244,view
U1603,P0299,2025-07-18 13:44:42.302932,cart
U1815,P0062,2025-06-25 13:44:42.303731,cart
U1788,P0273,2026-01-07 13:44:42.304423,view
U0108,P0399,2026-03-06 13:44:42.306131,view
U0890,P0208,2025-06-17 13:44:42.306519,view
U0247,P0037,2025-05-29 13:44:42.306874,view
U0037,P0147,2025-12-17 13:44:42.307147,view
U0803,P0266,2025-10-22 13:44:42.307406,view
U0503,P0075,2025-09-11 13:44:42.307796,view
U1470,P0018,2025-07-04 13:44:42.308906,wishlist
U0312,P0411,2025-06-13 13:44:42.309325,view
U1757,P0407,2025-10-16 13:44:42.309711,view
U1969,P0007,2025-11-11 13:44:42.310163,view
U0042,P0281,2025-05-23 13:44:42.311838,view
U1566,P0262,2025-09-10 13:44:42.312365,view
U0706,P0470,2026-02-02 13:44:42.312925,wishlist
U0323,P0371,2025-05-26 13:44:42.314202,view
U1010,P0126,2026-03-14 13:44:42.314587,view
U0320,P0195,2025-07-08 13:44:42.314983,wishlist
U0054,P0144,2025-05-01 13:44:42.320628,view
U0179,P0309,2025-04-16 13:44:42.323280,view
U1584,P0497,2025-10-01 13:44:42.336278,view
U1346,P0022,2025-07-05 13:44:42.338167,view
U1211,P0102,2025-05-01 13:44:42.338676,view
U0938,P0302,2025-12-21 13:44:42.339830,cart
U0606,P0209,2026-03-06 13:44:42.340824,cart
U0217,P0132,2025-09-29 13:44:42.345983,view
U1953,P0198,2026-04-04 13:44:42.351134,cart
U1268,P0477,2025-10-01 13:44:42.351817,view
U1843,P0279,2026-01-17 13:44:42.352141,cart
U1648,P0090,2025-05-05 13:44:42.370052,view
U1721,P0287,2025-06-01 13:44:42.381749,view
U0400,P0063,2025-06-03 13:44:42.383718,cart
U0630,P0126,2026-02-22 13:44:42.384652,purchase
U0328,P0126,2025-04-27 13:44:42.386688,view
U0919,P0354,2025-12-26 13:44:42.387941,view
U1486,P0172,2025-09-06 13:44:42.388481,cart
U1042,P0309,2026-01-17 13:44:42.388754,wishlist
U0585,P0451,2025-09-25 13:44:42.389137,view
U0887,P0389,2025-07-19 13:44:42.389870,cart
U1894,P0262,2026-02-09 13:44:42.390913,purchase
U1341,P0297,2025-11-09 13:44:42.391414,wishlist
U0335,P0236,2025-12-26 13:44:42.401489,wishlist
U1983,P0261,2025-07-27 13:44:42.402133,view
U0876,P0402,2025-04-17 13:44:42.402394,view
U0738,P0282,2025-05-11 13:44:42.402763,purchase
U0338,P0295,2025-05-23 13:44:42.431465,view
U0559,P0037,2025-06-26 13:44:42.432341,view
U1210,P0499,2026-04-01 13:44:42.432737,view
U1057,P0029,2026-03-22 13:44:42.439698,view
U0233,P0360,2026-03-12 13:44:42.440487,wishlist
U1706,P0423,2025-11-03 13:44:42.440862,purchase
U0927,P0377,2025-10-26 13:44:42.445620,cart
U0531,P0076,2026-02-23 13:44:42.447842,view
U0010,P0388,2026-03-19 13:44:42.448721,cart
U1382,P0183,2025-12-13 13:44:42.449091,view
U0515,P0242,2026-03-05 13:44:42.454155,cart
U0336,P0093,2025-05-12 13:44:42.455276,cart
U1123,P0384,2025-10-24 13:44:42.458330,purchase
U1272,P0448,2025-04-11 13:44:42.459579,view
U1073,P0158,2025-09-03 13:44:42.460164,cart
U1946,P0241,2025-08-06 13:44:42.461248,cart
U1624,P0020,2025-09-08 13:44:42.461780,view
U1618,P0118,2026-02-08 13:44:42.462126,view
U1223,P0001,2025-05-15 13:44:42.462369,view
U1227,P0114,2026-01-30 13:44:42.462578,cart
U0788,P0196,2025-09-26 13:44:42.462787,view
U1091,P0375,2025-04-07 13:44:42.463204,view
U0238,P0425,2025-10-14 13:44:42.463731,cart
U1592,P0429,2025-12-24 13:44:42.464294,cart
U0815,P0164,2026-01-28 13:44:42.464735,view
U0309,P0494,2025-05-17 13:44:42.465003,view
U0747,P0424,2025-10-17 13:44:42.465455,view
U0189,P0005,2025-07-29 13:44:42.465736,view
U1030,P0116,2026-03-03 13:44:42.466036,cart
U0686,P0169,2026-01-10 13:44:42.466260,purchase
U0612,P0451,2025-11-16 13:44:42.466485,view
U1828,P0013,2026-01-20 13:44:42.466735,view
U0358,P0305,2026-02-22 13:44:42.467069,view
U0025,P0101,2025-07-08 13:44:42.467479,view
U0790,P0238,2025-10-29 13:44:42.468225,wishlist
U0053,P0172,2025-12-06 13:44:42.468891,view
U1703,P0308,2025-10-05 13:44:42.479573,cart
U0250,P0026,2025-08-14 13:44:42.480470,cart
U1624,P0245,2025-06-14 13:44:42.480888,cart
U0008,P0458,2025-07-24 13:44:42.481160,cart
U0137,P0120,2025-06-07 13:44:42.481389,cart
U1228,P0485,2025-10-09 13:44:42.481707,wishlist
U0135,P0404,2025-11-19 13:44:42.481935,view
U1361,P0458,2025-04-12 13:44:42.485504,wishlist
U0850,P0344,2026-02-17 13:44:42.486138,view
U1267,P0109,2025-10-05 13:44:42.487270,wishlist
U1403,P0271,2025-10-24 13:44:42.489754,view
U0754,P0158,2025-10-24 13:44:42.490737,cart
U1118,P0376,2025-11-21 13:44:42.500800,view
U1396,P0008,2025-09-16 13:44:42.501582,cart
U0811,P0281,2025-07-04 13:44:42.501907,cart
U1097,P0219,2025-12-13 13:44:42.502281,view
U1859,P0117,2025-09-05 13:44:42.510586,cart
U1281,P0363,2025-07-15 13:44:42.511064,purchase
U0720,P0141,2026-02-09 13:44:42.511483,cart
U1949,P0463,2025-04-22 13:44:42.511737,cart
U0467,P0020,2025-11-18 13:44:42.511967,view
U0978,P0411,2025-06-30 13:44:42.512768,view
U1074,P0460,2025-04-29 13:44:42.513409,cart
U1328,P0084,2025-07-19 13:44:42.513690,view
U0199,P0039,2025-10-20 13:44:42.513943,purchase
U1182,P0322,2025-09-12 13:44:42.514256,wishlist
U0961,P0192,2026-03-20 13:44:42.514705,view
U0689,P0394,2025-05-09 13:44:42.528559,view
U0498,P0298,2026-01-13 13:44:42.529645,wishlist
U1903,P0317,2025-05-24 13:44:42.529974,cart
U1770,P0046,2025-09-04 13:44:42.556134,view
U0541,P0124,2025-10-21 13:44:42.569214,cart
U1089,P0064,2026-02-17 13:44:42.571875,view
U1630,P0148,2026-03-27 13:44:42.572319,cart
U0796,P0146,2025-12-29 13:44:42.572735,view
U1927,P0316,2025-10-27 13:44:42.573048,view
U1603,P0218,2025-06-04 13:44:42.574124,view
U0014,P0230,2025-10-09 13:44:42.574665,view
U0568,P0352,2025-12-17 13:44:42.575446,purchase
U1448,P0256,2025-11-07 13:44:42.576834,view
U0047,P0499,2025-10-02 13:44:42.579526,view
U1204,P0477,2025-06-06 13:44:42.581065,purchase
U1678,P0209,2025-07-03 13:44:42.582050,cart
U0705,P0493,2026-03-07 13:44:42.583638,view
U1377,P0245,2025-12-31 13:44:42.588478,purchase
U1250,P0456,2026-02-24 13:44:42.590952,view
U0828,P0133,2025-06-13 13:44:42.591963,purchase
U1534,P0149,2025-09-13 13:44:42.592983,view
U1965,P0021,2026-01-01 13:44:42.593972,view
U0390,P0321,2025-07-08 13:44:42.594679,cart
U0088,P0492,2026-01-28 13:44:42.599153,view
U1099,P0475,2026-04-03 13:44:42.603194,view
U1492,P0157,2025-12-07 13:44:42.604539,cart
U0762,P0282,2025-06-06 13:44:42.605509,purchase
U0622,P0005,2025-12-16 13:44:42.607465,view
U0364,P0416,2025-08-11 13:44:42.608185,view
U0139,P0313,2026-01-17 13:44:42.608552,view
U0102,P0198,2026-03-27 13:44:42.609126,view
U1945,P0147,2025-11-14 13:44:42.609539,view
U0907,P0486,2026-02-08 13:44:42.610001,view
U0683,P0285,2026-02-25 13:44:42.610391,wishlist
U1541,P0463,2026-01-31 13:44:42.610772,view
U1668,P0068,2025-07-10 13:44:42.611703,purchase
U0917,P0276,2025-04-11 13:44:42.612330,view
U0047,P0119,2025-07-23 13:44:42.613112,view
U0864,P0199,2025-11-11 13:44:42.613483,view
U1915,P0009,2025-10-17 13:44:42.613858,view
U0494,P0139,2025-07-11 13:44:42.614801,view
U1286,P0168,2025-04-17 13:44:42.615184,purchase
U0199,P0068,2025-04-08 13:44:42.616002,purchase
U1889,P0036,2026-01-29 13:44:42.619156,cart
U1545,P0360,2025-08-14 13:44:42.620225,view
U1555,P0453,2025-08-31 13:44:42.621650,purchase
U1331,P0372,2025-10-28 13:44:42.622090,cart
U1162,P0011,2025-11-12 13:44:42.623486,cart
U0790,P0375,2025-04-10 13:44:42.625560,view
U1681,P0109,2025-10-01 13:44:42.626492,purchase
U1910,P0255,2025-10-19 13:44:42.626893,cart
U0953,P0216,2025-07-11 13:44:42.627169,view
U0922,P0352,2025-06-07 13:44:42.631206,wishlist
U0692,P0445,2025-11-08 13:44:42.631862,view
U0348,P0423,2025-10-02 13:44:42.632203,view
U0083,P0238,2025-10-19 13:44:42.633638,view
U1924,P0183,2026-02-12 13:44:42.634155,view
U1166,P0496,2025-12-31 13:44:42.635087,purchase
U0886,P0258,2025-09-15 13:44:42.640148,view
U1352,P0389,2025-07-18 13:44:42.641056,view
U1633,P0330,2026-02-14 13:44:42.641972,view
U1640,P0487,2026-01-22 13:44:42.643311,view
U0785,P0285,2025-12-17 13:44:42.648693,purchase
U1783,P0473,2025-04-09 13:44:42.649274,cart
U0533,P0082,2025-06-17 13:44:42.649684,wishlist
U0938,P0175,2025-06-03 13:44:42.649948,purchase
U1982,P0053,2025-10-21 13:44:42.650181,view
U0795,P0265,2025-06-22 13:44:42.650411,view
U0740,P0403,2026-03-28 13:44:42.651389,cart
U1408,P0203,2025-07-31 13:44:42.651826,view
U1510,P0355,2026-03-26 13:44:42.652112,purchase
U1639,P0425,2025-12-01 13:44:42.652360,cart
U0486,P0377,2025-11-01 13:44:42.652956,wishlist
U0240,P0036,2025-08-15 13:44:42.654416,wishlist
U1623,P0241,2026-03-21 13:44:42.654938,cart
U0847,P0446,2025-05-13 13:44:42.655668,cart
U0238,P0389,2026-02-14 13:44:42.656334,view
U0646,P0079,2026-03-11 13:44:42.656735,view
U1980,P0117,2025-05-17 13:44:42.657239,view
U1155,P0069,2025-07-24 13:44:42.657636,view
U0753,P0355,2025-05-09 13:44:42.657890,view
U0399,P0291,2026-04-02 13:44:42.658139,wishlist
U0723,P0039,2025-06-05 13:44:42.658393,cart
U0595,P0392,2025-06-04 13:44:42.661296,view
U1612,P0186,2025-06-03 13:44:42.663861,cart
U0770,P0089,2025-06-09 13:44:42.664427,view
U0819,P0109,2025-11-19 13:44:42.665677,wishlist
U0445,P0048,2025-05-18 13:44:42.666059,cart
U0353,P0098,2025-08-28 13:44:42.666312,view
U1739,P0023,2025-11-16 13:44:42.666639,cart
U0826,P0287,2025-04-22 13:44:42.666874,cart
U1652,P0051,2026-04-05 13:44:42.667100,view
U0461,P0489,2025-10-11 13:44:42.667328,purchase
U1108,P0407,2026-02-25 13:44:42.667688,view
U0816,P0484,2025-06-15 13:44:42.667936,view
U0498,P0166,2026-02-18 13:44:42.668206,view
U1408,P0387,2025-07-29 13:44:42.668554,view
U0300,P0414,2025-04-29 13:44:42.668810,cart
U1137,P0111,2026-01-25 13:44:42.669051,purchase
U0679,P0319,2025-05-14 13:44:42.669304,cart
U0680,P0139,2026-01-13 13:44:42.670923,view
U0886,P0221,2025-04-27 13:44:42.671300,view
U1204,P0310,2025-08-22 13:44:42.671822,cart
U0843,P0198,2025-08-29 13:44:42.672646,view
U1515,P0231,2025-05-23 13:44:42.673242,cart
U0227,P0257,2025-04-22 13:44:42.673839,wishlist
U0816,P0290,2026-01-18 13:44:42.674111,cart
U0327,P0275,2026-01-04 13:44:42.674338,cart
U1841,P0452,2025-06-05 13:44:42.675241,view
U1010,P0466,2025-04-15 13:44:42.675656,purchase
U0169,P0253,2026-01-12 13:44:42.676085,view
U1234,P0186,2026-03-30 13:44:42.682419,cart
U0392,P0460,2025-10-03 13:44:42.690508,cart
U1228,P0336,2025-10-03 13:44:42.699157,cart
U1426,P0490,2025-06-23 13:44:42.699878,view
U1069,P0227,2025-10-30 13:44:42.700406,view
U1180,P0199,2025-07-05 13:44:42.700700,cart
U0717,P0190,2026-02-25 13:44:42.700970,purchase
U1732,P0179,2025-12-26 13:44:42.704708,view
U0812,P0218,2025-07-25 13:44:42.705748,view
U0399,P0485,2025-12-03 13:44:42.709756,view
U1459,P0148,2025-08-12 13:44:42.710063,view
U0518,P0148,2025-06-20 13:44:42.710399,cart
U0375,P0005,2026-03-23 13:44:42.710651,cart
U1620,P0226,2025-12-06 13:44:42.710879,wishlist
U1583,P0383,2025-10-23 13:44:42.713883,view
U0511,P0180,2025-07-04 13:44:42.714966,view
U1893,P0191,2026-01-14 13:44:42.729742,view
U1038,P0362,2026-03-03 13:44:42.741677,view
U0692,P0329,2025-11-11 13:44:42.743979,purchase
U1165,P0075,2025-12-12 13:44:42.745587,cart
U0497,P0355,2025-12-13 13:44:42.747104,view
U1853,P0478,2025-11-28 13:44:42.748102,wishlist
U0489,P0167,2025-10-17 13:44:42.748554,cart
U0286,P0060,2026-01-08 13:44:42.748816,wishlist
U1210,P0023,2026-01-18 13:44:42.749094,wishlist
U0562,P0111,2026-01-04 13:44:42.749437,view
U1756,P0315,2025-12-28 13:44:42.749681,view
U0855,P0337,2025-09-17 13:44:42.749921,cart
U1930,P0262,2025-04-15 13:44:42.750256,view
U0148,P0096,2025-06-03 13:44:42.750526,view
U1312,P0265,2025-10-05 13:44:42.750799,wishlist
U1478,P0354,2025-04-12 13:44:42.752285,view
U0983,P0285,2026-02-21 13:44:42.753456,view
U0739,P0057,2025-09-16 13:44:42.753920,wishlist
U1439,P0385,2026-01-21 13:44:42.754187,view
U0119,P0397,2025-12-22 13:44:42.754530,cart
U0144,P0092,2025-10-07 13:44:42.754802,purchase
U1226,P0486,2026-01-30 13:44:42.757235,view
U0770,P0472,2025-07-28 13:44:42.758279,purchase
U1906,P0439,2025-12-20 13:44:42.759861,view
U1883,P0300,2025-04-08 13:44:42.760915,view
U0778,P0020,2025-11-19 13:44:42.761381,view
U0008,P0338,2025-10-06 13:44:42.762202,cart
U1228,P0471,2026-01-21 13:44:42.763525,wishlist
U0038,P0073,2025-09-30 13:44:42.764404,view
U1877,P0075,2025-04-23 13:44:42.765253,cart
U1363,P0402,2026-03-24 13:44:42.767913,view
U1413,P0350,2025-11-23 13:44:42.768423,view
U1166,P0182,2025-09-25 13:44:42.774021,view
U0612,P0083,2025-10-10 13:44:42.774686,view
U0104,P0354,2025-10-21 13:44:42.775021,view
U0475,P0188,2025-04-06 13:44:42.775288,view
U1156,P0422,2025-08-26 13:44:42.775650,view
U1885,P0267,2026-01-28 13:44:42.776707,view
U0541,P0475,2025-06-17 13:44:42.777825,view
U0405,P0234,2025-07-18 13:44:42.778140,view
U0672,P0143,2025-12-14 13:44:42.778406,wishlist
U1978,P0022,2025-12-25 13:44:42.781887,view
U1160,P0375,2026-01-06 13:44:42.783094,view
U0087,P0374,2025-05-06 13:44:42.785140,view
U0970,P0099,2025-11-02 13:44:42.787732,view
U1197,P0167,2025-10-05 13:44:42.790106,cart
U1527,P0067,2025-07-16 13:44:42.792191,view
U0689,P0220,2026-01-30 13:44:42.793492,view
U1386,P0413,2025-10-14 13:44:42.793916,cart
U1628,P0277,2026-02-19 13:44:42.794209,view
U1408,P0447,2025-08-29 13:44:42.798493,view
U1822,P0329,2025-06-07 13:44:42.799152,view
U0563,P0431,2025-12-02 13:44:42.799461,cart
U1377,P0277,2025-04-22 13:44:42.801144,view
U1288,P0261,2026-02-21 13:44:42.802067,cart
U0005,P0200,2026-03-23 13:44:42.802480,view
U0314,P0465,2025-08-19 13:44:42.803499,view
U1304,P0071,2025-08-23 13:44:42.804082,view
U1761,P0371,2025-06-29 13:44:42.804412,view
U0040,P0412,2026-02-12 13:44:42.804806,view
U1757,P0074,2026-03-13 13:44:42.805068,view
U1158,P0488,2025-08-12 13:44:42.805310,view
U0237,P0446,2026-03-20 13:44:42.805575,view
U0758,P0121,2025-06-16 13:44:42.806192,view
U1250,P0197,2026-01-01 13:44:42.806454,cart
U0951,P0402,2026-01-19 13:44:42.807080,purchase
U0120,P0353,2025-10-21 13:44:42.807391,view
U1726,P0381,2025-11-22 13:44:42.808018,wishlist
U0058,P0477,2025-11-26 13:44:42.808371,view
U1851,P0149,2025-10-16 13:44:42.808760,purchase
U0061,P0101,2025-12-01 13:44:42.809690,view
U1551,P0304,2026-03-10 13:44:42.811182,view
U1745,P0438,2025-07-31 13:44:42.811585,purchase
U0563,P0481,2026-01-11 13:44:42.811958,view
U0983,P0432,2025-04-20 13:44:42.812219,view
U1700,P0221,2025-05-30 13:44:42.812451,view
U0673,P0107,2025-12-30 13:44:42.812671,view
U0660,P0041,2025-08-30 13:44:42.812997,wishlist
U1521,P0402,2025-07-09 13:44:42.813230,purchase
U0671,P0059,2025-04-21 13:44:42.813821,cart
U0433,P0219,2025-06-27 13:44:42.814395,view
U1619,P0096,2025-11-12 13:44:42.815104,view
U1193,P0187,2025-04-29 13:44:42.815464,view
U0917,P0358,2025-07-24 13:44:42.815753,view
U1038,P0069,2026-03-06 13:44:42.821552,view
U1906,P0223,2026-03-06 13:44:42.822358,view
U0194,P0345,2025-08-14 13:44:42.822856,wishlist
U0668,P0076,2026-02-25 13:44:42.823187,view
U0631,P0146,2025-09-12 13:44:42.823495,cart
U0133,P0472,2025-08-08 13:44:42.823885,view
U0942,P0038,2025-12-15 13:44:42.824352,purchase
U1345,P0209,2025-06-02 13:44:42.824750,cart
U1455,P0186,2025-07-02 13:44:42.825103,view
U0150,P0327,2025-07-30 13:44:42.825464,view
U1652,P0001,2025-06-13 13:44:42.825750,purchase
U1951,P0085,2025-06-15 13:44:42.828154,wishlist
U1464,P0021,2026-02-24 13:44:42.829912,cart
U1338,P0428,2025-07-16 13:44:42.831198,wishlist
U0259,P0212,2026-03-04 13:44:42.833505,view
U0781,P0291,2026-04-03 13:44:42.834010,view
U0439,P0280,2025-08-01 13:44:42.836597,cart
U1255,P0154,2025-07-02 13:44:42.838311,cart
U0002,P0346,2026-03-12 13:44:42.839145,cart
U1813,P0141,2025-07-11 13:44:42.840137,purchase
U1123,P0114,2025-08-15 13:44:42.840471,view
U1694,P0468,2025-08-29 13:44:42.840747,view
U1740,P0219,2025-05-04 13:44:42.841147,view
U1439,P0384,2025-04-16 13:44:42.841411,view
U1533,P0088,2025-09-24 13:44:42.841672,view
U0674,P0461,2026-01-12 13:44:42.843983,cart
U0090,P0272,2026-02-07 13:44:42.844622,cart
U0869,P0088,2025-10-09 13:44:42.846062,cart
U1432,P0449,2025-08-22 13:44:42.854189,view
U1703,P0265,2025-06-03 13:44:42.855407,cart
U1678,P0467,2025-08-22 13:44:42.859172,view
U1642,P0391,2025-11-18 13:44:42.860274,cart
U0839,P0367,2026-01-28 13:44:42.863523,view
U0462,P0111,2025-04-28 13:44:42.866239,wishlist
U1995,P0142,2026-03-01 13:44:42.867225,cart
U0134,P0441,2025-07-13 13:44:42.872890,purchase
U1780,P0169,2025-05-23 13:44:42.873675,view
U0593,P0452,2025-08-05 13:44:42.883690,cart
U0734,P0449,2026-03-11 13:44:42.888218,cart
U1925,P0237,2025-05-07 13:44:42.888868,purchase
U0654,P0241,2025-09-11 13:44:42.889322,cart
U1785,P0150,2025-06-17 13:44:42.889621,view
U0598,P0439,2026-03-07 13:44:42.889906,view
U0113,P0159,2026-03-06 13:44:42.890270,view
U1697,P0072,2025-08-06 13:44:42.890513,view
U1382,P0182,2025-10-29 13:44:42.892292,view
U0651,P0169,2025-12-02 13:44:42.893400,view
U1790,P0266,2025-10-07 13:44:42.893859,purchase
U0991,P0326,2025-06-17 13:44:42.896137,cart
U0484,P0067,2026-02-13 13:44:42.899534,purchase
U0863,P0347,2025-10-28 13:44:42.902372,cart
U1440,P0065,2025-11-15 13:44:42.903578,cart
U1606,P0239,2025-12-06 13:44:42.904613,cart
U1447,P0422,2026-01-06 13:44:42.905337,purchase
U1998,P0457,2025-05-22 13:44:42.905746,purchase
U0418,P0268,2026-02-12 13:44:42.906189,wishlist
U0860,P0457,2025-05-17 13:44:42.906496,view
U1493,P0305,2026-02-07 13:44:42.906763,view
U1352,P0260,2025-05-10 13:44:42.907017,view
U1995,P0084,2025-05-09 13:44:42.908507,view
U0498,P0052,2025-11-22 13:44:42.909813,purchase
U0936,P0305,2025-12-18 13:44:42.910283,view
U0716,P0129,2025-10-26 13:44:42.910735,wishlist
U1518,P0183,2025-12-01 13:44:42.911099,wishlist
U0142,P0258,2025-06-29 13:44:42.912784,cart
U0230,P0203,2025-08-05 13:44:42.913643,cart
U1724,P0496,2026-03-03 13:44:42.913985,view
U0269,P0104,2025-07-14 13:44:42.914357,view
U1766,P0488,2025-09-30 13:44:42.915363,view
U1519,P0089,2025-10-12 13:44:42.915715,view
U0015,P0016,2025-12-07 13:44:42.916002,cart
U0781,P0186,2026-01-26 13:44:42.920212,wishlist
U1245,P0025,2025-07-03 13:44:42.920996,view
U0024,P0324,2025-08-22 13:44:42.921653,view
U0623,P0046,2025-07-01 13:44:42.921997,wishlist
U0463,P0009,2025-11-01 13:44:42.924060,view
U0396,P0041,2026-02-15 13:44:42.925237,purchase
U0029,P0015,2025-09-06 13:44:42.929567,cart
U1097,P0214,2025-06-06 13:44:42.931107,view
U0195,P0175,2025-12-12 13:44:42.931911,cart
U0871,P0116,2025-07-11 13:44:42.932892,view
U0170,P0465,2025-05-18 13:44:42.934133,view
U0794,P0418,2026-01-12 13:44:42.934805,view
U1235,P0085,2025-09-03 13:44:42.935395,cart
U0936,P0193,2025-12-18 13:44:42.936626,view
U1688,P0218,2026-03-25 13:44:42.939279,cart
U1441,P0221,2025-05-01 13:44:42.946540,wishlist
U0974,P0360,2025-12-04 13:44:42.949499,view
U1929,P0044,2025-08-16 13:44:42.956114,purchase
U0626,P0121,2025-07-19 13:44:42.961219,wishlist
U1107,P0461,2025-08-25 13:44:42.962007,view
U1214,P0182,2025-07-01 13:44:42.964169,view
U0446,P0006,2025-09-30 13:44:42.964567,purchase
U0340,P0110,2026-02-11 13:44:42.964845,view
U1217,P0393,2026-03-30 13:44:42.970637,wishlist
U1675,P0147,2025-06-17 13:44:42.971625,view
U0662,P0388,2025-11-16 13:44:42.977729,view
U1385,P0451,2025-08-26 13:44:42.978667,cart
U1141,P0284,2025-05-03 13:44:42.980763,view
U1267,P0388,2025-12-09 13:44:42.981825,wishlist
U1084,P0162,2025-12-06 13:44:42.982255,view
U0230,P0078,2025-08-03 13:44:42.994507,wishlist
U1571,P0002,2025-12-21 13:44:42.995784,view
U0981,P0464,2025-12-04 13:44:42.999302,view
U0240,P0398,2025-07-21 13:44:42.999960,view
U1102,P0371,2026-03-15 13:44:43.000297,view
U0234,P0431,2026-03-20 13:44:43.001413,view
U1855,P0145,2025-10-20 13:44:43.006242,view
U0933,P0089,2025-12-06 13:44:43.007538,purchase
U0317,P0157,2025-08-02 13:44:43.008040,view
U0068,P0103,2025-08-06 13:44:43.008676,view
U0784,P0127,2026-02-02 13:44:43.009342,wishlist
U0447,P0116,2025-11-28 13:44:43.010760,view
U1394,P0287,2026-03-15 13:44:43.011800,view
U0214,P0485,2025-11-12 13:44:43.013560,view
U0583,P0151,2026-03-05 13:44:43.014097,purchase
U1594,P0133,2025-08-16 13:44:43.016392,view
U1604,P0249,2026-01-06 13:44:43.019916,purchase
U0048,P0329,2025-08-04 13:44:43.020335,view
U0277,P0099,2025-10-26 13:44:43.020759,cart
U1143,P0164,2025-12-13 13:44:43.021023,view
U0515,P0043,2025-10-20 13:44:43.026265,view
U0613,P0429,2025-10-27 13:44:43.027158,view
U0611,P0389,2025-09-05 13:44:43.027576,view
U1170,P0382,2025-09-04 13:44:43.031056,cart
U1786,P0084,2025-08-05 13:44:43.031474,wishlist
U1116,P0299,2025-06-19 13:44:43.037977,view
U0991,P0221,2025-07-04 13:44:43.043625,view
U1979,P0148,2025-07-13 13:44:43.044218,cart
U1474,P0363,2026-02-27 13:44:43.044532,view
U0495,P0400,2026-04-03 13:44:43.044793,view
U1924,P0350,2025-06-25 13:44:43.049547,cart
U1203,P0033,2025-11-27 13:44:43.050368,view
U1216,P0314,2025-09-23 13:44:43.050800,view
U0205,P0218,2025-06-13 13:44:43.051739,view
U0934,P0385,2025-07-20 13:44:43.052149,view
U0255,P0416,2025-09-22 13:44:43.052443,view
U1311,P0399,2025-04-18 13:44:43.053290,view
U0776,P0408,2026-01-22 13:44:43.054126,view
U0089,P0022,2025-05-31 13:44:43.054863,view
U1313,P0307,2025-07-22 13:44:43.055601,view
U1162,P0263,2025-11-20 13:44:43.056027,cart
U1157,P0052,2025-04-17 13:44:43.058315,view
U1652,P0021,2025-05-02 13:44:43.058751,wishlist
U1531,P0062,2025-11-10 13:44:43.059243,cart
U0226,P0027,2026-03-07 13:44:43.061480,wishlist
U1954,P0033,2026-02-06 13:44:43.062012,wishlist
U0435,P0119,2025-09-20 13:44:43.062497,view
U1020,P0226,2025-12-22 13:44:43.062883,wishlist
U0013,P0103,2026-03-25 13:44:43.063364,view
U1757,P0488,2025-10-22 13:44:43.063777,view
U0276,P0283,2025-04-22 13:44:43.064143,cart
U1364,P0132,2025-07-05 13:44:43.069080,cart
U0985,P0395,2026-03-03 13:44:43.070886,view
U0779,P0493,2025-06-16 13:44:43.071535,view
U0801,P0014,2025-06-10 13:44:43.072302,view
U1679,P0286,2026-02-27 13:44:43.079555,view
U1211,P0055,2025-07-02 13:44:43.081917,wishlist
U1724,P0446,2026-02-04 13:44:43.091699,wishlist
U0553,P0150,2025-06-14 13:44:43.093462,view
U0732,P0312,2025-11-20 13:44:43.110389,view
U1828,P0430,2025-12-24 13:44:43.111017,purchase
U0594,P0172,2025-09-25 13:44:43.118282,cart
U0570,P0296,2025-05-29 13:44:43.119004,purchase
U1625,P0128,2025-04-13 13:44:43.119477,wishlist
U1405,P0073,2026-01-13 13:44:43.119769,wishlist
U0537,P0273,2025-11-01 13:44:43.120092,view
U0649,P0381,2025-09-29 13:44:43.139520,view
U0502,P0114,2025-11-02 13:44:43.140241,view
U1898,P0151,2026-02-09 13:44:43.148685,cart
U0484,P0335,2025-04-29 13:44:43.149185,view
U1252,P0150,2026-01-20 13:44:43.161430,view
U1956,P0423,2025-12-23 13:44:43.163070,cart
U0572,P0494,2025-11-18 13:44:43.190514,wishlist
U0029,P0309,2025-08-23 13:44:43.191657,view
U0602,P0178,2026-04-01 13:44:43.200605,cart
U1604,P0282,2025-04-18 13:44:43.201591,view
U0463,P0298,2025-10-01 13:44:43.202039,wishlist
U1031,P0281,2025-11-22 13:44:43.205357,cart
U0220,P0193,2025-07-19 13:44:43.205923,view
U1183,P0293,2026-02-14 13:44:43.206615,wishlist
U1445,P0095,2025-10-08 13:44:43.207723,view
U0173,P0084,2025-09-20 13:44:43.209634,purchase
U0801,P0421,2025-11-17 13:44:43.210552,view
U0308,P0305,2025-07-29 13:44:43.213333,view
U0115,P0307,2026-03-19 13:44:43.215344,view
U0086,P0105,2025-12-27 13:44:43.216272,view
U1941,P0060,2025-11-16 13:44:43.217797,cart
U1067,P0017,2026-03-19 13:44:43.218650,wishlist
U1674,P0214,2025-06-10 13:44:43.219029,view
U0246,P0187,2025-11-02 13:44:43.219422,view
U0379,P0370,2026-03-24 13:44:43.219689,view
U1839,P0434,2025-09-25 13:44:43.223811,cart
U0712,P0388,2025-06-23 13:44:43.224599,cart
U1364,P0053,2025-10-21 13:44:43.228776,view
U0947,P0096,2026-01-09 13:44:43.229494,view
U0468,P0409,2026-03-05 13:44:43.229810,cart
U0177,P0457,2026-01-04 13:44:43.230077,view
U0111,P0083,2025-09-10 13:44:43.230422,cart
U0169,P0087,2025-09-03 13:44:43.230639,cart
U1509,P0371,2026-03-08 13:44:43.231327,view
U0013,P0459,2025-09-02 13:44:43.232102,view
U0663,P0462,2025-11-28 13:44:43.232886,wishlist
U1727,P0219,2025-04-09 13:44:43.235701,view
U1698,P0320,2025-05-31 13:44:43.238172,view
U0509,P0066,2026-02-15 13:44:43.238835,view
U1929,P0300,2025-08-12 13:44:43.243960,wishlist
U1668,P0444,2026-03-11 13:44:43.244727,wishlist
U1413,P0189,2025-06-10 13:44:43.245826,view
U0754,P0468,2025-05-22 13:44:43.248546,cart
U1645,P0459,2026-02-04 13:44:43.248971,view
U0472,P0009,2025-07-17 13:44:43.249253,wishlist
U0335,P0385,2025-04-16 13:44:43.249629,cart
U0717,P0311,2025-07-19 13:44:43.261042,view
U1685,P0431,2025-12-02 13:44:43.261766,view
U1116,P0348,2025-04-26 13:44:43.262520,cart
U0696,P0101,2026-03-19 13:44:43.275864,view
U0841,P0443,2026-01-15 13:44:43.280776,view
U0392,P0261,2025-05-30 13:44:43.281388,wishlist
U0689,P0170,2025-09-09 13:44:43.286531,view
U1856,P0356,2025-11-07 13:44:43.288295,cart
U0291,P0123,2026-04-03 13:44:43.290695,cart
U1207,P0276,2025-08-11 13:44:43.291224,wishlist
U1952,P0002,2025-05-05 13:44:43.291981,view
U0699,P0085,2026-03-11 13:44:43.293866,cart
U0501,P0042,2025-07-17 13:44:43.294477,wishlist
U1426,P0053,2025-06-16 13:44:43.294807,view
U0925,P0163,2026-02-23 13:44:43.295090,wishlist
U1952,P0362,2025-10-06 13:44:43.296389,view
U1352,P0260,2026-01-30 13:44:43.300534,wishlist
U0545,P0355,2025-06-13 13:44:43.301165,view
U0772,P0215,2026-03-24 13:44:43.301602,view
U1790,P0112,2025-09-12 13:44:43.301893,view
U1324,P0130,2025-04-22 13:44:43.304343,wishlist
U1961,P0190,2025-06-10 13:44:43.305108,cart
U0934,P0228,2025-12-22 13:44:43.305763,view
U0287,P0352,2026-02-23 13:44:43.306263,wishlist
U1442,P0042,2025-08-16 13:44:43.307492,wishlist
U1897,P0326,2025-04-16 13:44:43.307916,view
U0415,P0383,2025-08-07 13:44:43.308449,cart
U1283,P0057,2025-07-28 13:44:43.309017,view
U0081,P0500,2025-06-23 13:44:43.309322,purchase
U0064,P0218,2025-07-10 13:44:43.310421,view
U0930,P0176,2025-06-06 13:44:43.311268,view
U0840,P0265,2025-04-15 13:44:43.312051,view
U1404,P0113,2026-01-12 13:44:43.312361,view
U1143,P0294,2025-10-30 13:44:43.327454,view
U1123,P0096,2025-11-19 13:44:43.341086,view
U0824,P0315,2026-01-23 13:44:43.342773,view
U0947,P0027,2025-09-04 13:44:43.353303,view
U0935,P0272,2025-11-22 13:44:43.354099,view
U0201,P0425,2025-07-17 13:44:43.361416,cart
U0707,P0190,2025-12-07 13:44:43.366256,purchase
U0265,P0119,2026-01-31 13:44:43.378320,view
U0425,P0363,2025-06-26 13:44:43.385876,cart
U1156,P0071,2026-02-11 13:44:43.389412,view
U0934,P0368,2026-03-22 13:44:43.391929,purchase
U1828,P0200,2025-08-24 13:44:43.392831,view
U0546,P0162,2025-07-26 13:44:43.393441,view
U0750,P0379,2026-04-06 13:44:43.395554,cart
U1237,P0174,2025-08-02 13:44:43.396092,wishlist
U0289,P0478,2026-01-18 13:44:43.396368,view
U0016,P0370,2025-04-10 13:44:43.396835,purchase
U1299,P0195,2025-04-10 13:44:43.399116,wishlist
U0072,P0389,2025-10-04 13:44:43.400151,view
U1754,P0305,2025-06-17 13:44:43.401151,purchase
U1400,P0309,2025-07-15 13:44:43.403535,view
U0983,P0283,2025-09-29 13:44:43.404498,purchase
U1335,P0302,2025-11-02 13:44:43.405569,view
U0599,P0470,2025-10-22 13:44:43.411810,purchase
U1915,P0445,2025-04-20 13:44:43.412721,view
U1175,P0287,2025-07-22 13:44:43.425083,view
U1232,P0007,2025-11-18 13:44:43.425884,view
U0252,P0221,2025-11-28 13:44:43.426417,view
U1740,P0188,2025-04-10 13:44:43.431876,view
U1536,P0274,2026-01-25 13:44:43.433670,view
U0542,P0139,2025-11-23 13:44:43.445678,view
U1182,P0258,2025-12-30 13:44:43.470754,view
U0702,P0004,2025-05-26 13:44:43.472449,view
U1016,P0371,2025-08-29 13:44:43.473373,view
U1340,P0116,2025-04-17 13:44:43.496134,view
U1534,P0191,2025-06-02 13:44:43.498458,view
U1728,P0015,2026-03-06 13:44:43.503954,cart
U1723,P0310,2025-06-26 13:44:43.504539,view
U1942,P0105,2025-11-27 13:44:43.509868,view
U1216,P0402,2026-02-05 13:44:43.526289,view
U1178,P0135,2025-06-02 13:44:43.614456,cart
U1941,P0180,2025-09-15 13:44:43.616294,view
U1975,P0079,2026-03-30 13:44:43.628255,view
U0118,P0101,2025-04-06 13:44:43.629005,view
U1248,P0381,2025-11-05 13:44:43.664673,purchase
U1851,P0145,2025-08-04 13:44:43.672292,view
U0836,P0197,2026-01-05 13:44:43.694739,view
U1088,P0248,2026-01-04 13:44:43.697532,purchase
U1875,P0384,2025-07-10 13:44:43.710814,view
U0069,P0084,2025-10-30 13:44:43.712071,cart
U0803,P0040,2025-07-26 13:44:43.712600,cart
U0857,P0238,2025-09-24 13:44:43.712990,view
U1115,P0114,2025-04-18 13:44:43.740582,purchase
U1313,P0442,2025-06-09 13:44:43.741322,purchase
U0388,P0437,2025-05-25 13:44:43.761442,wishlist
U1957,P0351,2026-01-06 13:44:43.794577,view
U0026,P0104,2025-04-08 13:44:43.795202,view
U0638,P0278,2026-01-15 13:44:43.796519,cart
U1627,P0486,2025-12-05 13:44:43.808753,view
U0267,P0070,2025-06-30 13:44:43.809776,view
U0035,P0028,2025-07-26 13:44:43.810250,view
U1348,P0335,2025-05-26 13:44:43.810547,wishlist
U0347,P0349,2025-08-21 13:44:43.812402,view
U1961,P0213,2025-09-07 13:44:43.829454,purchase
U1403,P0299,2025-10-07 13:44:43.844262,view
U1005,P0249,2026-02-09 13:44:43.846218,wishlist
U0064,P0051,2026-03-15 13:44:43.859210,view
U0524,P0013,2025-08-12 13:44:43.860056,wishlist
U0560,P0151,2025-12-30 13:44:43.861217,view
U0334,P0089,2025-08-03 13:44:43.865307,cart
U1500,P0037,2025-05-23 13:44:43.866095,cart
U0766,P0014,2026-01-31 13:44:43.873776,view
U0438,P0133,2026-01-10 13:44:43.874447,cart
U0779,P0051,2025-12-04 13:44:43.874740,view
U1070,P0252,2025-10-25 13:44:43.875110,view
U1614,P0116,2025-05-25 13:44:43.875356,view
U1769,P0021,2025-09-03 13:44:43.888235,cart
U1135,P0183,2025-06-30 13:44:43.892467,cart
U0982,P0200,2026-03-06 13:44:43.905750,view
U0223,P0384,2026-01-11 13:44:43.907742,view
U0476,P0471,2025-07-13 13:44:43.908252,view
U0608,P0200,2025-12-04 13:44:43.908664,view
U0346,P0006,2025-05-05 13:44:43.912075,view
U1828,P0023,2026-02-26 13:44:43.913324,purchase
U1197,P0204,2025-10-09 13:44:43.920771,view
U1257,P0087,2025-05-19 13:44:43.921751,view
U1471,P0456,2026-01-19 13:44:43.926707,view
U0653,P0154,2025-07-20 13:44:43.927929,cart
U1648,P0019,2026-03-28 13:44:43.939119,cart
U1037,P0281,2026-02-08 13:44:43.939990,view
U1353,P0050,2026-02-05 13:44:43.940343,view
U0277,P0240,2025-12-23 13:44:43.940726,wishlist
U1015,P0047,2025-09-27 13:44:43.947560,wishlist
U0521,P0158,2026-03-11 13:44:43.948253,view
U0866,P0353,2025-04-22 13:44:43.948546,cart
U1171,P0134,2025-04-06 13:44:43.960861,view
U0483,P0038,2025-07-03 13:44:43.961715,cart
U0763,P0013,2026-01-02 13:44:43.962433,view
U1363,P0301,2026-03-30 13:44:43.962846,cart
U1954,P0042,2025-09-03 13:44:43.963134,view
U1043,P0297,2026-01-28 13:44:43.965278,view
U1126,P0404,2026-02-09 13:44:43.967966,view
U0421,P0344,2025-09-24 13:44:43.968497,view
U0198,P0109,2025-11-19 13:44:43.969773,cart
U0765,P0367,2025-12-01 13:44:43.970532,cart
U1775,P0483,2025-10-14 13:44:43.970848,purchase
U0299,P0027,2025-12-30 13:44:43.971431,view
U1757,P0285,2025-12-26 13:44:43.974762,view
U0473,P0030,2025-12-08 13:44:43.975388,view
U0358,P0142,2026-03-08 13:44:43.975715,wishlist
U1941,P0084,2025-08-22 13:44:43.976446,view
U0563,P0388,2025-06-20 13:44:43.976700,wishlist
U0885,P0079,2025-10-31 13:44:43.977076,wishlist
U0329,P0211,2025-12-29 13:44:43.980816,view
U0514,P0082,2026-02-15 13:44:43.981628,view
U0325,P0389,2026-02-01 13:44:43.981995,purchase
U1173,P0331,2026-02-18 13:44:43.982395,purchase
U1171,P0445,2025-10-07 13:44:43.988665,view
U0732,P0107,2026-01-28 13:44:43.989662,view
U1165,P0288,2025-12-01 13:44:43.990787,view
U1562,P0136,2026-01-25 13:44:43.991204,cart
U0349,P0459,2025-08-28 13:44:43.992418,cart
U0078,P0062,2025-06-28 13:44:43.993871,view
U1046,P0286,2025-09-07 13:44:43.994439,view
U0901,P0247,2025-10-27 13:44:43.995873,purchase
U0744,P0453,2025-11-22 13:44:43.996474,view
U1681,P0438,2025-06-20 13:44:43.996788,purchase
U1661,P0482,2025-05-01 13:44:43.997529,cart
U1491,P0223,2025-06-20 13:44:43.998169,view
U0933,P0432,2025-07-17 13:44:43.998639,purchase
U0704,P0017,2025-09-26 13:44:43.998983,view
U0770,P0184,2025-10-14 13:44:43.999347,view
U1852,P0324,2025-06-02 13:44:44.001067,view
U1261,P0002,2025-05-11 13:44:44.001595,view
U1460,P0017,2025-04-11 13:44:44.001894,cart
U0967,P0401,2025-07-17 13:44:44.002315,cart
U0203,P0352,2026-01-29 13:44:44.004494,wishlist
U1095,P0287,2025-11-10 13:44:44.009769,view
U0922,P0454,2026-02-19 13:44:44.010337,view
U1888,P0331,2026-03-22 13:44:44.010645,view
U0526,P0133,2025-08-13 13:44:44.010909,view
U1786,P0101,2025-08-17 13:44:44.011262,purchase
U1252,P0351,2025-09-16 13:44:44.011525,view
U1394,P0297,2026-01-31 13:44:44.011755,cart
U0151,P0020,2025-11-24 13:44:44.013623,cart
U1527,P0256,2025-11-19 13:44:44.014617,view
U1601,P0204,2025-09-25 13:44:44.015107,view
U1729,P0094,2025-10-31 13:44:44.019036,view
U0618,P0293,2025-09-07 13:44:44.019978,view
U1817,P0457,2025-04-08 13:44:44.022132,view
U1525,P0439,2025-06-05 13:44:44.028329,view
U0366,P0430,2026-02-19 13:44:44.028950,cart
U0361,P0390,2025-11-16 13:44:44.030245,view
U0464,P0202,2026-01-05 13:44:44.031103,view
U1168,P0044,2026-03-18 13:44:44.031519,view
U0733,P0102,2025-06-18 13:44:44.033337,view
U0216,P0378,2025-08-01 13:44:44.068887,view
U1529,P0204,2025-11-11 13:44:44.160332,view
U0095,P0085,2026-01-04 13:44:44.163645,cart
U0282,P0453,2025-12-15 13:44:44.184227,view
U1562,P0264,2025-08-02 13:44:44.201190,cart
U0914,P0366,2025-06-11 13:44:44.230621,view
U1523,P0494,2025-04-10 13:44:44.270866,view
U1783,P0489,2026-03-22 13:44:44.271546,cart
U1026,P0434,2026-02-12 13:44:44.272150,cart
U1542,P0013,2025-12-15 13:44:44.290567,cart
U0784,P0229,2025-12-16 13:44:44.291271,wishlist
U0863,P0048,2025-05-15 13:44:44.291584,view
U0461,P0077,2025-08-31 13:44:44.334689,view
U0724,P0445,2025-07-26 13:44:44.335316,view
U1969,P0253,2025-07-18 13:44:44.335740,view
U1543,P0469,2025-05-02 13:44:44.342063,view
U1163,P0410,2026-01-13 13:44:44.343377,view
U0488,P0159,2026-02-12 13:44:44.343995,view
U1424,P0216,2025-07-01 13:44:44.359503,wishlist
U1241,P0119,2025-06-25 13:44:44.381470,view
U0694,P0171,2026-02-12 13:44:44.389482,view
U1097,P0279,2026-01-23 13:44:44.415964,cart
U1452,P0351,2025-05-11 13:44:44.438191,view
U1045,P0286,2025-10-03 13:44:44.439669,view
U0261,P0196,2025-09-14 13:44:44.440107,view
U0098,P0207,2025-09-06 13:44:44.440512,view
U1996,P0227,2025-09-05 13:44:44.440864,view
U1113,P0487,2025-05-21 13:44:44.441216,view
U1056,P0438,2025-12-26 13:44:44.448754,cart
U1527,P0448,2025-08-22 13:44:44.449997,cart
U1421,P0237,2025-05-13 13:44:44.450770,view
U0661,P0013,2025-08-19 13:44:44.454512,view
U1065,P0205,2025-08-02 13:44:44.455494,view
U1224,P0081,2026-03-02 13:44:44.455937,view
U0003,P0248,2026-01-18 13:44:44.456231,view
U0024,P0390,2025-05-01 13:44:44.456669,cart
U1931,P0381,2025-06-06 13:44:44.457029,cart
U0917,P0311,2025-09-18 13:44:44.461039,view
U1976,P0002,2025-12-17 13:44:44.462270,wishlist
U0790,P0046,2025-11-06 13:44:44.465830,view
U0339,P0168,2026-02-01 13:44:44.466497,view
U0688,P0108,2025-04-06 13:44:44.467320,purchase
U1694,P0199,2025-11-30 13:44:44.471706,purchase
U1681,P0128,2026-02-28 13:44:44.472877,view
U0098,P0102,2025-12-13 13:44:44.473618,view
U1269,P0472,2025-06-27 13:44:44.474195,purchase
U1949,P0114,2025-09-27 13:44:44.475674,view
U1240,P0150,2025-09-28 13:44:44.476268,view
U0665,P0301,2025-10-23 13:44:44.476713,purchase
U0169,P0403,2025-09-07 13:44:44.478996,view
U1486,P0446,2025-07-07 13:44:44.479746,view
U1461,P0202,2025-05-09 13:44:44.480184,cart
U1825,P0282,2025-06-17 13:44:44.481177,cart
U1081,P0192,2026-01-26 13:44:44.488143,view
U1505,P0085,2025-06-03 13:44:44.488771,view
U0507,P0170,2025-04-23 13:44:44.489096,cart
U0985,P0220,2026-04-02 13:44:44.489330,view
U0071,P0193,2025-05-27 13:44:44.489702,cart
U1049,P0037,2026-02-25 13:44:44.490064,view
U0502,P0189,2025-05-17 13:44:44.490384,purchase
U1824,P0354,2025-11-23 13:44:44.491957,view
U1519,P0297,2025-12-03 13:44:44.492809,view
U0108,P0231,2026-03-17 13:44:44.493725,view
U1339,P0146,2026-02-07 13:44:44.494308,purchase
U1270,P0196,2025-06-23 13:44:44.497915,view
U1025,P0090,2025-10-02 13:44:44.499208,view
U0438,P0295,2025-04-23 13:44:44.499962,cart
U0453,P0346,2025-05-07 13:44:44.505538,view
U0491,P0037,2025-05-08 13:44:44.506085,view
U0844,P0148,2025-07-23 13:44:44.506575,cart
U1471,P0195,2025-09-04 13:44:44.509347,purchase
U1516,P0263,2025-12-21 13:44:44.510267,cart
U1025,P0398,2025-12-02 13:44:44.510763,wishlist
U0416,P0246,2025-11-22 13:44:44.512204,cart
U0174,P0065,2025-05-11 13:44:44.513448,view
U0637,P0495,2026-02-26 13:44:44.538113,view
U0631,P0037,2026-01-28 13:44:44.539212,cart
U1496,P0109,2025-05-30 13:44:44.539684,view
U0936,P0235,2026-01-09 13:44:44.540193,view
U1253,P0378,2025-09-03 13:44:44.560763,cart
U1698,P0158,2025-11-29 13:44:44.561391,view
U1325,P0384,2025-12-07 13:44:44.571556,cart
U0419,P0483,2025-06-17 13:44:44.572124,wishlist
U1993,P0215,2025-06-14 13:44:44.572593,view
U1296,P0185,2026-03-27 13:44:44.575233,wishlist
U0566,P0283,2025-07-08 13:44:44.575780,view
U1876,P0276,2025-12-02 13:44:44.591725,purchase
U0924,P0066,2025-11-20 13:44:44.593226,view
U1702,P0290,2025-11-05 13:44:44.593801,view
U0374,P0003,2026-03-05 13:44:44.594102,view
U1057,P0103,2025-06-14 13:44:44.600782,view
U1926,P0092,2025-05-13 13:44:44.601315,purchase
U1656,P0007,2026-02-12 13:44:44.602570,view
U1671,P0484,2025-10-08 13:44:44.603292,view
U0870,P0097,2025-11-25 13:44:44.603726,view
U1978,P0199,2025-10-19 13:44:44.604131,view
U0556,P0354,2025-04-16 13:44:44.604700,view
U1382,P0215,2025-07-16 13:44:44.605422,cart
U1392,P0378,2025-06-24 13:44:44.606468,view
U0510,P0139,2025-09-10 13:44:44.608026,view
U1813,P0326,2025-06-03 13:44:44.609105,view
U0267,P0111,2026-01-04 13:44:44.615190,view
U0046,P0123,2025-04-26 13:44:44.624279,view
U0355,P0264,2025-07-28 13:44:44.745399,view
U1560,P0095,2025-09-27 13:44:44.859839,view
U1285,P0142,2025-06-06 13:44:44.913546,view
U0679,P0237,2025-11-01 13:44:44.920680,view
U0840,P0104,2026-03-31 13:44:44.956735,view
U1065,P0179,2025-09-24 13:44:45.080143,view
U0729,P0097,2026-02-12 13:44:45.080909,view
U1362,P0329,2025-08-24 13:44:45.081446,view
U0479,P0237,2025-08-25 13:44:45.081749,wishlist
U1955,P0404,2025-08-31 13:44:45.082146,view
U1051,P0317,2025-11-17 13:44:45.128407,cart
U1494,P0175,2025-04-28 13:44:45.129661,cart
U0890,P0486,2025-06-21 13:44:45.130295,wishlist
U1637,P0382,2025-09-27 13:44:45.130673,view
U1684,P0411,2026-02-21 13:44:45.131028,cart
U1161,P0500,2025-07-31 13:44:45.206216,wishlist
U0629,P0106,2025-05-17 13:44:45.207921,view
U1707,P0485,2025-08-01 13:44:45.336382,wishlist
U1560,P0116,2025-10-14 13:44:45.475119,wishlist
U1041,P0226,2025-08-03 13:44:45.478306,view
U0082,P0012,2025-07-02 13:44:45.589538,view
U0676,P0408,2025-05-31 13:44:45.591381,view
U1394,P0438,2025-11-02 13:44:45.874658,purchase
U1022,P0080,2025-06-18 13:44:45.875485,view
U0801,P0280,2025-10-28 13:44:45.975273,view
U1515,P0157,2026-02-09 13:44:45.976315,cart
U1473,P0079,2026-02-12 13:44:46.023420,view
U1463,P0058,2025-10-24 13:44:46.061042,view
U1140,P0216,2025-11-17 13:44:46.061791,wishlist
U0315,P0031,2025-07-19 13:44:46.124107,view
U0348,P0320,2025-11-09 13:44:46.131365,view
U0301,P0145,2025-05-18 13:44:46.228200,purchase
U0493,P0383,2026-01-15 13:44:46.231083,cart
U1331,P0116,2025-06-26 13:44:46.344636,purchase
U1031,P0495,2025-09-22 13:44:46.424799,view
U1577,P0477,2025-07-03 13:44:46.425546,view
U0082,P0322,2026-02-05 13:44:46.492089,view
U1952,P0320,2025-09-05 13:44:46.593941,wishlist
U0988,P0465,2026-02-28 13:44:46.599534,view
U1542,P0131,2025-10-16 13:44:46.705297,view
U1300,P0500,2025-06-19 13:44:46.760504,view
U1595,P0160,2025-05-20 13:44:46.761508,view
U1596,P0348,2025-12-10 13:44:46.790489,wishlist
U0368,P0405,2025-11-03 13:44:46.791790,view
U1511,P0346,2025-12-20 13:44:46.819964,view
U1466,P0242,2026-03-02 13:44:46.821219,view
U1338,P0288,2025-06-04 13:44:46.823642,purchase
U1954,P0195,2025-05-18 13:44:46.824043,view
U0776,P0098,2026-02-23 13:44:46.824312,view
U1999,P0099,2025-06-14 13:44:46.849735,view
U0142,P0311,2025-10-05 13:44:46.850471,view
U0863,P0435,2025-12-26 13:44:46.850864,wishlist
U1096,P0267,2025-12-16 13:44:46.851109,view
U0204,P0084,2025-10-21 13:44:46.851353,view
U0756,P0318,2026-01-09 13:44:46.851567,view
U1070,P0152,2026-02-04 13:44:46.851870,view
U1617,P0089,2025-06-03 13:44:46.852097,purchase
U0480,P0334,2025-12-27 13:44:46.852300,view
U0837,P0200,2025-11-07 13:44:46.852710,view
U1146,P0039,2025-11-27 13:44:46.853043,view
U0128,P0211,2025-11-07 13:44:46.870443,purchase
U0492,P0039,2025-12-05 13:44:46.871951,view
U1110,P0307,2025-05-29 13:44:46.904924,wishlist
U1377,P0149,2025-07-19 13:44:46.906884,view
U1080,P0392,2025-06-10 13:44:46.908575,view
U1776,P0255,2025-10-14 13:44:46.908917,view
U0386,P0337,2026-01-29 13:44:46.909312,view
U1225,P0047,2025-06-05 13:44:46.909585,view
U0025,P0480,2025-09-01 13:44:46.909821,view
U0161,P0291,2026-03-26 13:44:46.910043,view
U1679,P0372,2026-03-17 13:44:46.910378,cart
U1917,P0024,2025-05-18 13:44:46.944003,cart
U0983,P0038,2026-02-04 13:44:46.944894,view
U1542,P0178,2025-09-14 13:44:46.974694,view
U0410,P0497,2026-03-31 13:44:46.976047,view
U1349,P0202,2025-06-13 13:44:47.006018,view
U1048,P0225,2025-07-28 13:44:47.009065,wishlist
U1555,P0500,2026-03-11 13:44:47.030458,cart
U1261,P0434,2025-11-18 13:44:47.030940,wishlist
U1856,P0264,2025-12-10 13:44:47.031339,cart
U1584,P0016,2025-06-26 13:44:47.031607,view
U1238,P0277,2026-02-20 13:44:47.089791,cart
U1450,P0059,2026-01-19 13:44:47.090440,view
U1771,P0319,2025-06-19 13:44:47.090788,purchase
U1616,P0323,2025-07-03 13:44:47.091282,view
U0764,P0352,2026-01-12 13:44:47.091599,cart
U1904,P0390,2025-10-28 13:44:47.158986,view
U1411,P0132,2026-02-17 13:44:47.159890,view
U0250,P0133,2025-08-02 13:44:47.214654,view
U0122,P0246,2025-05-09 13:44:47.215133,view
U1307,P0414,2025-08-11 13:44:47.215444,view
U1119,P0260,2025-09-27 13:44:47.215913,wishlist
U0385,P0294,2026-01-20 13:44:47.216164,view
U0433,P0186,2025-11-09 13:44:47.274122,view
U1689,P0082,2025-11-05 13:44:47.274624,view
U0120,P0257,2025-08-18 13:44:47.274863,view
U0409,P0271,2025-10-27 13:44:47.275183,cart
U1502,P0051,2025-04-16 13:44:47.275429,wishlist
U1923,P0119,2025-08-27 13:44:47.275660,cart
U1578,P0396,2025-05-26 13:44:47.400084,view
U0274,P0068,2025-10-16 13:44:47.401813,view
U1519,P0338,2026-04-01 13:44:47.402200,view
U1063,P0396,2025-05-01 13:44:47.474154,view
U0207,P0277,2026-01-22 13:44:47.475376,view
U1354,P0358,2025-10-11 13:44:47.516654,view
U1168,P0196,2025-08-17 13:44:47.519112,view
U0847,P0126,2025-12-03 13:44:47.519674,cart
U1941,P0016,2026-01-20 13:44:47.520132,view
U1243,P0441,2025-08-15 13:44:47.543172,view
U0722,P0137,2025-12-06 13:44:47.544108,view
U0376,P0274,2026-01-04 13:44:47.585325,cart
U0419,P0497,2025-09-17 13:44:47.586106,view
U0863,P0352,2026-02-15 13:44:47.586566,view
U1535,P0358,2025-09-22 13:44:47.638788,purchase
U1150,P0034,2025-07-22 13:44:47.639404,view
U1754,P0027,2026-01-09 13:44:47.639746,cart
U0477,P0463,2026-03-01 13:44:47.670744,view
U0478,P0181,2025-07-23 13:44:47.671701,view
U0925,P0424,2026-02-01 13:44:47.728436,cart
U1691,P0193,2025-07-08 13:44:47.729266,view
U1573,P0486,2025-10-24 13:44:47.729738,wishlist
U0996,P0100,2025-12-17 13:44:47.776242,purchase
U1587,P0175,2025-07-13 13:44:47.776887,view
U0716,P0467,2025-10-12 13:44:47.818704,cart
U1704,P0220,2025-10-26 13:44:47.819589,view
U0105,P0383,2026-04-05 13:44:47.820261,view
U0687,P0057,2025-09-10 13:44:47.820838,view
U1596,P0228,2025-10-24 13:44:47.878264,view
U1353,P0222,2025-05-03 13:44:47.902866,view
U1455,P0072,2025-07-11 13:44:47.903742,cart
U0799,P0215,2026-01-10 13:44:47.904234,view
U1291,P0208,2026-03-02 13:44:47.904532,wishlist
U1882,P0420,2025-10-10 13:44:47.940984,view
U1192,P0214,2026-04-03 13:44:47.941653,purchase
U1867,P0106,2026-04-05 13:44:47.979028,view
U0449,P0402,2025-08-10 13:44:47.981030,purchase
U0787,P0130,2026-01-16 13:44:47.981811,view
U1603,P0189,2025-08-26 13:44:48.030601,view
U1264,P0243,2026-02-27 13:44:48.040116,purchase
U1017,P0084,2026-01-13 13:44:48.071259,cart
U0067,P0010,2025-09-21 13:44:48.071899,purchase
U1225,P0479,2025-06-09 13:44:48.072361,cart
U0722,P0281,2025-10-03 13:44:48.140658,wishlist
U0724,P0130,2025-07-30 13:44:48.141022,wishlist
U1137,P0354,2025-07-23 13:44:48.141288,purchase
U1811,P0117,2025-08-16 13:44:48.141694,view
U0786,P0039,2025-06-22 13:44:48.141940,view
U1023,P0068,2025-06-30 13:44:48.215711,wishlist
U0339,P0226,2026-03-28 13:44:48.221148,purchase
U0022,P0470,2025-08-21 13:44:48.260824,view
U1451,P0087,2026-02-25 13:44:48.261869,view
U1945,P0352,2025-08-25 13:44:48.293465,cart
U0064,P0244,2025-05-08 13:44:48.294220,cart
U0130,P0046,2026-02-03 13:44:48.318986,view
U0946,P0380,2025-07-02 13:44:48.319925,cart
U1087,P0070,2025-09-04 13:44:48.320408,view
U0167,P0257,2025-08-27 13:44:48.321416,view
U1212,P0269,2025-08-28 13:44:48.351767,cart
U1194,P0137,2026-01-28 13:44:48.354236,wishlist
U1327,P0114,2025-09-30 13:44:48.386838,purchase
U1852,P0198,2025-10-06 13:44:48.387714,wishlist
U1680,P0285,2025-05-21 13:44:48.388213,cart
U1641,P0001,2025-08-18 13:44:48.429921,view
U0277,P0177,2025-05-04 13:44:48.430672,view
U1911,P0006,2025-12-28 13:44:48.431155,view
U1957,P0224,2025-09-07 13:44:48.431494,view
U1676,P0178,2026-04-02 13:44:48.431778,view
U0230,P0210,2026-01-15 13:44:48.432153,purchase
U1111,P0103,2025-09-04 13:44:48.459288,cart
U0357,P0458,2025-10-03 13:44:48.460831,view
U0191,P0123,2025-07-12 13:44:48.485009,view
U0526,P0232,2026-01-02 13:44:48.485876,cart
U1071,P0425,2025-12-16 13:44:48.486540,view
U1813,P0338,2025-12-30 13:44:48.515900,wishlist
U1244,P0072,2025-06-08 13:44:48.516615,view
U1800,P0159,2025-10-13 13:44:48.531961,cart
U0185,P0346,2026-01-17 13:44:48.533851,view
U0591,P0165,2025-09-19 13:44:48.534250,view
U0638,P0183,2025-08-15 13:44:48.534674,cart
U1966,P0321,2025-09-09 13:44:48.544470,purchase
U1467,P0205,2026-03-02 13:44:48.545652,view
U1494,P0144,2025-05-02 13:44:48.547107,view
U0712,P0447,2026-03-06 13:44:48.589251,view
U1544,P0096,2025-07-20 13:44:48.590512,cart
U1357,P0479,2026-03-22 13:44:48.591156,view
U1141,P0243,2025-06-23 13:44:48.591513,view
U1516,P0149,2025-10-27 13:44:48.591883,view
U0332,P0370,2025-04-30 13:44:48.631479,view
U0526,P0318,2026-01-03 13:44:48.632255,wishlist
U1121,P0387,2025-05-18 13:44:48.663721,cart
U1472,P0004,2025-06-16 13:44:48.664288,view
U1632,P0268,2025-04-07 13:44:48.664584,purchase
U1086,P0406,2026-01-05 13:44:48.664829,purchase
U2000,P0296,2025-07-14 13:44:48.665147,view
U1262,P0467,2025-07-02 13:44:48.696009,view
U0686,P0472,2025-10-28 13:44:48.699362,view
U1965,P0298,2025-07-07 13:44:48.709890,view
U0526,P0209,2025-11-07 13:44:48.710882,view
U1654,P0006,2025-11-20 13:44:48.711308,view
U0331,P0240,2025-07-13 13:44:48.711768,wishlist
U1553,P0485,2025-04-30 13:44:48.712097,view
U1933,P0278,2025-10-15 13:44:48.712574,view
U1986,P0497,2025-06-13 13:44:48.712918,view
U0384,P0364,2025-04-17 13:44:48.733309,view
U0394,P0356,2026-02-15 13:44:48.734225,purchase
U1434,P0338,2025-12-31 13:44:48.734686,cart
U0505,P0077,2025-06-14 13:44:48.735018,view
U1776,P0206,2025-12-14 13:44:48.735354,view
U1762,P0257,2025-05-30 13:44:48.759820,view
U1559,P0473,2025-12-12 13:44:48.761161,view
U1936,P0014,2025-07-24 13:44:48.798556,wishlist
U1531,P0171,2025-05-16 13:44:48.799329,view
U0949,P0389,2025-12-29 13:44:48.799795,view
U0152,P0136,2026-01-31 13:44:48.800090,view
U1954,P0367,2025-11-05 13:44:48.815770,purchase
U1642,P0487,2025-07-31 13:44:48.817779,wishlist
U1176,P0483,2025-09-19 13:44:48.818443,wishlist
U1402,P0007,2025-07-08 13:44:48.818793,view
U1562,P0489,2025-09-22 13:44:48.819172,view
U1866,P0319,2026-03-26 13:44:48.853552,view
U1981,P0256,2025-08-23 13:44:48.872445,cart
U0342,P0363,2026-01-23 13:44:48.873840,view
U1353,P0257,2025-09-08 13:44:48.874272,view
U0003,P0351,2025-04-07 13:44:48.874634,view
U1579,P0403,2025-07-11 13:44:48.896751,view
U1045,P0397,2025-06-28 13:44:48.897948,view
U0958,P0036,2025-04-22 13:44:48.949409,view
U0784,P0410,2025-09-25 13:44:48.950432,cart
U0917,P0108,2025-05-09 13:44:48.950791,view
U0284,P0496,2025-04-14 13:44:48.968463,view
U0027,P0154,2025-11-01 13:44:48.969996,view
U1445,P0038,2026-02-01 13:44:48.971035,view
U1375,P0433,2026-02-06 13:44:48.971533,cart
U1453,P0476,2026-01-05 13:44:49.001484,view
U0366,P0167,2025-05-06 13:44:49.002048,wishlist
U0587,P0194,2026-02-08 13:44:49.002792,view
U0345,P0175,2025-08-03 13:44:49.043239,view
U1774,P0298,2025-07-03 13:44:49.070037,cart
U0980,P0225,2025-10-27 13:44:49.071531,view
U0156,P0196,2026-01-24 13:44:49.072144,view
U0902,P0177,2025-10-29 13:44:49.072525,view
U0751,P0417,2025-12-31 13:44:49.072869,view
U1932,P0232,2025-06-29 13:44:49.094433,wishlist
U1948,P0179,2025-04-06 13:44:49.095051,view
U1620,P0383,2025-07-27 13:44:49.095558,view
U0565,P0253,2025-07-28 13:44:49.095884,cart
U0566,P0402,2025-11-03 13:44:49.096377,cart
U1700,P0347,2026-02-22 13:44:49.143913,view
U1284,P0221,2025-04-16 13:44:49.145158,view
U1145,P0170,2025-09-15 13:44:49.145825,cart
U1039,P0078,2026-01-16 13:44:49.146244,view
U1252,P0165,2025-04-22 13:44:49.146532,purchase
U1056,P0050,2025-05-26 13:44:49.146766,view
U0472,P0132,2026-04-05 13:44:49.163430,view
U1286,P0022,2025-05-13 13:44:49.164447,view
U1207,P0319,2026-01-05 13:44:49.164910,view
U1184,P0387,2025-11-30 13:44:49.181460,view
U0178,P0478,2025-04-23 13:44:49.182041,purchase
U0019,P0373,2025-05-01 13:44:49.182515,view
U1984,P0163,2025-08-24 13:44:49.182803,view
U1663,P0330,2025-10-18 13:44:49.183069,view
U1291,P0277,2025-07-06 13:44:49.183428,view
U0494,P0168,2025-07-02 13:44:49.194985,view
U1929,P0072,2026-03-30 13:44:49.195622,view
U1205,P0399,2025-11-27 13:44:49.195963,view
U1092,P0447,2025-10-28 13:44:49.196348,wishlist
U0628,P0036,2025-07-29 13:44:49.209288,view
U1777,P0272,2025-07-27 13:44:49.209807,cart
U0355,P0145,2025-06-20 13:44:49.210130,view
U0925,P0336,2025-05-04 13:44:49.210600,view
U0906,P0191,2026-03-11 13:44:49.210892,cart
U0293,P0212,2025-12-21 13:44:49.221295,view
U1108,P0383,2025-11-07 13:44:49.225333,view
U1362,P0323,2025-09-04 13:44:49.242053,view
U1152,P0263,2026-03-22 13:44:49.243103,view
U1256,P0086,2025-12-20 13:44:49.243677,purchase
U0272,P0088,2025-11-20 13:44:49.243996,view
U1392,P0219,2025-04-27 13:44:49.268941,cart
U1521,P0179,2025-09-08 13:44:49.269909,view
U0463,P0403,2026-03-23 13:44:49.271363,cart
U0136,P0032,2025-12-30 13:44:49.288998,view
U1805,P0094,2025-07-18 13:44:49.289931,view
U0106,P0236,2025-11-08 13:44:49.322256,cart
U1476,P0239,2025-07-05 13:44:49.322803,view
U0101,P0271,2025-09-13 13:44:49.324395,view
U1424,P0147,2026-02-06 13:44:49.336173,cart
U0720,P0409,2025-12-04 13:44:49.352400,view
U1049,P0213,2026-02-11 13:44:49.353853,view
U0928,P0059,2026-04-02 13:44:49.354530,cart
U1406,P0219,2025-10-26 13:44:49.369120,view
U0141,P0047,2026-04-05 13:44:49.369864,view
U0268,P0163,2026-03-21 13:44:49.387974,view
U0118,P0318,2025-07-02 13:44:49.388910,wishlist
U0879,P0104,2025-08-23 13:44:49.403388,view
U0944,P0479,2025-08-02 13:44:49.404104,view
U0208,P0349,2026-02-28 13:44:49.418796,cart
U1668,P0276,2025-07-23 13:44:49.419496,view
U1181,P0406,2025-11-09 13:44:49.419819,purchase
U0849,P0179,2025-07-16 13:44:49.420060,view
U1080,P0387,2026-04-05 13:44:49.420468,view
U1479,P0173,2025-07-19 13:44:49.420698,view
U0016,P0222,2026-01-10 13:44:49.420979,cart
U0942,P0265,2025-10-01 13:44:49.441045,purchase
U1196,P0215,2025-11-02 13:44:49.457082,view
U0923,P0363,2026-03-20 13:44:49.461500,view
U0663,P0494,2026-01-16 13:44:49.462231,wishlist
U0531,P0413,2025-06-03 13:44:49.476807,purchase
U1690,P0409,2026-02-19 13:44:49.477782,view
U0638,P0455,2025-06-16 13:44:49.493859,view
U1213,P0422,2025-04-24 13:44:49.496521,view
U1545,P0425,2025-09-26 13:44:49.505844,wishlist
U0334,P0397,2026-04-06 13:44:49.506699,view
U1099,P0235,2026-02-04 13:44:49.507328,view
U1936,P0059,2025-05-16 13:44:49.507698,view
U0477,P0100,2025-06-11 13:44:49.525643,view
U0630,P0422,2025-10-09 13:44:49.529689,cart
U1141,P0070,2026-03-10 13:44:49.549615,wishlist
U1392,P0289,2025-12-26 13:44:49.550112,wishlist
U1127,P0204,2025-10-19 13:44:49.550391,view
U1755,P0075,2026-01-19 13:44:49.550641,view
U0872,P0216,2026-01-11 13:44:49.581252,wishlist
U1366,P0381,2026-01-04 13:44:49.582181,cart
U0401,P0075,2025-06-27 13:44:49.582725,purchase
U1827,P0156,2026-02-04 13:44:49.583112,view
U1351,P0466,2025-06-23 13:44:49.608246,view
U0878,P0493,2026-04-03 13:44:49.628069,view
U0433,P0377,2025-10-20 13:44:49.628986,view
U0826,P0458,2025-06-08 13:44:49.629509,wishlist
U0467,P0178,2026-01-02 13:44:49.629843,view
U0333,P0391,2025-06-30 13:44:49.630091,view
U1318,P0153,2025-09-16 13:44:49.645674,wishlist
U1100,P0174,2026-01-18 13:44:49.646868,cart
U0886,P0496,2025-11-10 13:44:49.665457,cart
U0860,P0242,2025-09-18 13:44:49.666312,cart
U0762,P0316,2026-04-03 13:44:49.666793,view
U0060,P0019,2026-03-24 13:44:49.667327,cart
U0542,P0041,2025-09-23 13:44:49.667690,view
U0317,P0412,2025-11-20 13:44:49.702308,view
U1934,P0456,2026-02-11 13:44:49.703582,wishlist
U1115,P0391,2026-01-09 13:44:49.729952,view
U0921,P0191,2025-09-04 13:44:49.776907,view
U1192,P0105,2025-06-20 13:44:49.777773,view
U0667,P0159,2025-07-24 13:44:49.778114,cart
U1173,P0499,2025-10-31 13:44:49.778511,purchase
U1608,P0218,2026-02-08 13:44:49.779046,view
U0188,P0263,2025-10-18 13:44:49.793880,wishlist
U1977,P0031,2025-12-18 13:44:49.794346,view
U1243,P0059,2025-09-12 13:44:49.805472,view
U0856,P0022,2025-07-01 13:44:49.809002,view
U1027,P0219,2025-11-18 13:44:49.840661,view
U1376,P0404,2025-08-08 13:44:49.841372,view
U0962,P0302,2026-01-05 13:44:49.841680,cart
U1610,P0156,2025-08-23 13:44:49.841969,view
U0302,P0458,2025-12-04 13:44:49.842353,view
U1428,P0271,2025-07-08 13:44:49.842611,view
U0702,P0479,2026-03-16 13:44:49.859793,cart
U0878,P0096,2025-05-07 13:44:49.860595,view
U1052,P0194,2026-02-07 13:44:49.861196,view
U0978,P0379,2026-03-30 13:44:49.861529,wishlist
U1562,P0330,2025-07-04 13:44:49.898957,wishlist
U0870,P0225,2026-01-06 13:44:49.900946,cart
U1953,P0450,2025-10-23 13:44:49.970826,view
U0551,P0350,2025-06-29 13:44:49.971586,view
U0837,P0239,2025-12-14 13:44:49.972013,purchase
U0161,P0438,2025-10-02 13:44:49.972346,cart
U1305,P0048,2025-11-02 13:44:49.996477,view
U0858,P0009,2025-09-05 13:44:50.073992,view
U1379,P0153,2026-02-12 13:44:50.075446,purchase
U1292,P0156,2025-04-24 13:44:50.075898,view
U1173,P0481,2025-06-30 13:44:50.158334,view
U0357,P0032,2025-12-17 13:44:50.158816,cart
U0497,P0162,2025-09-05 13:44:50.159296,view
U1135,P0060,2025-11-06 13:44:50.159579,cart
U0483,P0038,2025-05-09 13:44:50.159832,purchase
U0402,P0497,2026-03-13 13:44:50.160190,purchase
U1397,P0194,2025-06-19 13:44:50.160450,purchase
U0927,P0126,2026-03-09 13:44:50.241718,cart
U0609,P0273,2025-05-25 13:44:50.243381,view
U0693,P0369,2026-04-02 13:44:50.346304,cart
U0121,P0060,2025-10-29 13:44:50.351906,cart
U0489,P0111,2026-02-07 13:44:50.458611,cart
U1857,P0185,2025-04-27 13:44:50.459300,wishlist
U0380,P0348,2025-12-19 13:44:50.528779,view
U1579,P0192,2025-06-09 13:44:50.533615,view
U1423,P0481,2025-09-03 13:44:50.534270,cart
U1977,P0274,2025-12-01 13:44:50.534638,view
U0175,P0283,2025-08-28 13:44:50.534943,view
U1678,P0085,2025-08-29 13:44:50.535319,view
U1602,P0100,2025-08-19 13:44:50.535578,wishlist
U0773,P0439,2025-05-08 13:44:50.581038,cart
U0226,P0428,2025-05-11 13:44:50.582233,cart
U1929,P0006,2025-05-12 13:44:50.582608,view
U1433,P0166,2025-09-08 13:44:50.705043,purchase
U0534,P0408,2025-12-12 13:44:50.706216,view
U0215,P0484,2026-03-05 13:44:50.762859,view
U0428,P0113,2026-01-22 13:44:50.765851,wishlist
U1347,P0471,2025-10-05 13:44:50.855967,view
U1392,P0332,2025-11-16 13:44:50.980838,cart
U0269,P0178,2025-04-09 13:44:50.981937,purchase
U0092,P0142,2026-03-06 13:44:51.003808,view
U1848,P0281,2025-10-04 13:44:51.004401,view
U0442,P0317,2025-06-15 13:44:51.015314,cart
U0619,P0063,2025-09-01 13:44:51.019464,wishlist
U1113,P0473,2025-04-19 13:44:51.030746,view
U0723,P0344,2025-08-27 13:44:51.031406,cart
U1858,P0189,2025-09-08 13:44:51.031861,cart
U1291,P0321,2025-08-29 13:44:51.058722,cart
U1159,P0347,2025-09-21 13:44:51.059876,view
U0702,P0142,2025-06-18 13:44:51.060422,wishlist
U1472,P0210,2025-09-23 13:44:51.060989,wishlist
U0265,P0170,2025-07-24 13:44:51.084497,view
U1481,P0399,2025-08-03 13:44:51.086086,view
U1234,P0166,2025-12-31 13:44:51.100048,view
U1560,P0489,2026-03-10 13:44:51.100705,view
U1449,P0369,2025-12-05 13:44:51.101245,view
U0176,P0225,2026-03-12 13:44:51.101511,view
U1814,P0235,2025-08-15 13:44:51.101749,view
U1707,P0330,2025-10-26 13:44:51.102118,cart
U1134,P0341,2025-08-25 13:44:51.112300,view
U0583,P0228,2026-01-22 13:44:51.114193,view
U1067,P0343,2025-09-09 13:44:51.123552,view
U0557,P0240,2025-08-26 13:44:51.143930,view
U1619,P0462,2025-10-26 13:44:51.145213,view
U1796,P0059,2025-06-01 13:44:51.145872,wishlist
U1549,P0382,2025-04-15 13:44:51.157935,view
U1413,P0083,2025-07-06 13:44:51.158631,wishlist
U1612,P0093,2025-09-01 13:44:51.158925,view
U1107,P0018,2025-10-01 13:44:51.159296,wishlist
U0329,P0027,2025-10-14 13:44:51.159567,cart
U1822,P0309,2026-04-05 13:44:51.159863,view
U0837,P0429,2026-01-22 13:44:51.160165,view
U1966,P0421,2025-06-10 13:44:51.224199,view
U0045,P0269,2026-01-10 13:44:51.225145,view
U1469,P0287,2025-11-17 13:44:51.225652,cart
U1921,P0239,2026-02-26 13:44:51.225939,view
U1131,P0430,2025-05-17 13:44:51.226276,view
U1181,P0185,2026-01-13 13:44:51.251742,view
U0680,P0279,2025-11-13 13:44:51.254018,view
U1378,P0197,2025-07-13 13:44:51.254775,view
U0786,P0053,2025-09-27 13:44:51.255129,wishlist
U1161,P0328,2025-06-02 13:44:51.255511,cart
U0761,P0376,2025-08-29 13:44:51.255753,view
U1730,P0329,2025-07-15 13:44:51.270239,view
U1516,P0444,2025-07-12 13:44:51.271102,view
U0919,P0281,2026-03-12 13:44:51.271417,cart
U0516,P0028,2026-02-14 13:44:51.306342,view
U0623,P0302,2025-10-06 13:44:51.307999,purchase
U0787,P0322,2025-05-17 13:44:51.346130,view
U1413,P0452,2025-05-07 13:44:51.347133,view
U1729,P0146,2025-09-23 13:44:51.418269,cart
U1701,P0051,2026-01-27 13:44:51.421532,wishlist
U0756,P0389,2025-10-11 13:44:51.489926,view
U1153,P0393,2025-07-05 13:44:51.542373,view
U1029,P0165,2025-07-20 13:44:51.558926,view
U0863,P0387,2025-07-27 13:44:51.591154,cart
U0433,P0242,2025-05-06 13:44:51.667545,view
U0643,P0496,2025-07-09 13:44:51.669534,view
U0595,P0425,2025-07-18 13:44:51.760311,view
U1877,P0256,2026-02-27 13:44:51.760857,view
U0987,P0041,2026-02-06 13:44:51.761214,view
U0102,P0295,2025-07-10 13:44:51.761543,cart
U0920,P0297,2025-08-09 13:44:51.789144,wishlist
U1985,P0333,2025-12-13 13:44:51.789872,view
U0719,P0057,2025-12-25 13:44:51.790237,view
U0403,P0019,2025-09-03 13:44:51.854081,wishlist
U1391,P0212,2025-08-20 13:44:51.854614,cart
U0196,P0267,2025-06-20 13:44:51.854905,cart
U0965,P0358,2026-02-09 13:44:51.855269,view
U1442,P0334,2025-07-11 13:44:51.965648,wishlist
U0530,P0216,2025-10-21 13:44:51.966319,view
U1314,P0370,2025-10-12 13:44:51.966641,wishlist
U1148,P0436,2026-01-23 13:44:52.138889,view
U0384,P0472,2025-08-03 13:44:52.139876,view
U1069,P0347,2025-12-07 13:44:52.255201,purchase
U1215,P0302,2025-05-29 13:44:52.256123,cart
U1554,P0259,2025-07-15 13:44:52.290787,view
U0709,P0231,2026-04-05 13:44:52.291543,view
U1538,P0080,2025-07-09 13:44:52.585797,view
U1914,P0153,2025-11-25 13:44:52.587609,view
U1649,P0160,2025-09-22 13:44:52.635413,view
U1538,P0051,2025-04-30 13:44:52.638730,view
U1614,P0374,2025-12-08 13:44:52.688888,wishlist
U1231,P0180,2025-06-08 13:44:52.690555,view
U0201,P0100,2025-04-27 13:44:52.743813,view
U1206,P0292,2025-05-02 13:44:52.744530,view
U1300,P0285,2025-09-05 13:44:52.744929,view
U1023,P0316,2026-01-15 13:44:52.810448,purchase
U1674,P0061,2025-09-16 13:44:52.811522,view
U1384,P0028,2025-07-27 13:44:52.914646,cart
U0622,P0498,2025-10-12 13:44:52.992807,cart
U0289,P0030,2026-02-07 13:44:52.994420,view
U0795,P0033,2025-04-30 13:44:53.043514,cart
U1016,P0192,2026-02-16 13:44:53.126941,view
U1251,P0415,2025-06-18 13:44:53.160438,view
U1764,P0171,2025-08-30 13:44:53.210809,view
U1165,P0394,2025-12-19 13:44:53.212249,view
U1265,P0012,2025-06-05 13:44:53.239752,view
U0424,P0281,2025-10-07 13:44:53.240616,view
U1804,P0371,2025-05-10 13:44:53.241178,purchase
U0488,P0090,2025-05-03 13:44:53.241586,cart
U0542,P0435,2025-08-22 13:44:53.242014,view
U0298,P0208,2025-11-16 13:44:53.255535,view
U0888,P0437,2026-01-05 13:44:53.309876,view
U0137,P0390,2025-06-05 13:44:53.314053,view
U0412,P0086,2025-12-20 13:44:53.314676,view
U0688,P0461,2026-01-31 13:44:53.359231,view
U1588,P0051,2025-07-27 13:44:53.359997,cart
U0342,P0093,2026-03-05 13:44:53.360428,purchase
U1091,P0184,2025-09-26 13:44:53.360767,view
U1193,P0460,2025-04-15 13:44:53.361203,cart
U0888,P0363,2025-12-25 13:44:53.361536,view
U1764,P0217,2025-08-25 13:44:53.393326,cart
U0484,P0312,2025-07-16 13:44:53.394231,view
U1117,P0252,2026-01-17 13:44:53.416484,view
U1875,P0033,2025-08-26 13:44:53.418213,cart
U1323,P0041,2025-09-12 13:44:53.442698,view
U0457,P0486,2026-03-09 13:44:53.443964,view
U1894,P0123,2025-10-09 13:44:53.444512,view
U0867,P0067,2025-07-06 13:44:53.465256,purchase
U1549,P0017,2025-11-01 13:44:53.467749,view
U0114,P0208,2026-04-06 13:44:53.515929,view
U1508,P0358,2026-01-29 13:44:53.516837,wishlist
U1387,P0391,2026-03-07 13:44:53.540471,cart
U0078,P0327,2026-03-24 13:44:53.541095,view
U0567,P0361,2025-11-13 13:44:53.541624,purchase
U1874,P0087,2026-04-02 13:44:53.541964,cart
U0905,P0273,2025-12-14 13:44:53.542373,cart
U0538,P0488,2026-03-05 13:44:53.542673,view
U0081,P0445,2026-03-03 13:44:53.542981,view
U1120,P0060,2025-07-28 13:44:53.560581,view
U1231,P0018,2025-12-16 13:44:53.564842,cart
U0294,P0410,2026-02-07 13:44:53.610091,wishlist
U1298,P0425,2025-10-22 13:44:53.610636,cart
U1449,P0415,2026-03-07 13:44:53.610954,view
U1309,P0200,2025-07-13 13:44:53.611226,view
U1738,P0442,2025-07-24 13:44:53.641656,cart
U1528,P0213,2025-10-02 13:44:53.642163,view
U0125,P0414,2026-02-24 13:44:53.642618,view
U0536,P0389,2025-09-04 13:44:53.647855,view
U0412,P0186,2026-04-06 13:44:53.648614,cart
U0407,P0417,2026-02-22 13:44:53.649009,view
U1889,P0202,2025-06-11 13:44:53.649466,cart
U0793,P0052,2026-04-03 13:44:53.649792,cart
U0443,P0034,2025-04-06 13:44:53.683577,view
U1245,P0439,2026-03-03 13:44:53.684465,view
U1399,P0011,2026-03-04 13:44:53.711599,cart
U1368,P0167,2026-02-13 13:44:53.712549,cart
U0453,P0188,2025-10-02 13:44:53.712994,view
U1721,P0081,2025-11-14 13:44:53.741765,view
U0137,P0031,2025-07-05 13:44:53.743868,view
U0693,P0177,2026-01-31 13:44:53.768511,wishlist
U1152,P0455,2026-02-25 13:44:53.769148,purchase
U1596,P0244,2025-10-02 13:44:53.769577,view
U0198,P0066,2025-07-21 13:44:53.769866,view
U0542,P0016,2025-05-24 13:44:53.770118,view
U1527,P0064,2025-11-03 13:44:53.770528,view
U1500,P0035,2025-07-15 13:44:53.780155,view
U1064,P0407,2025-11-17 13:44:53.793855,wishlist
U1446,P0241,2025-10-09 13:44:53.803936,view
U0883,P0485,2025-06-30 13:44:53.825251,cart
U0136,P0279,2025-10-07 13:44:53.827451,view
U0037,P0443,2025-04-24 13:44:53.841873,view
U0813,P0146,2026-02-15 13:44:53.843612,cart
U0040,P0241,2026-01-12 13:44:53.856103,view
U1522,P0296,2026-04-02 13:44:53.870009,wishlist
U1563,P0437,2025-12-16 13:44:53.907323,purchase
U0246,P0014,2025-09-18 13:44:53.949349,view
U0375,P0323,2025-09-27 13:44:53.950660,view
U0027,P0364,2025-11-30 13:44:53.964805,purchase
U0758,P0311,2025-06-01 13:44:53.966376,view
U1460,P0324,2025-09-09 13:44:54.005623,view
U0506,P0032,2025-04-14 13:44:54.040659,view
U0236,P0447,2025-05-25 13:44:54.041622,view
U0922,P0104,2026-03-28 13:44:54.042073,wishlist
U1910,P0230,2025-07-20 13:44:54.042747,purchase
U1727,P0312,2026-01-02 13:44:54.104748,view
U0647,P0062,2026-01-13 13:44:54.108254,wishlist
U0475,P0320,2025-05-23 13:44:54.109052,view
U1586,P0216,2025-04-10 13:44:54.142274,cart
U0314,P0230,2026-01-01 13:44:54.143650,view
U1420,P0013,2025-07-15 13:44:54.156879,cart
U1353,P0465,2026-03-17 13:44:54.160434,view
U0056,P0340,2025-05-06 13:44:54.189250,cart
U1392,P0166,2025-05-17 13:44:54.189974,view
U0463,P0461,2025-09-27 13:44:54.190345,view
U1573,P0448,2025-06-16 13:44:54.218812,view
U0751,P0107,2025-08-26 13:44:54.219467,cart
U0234,P0401,2025-10-04 13:44:54.232099,purchase
U0577,P0401,2025-08-23 13:44:54.234560,cart
U1342,P0018,2025-10-04 13:44:54.235159,view
U1905,P0487,2025-07-30 13:44:54.242138,view
U0703,P0154,2025-06-07 13:44:54.242724,view
U0754,P0073,2026-02-07 13:44:54.243070,view
U1420,P0155,2025-10-25 13:44:54.254166,cart
U1431,P0295,2025-09-28 13:44:54.255436,view
U1305,P0016,2025-08-18 13:44:54.333774,view
U0878,P0116,2025-11-05 13:44:54.334553,view
U0753,P0456,2026-04-04 13:44:54.344083,view
U0594,P0150,2025-12-12 13:44:54.434891,purchase
U1389,P0143,2026-02-25 13:44:54.436372,cart
U1133,P0311,2026-02-02 13:44:54.546766,view
U0397,P0015,2025-07-14 13:44:54.547297,purchase
U1859,P0389,2025-09-02 13:44:54.547773,cart
U0830,P0404,2026-04-01 13:44:54.548074,view
U1139,P0493,2025-11-27 13:44:54.548358,purchase
U1949,P0366,2025-09-29 13:44:54.637737,view
U0492,P0366,2025-12-11 13:44:54.638541,cart
U0267,P0190,2025-09-02 13:44:54.639002,purchase
U1116,P0450,2025-07-08 13:44:54.669770,purchase
U0721,P0313,2026-03-03 13:44:54.670882,cart
U1717,P0301,2025-05-21 13:44:54.705430,view
U1438,P0050,2025-08-22 13:44:54.706143,view
U1425,P0369,2025-09-24 13:44:54.769015,view
U1984,P0487,2025-11-16 13:44:54.769792,view
U0827,P0342,2026-02-23 13:44:54.801467,view
U1614,P0172,2025-08-09 13:44:54.802093,view
U1056,P0249,2026-01-06 13:44:54.802433,purchase
U0844,P0461,2025-12-26 13:44:54.902127,view
U1332,P0068,2025-07-20 13:44:54.961516,view
U0900,P0308,2025-07-15 13:44:54.962273,view
U1297,P0048,2025-07-10 13:44:55.006016,view
U0754,P0465,2025-11-10 13:44:55.017848,view
U1758,P0151,2025-04-25 13:44:55.018730,view
U0415,P0029,2025-12-20 13:44:55.089790,view
U0293,P0112,2026-04-05 13:44:55.090884,view
U0452,P0461,2026-03-20 13:44:55.091328,wishlist
U0186,P0227,2026-02-18 13:44:55.091813,purchase
U0045,P0489,2025-06-24 13:44:55.155566,view
U1332,P0001,2025-09-26 13:44:55.158825,cart
U1842,P0425,2025-07-16 13:44:55.174475,view
U0705,P0129,2025-09-22 13:44:55.199619,view
U0461,P0229,2025-11-09 13:44:55.202404,cart
U0029,P0440,2025-11-05 13:44:55.251442,view
U0059,P0191,2025-10-02 13:44:55.330204,view
U1791,P0142,2026-03-25 13:44:55.331309,view
U1706,P0136,2025-10-14 13:44:55.359439,cart
U0965,P0411,2026-03-25 13:44:55.363365,cart
U0347,P0418,2025-04-30 13:44:55.432227,wishlist
U1497,P0255,2025-09-01 13:44:55.433128,view
U1399,P0076,2026-03-26 13:44:55.466304,view
U0265,P0381,2025-12-27 13:44:55.468634,view
U1706,P0360,2026-02-17 13:44:55.526052,view
U1970,P0183,2025-09-11 13:44:55.528033,view
U0855,P0282,2026-01-23 13:44:55.528892,purchase
U1971,P0254,2025-11-05 13:44:55.553436,view
U0115,P0367,2026-01-27 13:44:55.554335,cart
U0579,P0288,2026-01-16 13:44:55.561921,purchase
U1198,P0392,2025-12-31 13:44:55.565309,cart
U1777,P0185,2026-01-07 13:44:55.573790,view
U0627,P0441,2026-02-27 13:44:55.574545,view
U1203,P0232,2025-05-19 13:44:55.574940,view
U1766,P0303,2026-03-24 13:44:55.591086,cart
U1604,P0250,2026-03-18 13:44:55.591769,cart
U0098,P0251,2025-04-06 13:44:55.592090,view
U0434,P0363,2025-08-23 13:44:55.608728,view
U1316,P0416,2026-02-10 13:44:55.614115,view
U0274,P0040,2025-05-23 13:44:55.622124,view
U1767,P0214,2025-10-23 13:44:55.622738,cart
U0478,P0036,2026-03-14 13:44:55.638226,view
U1918,P0470,2025-06-09 13:44:55.639413,view
U0199,P0098,2025-10-11 13:44:55.654572,view
U1833,P0449,2025-05-13 13:44:55.661747,cart
U0431,P0459,2025-05-21 13:44:55.662601,view
U0080,P0083,2026-03-27 13:44:55.663750,cart
U1089,P0455,2025-04-24 13:44:55.689905,view
U1838,P0366,2026-02-02 13:44:55.726339,purchase
U0644,P0001,2025-09-02 13:44:55.729005,view
U0887,P0323,2025-06-27 13:44:55.747413,purchase
U0585,P0054,2025-11-18 13:44:55.748079,view
U1715,P0088,2026-02-28 13:44:55.760667,wishlist
U0800,P0317,2025-08-26 13:44:55.761686,view
U0802,P0278,2025-05-12 13:44:55.762117,view
U0776,P0493,2025-11-17 13:44:55.769109,view
U1661,P0492,2025-06-28 13:44:55.769772,view
U0834,P0379,2025-10-05 13:44:55.770135,view
U0876,P0266,2025-04-23 13:44:55.785404,wishlist
U0669,P0157,2025-09-08 13:44:55.788354,view
U0789,P0199,2025-07-08 13:44:55.794949,view
U1416,P0139,2025-04-29 13:44:55.796595,view
U0944,P0449,2025-05-15 13:44:55.812242,view
U0509,P0280,2026-03-26 13:44:55.828260,view
U0305,P0082,2025-10-01 13:44:55.837756,wishlist
U1753,P0377,2025-12-02 13:44:55.838364,view
U0570,P0224,2025-09-25 13:44:55.838856,view
U0298,P0387,2026-01-31 13:44:55.839205,wishlist
U1438,P0314,2025-08-01 13:44:55.842682,view
U0603,P0352,2025-07-13 13:44:55.844021,cart
U0747,P0122,2025-10-10 13:44:55.855729,view
U0254,P0236,2025-10-19 13:44:55.856695,purchase
U0313,P0200,2026-02-23 13:44:55.859428,view
U0321,P0346,2025-08-27 13:44:55.860295,view
U0462,P0278,2025-08-27 13:44:55.860756,wishlist
U1032,P0475,2025-10-21 13:44:55.861194,wishlist
U0953,P0447,2025-12-22 13:44:55.861515,view
U1078,P0001,2025-08-30 13:44:55.861889,view
U0764,P0021,2025-07-11 13:44:55.864988,view
U0100,P0003,2025-09-08 13:44:55.865960,wishlist
U0785,P0191,2025-10-21 13:44:55.866364,view
U1697,P0499,2025-07-07 13:44:55.873958,cart
U0215,P0195,2026-01-02 13:44:55.875349,view
U1503,P0204,2026-01-05 13:44:55.875902,view
U0817,P0306,2025-11-07 13:44:55.891947,cart
U1249,P0305,2025-05-18 13:44:55.899355,view
U1812,P0006,2026-03-21 13:44:55.904073,cart
U0094,P0263,2025-08-13 13:44:55.905000,view
U1356,P0166,2026-03-17 13:44:55.917083,cart
U0420,P0103,2025-09-06 13:44:55.920293,purchase
U0944,P0397,2025-12-04 13:44:55.920734,view
U0533,P0121,2026-01-24 13:44:55.921158,view
U1720,P0161,2026-01-28 13:44:55.940687,view
U0537,P0034,2025-04-25 13:44:55.941259,view
U0983,P0253,2025-08-14 13:44:55.941755,view
U0568,P0013,2026-02-11 13:44:55.942070,view
U1284,P0452,2025-06-30 13:44:55.960935,view
U1769,P0367,2025-07-22 13:44:55.961931,view
U1525,P0063,2025-04-10 13:44:55.964767,cart
U0975,P0004,2026-02-19 13:44:55.969421,wishlist
U0009,P0136,2025-11-27 13:44:55.975731,cart
U0458,P0154,2025-04-22 13:44:55.989583,cart
U0219,P0289,2025-09-19 13:44:55.991469,view
U0264,P0082,2025-07-01 13:44:56.000209,view
U1385,P0391,2025-10-21 13:44:56.001389,view
U0816,P0167,2025-11-25 13:44:56.005125,view
U1935,P0237,2025-04-19 13:44:56.005864,view
U0222,P0057,2025-11-03 13:44:56.009768,view
U0534,P0129,2025-11-16 13:44:56.014548,wishlist
U1124,P0155,2025-11-29 13:44:56.015136,cart
U1156,P0438,2026-02-02 13:44:56.015458,cart
U1260,P0029,2025-12-01 13:44:56.024451,view
U1602,P0349,2026-03-29 13:44:56.025833,view
U0212,P0156,2025-08-15 13:44:56.026404,view
U0678,P0286,2025-07-20 13:44:56.035886,wishlist
U1070,P0239,2025-12-25 13:44:56.063007,view
U1977,P0483,2026-02-22 13:44:56.064131,view
U0808,P0209,2026-01-08 13:44:56.064612,view
U0288,P0280,2025-10-01 13:44:56.065014,cart
U0185,P0151,2025-08-29 13:44:56.065295,view
U0391,P0379,2025-09-17 13:44:56.071418,cart
U1615,P0061,2025-10-28 13:44:56.089041,view
U1397,P0344,2025-07-10 13:44:56.089578,wishlist
U0384,P0052,2025-06-10 13:44:56.089962,wishlist
U1053,P0033,2025-06-06 13:44:56.109212,view
U0533,P0223,2025-05-26 13:44:56.111709,cart
U0453,P0238,2025-06-01 13:44:56.154690,wishlist
U1801,P0440,2026-02-04 13:44:56.155338,purchase
U1878,P0053,2025-11-16 13:44:56.155635,view
U1310,P0190,2026-01-29 13:44:56.155895,view
U0625,P0151,2026-01-17 13:44:56.156214,view
U1613,P0043,2025-07-19 13:44:56.165520,view
U0287,P0267,2025-04-09 13:44:56.167623,view
U0471,P0362,2025-11-01 13:44:56.168212,view
U0205,P0341,2026-03-24 13:44:56.168582,wishlist
U1569,P0001,2025-09-01 13:44:56.205536,cart
U0396,P0050,2025-07-18 13:44:56.208868,view
U0383,P0214,2025-06-24 13:44:56.224138,view
U0709,P0322,2025-07-23 13:44:56.224716,view
U0809,P0115,2025-08-19 13:44:56.225168,view
U1865,P0051,2026-03-07 13:44:56.225496,cart
U0232,P0313,2025-10-02 13:44:56.225755,view
U1354,P0343,2025-10-04 13:44:56.226050,purchase
U1921,P0077,2025-09-24 13:44:56.226310,view
U1270,P0492,2025-12-31 13:44:56.226565,cart
U1227,P0195,2025-09-21 13:44:56.226871,wishlist
U1600,P0373,2025-12-08 13:44:56.239096,wishlist
U0114,P0245,2025-05-17 13:44:56.239722,cart
U1673,P0208,2025-09-30 13:44:56.240122,wishlist
U0603,P0312,2026-01-03 13:44:56.240457,wishlist
U1528,P0387,2025-04-28 13:44:56.240712,purchase
U0007,P0249,2025-09-14 13:44:56.241018,view
U0838,P0026,2025-07-01 13:44:56.250251,cart
U1677,P0073,2025-12-24 13:44:56.250942,cart
U0747,P0488,2025-08-07 13:44:56.251286,view
U1926,P0138,2025-12-31 13:44:56.251683,view
U1146,P0428,2025-11-22 13:44:56.251993,wishlist
U0534,P0208,2025-06-04 13:44:56.252294,view
U0716,P0032,2026-02-01 13:44:56.252797,view
U0776,P0224,2026-02-12 13:44:56.293077,cart
U0208,P0334,2025-08-10 13:44:56.322602,wishlist
U0472,P0070,2025-06-04 13:44:56.323660,view
U1017,P0158,2025-04-16 13:44:56.324170,view
U1415,P0045,2025-09-22 13:44:56.364416,purchase
U1085,P0086,2025-10-21 13:44:56.391145,wishlist
U0359,P0245,2026-02-07 13:44:56.393537,view
U0270,P0319,2026-03-19 13:44:56.394188,view
U1754,P0184,2025-06-07 13:44:56.394531,view
U0231,P0232,2026-02-06 13:44:56.421723,view
U1879,P0206,2025-09-05 13:44:56.423512,cart
U0817,P0439,2026-02-12 13:44:56.458973,cart
U1114,P0156,2025-08-19 13:44:56.461380,purchase
U1569,P0163,2025-11-16 13:44:56.461926,cart
U0997,P0181,2025-05-19 13:44:56.484793,view
U1113,P0145,2025-06-02 13:44:56.520728,view
U0932,P0438,2025-09-17 13:44:56.521877,cart
U1516,P0094,2025-04-11 13:44:56.557346,wishlist
U1053,P0367,2025-09-19 13:44:56.558673,view
U0416,P0479,2025-10-03 13:44:56.585424,wishlist
U0290,P0071,2025-07-28 13:44:56.588720,wishlist
U1007,P0111,2025-10-29 13:44:56.589355,cart
U0862,P0360,2025-10-18 13:44:56.589702,purchase
U1563,P0274,2026-02-04 13:44:56.589975,wishlist
U0763,P0170,2025-08-14 13:44:56.620726,view
U0648,P0082,2025-09-15 13:44:56.622799,cart
U0081,P0086,2025-09-03 13:44:56.650530,view
U0630,P0176,2025-12-04 13:44:56.651205,view
U1693,P0497,2025-08-25 13:44:56.651667,view
U1366,P0265,2025-11-18 13:44:56.652118,cart
U1482,P0025,2026-03-25 13:44:56.670383,view
U0049,P0431,2025-07-15 13:44:56.671090,view
U1778,P0203,2025-11-26 13:44:56.732006,view
U1434,P0017,2025-08-17 13:44:56.733602,view
U1558,P0034,2026-03-04 13:44:56.734166,view
U0930,P0300,2025-09-15 13:44:56.734575,view
U1679,P0028,2026-01-06 13:44:56.734911,view
U0594,P0346,2026-02-12 13:44:56.735211,view
U0503,P0271,2025-09-20 13:44:56.735534,view
U0654,P0110,2026-03-08 13:44:56.759448,view
U0998,P0363,2025-12-14 13:44:56.762894,view
U1445,P0041,2026-01-10 13:44:56.766193,view
U1174,P0204,2026-01-13 13:44:56.768955,wishlist
U1255,P0484,2025-12-23 13:44:56.770264,view
U1755,P0132,2025-07-26 13:44:56.770706,view
U1900,P0165,2025-10-13 13:44:56.771068,cart
U1710,P0099,2025-05-14 13:44:56.771604,view
U1081,P0346,2026-04-02 13:44:56.773196,view
U0679,P0184,2025-05-12 13:44:56.775373,view
U1446,P0309,2025-11-07 13:44:56.775823,purchase
U1105,P0041,2025-05-03 13:44:56.776172,view
U0303,P0150,2025-10-23 13:44:56.782837,view
U0083,P0067,2025-11-15 13:44:56.789006,view
U0557,P0086,2025-07-10 13:44:56.790772,view
U0274,P0146,2026-02-12 13:44:56.791812,view
U1172,P0405,2026-01-03 13:44:56.793009,cart
U1291,P0081,2025-11-03 13:44:56.793404,view
U1377,P0414,2025-05-21 13:44:56.793767,view
U0215,P0461,2025-11-09 13:44:56.794046,view
U1055,P0319,2025-06-17 13:44:56.794801,cart
U0711,P0188,2025-07-05 13:44:56.795186,view
U1885,P0101,2025-11-20 13:44:56.795550,cart
U1875,P0142,2025-11-27 13:44:56.795841,wishlist
U1482,P0324,2025-09-20 13:44:56.796125,view
U0671,P0090,2025-08-08 13:44:56.796457,view
U0645,P0021,2026-01-09 13:44:56.796812,cart
U1800,P0425,2025-07-23 13:44:56.797080,cart
U0990,P0022,2025-06-09 13:44:56.797350,view
U1535,P0438,2025-09-27 13:44:56.797705,view
U0371,P0267,2026-02-15 13:44:56.797999,view
U1400,P0460,2025-11-19 13:44:56.798574,view
U1785,P0151,2025-11-27 13:44:56.798973,view
U0160,P0204,2026-03-15 13:44:56.799235,view
U0311,P0498,2026-01-27 13:44:56.799539,view
U0012,P0349,2025-07-18 13:44:56.799787,view
U1688,P0043,2025-07-11 13:44:56.800021,purchase
U1461,P0103,2026-02-26 13:44:56.800341,cart
U1821,P0090,2025-05-06 13:44:56.801024,wishlist
U1936,P0275,2025-11-28 13:44:56.801305,view
U0093,P0054,2025-08-30 13:44:56.801528,view
U1801,P0173,2025-09-04 13:44:56.801783,purchase
U1505,P0045,2025-09-11 13:44:56.801990,cart
U0808,P0493,2026-02-02 13:44:56.802208,view
U0858,P0052,2025-08-22 13:44:56.802454,cart
U1049,P0071,2025-08-12 13:44:56.802709,view
U1361,P0185,2025-08-09 13:44:56.802917,cart
U1470,P0240,2025-06-28 13:44:56.803140,view
U0043,P0051,2025-04-07 13:44:56.803653,view
U0267,P0145,2025-04-25 13:44:56.804037,view
U0816,P0138,2025-11-26 13:44:56.805386,view
U1535,P0348,2026-02-24 13:44:56.805753,cart
U0104,P0402,2025-07-20 13:44:56.806125,purchase
U0381,P0407,2026-01-15 13:44:56.807173,view
U0951,P0049,2025-08-05 13:44:56.808729,view
U0185,P0425,2026-02-25 13:44:56.809339,purchase
U0297,P0372,2025-11-27 13:44:56.810127,wishlist
U1565,P0374,2026-01-28 13:44:56.810780,view
U0866,P0466,2025-12-11 13:44:56.811146,cart
U1579,P0303,2025-09-19 13:44:56.811457,view
U0164,P0173,2026-03-21 13:44:56.811801,cart
U0253,P0215,2026-01-29 13:44:56.812078,view
U1240,P0264,2026-02-17 13:44:56.812357,cart
U0292,P0346,2025-07-17 13:44:56.812794,view
U0716,P0165,2025-04-09 13:44:56.813095,view
U1777,P0160,2025-08-05 13:44:56.813384,wishlist
U0909,P0182,2025-07-01 13:44:56.813710,view
U1560,P0170,2025-09-24 13:44:56.813959,view
U0847,P0386,2026-01-28 13:44:56.814221,cart
U0144,P0180,2026-01-16 13:44:56.814791,view
U0969,P0338,2025-05-04 13:44:56.815182,cart
U1984,P0459,2025-07-23 13:44:56.816005,view
U1742,P0020,2025-08-09 13:44:56.822115,view
U1364,P0001,2025-11-29 13:44:56.824135,view
U1012,P0321,2025-12-17 13:44:56.828733,view
U1375,P0434,2025-12-21 13:44:56.829374,wishlist
U0198,P0078,2026-02-25 13:44:56.829744,view
U1620,P0004,2025-06-15 13:44:56.830071,cart
U0084,P0302,2025-04-19 13:44:56.830498,view
U1128,P0226,2025-07-20 13:44:56.832058,view
U0956,P0408,2026-03-04 13:44:56.834445,view
U0833,P0315,2025-04-22 13:44:56.836132,view
U1720,P0374,2026-03-28 13:44:56.839730,cart
U0420,P0304,2025-10-21 13:44:56.840338,cart
U0156,P0010,2025-05-31 13:44:56.841907,view
U1012,P0135,2025-07-23 13:44:56.842361,view
U1560,P0294,2025-07-20 13:44:56.842678,view
U1844,P0472,2026-03-25 13:44:56.842916,view
U0658,P0018,2025-10-12 13:44:56.845132,cart
U1676,P0383,2026-03-27 13:44:56.847895,view
U1611,P0147,2026-02-21 13:44:56.851074,view
U0469,P0252,2025-12-14 13:44:56.851546,view
U0921,P0068,2025-04-14 13:44:56.851821,view
U0561,P0381,2025-09-25 13:44:56.866869,view
U0637,P0118,2025-08-14 13:44:56.867660,wishlist
U1664,P0445,2025-10-30 13:44:56.868001,wishlist
U1547,P0493,2025-07-28 13:44:56.872016,view
U0797,P0321,2025-12-03 13:44:56.875705,wishlist
U1244,P0458,2025-12-05 13:44:56.886954,cart
U1650,P0159,2025-09-19 13:44:56.887819,view
U1867,P0429,2025-09-22 13:44:56.888266,view
U1724,P0123,2025-05-09 13:44:56.888633,view
U0001,P0334,2025-10-22 13:44:56.888917,view
U0921,P0460,2025-08-12 13:44:56.891840,wishlist
U0992,P0437,2025-08-30 13:44:56.901322,view
U0167,P0219,2025-07-20 13:44:56.902367,view
U0430,P0408,2025-10-09 13:44:56.908110,cart
U1860,P0164,2025-12-04 13:44:56.909588,view
U1911,P0211,2025-07-09 13:44:56.910955,cart
U0195,P0244,2025-12-03 13:44:56.911598,wishlist
U0936,P0056,2026-01-24 13:44:56.912228,view
U0826,P0214,2025-07-17 13:44:56.913250,cart
U0353,P0265,2025-09-17 13:44:56.914412,cart
U0387,P0252,2025-08-26 13:44:56.915365,view
U1097,P0475,2025-04-11 13:44:56.920496,view
U0677,P0442,2026-03-24 13:44:56.930888,view
U1285,P0037,2025-11-30 13:44:56.931656,cart
U0042,P0054,2026-03-24 13:44:56.935745,cart
U1130,P0313,2025-05-15 13:44:56.936466,purchase
U1427,P0485,2025-07-13 13:44:56.937101,view
U0603,P0495,2025-06-24 13:44:56.937918,view
U1005,P0294,2025-10-04 13:44:56.942293,view
U1325,P0178,2025-09-02 13:44:56.944876,view
U1941,P0394,2025-11-11 13:44:56.945775,purchase
U0570,P0135,2026-03-31 13:44:56.946594,view
U0169,P0313,2025-05-14 13:44:56.947680,view
U0211,P0116,2025-08-22 13:44:56.948120,view
U1176,P0261,2025-08-25 13:44:56.948742,view
U0479,P0202,2025-05-22 13:44:56.949842,cart
U1164,P0263,2026-03-30 13:44:56.951258,view
U1592,P0439,2025-06-18 13:44:56.951746,purchase
U1834,P0284,2025-09-15 13:44:56.952051,view
U1979,P0052,2025-06-16 13:44:56.952412,view
U0496,P0254,2026-01-31 13:44:56.952688,cart
U0571,P0063,2025-04-07 13:44:56.952957,purchase
U1786,P0119,2026-03-01 13:44:56.953271,view
U1108,P0402,2026-01-29 13:44:56.954380,cart
U0261,P0114,2025-07-15 13:44:56.954869,view
U1504,P0314,2025-05-08 13:44:56.955303,view
U1269,P0420,2026-03-25 13:44:56.956938,wishlist
U1843,P0461,2025-11-04 13:44:56.958653,view
U1146,P0033,2026-02-14 13:44:56.959360,cart
U0909,P0258,2025-11-02 13:44:56.960421,view
U0571,P0496,2026-03-09 13:44:56.960886,view
U0093,P0071,2026-01-21 13:44:56.961284,wishlist
U1976,P0014,2026-04-02 13:44:56.961590,view
U1827,P0232,2025-07-15 13:44:56.961873,view
U1048,P0097,2025-12-15 13:44:56.962150,view
U0235,P0280,2025-08-05 13:44:56.966517,cart
U1791,P0038,2025-09-02 13:44:56.967683,purchase
U1774,P0095,2025-05-16 13:44:56.969435,cart
U0185,P0090,2025-10-03 13:44:56.970222,view
U1547,P0213,2025-05-23 13:44:56.971522,view
U1855,P0377,2025-07-14 13:44:56.975602,purchase
U1735,P0199,2025-10-17 13:44:56.978600,purchase
U1404,P0021,2025-06-12 13:44:56.979161,view
U0107,P0136,2025-10-17 13:44:56.979465,purchase
U1771,P0209,2025-05-20 13:44:56.979893,wishlist
U1278,P0149,2025-09-30 13:44:56.980558,view
U0791,P0219,2025-04-15 13:44:56.983487,wishlist
U1222,P0454,2025-11-16 13:44:56.985636,cart
U1892,P0224,2025-06-30 13:44:56.998386,cart
U1990,P0120,2025-11-16 13:44:56.999127,view
U0925,P0127,2026-01-28 13:44:56.999582,view
U1321,P0278,2025-12-31 13:44:57.000072,view
U1469,P0040,2025-06-15 13:44:57.000463,view
U0957,P0246,2025-05-26 13:44:57.000806,view
U1134,P0459,2026-03-23 13:44:57.001211,view
U0312,P0307,2025-06-18 13:44:57.029142,cart
U0693,P0390,2025-07-03 13:44:57.055752,cart
U0369,P0200,2025-08-11 13:44:57.058085,view
U1672,P0178,2026-01-14 13:44:57.058744,view
U0721,P0468,2025-07-19 13:44:57.059249,wishlist
U0193,P0148,2025-09-27 13:44:57.059655,cart
U0379,P0476,2025-09-20 13:44:57.061893,wishlist
U1235,P0490,2025-06-04 13:44:57.069702,view
U0541,P0495,2025-08-13 13:44:57.070472,view
U0956,P0395,2026-03-09 13:44:57.072733,view
U1590,P0265,2025-11-07 13:44:57.075464,view
U1526,P0311,2026-03-03 13:44:57.075823,cart
U0801,P0138,2025-09-03 13:44:57.076235,cart
U0760,P0486,2026-02-11 13:44:57.077218,view
U0117,P0139,2025-06-07 13:44:57.082319,cart
U0418,P0448,2025-06-02 13:44:57.082838,view
U1906,P0262,2026-02-24 13:44:57.083296,cart
U0365,P0287,2025-11-05 13:44:57.086932,view
U1703,P0307,2025-11-12 13:44:57.087538,view
U0885,P0130,2026-01-21 13:44:57.087784,cart
U0237,P0123,2025-10-19 13:44:57.088031,view
U1101,P0406,2026-01-06 13:44:57.088319,cart
U0396,P0068,2025-11-14 13:44:57.088543,wishlist
U0548,P0478,2025-06-08 13:44:57.088759,wishlist
U1376,P0300,2025-09-21 13:44:57.088993,cart
U1114,P0421,2026-03-08 13:44:57.089277,cart
U0988,P0292,2026-03-02 13:44:57.093095,view
U0261,P0029,2025-07-23 13:44:57.093577,purchase
U0602,P0101,2025-10-25 13:44:57.093926,view
U0887,P0492,2025-08-30 13:44:57.094269,purchase
U1773,P0353,2025-11-15 13:44:57.094521,view
U1346,P0409,2025-04-25 13:44:57.097493,view
U0475,P0297,2025-04-22 13:44:57.098338,purchase
U1098,P0469,2025-12-20 13:44:57.098866,wishlist
U1267,P0404,2025-08-13 13:44:57.101230,view
U0716,P0066,2025-07-27 13:44:57.101744,cart
U1782,P0103,2025-11-03 13:44:57.102268,view
U1969,P0207,2025-07-02 13:44:57.103229,view
U0929,P0309,2025-05-06 13:44:57.105000,view
U0459,P0213,2025-06-04 13:44:57.105421,cart
U1788,P0451,2026-04-05 13:44:57.105707,cart
U1538,P0052,2025-10-05 13:44:57.106148,cart
U1336,P0238,2025-04-20 13:44:57.107586,view
U0700,P0157,2025-04-19 13:44:57.109023,view
U1202,P0319,2026-01-20 13:44:57.110811,view
U1456,P0057,2025-12-18 13:44:57.112550,cart
U1507,P0189,2025-08-21 13:44:57.113151,view
U1388,P0130,2025-04-18 13:44:57.114786,view
U0110,P0157,2026-03-17 13:44:57.120337,view
U1740,P0468,2025-09-04 13:44:57.121388,view
U1410,P0067,2025-12-29 13:44:57.122529,cart
U0934,P0255,2025-09-21 13:44:57.123804,purchase
U0710,P0251,2025-06-29 13:44:57.124247,cart
U1258,P0221,2026-01-14 13:44:57.124589,view
U0848,P0254,2025-06-05 13:44:57.124932,view
U0784,P0124,2025-07-12 13:44:57.125236,wishlist
U1411,P0139,2025-11-08 13:44:57.127427,view
U0793,P0290,2025-04-16 13:44:57.131113,purchase
U1205,P0367,2026-04-04 13:44:57.133072,view
U0595,P0081,2026-03-12 13:44:57.133879,view
U1014,P0435,2025-05-11 13:44:57.134744,view
U1079,P0282,2025-08-03 13:44:57.135908,view
U1118,P0044,2025-10-28 13:44:57.138859,cart
U0857,P0478,2025-11-25 13:44:57.139403,view
U0684,P0344,2026-02-01 13:44:57.139668,view
U0988,P0429,2025-05-30 13:44:57.139941,wishlist
U0835,P0352,2026-01-26 13:44:57.140238,view
U1195,P0124,2025-05-09 13:44:57.140466,purchase
U1055,P0210,2026-02-20 13:44:57.140713,view
U1421,P0021,2026-03-02 13:44:57.141025,view
U0683,P0166,2025-10-05 13:44:57.141270,purchase
U0725,P0116,2025-09-27 13:44:57.141510,view
U0676,P0071,2025-08-05 13:44:57.141811,view
U0994,P0199,2025-07-25 13:44:57.142126,view
U1141,P0163,2025-12-02 13:44:57.149223,cart
U0626,P0377,2026-02-02 13:44:57.149550,cart
U0782,P0185,2025-07-17 13:44:57.149833,wishlist
U0510,P0113,2025-05-03 13:44:57.150083,cart
U1952,P0232,2025-06-09 13:44:57.150361,view
U1142,P0202,2026-02-05 13:44:57.150616,view
U0220,P0231,2026-03-19 13:44:57.150867,view
U1729,P0110,2025-12-10 13:44:57.152496,cart
U0870,P0149,2025-07-30 13:44:57.152851,view
U1998,P0129,2025-10-10 13:44:57.153089,view
U0995,P0113,2026-02-23 13:44:57.153328,cart
U1611,P0269,2026-02-28 13:44:57.153546,cart
U1236,P0425,2026-03-13 13:44:57.153760,view
U0403,P0229,2026-03-24 13:44:57.154016,cart
U0793,P0271,2025-05-27 13:44:57.154222,view
U0218,P0312,2025-12-16 13:44:57.168397,view
U0227,P0168,2025-11-16 13:44:57.168893,view
U0605,P0478,2025-09-25 13:44:57.169268,view
U0913,P0010,2025-09-22 13:44:57.169511,cart
U0006,P0049,2025-10-14 13:44:57.169753,wishlist
U1506,P0437,2025-09-03 13:44:57.170029,view
U1924,P0296,2025-04-24 13:44:57.170268,view
U1230,P0337,2026-03-06 13:44:57.170502,view
U1816,P0161,2025-12-08 13:44:57.170772,view
U0159,P0472,2026-03-14 13:44:57.171049,cart
U0730,P0483,2025-11-25 13:44:57.183312,cart
U1003,P0300,2026-01-27 13:44:57.195117,cart
U1680,P0030,2025-07-17 13:44:57.196590,view
U0658,P0010,2025-06-14 13:44:57.197552,view
U1838,P0198,2026-04-02 13:44:57.197876,view
U1457,P0326,2025-06-13 13:44:57.205280,view
U1333,P0152,2026-02-26 13:44:57.206058,view
U1890,P0369,2025-11-12 13:44:57.207357,view
U1292,P0300,2025-10-29 13:44:57.211438,cart
U1049,P0486,2025-07-31 13:44:57.211911,view
U0537,P0392,2025-11-13 13:44:57.213141,view
U1313,P0337,2026-03-13 13:44:57.213766,view
U1322,P0308,2025-07-15 13:44:57.214363,view
U1135,P0016,2025-08-18 13:44:57.214693,wishlist
U0718,P0307,2025-08-22 13:44:57.214971,cart
U0697,P0145,2025-11-16 13:44:57.215282,wishlist
U0765,P0418,2026-03-23 13:44:57.215547,view
U1529,P0111,2025-06-11 13:44:57.215793,wishlist
U0217,P0349,2026-03-17 13:44:57.226712,view
U0733,P0039,2025-10-26 13:44:57.227593,cart
U0442,P0242,2025-08-24 13:44:57.228116,cart
U1643,P0421,2026-03-10 13:44:57.228422,view
U1011,P0366,2025-06-12 13:44:57.229745,cart
U0076,P0058,2025-10-10 13:44:57.230358,purchase
U1107,P0367,2025-05-11 13:44:57.231928,view
U1131,P0431,2025-06-07 13:44:57.233286,view
U1511,P0294,2025-04-11 13:44:57.233958,view
U1521,P0399,2026-01-15 13:44:57.235055,view
U1755,P0246,2025-08-25 13:44:57.235458,view
U0632,P0233,2026-02-01 13:44:57.239990,view
U0680,P0189,2025-06-25 13:44:57.240412,cart
U0236,P0310,2025-10-15 13:44:57.240683,purchase
U0404,P0440,2026-01-29 13:44:57.241648,view
U0474,P0275,2025-08-29 13:44:57.242055,cart
U0928,P0007,2025-10-17 13:44:57.242326,view
U0531,P0035,2025-04-18 13:44:57.243906,wishlist
U1395,P0410,2025-05-13 13:44:57.244813,view
U1860,P0268,2025-06-11 13:44:57.245213,view
U0690,P0471,2026-02-15 13:44:57.245528,cart
U1911,P0355,2025-12-05 13:44:57.245774,view
U0389,P0487,2026-01-07 13:44:57.246249,cart
U1961,P0257,2025-12-31 13:44:57.246648,view
U1100,P0401,2025-12-10 13:44:57.246904,cart
U0344,P0292,2025-04-07 13:44:57.247201,purchase
U1267,P0076,2025-10-15 13:44:57.247486,view
U0738,P0457,2026-02-21 13:44:57.247720,wishlist
U1882,P0363,2025-06-22 13:44:57.247952,purchase
U0298,P0287,2025-05-17 13:44:57.248184,view
U0959,P0242,2025-08-29 13:44:57.248506,view
U1986,P0035,2025-08-25 13:44:57.248769,view
U1059,P0383,2025-06-14 13:44:57.249007,view
U1069,P0010,2025-11-29 13:44:57.249296,purchase
U0781,P0410,2025-12-28 13:44:57.249606,view
U0215,P0237,2026-03-13 13:44:57.250017,view
U1571,P0060,2026-01-15 13:44:57.251412,view
U1847,P0231,2025-09-18 13:44:57.251755,view
U0580,P0369,2025-09-19 13:44:57.252542,view
U1872,P0131,2025-07-23 13:44:57.253055,view
U1330,P0433,2026-02-21 13:44:57.256115,view
U0674,P0166,2025-09-23 13:44:57.257110,view
U0700,P0199,2025-10-30 13:44:57.257837,view
U1623,P0045,2025-07-04 13:44:57.258243,view
U0162,P0101,2025-07-28 13:44:57.258826,view
U0885,P0384,2025-08-23 13:44:57.259220,view
U0711,P0270,2025-05-01 13:44:57.259502,wishlist
U0164,P0162,2025-05-26 13:44:57.259935,view
U1787,P0117,2025-07-16 13:44:57.260286,cart
U0821,P0416,2025-04-27 13:44:57.261357,view
U0285,P0344,2025-12-02 13:44:57.262188,view
U1617,P0269,2025-07-09 13:44:57.262633,view
U1392,P0119,2025-10-29 13:44:57.263214,cart
U0276,P0312,2025-09-08 13:44:57.264548,view
U0051,P0497,2025-08-26 13:44:57.266077,view
U1765,P0322,2025-09-01 13:44:57.267171,view
U0360,P0079,2025-09-25 13:44:57.267515,cart
U0549,P0239,2025-10-06 13:44:57.269290,view
U1461,P0101,2025-06-12 13:44:57.272184,view
U1237,P0361,2025-04-23 13:44:57.273614,wishlist
U1414,P0449,2025-07-28 13:44:57.276745,view
U1202,P0485,2025-11-29 13:44:57.277720,view
U1207,P0042,2025-05-12 13:44:57.278155,view
U0189,P0414,2026-04-02 13:44:57.278472,view
U0477,P0282,2025-10-29 13:44:57.278748,cart
U0708,P0434,2025-07-12 13:44:57.279089,view
U1602,P0475,2026-01-30 13:44:57.280596,cart
U1942,P0257,2026-03-05 13:44:57.284065,cart
U1019,P0315,2025-09-09 13:44:57.289406,view
U0714,P0251,2025-04-10 13:44:57.289926,cart
U0774,P0091,2026-03-17 13:44:57.290326,view
U0097,P0263,2026-01-30 13:44:57.290606,wishlist
U0619,P0393,2025-12-12 13:44:57.290853,purchase
U0146,P0381,2025-07-08 13:44:57.291514,view
U0746,P0181,2026-01-22 13:44:57.292136,view
U1781,P0342,2025-07-13 13:44:57.293905,purchase
U1175,P0310,2025-08-20 13:44:57.297871,view
U0181,P0169,2026-03-11 13:44:57.298473,view
U0178,P0131,2026-03-13 13:44:57.298769,cart
U1862,P0486,2026-04-06 13:44:57.299097,cart
U1764,P0033,2025-05-25 13:44:57.299387,view
U0156,P0046,2025-10-30 13:44:57.302435,view
U1755,P0065,2025-04-19 13:44:57.302817,view
U0285,P0265,2025-11-17 13:44:57.304891,wishlist
U1116,P0365,2025-04-19 13:44:57.307576,cart
U1397,P0383,2025-11-20 13:44:57.308967,view
U0741,P0320,2025-08-12 13:44:57.309655,view
U0895,P0174,2025-11-18 13:44:57.309983,cart
U0324,P0290,2025-11-28 13:44:57.310826,cart
U0376,P0485,2025-07-24 13:44:57.311227,purchase
U1811,P0361,2026-02-12 13:44:57.311497,view
U0505,P0426,2025-08-25 13:44:57.311737,view
U1967,P0026,2025-11-18 13:44:57.311975,cart
U0344,P0210,2025-08-10 13:44:57.312260,view
U1012,P0375,2025-08-27 13:44:57.312532,view
U0172,P0478,2025-08-17 13:44:57.312885,view
U1818,P0421,2026-03-02 13:44:57.313281,view
U0835,P0426,2025-06-27 13:44:57.314862,view
U1323,P0161,2025-08-10 13:44:57.315401,cart
U1961,P0118,2025-10-10 13:44:57.315765,view
U0667,P0047,2025-10-18 13:44:57.316032,view
U1839,P0238,2025-06-12 13:44:57.319964,view
U0194,P0148,2025-06-15 13:44:57.322697,view
U1602,P0374,2025-08-28 13:44:57.327907,view
U0165,P0012,2025-11-14 13:44:57.329330,view
U0198,P0490,2025-11-06 13:44:57.329784,purchase
U1265,P0303,2025-12-13 13:44:57.338116,view
U0937,P0335,2025-09-14 13:44:57.339726,cart
U0934,P0490,2025-11-29 13:44:57.340262,wishlist
U0426,P0333,2025-10-09 13:44:57.340632,view
U1033,P0273,2025-09-11 13:44:57.340914,view
U1707,P0036,2025-09-24 13:44:57.341213,view
U0152,P0407,2025-06-23 13:44:57.341449,view
U1850,P0233,2026-01-29 13:44:57.348913,purchase
U1650,P0169,2025-06-22 13:44:57.349401,view
U0009,P0428,2025-07-31 13:44:57.349679,view
U0007,P0173,2025-07-07 13:44:57.349934,cart
U1124,P0056,2025-07-04 13:44:57.350283,view
U0951,P0187,2025-12-24 13:44:57.357864,cart
U1533,P0085,2025-11-03 13:44:57.358854,view
U1921,P0084,2025-05-26 13:44:57.360240,view
U1126,P0172,2025-10-27 13:44:57.372868,view
U0834,P0229,2025-08-08 13:44:57.373211,purchase
U1235,P0250,2026-01-09 13:44:57.373504,view
U0489,P0236,2026-03-02 13:44:57.374675,view
U0225,P0007,2025-05-04 13:44:57.386106,view
U0360,P0160,2025-09-20 13:44:57.387178,view
U1410,P0484,2026-01-29 13:44:57.388073,view
U1454,P0180,2025-08-27 13:44:57.390011,view
U0269,P0411,2025-06-03 13:44:57.391919,view
U0797,P0169,2025-11-07 13:44:57.392321,view
U0456,P0316,2026-03-07 13:44:57.397069,cart
U1864,P0244,2025-08-26 13:44:57.397595,wishlist
U0845,P0488,2025-11-03 13:44:57.397962,cart
U0867,P0445,2025-11-23 13:44:57.398264,view
U1919,P0384,2025-09-24 13:44:57.398499,purchase
U1454,P0438,2025-05-13 13:44:57.398733,view
U1939,P0151,2025-09-17 13:44:57.399050,cart
U1195,P0294,2026-03-27 13:44:57.399440,view
U1232,P0131,2025-08-01 13:44:57.400099,view
U1140,P0039,2025-04-06 13:44:57.400736,view
U0677,P0388,2026-02-01 13:44:57.401128,view
U0729,P0010,2025-05-10 13:44:57.401373,cart
U0535,P0255,2025-04-17 13:44:57.401661,view
U1498,P0110,2025-04-10 13:44:57.401913,cart
U1021,P0183,2025-12-23 13:44:57.406059,view
U1847,P0486,2025-09-02 13:44:57.410777,view
U0567,P0106,2025-04-20 13:44:57.417865,view
U0130,P0196,2025-10-08 13:44:57.419735,cart
U0169,P0456,2025-08-15 13:44:57.420865,view
U1104,P0455,2025-12-09 13:44:57.422976,cart
U1192,P0029,2026-04-04 13:44:57.423386,wishlist
U1119,P0199,2025-10-23 13:44:57.423638,purchase
U0914,P0367,2025-11-21 13:44:57.424009,purchase
U1551,P0141,2025-09-25 13:44:57.424721,wishlist
U0963,P0191,2026-01-03 13:44:57.429338,view
U1002,P0288,2025-05-08 13:44:57.431452,cart
U0380,P0285,2025-09-05 13:44:57.431866,cart
U0641,P0317,2025-06-28 13:44:57.432205,view
U1686,P0306,2025-05-27 13:44:57.432499,wishlist
U1387,P0214,2025-08-02 13:44:57.432760,purchase
U0950,P0272,2026-01-30 13:44:57.433006,view
U1844,P0488,2025-05-21 13:44:57.433294,cart
U1059,P0235,2026-02-21 13:44:57.433536,cart
U1886,P0495,2025-07-28 13:44:57.433773,wishlist
U0635,P0166,2025-10-06 13:44:57.434033,view
U0853,P0489,2026-02-21 13:44:57.434322,view
U0897,P0367,2025-04-06 13:44:57.435510,view
U0992,P0035,2025-10-30 13:44:57.435910,purchase
U1309,P0320,2025-07-02 13:44:57.436194,view
U1267,P0238,2026-03-10 13:44:57.437596,cart
U0423,P0335,2026-04-01 13:44:57.438945,cart
U0332,P0349,2026-02-19 13:44:57.439316,view
U1588,P0307,2025-04-29 13:44:57.439557,view
U1535,P0360,2025-09-01 13:44:57.439762,view
U1138,P0318,2025-04-06 13:44:57.440245,view
U1903,P0385,2025-10-07 13:44:57.441333,view
U0813,P0184,2025-06-01 13:44:57.441573,cart
U0068,P0246,2025-10-27 13:44:57.444356,cart
U0744,P0031,2025-07-31 13:44:57.444995,view
U0600,P0109,2025-09-15 13:44:57.445850,view
U1714,P0296,2026-03-08 13:44:57.446298,view
U0395,P0176,2025-10-05 13:44:57.447220,view
U1092,P0140,2025-11-08 13:44:57.447534,view
U1707,P0141,2025-11-27 13:44:57.448482,view
U1955,P0088,2025-11-24 13:44:57.449847,view
U1970,P0497,2026-02-01 13:44:57.450796,purchase
U1341,P0100,2026-02-23 13:44:57.451393,view
U1778,P0471,2025-05-02 13:44:57.451777,purchase
U1309,P0136,2026-01-23 13:44:57.454686,cart
U1425,P0351,2026-02-18 13:44:57.455191,purchase
U1054,P0497,2025-06-21 13:44:57.455652,cart
U1699,P0040,2026-02-12 13:44:57.456056,purchase
U1265,P0139,2026-03-07 13:44:57.456304,view
U0186,P0070,2025-05-27 13:44:57.459398,view
U0582,P0257,2026-01-07 13:44:57.461929,view
U1679,P0422,2025-10-08 13:44:57.465331,purchase
U1488,P0180,2026-01-01 13:44:57.465812,view
U0875,P0235,2025-12-05 13:44:57.466059,cart
U1172,P0470,2025-11-19 13:44:57.467176,view
U1390,P0177,2025-10-31 13:44:57.467717,cart
U0810,P0387,2025-05-21 13:44:57.467984,wishlist
U0193,P0424,2025-10-15 13:44:57.468229,wishlist
U1902,P0055,2026-03-03 13:44:57.468506,view
U0479,P0085,2025-04-16 13:44:57.468758,view
U0001,P0064,2025-06-02 13:44:57.731982,purchase
U0002,P0481,2025-08-11 13:44:57.732398,purchase
U0003,P0313,2025-06-24 13:44:57.732674,purchase
U0004,P0425,2025-04-17 13:44:57.732898,purchase
U0005,P0067,2026-03-03 13:44:57.733085,purchase
U0006,P0390,2026-03-02 13:44:57.733318,purchase
U0007,P0326,2025-07-25 13:44:57.733495,purchase
U0008,P0253,2025-10-03 13:44:57.736103,purchase
U0009,P0326,2025-07-11 13:44:57.737945,purchase
U0010,P0074,2025-07-02 13:44:57.738811,purchase
U0011,P0279,2025-11-17 13:44:57.739448,purchase
U0012,P0069,2025-09-11 13:44:57.740028,purchase
U0013,P0212,2025-10-23 13:44:57.740345,purchase
U0014,P0234,2026-01-25 13:44:57.740703,purchase
U0015,P0357,2026-01-23 13:44:57.746276,purchase
U0016,P0467,2025-12-14 13:44:57.747138,purchase
U0017,P0024,2026-03-03 13:44:57.747476,purchase
U0018,P0361,2025-04-06 13:44:57.749209,purchase
U0019,P0108,2025-05-31 13:44:57.762784,purchase
U0020,P0400,2026-04-04 13:44:57.763302,purchase
U0021,P0199,2025-04-16 13:44:57.764497,purchase
U0022,P0212,2025-07-24 13:44:57.782422,purchase
U0023,P0448,2025-07-13 13:44:57.782900,purchase
U0024,P0274,2025-12-10 13:44:57.783162,purchase
U0025,P0226,2025-08-26 13:44:57.800602,purchase
U0026,P0090,2026-03-14 13:44:57.802008,purchase
U0027,P0310,2025-07-20 13:44:57.812794,purchase
U0028,P0001,2026-01-13 13:44:57.817331,purchase
U0029,P0493,2026-01-31 13:44:57.817789,purchase
U0030,P0478,2025-12-25 13:44:57.822523,purchase
U0031,P0193,2025-08-22 13:44:57.822946,purchase
U0032,P0071,2025-11-26 13:44:57.823275,purchase
U0033,P0352,2025-08-31 13:44:57.823527,purchase
U0034,P0033,2025-05-03 13:44:57.825127,purchase
U0035,P0021,2025-11-09 13:44:57.825830,purchase
U0036,P0134,2025-12-27 13:44:57.826273,purchase
U0037,P0036,2025-05-03 13:44:57.826773,purchase
U0038,P0495,2025-12-10 13:44:57.827096,purchase
U0039,P0280,2026-01-30 13:44:57.827348,purchase
U0040,P0346,2025-12-10 13:44:57.827596,purchase
U0041,P0029,2026-02-26 13:44:57.827918,purchase
U0042,P0421,2026-01-14 13:44:57.829582,purchase
U0043,P0345,2026-01-29 13:44:57.830323,purchase
U0044,P0449,2026-01-23 13:44:57.830750,purchase
U0045,P0067,2025-11-13 13:44:57.831036,purchase
U0046,P0376,2026-02-04 13:44:57.831737,purchase
U0047,P0093,2025-10-27 13:44:57.832569,purchase
U0048,P0133,2025-12-14 13:44:57.833227,purchase
U0049,P0480,2025-05-14 13:44:57.833891,purchase
U0050,P0235,2025-12-21 13:44:57.834178,purchase
U0051,P0370,2025-06-03 13:44:57.834412,purchase
U0052,P0389,2025-05-06 13:44:57.834713,purchase
U0053,P0110,2026-01-17 13:44:57.834926,purchase
U0054,P0403,2025-05-29 13:44:57.835127,purchase
U0055,P0144,2025-12-12 13:44:57.835325,purchase
U0056,P0341,2025-11-21 13:44:57.835596,purchase
U0057,P0117,2026-02-06 13:44:57.836304,purchase
U0058,P0342,2025-10-13 13:44:57.840679,purchase
U0059,P0338,2025-10-01 13:44:57.841069,purchase
U0060,P0344,2026-01-12 13:44:57.841450,purchase
U0061,P0189,2025-06-17 13:44:57.841993,purchase
U0062,P0172,2025-06-18 13:44:57.842360,purchase
U0063,P0104,2025-05-19 13:44:57.842718,purchase
U0064,P0346,2025-05-13 13:44:57.842993,purchase
U0065,P0487,2025-04-12 13:44:57.843246,purchase
U0066,P0110,2025-10-29 13:44:57.843511,purchase
U0067,P0021,2025-10-27 13:44:57.844113,purchase
U0068,P0145,2025-05-11 13:44:57.845462,purchase
U0069,P0498,2025-04-08 13:44:57.846642,purchase
U0070,P0139,2025-08-05 13:44:57.850677,purchase
U0071,P0011,2025-12-20 13:44:57.852141,purchase
U0072,P0068,2025-04-10 13:44:57.857418,purchase
U0073,P0208,2026-03-01 13:44:57.858909,purchase
U0074,P0104,2026-02-11 13:44:57.866104,purchase
U0075,P0063,2025-07-17 13:44:57.867821,purchase
U0076,P0135,2025-04-13 13:44:57.869311,purchase
U0077,P0144,2025-11-29 13:44:57.869704,purchase
U0078,P0469,2026-04-03 13:44:57.869928,purchase
U0079,P0013,2026-02-19 13:44:57.872127,purchase
U0080,P0491,2025-08-01 13:44:57.875519,purchase
U0081,P0499,2025-05-25 13:44:57.877134,purchase
U0082,P0487,2025-11-09 13:44:57.878025,purchase
U0083,P0496,2025-04-15 13:44:57.881395,purchase
U0084,P0114,2025-08-22 13:44:57.881743,purchase
U0085,P0175,2025-09-21 13:44:57.882061,purchase
U0086,P0330,2026-03-19 13:44:57.883014,purchase
U0087,P0335,2026-03-18 13:44:57.883389,purchase
U0088,P0328,2026-03-12 13:44:57.884410,purchase
U0089,P0204,2025-04-10 13:44:57.884959,purchase
U0090,P0144,2025-11-15 13:44:57.885235,purchase
U0091,P0087,2026-03-09 13:44:57.885565,purchase
U0092,P0374,2025-09-07 13:44:57.885845,purchase
U0093,P0417,2025-06-01 13:44:57.886102,purchase
U0094,P0406,2025-06-11 13:44:57.886995,purchase
U0095,P0032,2025-08-25 13:44:57.887553,purchase
U0096,P0184,2025-12-22 13:44:57.887847,purchase
U0097,P0023,2026-04-01 13:44:57.888088,purchase
U0098,P0168,2025-11-12 13:44:57.888307,purchase
U0099,P0076,2025-09-07 13:44:57.888561,purchase
U0100,P0135,2026-01-18 13:44:57.888812,purchase
U0101,P0079,2025-10-20 13:44:57.889055,purchase
U0102,P0297,2025-09-12 13:44:57.889938,purchase
U0103,P0450,2025-08-08 13:44:57.890400,purchase
U0104,P0123,2026-02-15 13:44:57.890609,purchase
U0105,P0376,2025-06-08 13:44:57.890825,purchase
U0106,P0130,2026-02-28 13:44:57.891054,purchase
U0107,P0285,2025-05-27 13:44:57.891349,purchase
U0108,P0279,2025-12-26 13:44:57.891599,purchase
U0109,P0185,2025-05-06 13:44:57.891836,purchase
U0110,P0497,2026-03-09 13:44:57.892093,purchase
U0111,P0417,2025-07-13 13:44:57.893061,purchase
U0112,P0464,2026-01-04 13:44:57.899460,purchase
U0113,P0100,2025-12-15 13:44:57.900262,purchase
U0114,P0063,2025-05-14 13:44:57.901011,purchase
U0115,P0023,2025-06-03 13:44:57.901815,purchase
U0116,P0471,2025-06-15 13:44:57.902526,purchase
U0117,P0141,2025-12-19 13:44:57.902932,purchase
U0118,P0320,2025-05-21 13:44:57.903285,purchase
U0119,P0367,2025-11-05 13:44:57.903565,purchase
U0120,P0193,2025-11-01 13:44:57.903922,purchase
U0121,P0161,2025-04-09 13:44:57.904195,purchase
U0122,P0083,2025-04-09 13:44:57.904455,purchase
U0123,P0207,2025-07-13 13:44:57.904754,purchase
U0124,P0396,2025-04-16 13:44:57.905012,purchase
U0125,P0089,2025-08-23 13:44:57.905333,purchase
U0126,P0216,2026-03-25 13:44:57.905597,purchase
U0127,P0264,2026-02-26 13:44:57.906554,purchase
U0128,P0372,2025-09-13 13:44:57.907371,purchase
U0129,P0250,2025-04-18 13:44:57.908446,purchase
U0130,P0356,2025-11-30 13:44:57.910477,purchase
U0131,P0244,2026-01-01 13:44:57.913998,purchase
U0132,P0338,2025-06-15 13:44:57.917408,purchase
U0133,P0476,2025-07-09 13:44:57.917883,purchase
U0134,P0417,2026-02-26 13:44:57.918155,purchase
U0135,P0333,2025-08-15 13:44:57.918468,purchase
U0136,P0445,2025-08-21 13:44:57.918712,purchase
U0137,P0486,2025-12-17 13:44:57.925093,purchase
U0138,P0462,2025-04-06 13:44:57.930252,purchase
U0139,P0356,2026-02-12 13:44:57.953086,purchase
U0140,P0286,2025-07-14 13:44:57.954484,purchase
U0141,P0312,2025-09-25 13:44:57.955004,purchase
U0142,P0228,2025-05-20 13:44:57.966135,purchase
U0143,P0082,2025-06-30 13:44:57.967790,purchase
U0144,P0461,2025-06-29 13:44:57.971159,purchase
U0145,P0139,2025-10-27 13:44:57.971980,purchase
U0146,P0430,2025-05-31 13:44:57.972529,purchase
U0147,P0309,2026-01-22 13:44:57.975292,purchase
U0148,P0142,2025-12-08 13:44:57.978669,purchase
U0149,P0150,2026-02-22 13:44:57.979263,purchase
U0150,P0408,2025-09-02 13:44:57.979591,purchase
U0151,P0072,2025-05-06 13:44:57.980657,purchase
U0152,P0288,2026-03-13 13:44:57.981124,purchase
U0153,P0326,2025-05-08 13:44:57.981878,purchase
U0154,P0143,2025-10-03 13:44:57.983989,purchase
U0155,P0264,2025-09-08 13:44:57.984477,purchase
U0156,P0125,2026-01-21 13:44:57.984834,purchase
U0157,P0179,2025-09-02 13:44:57.985374,purchase
U0158,P0253,2025-07-07 13:44:57.986700,purchase
U0159,P0069,2026-01-21 13:44:57.987584,purchase
U0160,P0197,2025-06-29 13:44:57.990117,purchase
U0161,P0215,2026-03-01 13:44:57.998200,purchase
U0162,P0422,2025-09-19 13:44:57.999426,purchase
U0163,P0280,2026-01-05 13:44:58.004919,purchase
U0164,P0297,2026-03-09 13:44:58.005770,purchase
U0165,P0104,2025-08-29 13:44:58.014106,purchase
U0166,P0032,2026-02-26 13:44:58.016739,purchase
U0167,P0029,2025-10-01 13:44:58.030621,purchase
U0168,P0243,2026-03-05 13:44:58.033742,purchase
U0169,P0212,2025-04-07 13:44:58.045758,purchase
U0170,P0395,2025-10-31 13:44:58.046501,purchase
U0171,P0030,2025-05-25 13:44:58.047410,purchase
U0172,P0272,2025-10-23 13:44:58.061530,purchase
U0173,P0144,2026-03-05 13:44:58.064144,purchase
U0174,P0332,2026-02-12 13:44:58.066872,purchase
U0175,P0355,2025-04-21 13:44:58.067542,purchase
U0176,P0082,2025-08-05 13:44:58.073773,purchase
U0177,P0282,2026-01-29 13:44:58.074617,purchase
U0178,P0162,2025-06-19 13:44:58.077468,purchase
U0179,P0009,2025-09-20 13:44:58.090737,purchase
U0180,P0469,2025-09-08 13:44:58.094507,purchase
U0181,P0104,2025-06-05 13:44:58.104587,purchase
U0182,P0036,2025-07-23 13:44:58.105528,purchase
U0183,P0365,2025-10-06 13:44:58.106124,purchase
U0184,P0238,2025-07-15 13:44:58.121540,purchase
U0185,P0453,2026-02-23 13:44:58.141651,purchase
U0186,P0100,2025-05-09 13:44:58.142528,purchase
U0187,P0129,2025-09-03 13:44:58.142976,purchase
U0188,P0382,2025-05-10 13:44:58.143353,purchase
U0189,P0139,2025-04-10 13:44:58.143653,purchase
U0190,P0001,2025-12-11 13:44:58.153564,purchase
U0191,P0482,2025-05-28 13:44:58.155551,purchase
U0192,P0192,2025-11-25 13:44:58.156204,purchase
U0193,P0427,2026-02-16 13:44:58.173899,purchase
U0194,P0434,2025-12-04 13:44:58.175260,purchase
U0195,P0103,2026-01-12 13:44:58.183511,purchase
U0196,P0030,2026-03-18 13:44:58.184559,purchase
U0197,P0286,2025-11-27 13:44:58.185093,purchase
U0198,P0242,2025-05-01 13:44:58.185385,purchase
U0199,P0135,2025-09-26 13:44:58.185701,purchase
U0200,P0197,2025-10-23 13:44:58.185971,purchase
U0201,P0355,2025-09-18 13:44:58.186214,purchase
U0202,P0194,2025-07-02 13:44:58.186458,purchase
U0203,P0084,2025-10-10 13:44:58.200273,purchase
U0204,P0179,2025-08-01 13:44:58.201299,purchase
U0205,P0338,2026-02-05 13:44:58.204262,purchase
U0206,P0032,2025-11-17 13:44:58.204672,purchase
U0207,P0133,2025-12-11 13:44:58.205476,purchase
U0208,P0016,2025-05-13 13:44:58.205837,purchase
U0209,P0375,2025-07-01 13:44:58.214167,purchase
U0210,P0332,2025-09-28 13:44:58.220705,purchase
U0211,P0040,2025-05-05 13:44:58.224470,purchase
U0212,P0173,2025-12-08 13:44:58.229857,purchase
U0213,P0447,2025-07-20 13:44:58.230496,purchase
U0214,P0334,2025-09-18 13:44:58.231753,purchase
U0215,P0409,2025-12-21 13:44:58.239689,purchase
U0216,P0346,2025-05-22 13:44:58.240162,purchase
U0217,P0012,2025-05-09 13:44:58.240500,purchase
U0218,P0486,2026-01-31 13:44:58.240751,purchase
U0219,P0439,2025-07-10 13:44:58.241013,purchase
U0220,P0224,2025-07-24 13:44:58.241241,purchase
U0221,P0497,2025-06-03 13:44:58.241447,purchase
U0222,P0079,2026-01-10 13:44:58.241648,purchase
U0223,P0211,2026-03-19 13:44:58.241855,purchase
U0224,P0425,2026-01-15 13:44:58.242105,purchase
U0225,P0406,2026-01-12 13:44:58.242312,purchase
U0226,P0317,2025-09-16 13:44:58.242510,purchase
U0227,P0026,2025-08-09 13:44:58.246218,purchase
U0228,P0382,2025-07-17 13:44:58.247430,purchase
U0229,P0159,2025-05-14 13:44:58.248198,purchase
U0230,P0222,2025-08-18 13:44:58.248534,purchase
U0231,P0337,2025-09-14 13:44:58.251347,purchase
U0232,P0199,2026-03-19 13:44:58.251895,purchase
U0233,P0168,2025-11-30 13:44:58.252247,purchase
U0234,P0039,2025-08-10 13:44:58.252525,purchase
U0235,P0467,2025-10-16 13:44:58.256724,purchase
U0236,P0461,2025-05-12 13:44:58.258166,purchase
U0237,P0171,2026-02-09 13:44:58.258534,purchase
U0238,P0299,2025-09-10 13:44:58.259146,purchase
U0239,P0092,2025-08-15 13:44:58.259489,purchase
U0240,P0360,2025-06-03 13:44:58.268822,purchase
U0241,P0317,2026-03-07 13:44:58.269397,purchase
U0242,P0351,2025-05-17 13:44:58.273205,purchase
U0243,P0170,2025-11-07 13:44:58.273867,purchase
U0244,P0467,2025-10-31 13:44:58.274246,purchase
U0245,P0245,2025-04-22 13:44:58.274499,purchase
U0246,P0330,2025-06-08 13:44:58.274785,purchase
U0247,P0052,2025-11-29 13:44:58.275102,purchase
U0248,P0214,2026-03-17 13:44:58.275432,purchase
U0249,P0013,2025-08-19 13:44:58.275717,purchase
U0250,P0105,2026-04-02 13:44:58.280803,purchase
U0251,P0494,2026-03-26 13:44:58.281538,purchase
U0252,P0187,2026-02-28 13:44:58.281882,purchase
U0253,P0101,2025-09-23 13:44:58.283977,purchase
U0254,P0080,2026-01-07 13:44:58.284622,purchase
U0255,P0308,2026-01-02 13:44:58.286614,purchase
U0256,P0275,2025-12-10 13:44:58.288217,purchase
U0257,P0377,2025-10-24 13:44:58.288579,purchase
U0258,P0174,2026-01-13 13:44:58.288912,purchase
U0259,P0226,2025-05-04 13:44:58.291434,purchase
U0260,P0428,2025-10-17 13:44:58.292262,purchase
U0261,P0334,2025-06-28 13:44:58.299403,purchase
U0262,P0478,2025-05-29 13:44:58.299810,purchase
U0263,P0156,2025-04-20 13:44:58.304071,purchase
U0264,P0347,2025-06-23 13:44:58.304552,purchase
U0265,P0280,2025-11-02 13:44:58.305434,purchase
U0266,P0314,2025-12-30 13:44:58.305824,purchase
U0267,P0462,2025-11-22 13:44:58.335656,purchase
U0268,P0045,2025-06-19 13:44:58.336261,purchase
U0269,P0097,2025-09-18 13:44:58.336578,purchase
U0270,P0062,2025-04-11 13:44:58.344158,purchase
U0271,P0398,2026-02-12 13:44:58.344819,purchase
U0272,P0202,2025-11-13 13:44:58.345207,purchase
U0273,P0456,2025-05-08 13:44:58.345487,purchase
U0274,P0379,2025-08-26 13:44:58.345798,purchase
U0275,P0205,2025-12-24 13:44:58.350612,purchase
U0276,P0338,2025-09-13 13:44:58.351305,purchase
U0277,P0338,2025-11-22 13:44:58.351566,purchase
U0278,P0473,2025-04-06 13:44:58.351802,purchase
U0279,P0250,2025-12-07 13:44:58.352085,purchase
U0280,P0254,2025-06-22 13:44:58.352317,purchase
U0281,P0187,2026-02-28 13:44:58.352533,purchase
U0282,P0294,2025-12-17 13:44:58.352761,purchase
U0283,P0414,2025-06-09 13:44:58.370318,purchase
U0284,P0170,2026-02-17 13:44:58.371518,purchase
U0285,P0086,2026-01-07 13:44:58.380346,purchase
U0286,P0220,2026-03-20 13:44:58.380770,purchase
U0287,P0247,2026-03-15 13:44:58.381032,purchase
U0288,P0122,2025-12-31 13:44:58.385510,purchase
U0289,P0146,2025-04-22 13:44:58.389456,purchase
U0290,P0163,2025-09-25 13:44:58.399696,purchase
U0291,P0478,2025-08-28 13:44:58.403479,purchase
U0292,P0022,2025-05-24 13:44:58.411527,purchase
U0293,P0224,2026-03-21 13:44:58.412022,purchase
U0294,P0360,2025-07-18 13:44:58.412252,purchase
U0295,P0219,2026-03-30 13:44:58.412448,purchase
U0296,P0458,2025-08-31 13:44:58.413588,purchase
U0297,P0110,2025-07-02 13:44:58.413895,purchase
U0298,P0463,2026-03-06 13:44:58.414140,purchase
U0299,P0128,2026-02-27 13:44:58.414368,purchase
U0300,P0439,2025-04-06 13:44:58.414605,purchase
U0301,P0156,2026-01-02 13:44:58.430086,purchase
U0302,P0142,2025-05-01 13:44:58.430865,purchase
U0303,P0293,2025-08-17 13:44:58.431988,purchase
U0304,P0208,2025-11-11 13:44:58.432414,purchase
U0305,P0418,2026-03-02 13:44:58.432777,purchase
U0306,P0130,2025-04-16 13:44:58.433055,purchase
U0307,P0063,2026-03-17 13:44:58.433304,purchase
U0308,P0204,2026-01-22 13:44:58.437047,purchase
U0309,P0030,2025-08-04 13:44:58.438256,purchase
U0310,P0322,2026-03-03 13:44:58.438888,purchase
U0311,P0207,2025-11-04 13:44:58.439374,purchase
U0312,P0257,2025-06-24 13:44:58.446037,purchase
U0313,P0281,2025-10-31 13:44:58.447634,purchase
U0314,P0411,2025-07-21 13:44:58.450416,purchase
U0315,P0293,2026-03-25 13:44:58.450852,purchase
U0316,P0459,2025-11-12 13:44:58.451184,purchase
U0317,P0023,2025-04-17 13:44:58.451439,purchase
U0318,P0050,2026-01-22 13:44:58.451729,purchase
U0319,P0146,2026-02-22 13:44:58.452094,purchase
U0320,P0176,2025-05-04 13:44:58.452376,purchase
U0321,P0119,2025-11-02 13:44:58.454576,purchase
U0322,P0269,2025-11-12 13:44:58.455277,purchase
U0323,P0011,2025-10-23 13:44:58.455546,purchase
U0324,P0490,2025-11-29 13:44:58.459746,purchase
U0325,P0452,2025-08-26 13:44:58.460257,purchase
U0326,P0078,2025-04-21 13:44:58.460544,purchase
U0327,P0077,2025-05-16 13:44:58.461191,purchase
U0328,P0429,2025-08-25 13:44:58.461830,purchase
U0329,P0154,2026-02-01 13:44:58.462213,purchase
U0330,P0436,2025-07-12 13:44:58.463231,purchase
U0331,P0018,2026-02-24 13:44:58.464584,purchase
U0332,P0018,2026-01-29 13:44:58.465473,purchase
U0333,P0028,2025-11-29 13:44:58.465934,purchase
U0334,P0435,2026-01-29 13:44:58.466243,purchase
U0335,P0418,2025-04-06 13:44:58.466489,purchase
U0336,P0042,2025-04-12 13:44:58.466949,purchase
U0337,P0036,2025-09-16 13:44:58.467253,purchase
U0338,P0345,2025-05-21 13:44:58.467496,purchase
U0339,P0012,2025-07-28 13:44:58.471407,purchase
U0340,P0360,2025-04-11 13:44:58.479545,purchase
U0341,P0130,2025-12-03 13:44:58.480831,purchase
U0342,P0016,2025-06-26 13:44:58.481283,purchase
U0343,P0370,2025-09-28 13:44:58.481635,purchase
U0344,P0285,2026-02-23 13:44:58.483287,purchase
U0345,P0045,2025-10-28 13:44:58.484561,purchase
U0346,P0228,2025-05-24 13:44:58.485249,purchase
U0347,P0140,2025-12-15 13:44:58.495448,purchase
U0348,P0376,2025-08-13 13:44:58.495909,purchase
U0349,P0009,2026-02-13 13:44:58.497504,purchase
U0350,P0353,2025-06-12 13:44:58.509268,purchase
U0351,P0455,2025-07-15 13:44:58.510370,purchase
U0352,P0030,2025-09-07 13:44:58.520540,purchase
U0353,P0367,2025-11-11 13:44:58.521250,purchase
U0354,P0195,2025-08-03 13:44:58.521606,purchase
U0355,P0427,2026-01-20 13:44:58.529974,purchase
U0356,P0107,2026-01-14 13:44:58.530459,purchase
U0357,P0208,2025-04-18 13:44:58.530780,purchase
U0358,P0007,2025-07-06 13:44:58.531531,purchase
U0359,P0281,2025-07-07 13:44:58.533228,purchase
U0360,P0473,2025-04-27 13:44:58.545882,purchase
U0361,P0104,2025-06-08 13:44:58.551276,purchase
U0362,P0049,2026-01-08 13:44:58.554409,purchase
U0363,P0303,2025-09-26 13:44:58.555250,purchase
U0364,P0124,2025-11-15 13:44:58.556209,purchase
U0365,P0241,2025-09-24 13:44:58.561069,purchase
U0366,P0166,2026-03-10 13:44:58.569210,purchase
U0367,P0328,2025-07-04 13:44:58.571967,purchase
U0368,P0075,2025-04-20 13:44:58.577118,purchase
U0369,P0451,2025-06-01 13:44:58.577614,purchase
U0370,P0074,2026-02-02 13:44:58.577934,purchase
U0371,P0064,2026-01-13 13:44:58.578150,purchase
U0372,P0181,2025-11-05 13:44:58.578355,purchase
U0373,P0135,2026-01-18 13:44:58.578577,purchase
U0374,P0002,2026-04-05 13:44:58.578912,purchase
U0375,P0338,2025-04-14 13:44:58.580233,purchase
U0376,P0046,2025-08-12 13:44:58.580658,purchase
U0377,P0196,2025-08-07 13:44:58.580993,purchase
U0378,P0428,2026-02-14 13:44:58.581257,purchase
U0379,P0216,2026-01-27 13:44:58.581512,purchase
U0380,P0374,2025-10-02 13:44:58.584227,purchase
U0381,P0476,2026-02-03 13:44:58.585834,purchase
U0382,P0303,2026-02-13 13:44:58.586556,purchase
U0383,P0314,2025-05-26 13:44:58.588282,purchase
U0384,P0301,2025-10-15 13:44:58.589245,purchase
U0385,P0155,2026-02-06 13:44:58.592970,purchase
U0386,P0238,2025-07-01 13:44:58.594015,purchase
U0387,P0067,2025-10-07 13:44:58.598583,purchase
U0388,P0474,2025-11-30 13:44:58.599507,purchase
U0389,P0354,2026-02-09 13:44:58.599892,purchase
U0390,P0424,2025-06-24 13:44:58.600149,purchase
U0391,P0404,2025-10-07 13:44:58.600385,purchase
U0392,P0414,2025-09-17 13:44:58.601239,purchase
U0393,P0208,2025-06-02 13:44:58.601718,purchase
U0394,P0070,2025-10-23 13:44:58.602233,purchase
U0395,P0441,2025-10-13 13:44:58.602657,purchase
U0396,P0115,2025-05-01 13:44:58.603154,purchase
U0397,P0020,2025-06-12 13:44:58.608133,purchase
U0398,P0025,2025-10-27 13:44:58.608595,purchase
U0399,P0392,2025-12-03 13:44:58.608898,purchase
U0400,P0440,2025-07-17 13:44:58.617257,purchase
U0401,P0047,2025-12-13 13:44:58.618768,purchase
U0402,P0052,2025-12-13 13:44:58.620104,purchase
U0403,P0373,2025-06-03 13:44:58.620591,purchase
U0404,P0363,2025-09-14 13:44:58.620885,purchase
U0405,P0131,2025-10-13 13:44:58.621144,purchase
U0406,P0131,2025-10-07 13:44:58.621459,purchase
U0407,P0229,2025-09-30 13:44:58.622266,purchase
U0408,P0053,2026-03-30 13:44:58.623863,purchase
U0409,P0388,2025-11-04 13:44:58.624270,purchase
U0410,P0492,2025-04-26 13:44:58.624606,purchase
U0411,P0463,2025-09-26 13:44:58.625628,purchase
U0412,P0482,2025-10-04 13:44:58.626127,purchase
U0413,P0338,2026-02-03 13:44:58.626443,purchase
U0414,P0161,2026-02-21 13:44:58.626694,purchase
U0415,P0236,2025-08-19 13:44:58.626985,purchase
U0416,P0285,2025-06-14 13:44:58.627226,purchase
U0417,P0213,2025-11-03 13:44:58.627912,purchase
U0418,P0339,2025-09-08 13:44:58.628333,purchase
U0419,P0143,2025-09-26 13:44:58.628719,purchase
U0420,P0065,2025-10-08 13:44:58.628989,purchase
U0421,P0233,2025-12-20 13:44:58.629457,purchase
U0422,P0305,2026-04-04 13:44:58.633082,purchase
U0423,P0232,2025-09-03 13:44:58.636393,purchase
U0424,P0259,2025-08-09 13:44:58.637224,purchase
U0425,P0395,2025-06-08 13:44:58.637575,purchase
U0426,P0435,2026-02-09 13:44:58.638258,purchase
U0427,P0260,2025-11-05 13:44:58.638589,purchase
U0428,P0289,2026-03-12 13:44:58.639472,purchase
U0429,P0294,2025-10-13 13:44:58.640194,purchase
U0430,P0007,2025-11-08 13:44:58.640919,purchase
U0431,P0214,2025-05-03 13:44:58.641770,purchase
U0432,P0234,2025-08-13 13:44:58.642877,purchase
U0433,P0172,2025-08-28 13:44:58.649441,purchase
U0434,P0169,2026-03-21 13:44:58.652796,purchase
U0435,P0203,2025-05-02 13:44:58.654842,purchase
U0436,P0432,2026-02-04 13:44:58.804186,purchase
U0437,P0403,2026-03-08 13:44:59.188031,purchase
U0438,P0037,2025-12-29 13:44:59.188680,purchase
U0439,P0484,2025-12-07 13:44:59.250425,purchase
U0440,P0064,2025-12-11 13:44:59.252281,purchase
U0441,P0102,2025-05-03 13:44:59.252878,purchase
U0442,P0398,2025-10-20 13:44:59.253269,purchase
U0443,P0172,2025-12-03 13:44:59.295607,purchase
U0444,P0421,2026-03-09 13:44:59.296299,purchase
U0445,P0006,2025-08-30 13:44:59.297361,purchase
U0446,P0154,2026-03-12 13:44:59.297860,purchase
U0447,P0198,2025-11-23 13:44:59.324619,purchase
U0448,P0409,2025-05-07 13:44:59.325362,purchase
U0449,P0177,2025-12-06 13:44:59.325717,purchase
U0450,P0296,2025-11-23 13:44:59.390680,purchase
U0451,P0078,2025-09-17 13:44:59.395056,purchase
U0452,P0109,2025-07-06 13:44:59.495277,purchase
U0453,P0213,2025-12-06 13:44:59.495810,purchase
U0454,P0311,2025-09-05 13:44:59.496074,purchase
U0455,P0017,2025-08-11 13:44:59.521055,purchase
U0456,P0293,2025-10-02 13:44:59.521890,purchase
U0457,P0437,2025-05-10 13:44:59.522348,purchase
U0458,P0480,2025-12-04 13:44:59.522699,purchase
U0459,P0070,2025-08-05 13:44:59.522963,purchase
U0460,P0079,2025-08-11 13:44:59.523296,purchase
U0461,P0256,2025-09-05 13:44:59.523591,purchase
U0462,P0237,2025-05-12 13:44:59.523781,purchase
U0463,P0398,2025-04-27 13:44:59.523958,purchase
U0464,P0357,2026-02-01 13:44:59.546005,purchase
U0465,P0362,2025-07-11 13:44:59.546552,purchase
U0466,P0228,2025-07-14 13:44:59.546824,purchase
U0467,P0358,2026-02-24 13:44:59.547104,purchase
U0468,P0270,2025-12-24 13:44:59.547455,purchase
U0469,P0306,2026-02-11 13:44:59.573802,purchase
U0470,P0124,2026-02-07 13:44:59.579026,purchase
U0471,P0144,2025-10-07 13:44:59.579631,purchase
U0472,P0168,2025-09-17 13:44:59.593925,purchase
U0473,P0243,2025-06-23 13:44:59.594456,purchase
U0474,P0090,2026-03-09 13:44:59.594771,purchase
U0475,P0282,2025-07-10 13:44:59.595011,purchase
U0476,P0116,2026-01-10 13:44:59.595223,purchase
U0477,P0166,2026-02-12 13:44:59.595416,purchase
U0478,P0381,2025-08-09 13:44:59.595620,purchase
U0479,P0412,2025-07-03 13:44:59.619311,purchase
U0480,P0168,2026-02-08 13:44:59.619884,purchase
U0481,P0332,2026-03-29 13:44:59.620133,purchase
U0482,P0319,2025-08-12 13:44:59.620346,purchase
U0483,P0002,2025-05-17 13:44:59.620686,purchase
U0484,P0142,2026-03-01 13:44:59.620937,purchase
U0485,P0121,2025-05-31 13:44:59.621196,purchase
U0486,P0338,2026-03-01 13:44:59.624530,purchase
U0487,P0163,2026-03-22 13:44:59.625498,purchase
U0488,P0416,2025-11-12 13:44:59.631129,purchase
U0489,P0296,2026-01-24 13:44:59.631855,purchase
U0490,P0469,2025-10-31 13:44:59.648616,purchase
U0491,P0219,2026-02-03 13:44:59.649416,purchase
U0492,P0150,2025-09-18 13:44:59.656021,purchase
U0493,P0018,2025-09-19 13:44:59.660048,purchase
U0494,P0343,2025-04-07 13:44:59.660543,purchase
U0495,P0409,2025-04-28 13:44:59.671140,purchase
U0496,P0447,2025-11-21 13:44:59.689905,purchase
U0497,P0235,2026-01-04 13:44:59.716720,purchase
U0498,P0453,2026-01-26 13:44:59.717451,purchase
U0499,P0131,2025-12-09 13:44:59.717742,purchase
U0500,P0466,2025-06-17 13:44:59.717991,purchase
U0501,P0362,2025-04-15 13:44:59.718486,purchase
U0502,P0073,2025-07-11 13:44:59.735377,purchase
U0503,P0386,2025-11-12 13:44:59.736231,purchase
U0504,P0279,2026-03-26 13:44:59.736667,purchase
U0505,P0068,2025-11-30 13:44:59.750080,purchase
U0506,P0428,2025-10-02 13:44:59.750771,purchase
U0507,P0269,2025-12-12 13:44:59.751101,purchase
U0508,P0092,2025-09-23 13:44:59.751349,purchase
U0509,P0265,2026-01-11 13:44:59.755114,purchase
U0510,P0273,2026-03-19 13:44:59.756074,purchase
U0511,P0338,2025-07-28 13:44:59.756566,purchase
U0512,P0418,2025-06-09 13:44:59.757393,purchase
U0513,P0027,2025-10-05 13:44:59.771680,purchase
U0514,P0391,2025-10-19 13:44:59.774325,purchase
U0515,P0063,2025-07-10 13:44:59.780322,purchase
U0516,P0500,2026-01-30 13:44:59.780895,purchase
U0517,P0090,2025-04-22 13:44:59.781239,purchase
U0518,P0103,2025-06-26 13:44:59.786251,purchase
U0519,P0467,2026-03-12 13:44:59.787460,purchase
U0520,P0042,2025-08-15 13:44:59.787988,purchase
U0521,P0110,2025-12-12 13:44:59.788275,purchase
U0522,P0458,2025-10-03 13:44:59.788506,purchase
U0523,P0010,2026-02-19 13:44:59.788708,purchase
U0524,P0186,2025-09-13 13:44:59.799608,purchase
U0525,P0240,2025-08-22 13:44:59.800803,purchase
U0526,P0051,2025-05-06 13:44:59.801653,purchase
U0527,P0101,2025-10-31 13:44:59.802115,purchase
U0528,P0339,2025-12-06 13:44:59.802426,purchase
U0529,P0018,2025-08-10 13:44:59.802776,purchase
U0530,P0104,2025-08-08 13:44:59.814764,purchase
U0531,P0202,2025-07-04 13:44:59.815742,purchase
U0532,P0356,2025-09-22 13:44:59.816136,purchase
U0533,P0107,2026-02-13 13:44:59.816404,purchase
U0534,P0246,2025-10-16 13:44:59.827645,purchase
U0535,P0086,2025-08-13 13:44:59.828844,purchase
U0536,P0418,2026-03-09 13:44:59.829206,purchase
U0537,P0063,2026-03-20 13:44:59.829520,purchase
U0538,P0414,2026-03-04 13:44:59.829757,purchase
U0539,P0073,2026-02-14 13:44:59.830041,purchase
U0540,P0297,2026-04-01 13:44:59.844243,purchase
U0541,P0136,2026-03-11 13:44:59.845067,purchase
U0542,P0360,2026-01-24 13:44:59.845716,purchase
U0543,P0475,2025-05-26 13:44:59.850398,purchase
U0544,P0154,2025-12-13 13:44:59.851109,purchase
U0545,P0093,2025-08-30 13:44:59.851502,purchase
U0546,P0157,2025-06-24 13:44:59.853591,purchase
U0547,P0298,2025-12-20 13:44:59.854810,purchase
U0548,P0175,2026-03-24 13:44:59.855624,purchase
U0549,P0402,2025-04-22 13:44:59.871130,purchase
U0550,P0146,2026-02-13 13:44:59.872926,purchase
U0551,P0167,2025-10-04 13:44:59.893428,purchase
U0552,P0479,2025-09-03 13:44:59.905594,purchase
U0553,P0256,2025-04-12 13:44:59.906170,purchase
U0554,P0026,2026-01-12 13:44:59.907105,purchase
U0555,P0068,2025-04-11 13:44:59.935907,purchase
U0556,P0037,2025-11-24 13:44:59.954889,purchase
U0557,P0345,2026-02-02 13:44:59.963903,purchase
U0558,P0100,2025-09-16 13:44:59.999579,purchase
U0559,P0093,2025-10-30 13:45:00.000447,purchase
U0560,P0145,2025-12-15 13:45:00.000902,purchase
U0561,P0143,2026-03-29 13:45:00.001212,purchase
U0562,P0198,2026-02-05 13:45:00.042619,purchase
U0563,P0358,2026-02-11 13:45:00.043824,purchase
U0564,P0031,2025-05-01 13:45:00.044214,purchase
U0565,P0099,2025-07-09 13:45:00.044520,purchase
U0566,P0452,2025-11-17 13:45:00.085958,purchase
U0567,P0099,2026-03-25 13:45:00.088243,purchase
U0568,P0354,2025-05-21 13:45:00.088984,purchase
U0569,P0474,2025-11-02 13:45:00.089348,purchase
U0570,P0132,2026-01-24 13:45:00.089579,purchase
U0571,P0393,2025-11-22 13:45:00.089828,purchase
U0572,P0155,2025-05-06 13:45:00.090082,purchase
U0573,P0187,2026-03-12 13:45:00.138374,purchase
U0574,P0158,2025-08-16 13:45:00.138952,purchase
U0575,P0295,2025-11-25 13:45:00.139265,purchase
U0576,P0478,2025-12-05 13:45:00.139566,purchase
U0577,P0051,2026-02-23 13:45:00.139789,purchase
U0578,P0476,2025-10-11 13:45:00.140012,purchase
U0579,P0437,2025-10-29 13:45:00.140237,purchase
U0580,P0388,2026-01-24 13:45:00.184570,purchase
U0581,P0060,2026-01-16 13:45:00.299494,purchase
U0582,P0346,2026-04-05 13:45:00.300215,purchase
U0583,P0312,2026-02-25 13:45:00.300596,purchase
U0584,P0155,2025-07-24 13:45:00.300829,purchase
U0585,P0127,2025-12-21 13:45:00.301090,purchase
U0586,P0051,2025-10-19 13:45:00.301297,purchase
U0587,P0395,2026-02-23 13:45:00.340533,purchase
U0588,P0250,2025-10-11 13:45:00.341779,purchase
U0589,P0285,2025-08-05 13:45:00.406265,purchase
U0590,P0476,2026-02-27 13:45:00.421854,purchase
U0591,P0175,2025-04-22 13:45:00.484039,purchase
U0592,P0027,2025-04-12 13:45:00.484629,purchase
U0593,P0220,2025-11-13 13:45:00.484943,purchase
U0594,P0095,2025-07-06 13:45:00.485241,purchase
U0595,P0025,2025-11-14 13:45:00.485459,purchase
U0596,P0410,2026-01-22 13:45:00.485658,purchase
U0597,P0419,2026-01-07 13:45:00.485888,purchase
U0598,P0228,2026-01-30 13:45:00.486235,purchase
U0599,P0254,2025-11-07 13:45:00.486535,purchase
U0600,P0475,2026-01-31 13:45:00.542143,purchase
U0601,P0179,2025-07-14 13:45:00.543605,purchase
U0602,P0038,2026-01-29 13:45:00.544199,purchase
U0603,P0256,2025-10-10 13:45:00.544485,purchase
U0604,P0458,2025-06-18 13:45:00.580331,purchase
U0605,P0067,2025-10-19 13:45:00.580941,purchase
U0606,P0112,2025-04-20 13:45:00.581302,purchase
U0607,P0154,2025-07-12 13:45:00.581531,purchase
U0608,P0224,2026-01-09 13:45:00.581758,purchase
U0609,P0339,2025-04-20 13:45:00.634156,purchase
U0610,P0144,2026-04-02 13:45:00.637681,purchase
U0611,P0125,2026-03-02 13:45:00.638204,purchase
U0612,P0421,2026-02-08 13:45:00.665892,purchase
U0613,P0014,2025-12-10 13:45:00.667132,purchase
U0614,P0371,2026-03-26 13:45:00.703947,purchase
U0615,P0203,2025-07-10 13:45:00.715351,purchase
U0616,P0299,2025-11-13 13:45:00.735855,purchase
U0617,P0095,2025-11-29 13:45:00.737758,purchase
U0618,P0403,2026-01-27 13:45:00.762886,purchase
U0619,P0058,2026-03-23 13:45:00.763745,purchase
U0620,P0230,2025-12-08 13:45:00.790519,purchase
U0621,P0254,2025-06-19 13:45:00.791333,purchase
U0622,P0127,2025-09-26 13:45:00.791643,purchase
U0623,P0046,2026-02-17 13:45:00.791898,purchase
U0624,P0305,2026-03-05 13:45:00.792151,purchase
U0625,P0455,2025-07-01 13:45:00.803660,purchase
U0626,P0266,2025-04-16 13:45:00.804146,purchase
U0627,P0372,2025-12-05 13:45:00.804394,purchase
U0628,P0379,2025-08-10 13:45:00.804994,purchase
U0629,P0323,2025-10-24 13:45:00.805252,purchase
U0630,P0114,2025-09-07 13:45:00.815380,purchase
U0631,P0499,2025-04-15 13:45:00.817058,purchase
U0632,P0373,2026-02-15 13:45:00.817673,purchase
U0633,P0005,2025-10-02 13:45:00.828861,purchase
U0634,P0298,2026-01-13 13:45:00.829351,purchase
U0635,P0026,2025-05-21 13:45:00.829940,purchase
U0636,P0251,2026-01-14 13:45:00.840531,purchase
U0637,P0255,2025-07-22 13:45:00.841406,purchase
U0638,P0393,2025-10-02 13:45:00.841653,purchase
U0639,P0173,2025-10-17 13:45:00.841843,purchase
U0640,P0177,2025-09-23 13:45:00.842104,purchase
U0641,P0101,2025-10-25 13:45:00.850186,purchase
U0642,P0066,2025-11-23 13:45:00.850849,purchase
U0643,P0486,2026-03-20 13:45:00.852126,purchase
U0644,P0280,2026-02-20 13:45:00.853069,purchase
U0645,P0176,2025-11-08 13:45:00.853394,purchase
U0646,P0370,2025-07-20 13:45:00.869197,purchase
U0647,P0272,2026-02-02 13:45:00.869610,purchase
U0648,P0397,2025-08-27 13:45:00.869867,purchase
U0649,P0357,2025-08-16 13:45:00.870085,purchase
U0650,P0281,2026-02-09 13:45:00.870383,purchase
U0651,P0301,2025-10-16 13:45:00.878608,purchase
U0652,P0475,2025-09-27 13:45:00.879860,purchase
U0653,P0037,2025-08-04 13:45:00.880270,purchase
U0654,P0118,2026-03-25 13:45:00.880489,purchase
U0655,P0286,2026-02-04 13:45:00.885036,purchase
U0656,P0323,2025-10-27 13:45:00.885354,purchase
U0657,P0218,2025-11-11 13:45:00.888858,purchase
U0658,P0421,2025-09-10 13:45:00.889125,purchase
U0659,P0434,2025-09-12 13:45:00.889310,purchase
U0660,P0161,2025-06-21 13:45:00.889485,purchase
U0661,P0108,2026-01-02 13:45:00.889659,purchase
U0662,P0371,2025-04-29 13:45:00.901101,purchase
U0663,P0426,2025-10-29 13:45:00.902076,purchase
U0664,P0199,2025-12-06 13:45:00.902612,purchase
U0665,P0263,2025-08-03 13:45:00.902867,purchase
U0666,P0330,2025-10-22 13:45:00.903066,purchase
U0667,P0073,2025-11-29 13:45:00.906797,purchase
U0668,P0255,2025-08-20 13:45:00.908180,purchase
U0669,P0475,2025-07-16 13:45:00.908690,purchase
U0670,P0149,2025-04-06 13:45:00.921189,purchase
U0671,P0160,2025-10-05 13:45:00.922428,purchase
U0672,P0417,2026-01-04 13:45:00.926921,purchase
U0673,P0323,2025-08-12 13:45:00.936595,purchase
U0674,P0106,2025-11-16 13:45:00.937234,purchase
U0675,P0038,2025-06-13 13:45:00.937541,purchase
U0676,P0290,2025-07-28 13:45:00.937760,purchase
U0677,P0245,2026-01-12 13:45:00.937959,purchase
U0678,P0039,2025-12-13 13:45:00.938143,purchase
U0679,P0429,2025-07-31 13:45:00.938376,purchase
U0680,P0133,2025-06-29 13:45:00.938551,purchase
U0681,P0088,2025-12-24 13:45:00.950285,purchase
U0682,P0197,2026-03-18 13:45:00.950910,purchase
U0683,P0447,2026-01-21 13:45:00.951303,purchase
U0684,P0416,2026-01-03 13:45:00.951500,purchase
U0685,P0470,2025-10-14 13:45:00.951682,purchase
U0686,P0266,2025-12-30 13:45:00.951892,purchase
U0687,P0130,2025-08-28 13:45:00.952090,purchase
U0688,P0241,2025-06-22 13:45:00.952297,purchase
U0689,P0023,2026-02-11 13:45:00.963850,purchase
U0690,P0267,2025-11-16 13:45:00.965573,purchase
U0691,P0171,2025-08-06 13:45:00.975305,purchase
U0692,P0420,2025-12-03 13:45:00.975793,purchase
U0693,P0114,2025-04-07 13:45:00.976330,purchase
U0694,P0011,2025-08-01 13:45:00.987878,purchase
U0695,P0463,2026-03-31 13:45:00.988292,purchase
U0696,P0109,2025-11-21 13:45:00.988455,purchase
U0697,P0274,2026-02-05 13:45:00.988585,purchase
U0698,P0201,2025-07-21 13:45:00.988711,purchase
U0699,P0191,2025-04-06 13:45:00.988863,purchase
U0700,P0178,2025-10-14 13:45:00.989025,purchase
U0701,P0268,2025-09-01 13:45:00.989250,purchase
U0702,P0301,2026-03-21 13:45:00.997631,purchase
U0703,P0309,2025-06-12 13:45:00.998845,purchase
U0704,P0233,2025-09-30 13:45:00.999347,purchase
U0705,P0098,2025-07-17 13:45:00.999602,purchase
U0706,P0205,2025-06-14 13:45:00.999890,purchase
U0707,P0017,2025-11-24 13:45:01.000209,purchase
U0708,P0006,2025-10-01 13:45:01.000407,purchase
U0709,P0073,2026-01-21 13:45:01.000581,purchase
U0710,P0182,2025-05-21 13:45:01.003490,purchase
U0711,P0267,2025-08-05 13:45:01.003874,purchase
U0712,P0370,2025-10-26 13:45:01.004222,purchase
U0713,P0499,2025-04-21 13:45:01.004525,purchase
U0714,P0022,2025-09-28 13:45:01.016851,purchase
U0715,P0360,2025-05-20 13:45:01.018247,purchase
U0716,P0454,2025-05-02 13:45:01.019353,purchase
U0717,P0168,2025-12-27 13:45:01.030054,purchase
U0718,P0420,2025-06-07 13:45:01.030906,purchase
U0719,P0123,2025-08-09 13:45:01.032237,purchase
U0720,P0001,2025-10-09 13:45:01.033273,purchase
U0721,P0429,2025-12-03 13:45:01.033552,purchase
U0722,P0080,2025-10-21 13:45:01.053454,purchase
U0723,P0148,2025-08-23 13:45:01.055226,purchase
U0724,P0256,2026-03-20 13:45:01.055597,purchase
U0725,P0071,2025-08-05 13:45:01.055825,purchase
U0726,P0440,2025-06-29 13:45:01.055983,purchase
U0727,P0431,2025-05-24 13:45:01.081385,purchase
U0728,P0442,2025-07-05 13:45:01.081708,purchase
U0729,P0497,2026-01-07 13:45:01.081876,purchase
U0730,P0373,2025-05-22 13:45:01.083862,purchase
U0731,P0458,2025-10-26 13:45:01.099569,purchase
U0732,P0428,2025-05-14 13:45:01.100025,purchase
U0733,P0294,2026-02-06 13:45:01.100312,purchase
U0734,P0092,2025-07-01 13:45:01.100679,purchase
U0735,P0286,2025-08-19 13:45:01.120696,purchase
U0736,P0319,2025-06-14 13:45:01.121496,purchase
U0737,P0335,2026-01-28 13:45:01.121818,purchase
U0738,P0065,2025-08-05 13:45:01.122009,purchase
U0739,P0181,2025-09-01 13:45:01.123342,purchase
U0740,P0382,2025-06-26 13:45:01.123652,purchase
U0741,P0136,2025-12-30 13:45:01.143381,purchase
U0742,P0335,2026-03-24 13:45:01.143687,purchase
U0743,P0018,2026-01-11 13:45:01.143872,purchase
U0744,P0457,2025-05-08 13:45:01.144082,purchase
U0745,P0078,2026-02-25 13:45:01.144254,purchase
U0746,P0062,2025-04-20 13:45:01.163678,purchase
U0747,P0326,2025-10-25 13:45:01.164465,purchase
U0748,P0388,2025-07-20 13:45:01.165046,purchase
U0749,P0410,2025-08-08 13:45:01.165385,purchase
U0750,P0092,2025-11-16 13:45:01.165633,purchase
U0751,P0207,2026-02-20 13:45:01.179275,purchase
U0752,P0181,2026-02-23 13:45:01.180218,purchase
U0753,P0151,2026-01-31 13:45:01.181836,purchase
U0754,P0451,2026-03-26 13:45:01.182160,purchase
U0755,P0288,2025-04-19 13:45:01.199234,purchase
U0756,P0008,2025-12-10 13:45:01.200205,purchase
U0757,P0074,2025-05-13 13:45:01.200456,purchase
U0758,P0025,2025-06-20 13:45:01.200633,purchase
U0759,P0098,2026-03-16 13:45:01.200791,purchase
U0760,P0041,2025-04-16 13:45:01.213030,purchase
U0761,P0434,2025-10-20 13:45:01.214708,purchase
U0762,P0421,2025-10-12 13:45:01.215094,purchase
U0763,P0154,2025-11-04 13:45:01.215918,purchase
U0764,P0359,2025-04-19 13:45:01.228719,purchase
U0765,P0304,2026-02-13 13:45:01.229271,purchase
U0766,P0455,2025-10-28 13:45:01.229505,purchase
U0767,P0277,2025-05-06 13:45:01.229705,purchase
U0768,P0363,2025-04-27 13:45:01.230686,purchase
U0769,P0426,2025-10-02 13:45:01.231012,purchase
U0770,P0464,2026-01-08 13:45:01.231192,purchase
U0771,P0448,2025-07-21 13:45:01.231383,purchase
U0772,P0009,2025-07-08 13:45:01.231534,purchase
U0773,P0422,2025-09-22 13:45:01.246517,purchase
U0774,P0233,2025-06-25 13:45:01.247260,purchase
U0775,P0487,2026-01-30 13:45:01.247511,purchase
U0776,P0374,2026-02-06 13:45:01.247679,purchase
U0777,P0261,2025-06-15 13:45:01.247817,purchase
U0778,P0098,2025-06-02 13:45:01.251707,purchase
U0779,P0288,2025-12-13 13:45:01.252069,purchase
U0780,P0404,2025-09-11 13:45:01.252259,purchase
U0781,P0355,2025-06-24 13:45:01.252576,purchase
U0782,P0191,2025-05-09 13:45:01.252816,purchase
U0783,P0225,2025-09-17 13:45:01.253306,purchase
U0784,P0023,2026-03-06 13:45:01.253561,purchase
U0785,P0227,2025-05-19 13:45:01.253726,purchase
U0786,P0210,2025-05-28 13:45:01.260543,purchase
U0787,P0497,2026-02-24 13:45:01.260990,purchase
U0788,P0289,2026-03-05 13:45:01.261245,purchase
U0789,P0290,2026-03-13 13:45:01.262211,purchase
U0790,P0399,2026-02-14 13:45:01.275855,purchase
U0791,P0350,2025-09-08 13:45:01.276212,purchase
U0792,P0298,2025-07-22 13:45:01.276384,purchase
U0793,P0404,2026-03-18 13:45:01.277374,purchase
U0794,P0264,2025-09-26 13:45:01.277884,purchase
U0795,P0347,2025-08-17 13:45:01.280883,purchase
U0796,P0068,2026-01-01 13:45:01.281598,purchase
U0797,P0016,2025-08-31 13:45:01.281919,purchase
U0798,P0233,2025-10-17 13:45:01.282489,purchase
U0799,P0034,2025-10-30 13:45:01.282762,purchase
U0800,P0088,2025-10-30 13:45:01.282956,purchase
U0801,P0210,2025-06-24 13:45:01.283137,purchase
U0802,P0273,2025-07-04 13:45:01.287153,purchase
U0803,P0277,2026-03-14 13:45:01.287961,purchase
U0804,P0454,2026-03-20 13:45:01.288264,purchase
U0805,P0408,2025-08-02 13:45:01.288458,purchase
U0806,P0360,2025-06-02 13:45:01.288674,purchase
U0807,P0082,2025-11-26 13:45:01.288858,purchase
U0808,P0026,2026-01-21 13:45:01.289045,purchase
U0809,P0239,2026-03-03 13:45:01.289215,purchase
U0810,P0340,2026-02-20 13:45:01.289398,purchase
U0811,P0413,2025-10-01 13:45:01.291866,purchase
U0812,P0060,2025-08-17 13:45:01.292174,purchase
U0813,P0489,2026-01-27 13:45:01.292368,purchase
U0814,P0067,2026-01-10 13:45:01.292590,purchase
U0815,P0405,2026-02-02 13:45:01.292778,purchase
U0816,P0012,2025-12-21 13:45:01.292956,purchase
U0817,P0010,2025-10-04 13:45:01.293131,purchase
U0818,P0426,2025-09-04 13:45:01.293305,purchase
U0819,P0220,2025-08-02 13:45:01.293476,purchase
U0820,P0459,2025-11-29 13:45:01.298068,purchase
U0821,P0223,2026-03-31 13:45:01.298414,purchase
U0822,P0173,2025-10-03 13:45:01.298632,purchase
U0823,P0201,2026-02-21 13:45:01.298886,purchase
U0824,P0089,2026-03-29 13:45:01.299093,purchase
U0825,P0152,2025-10-06 13:45:01.299294,purchase
U0826,P0390,2025-07-04 13:45:01.299493,purchase
U0827,P0382,2025-11-08 13:45:01.302716,purchase
U0828,P0375,2025-07-26 13:45:01.303130,purchase
U0829,P0301,2026-03-03 13:45:01.303328,purchase
U0830,P0071,2025-07-26 13:45:01.303544,purchase
U0831,P0139,2025-11-19 13:45:01.303728,purchase
U0832,P0202,2025-08-15 13:45:01.303883,purchase
U0833,P0070,2025-11-09 13:45:01.304030,purchase
U0834,P0420,2025-11-22 13:45:01.304174,purchase
U0835,P0145,2025-07-21 13:45:01.304319,purchase
U0836,P0122,2025-08-31 13:45:01.304491,purchase
U0837,P0035,2025-09-12 13:45:01.304639,purchase
U0838,P0476,2026-01-27 13:45:01.304778,purchase
U0839,P0143,2025-05-21 13:45:01.304911,purchase
U0840,P0371,2025-08-17 13:45:01.305049,purchase
U0841,P0357,2026-01-21 13:45:01.305186,purchase
U0842,P0216,2026-03-27 13:45:01.305323,purchase
U0843,P0179,2026-03-21 13:45:01.305486,purchase
U0844,P0197,2025-04-07 13:45:01.308347,purchase
U0845,P0024,2025-05-12 13:45:01.309025,purchase
U0846,P0176,2026-03-08 13:45:01.309372,purchase
U0847,P0359,2025-04-09 13:45:01.309601,purchase
U0848,P0159,2025-09-24 13:45:01.310026,purchase
U0849,P0486,2025-04-10 13:45:01.311130,purchase
U0850,P0128,2026-01-21 13:45:01.311557,purchase
U0851,P0071,2025-05-25 13:45:01.311961,purchase
U0852,P0353,2026-03-20 13:45:01.312546,purchase
U0853,P0487,2025-08-05 13:45:01.312871,purchase
U0854,P0225,2025-07-03 13:45:01.313084,purchase
U0855,P0346,2025-04-27 13:45:01.313272,purchase
U0856,P0075,2025-05-08 13:45:01.313458,purchase
U0857,P0249,2025-04-09 13:45:01.314734,purchase
U0858,P0223,2025-04-16 13:45:01.315077,purchase
U0859,P0411,2026-01-28 13:45:01.315224,purchase
U0860,P0072,2025-07-30 13:45:01.315345,purchase
U0861,P0122,2025-11-18 13:45:01.315783,purchase
U0862,P0042,2026-01-22 13:45:01.316151,purchase
U0863,P0107,2025-09-10 13:45:01.316326,purchase
U0864,P0226,2025-12-27 13:45:01.316436,purchase
U0865,P0384,2025-11-08 13:45:01.318497,purchase
U0866,P0116,2025-09-24 13:45:01.319087,purchase
U0867,P0257,2025-12-05 13:45:01.319815,purchase
U0868,P0328,2025-08-02 13:45:01.320061,purchase
U0869,P0036,2026-03-16 13:45:01.320224,purchase
U0870,P0072,2025-10-31 13:45:01.320481,purchase
U0871,P0418,2025-08-19 13:45:01.321173,purchase
U0872,P0237,2025-11-29 13:45:01.321897,purchase
U0873,P0370,2025-10-18 13:45:01.322355,purchase
U0874,P0195,2025-10-27 13:45:01.325365,purchase
U0875,P0225,2025-04-20 13:45:01.325875,purchase
U0876,P0233,2026-01-30 13:45:01.326979,purchase
U0877,P0335,2025-08-16 13:45:01.327393,purchase
U0878,P0450,2026-03-15 13:45:01.327651,purchase
U0879,P0353,2026-01-23 13:45:01.327948,purchase
U0880,P0347,2025-05-18 13:45:01.328137,purchase
U0881,P0275,2026-02-09 13:45:01.332500,purchase
U0882,P0384,2025-09-10 13:45:01.333283,purchase
U0883,P0441,2026-03-14 13:45:01.334071,purchase
U0884,P0092,2025-09-30 13:45:01.334496,purchase
U0885,P0161,2025-12-28 13:45:01.334735,purchase
U0886,P0199,2025-05-05 13:45:01.334921,purchase
U0887,P0493,2025-10-31 13:45:01.335084,purchase
U0888,P0091,2025-11-22 13:45:01.335266,purchase
U0889,P0125,2026-01-04 13:45:01.335412,purchase
U0890,P0055,2025-09-01 13:45:01.338717,purchase
U0891,P0449,2025-05-22 13:45:01.339173,purchase
U0892,P0105,2025-08-02 13:45:01.339365,purchase
U0893,P0443,2025-06-23 13:45:01.339513,purchase
U0894,P0382,2026-02-21 13:45:01.339655,purchase
U0895,P0068,2026-01-22 13:45:01.340165,purchase
U0896,P0105,2025-06-12 13:45:01.340459,purchase
U0897,P0221,2025-08-03 13:45:01.340652,purchase
U0898,P0030,2026-03-09 13:45:01.340820,purchase
U0899,P0214,2025-09-30 13:45:01.341041,purchase
U0900,P0490,2025-04-28 13:45:01.341255,purchase
U0901,P0126,2026-03-23 13:45:01.341452,purchase
U0902,P0442,2025-04-09 13:45:01.341988,purchase
U0903,P0418,2026-03-17 13:45:01.342218,purchase
U0904,P0055,2025-11-22 13:45:01.342395,purchase
U0905,P0453,2026-02-11 13:45:01.342572,purchase
U0906,P0495,2025-05-19 13:45:01.342762,purchase
U0907,P0494,2025-07-07 13:45:01.342997,purchase
U0908,P0021,2025-09-28 13:45:01.343202,purchase
U0909,P0369,2025-04-29 13:45:01.343407,purchase
U0910,P0428,2026-03-19 13:45:01.344279,purchase
U0911,P0135,2025-08-31 13:45:01.344613,purchase
U0912,P0237,2025-07-22 13:45:01.344814,purchase
U0913,P0313,2025-10-12 13:45:01.345031,purchase
U0914,P0237,2025-12-27 13:45:01.345194,purchase
U0915,P0114,2025-08-16 13:45:01.345355,purchase
U0916,P0360,2025-06-10 13:45:01.345851,purchase
U0917,P0380,2026-03-18 13:45:01.346070,purchase
U0918,P0089,2025-04-20 13:45:01.346261,purchase
U0919,P0045,2025-09-27 13:45:01.346904,purchase
U0920,P0423,2025-10-19 13:45:01.347211,purchase
U0921,P0110,2025-11-27 13:45:01.347426,purchase
U0922,P0363,2025-08-18 13:45:01.347586,purchase
U0923,P0065,2025-06-23 13:45:01.347760,purchase
U0924,P0057,2026-02-25 13:45:01.349523,purchase
U0925,P0038,2025-07-16 13:45:01.350463,purchase
U0926,P0256,2025-06-10 13:45:01.350724,purchase
U0927,P0025,2025-04-23 13:45:01.350889,purchase
U0928,P0176,2025-08-26 13:45:01.351103,purchase
U0929,P0215,2025-06-19 13:45:01.351246,purchase
U0930,P0301,2025-07-14 13:45:01.351387,purchase
U0931,P0170,2025-12-12 13:45:01.351522,purchase
U0932,P0268,2025-10-10 13:45:01.351657,purchase
U0933,P0189,2026-01-08 13:45:01.351841,purchase
U0934,P0236,2025-06-08 13:45:01.352002,purchase
U0935,P0205,2025-11-23 13:45:01.352157,purchase
U0936,P0429,2025-05-14 13:45:01.352310,purchase
U0937,P0496,2025-08-08 13:45:01.352472,purchase
U0938,P0387,2026-03-01 13:45:01.352654,purchase
U0939,P0340,2025-08-15 13:45:01.352900,purchase
U0940,P0072,2026-04-05 13:45:01.354101,purchase
U0941,P0091,2026-01-29 13:45:01.354439,purchase
U0942,P0274,2025-09-14 13:45:01.354659,purchase
U0943,P0288,2025-10-04 13:45:01.354818,purchase
U0944,P0204,2025-10-27 13:45:01.355038,purchase
U0945,P0096,2025-12-18 13:45:01.355185,purchase
U0946,P0364,2025-10-02 13:45:01.355326,purchase
U0947,P0123,2026-03-08 13:45:01.355472,purchase
U0948,P0069,2025-10-31 13:45:01.355614,purchase
U0949,P0056,2025-09-10 13:45:01.355767,purchase
U0950,P0461,2025-08-16 13:45:01.356000,purchase
U0951,P0055,2025-04-06 13:45:01.356187,purchase
U0952,P0426,2025-06-26 13:45:01.358842,purchase
U0953,P0030,2025-10-17 13:45:01.359154,purchase
U0954,P0009,2025-07-01 13:45:01.359344,purchase
U0955,P0210,2025-04-21 13:45:01.359512,purchase
U0956,P0418,2025-07-26 13:45:01.359682,purchase
U0957,P0106,2026-04-06 13:45:01.359828,purchase
U0958,P0016,2025-07-11 13:45:01.360014,purchase
U0959,P0145,2025-08-31 13:45:01.360163,purchase
U0960,P0138,2025-12-07 13:45:01.360353,purchase
U0961,P0038,2026-02-08 13:45:01.360508,purchase
U0962,P0306,2025-05-03 13:45:01.360656,purchase
U0963,P0173,2025-05-11 13:45:01.360832,purchase
U0964,P0289,2025-08-22 13:45:01.361049,purchase
U0965,P0315,2025-09-27 13:45:01.362196,purchase
U0966,P0248,2025-11-02 13:45:01.362352,purchase
U0967,P0170,2026-01-01 13:45:01.362494,purchase
U0968,P0080,2025-10-20 13:45:01.362622,purchase
U0969,P0311,2025-12-11 13:45:01.362750,purchase
U0970,P0362,2025-12-12 13:45:01.362905,purchase
U0971,P0070,2026-02-27 13:45:01.363040,purchase
U0972,P0024,2025-07-08 13:45:01.363173,purchase
U0973,P0067,2025-12-28 13:45:01.363305,purchase
U0974,P0198,2025-06-21 13:45:01.363465,purchase
U0975,P0316,2025-07-29 13:45:01.366543,purchase
U0976,P0352,2025-05-01 13:45:01.366859,purchase
U0977,P0025,2025-12-20 13:45:01.367081,purchase
U0978,P0037,2026-01-25 13:45:01.367234,purchase
U0979,P0172,2026-02-06 13:45:01.367384,purchase
U0980,P0364,2025-04-11 13:45:01.367600,purchase
U0981,P0494,2025-08-08 13:45:01.367756,purchase
U0982,P0042,2025-08-31 13:45:01.367953,purchase
U0983,P0071,2025-05-04 13:45:01.368111,purchase
U0984,P0126,2025-07-14 13:45:01.368265,purchase
U0985,P0301,2025-08-31 13:45:01.368461,purchase
U0986,P0422,2025-08-27 13:45:01.368708,purchase
U0987,P0110,2026-03-20 13:45:01.368897,purchase
U0988,P0445,2026-03-01 13:45:01.369116,purchase
U0989,P0075,2025-08-26 13:45:01.369320,purchase
U0990,P0324,2025-09-29 13:45:01.369856,purchase
U0991,P0446,2025-07-27 13:45:01.370175,purchase
U0992,P0088,2026-01-15 13:45:01.370356,purchase
U0993,P0244,2026-02-19 13:45:01.370499,purchase
U0994,P0114,2025-12-10 13:45:01.370637,purchase
U0995,P0454,2026-02-06 13:45:01.370764,purchase
U0996,P0439,2025-05-29 13:45:01.371048,purchase
U0997,P0042,2025-09-25 13:45:01.372387,purchase
U0998,P0203,2025-04-29 13:45:01.373023,purchase
U0999,P0270,2025-09-13 13:45:01.373457,purchase
U1000,P0230,2026-01-12 13:45:01.374185,purchase
U1001,P0469,2026-03-08 13:45:01.374476,purchase
U1002,P0044,2025-05-21 13:45:01.375045,purchase
U1003,P0149,2025-12-26 13:45:01.375258,purchase
U1004,P0115,2025-06-22 13:45:01.375529,purchase
U1005,P0448,2025-07-29 13:45:01.376102,purchase
U1006,P0408,2026-03-27 13:45:01.376733,purchase
U1007,P0487,2025-07-05 13:45:01.377099,purchase
U1008,P0312,2026-01-20 13:45:01.377428,purchase
U1009,P0097,2025-11-25 13:45:01.377653,purchase
U1010,P0220,2025-08-22 13:45:01.377848,purchase
U1011,P0338,2025-04-18 13:45:01.378018,purchase
U1012,P0362,2025-10-02 13:45:01.378185,purchase
U1013,P0294,2025-05-12 13:45:01.378400,purchase
U1014,P0250,2025-12-24 13:45:01.378574,purchase
U1015,P0410,2025-04-23 13:45:01.380746,purchase
U1016,P0395,2026-02-13 13:45:01.381427,purchase
U1017,P0455,2025-04-24 13:45:01.381911,purchase
U1018,P0484,2025-11-01 13:45:01.382257,purchase
U1019,P0434,2026-03-09 13:45:01.382703,purchase
U1020,P0405,2025-10-12 13:45:01.382937,purchase
U1021,P0367,2025-08-11 13:45:01.384135,purchase
U1022,P0184,2026-03-24 13:45:01.384363,purchase
U1023,P0332,2025-11-24 13:45:01.384521,purchase
U1024,P0466,2025-12-12 13:45:01.384654,purchase
U1025,P0257,2025-04-24 13:45:01.384953,purchase
U1026,P0389,2025-07-12 13:45:01.385548,purchase
U1027,P0256,2025-06-25 13:45:01.385742,purchase
U1028,P0494,2026-03-04 13:45:01.385920,purchase
U1029,P0417,2025-06-18 13:45:01.386075,purchase
U1030,P0286,2025-12-14 13:45:01.386221,purchase
U1031,P0228,2025-05-16 13:45:01.386365,purchase
U1032,P0207,2026-01-30 13:45:01.386644,purchase
U1033,P0467,2025-05-29 13:45:01.387118,purchase
U1034,P0181,2025-05-17 13:45:01.387368,purchase
U1035,P0267,2025-08-14 13:45:01.387517,purchase
U1036,P0075,2025-12-31 13:45:01.387650,purchase
U1037,P0396,2025-11-26 13:45:01.387784,purchase
U1038,P0334,2026-03-11 13:45:01.387959,purchase
U1039,P0303,2025-06-05 13:45:01.388115,purchase
U1040,P0314,2025-04-28 13:45:01.388271,purchase
U1041,P0149,2025-05-21 13:45:01.388418,purchase
U1042,P0246,2025-06-18 13:45:01.388558,purchase
U1043,P0254,2025-05-19 13:45:01.389604,purchase
U1044,P0485,2026-01-05 13:45:01.390155,purchase
U1045,P0322,2025-07-03 13:45:01.390517,purchase
U1046,P0139,2026-03-04 13:45:01.390758,purchase
U1047,P0091,2025-05-05 13:45:01.390971,purchase
U1048,P0231,2025-07-30 13:45:01.391232,purchase
U1049,P0144,2026-01-09 13:45:01.391488,purchase
U1050,P0149,2026-01-06 13:45:01.391711,purchase
U1051,P0134,2025-04-14 13:45:01.391904,purchase
U1052,P0342,2025-11-28 13:45:01.392092,purchase
U1053,P0101,2025-09-11 13:45:01.392284,purchase
U1054,P0065,2025-07-27 13:45:01.392507,purchase
U1055,P0285,2025-07-24 13:45:01.392693,purchase
U1056,P0302,2026-01-01 13:45:01.392874,purchase
U1057,P0028,2025-06-18 13:45:01.393052,purchase
U1058,P0045,2025-10-18 13:45:01.393820,purchase
U1059,P0329,2025-09-05 13:45:01.394689,purchase
U1060,P0346,2026-02-01 13:45:01.395077,purchase
U1061,P0032,2025-06-10 13:45:01.395925,purchase
U1062,P0034,2026-02-19 13:45:01.396137,purchase
U1063,P0009,2025-11-27 13:45:01.396331,purchase
U1064,P0168,2025-06-14 13:45:01.396496,purchase
U1065,P0185,2025-06-07 13:45:01.396636,purchase
U1066,P0011,2025-09-22 13:45:01.396781,purchase
U1067,P0330,2025-04-16 13:45:01.396948,purchase
U1068,P0183,2025-08-16 13:45:01.397106,purchase
U1069,P0372,2025-07-04 13:45:01.397294,purchase
U1070,P0447,2025-09-21 13:45:01.397430,purchase
U1071,P0248,2025-07-03 13:45:01.397576,purchase
U1072,P0265,2025-11-06 13:45:01.397751,purchase
U1073,P0419,2025-10-19 13:45:01.397938,purchase
U1074,P0001,2025-04-13 13:45:01.398542,purchase
U1075,P0394,2025-08-27 13:45:01.398879,purchase
U1076,P0117,2025-04-11 13:45:01.399065,purchase
U1077,P0252,2025-10-08 13:45:01.399260,purchase
U1078,P0269,2025-10-24 13:45:01.399433,purchase
U1079,P0346,2026-01-30 13:45:01.399631,purchase
U1080,P0211,2026-01-03 13:45:01.400154,purchase
U1081,P0202,2025-09-10 13:45:01.400425,purchase
U1082,P0057,2025-11-11 13:45:01.400969,purchase
U1083,P0425,2026-02-09 13:45:01.401162,purchase
U1084,P0001,2025-08-03 13:45:01.401346,purchase
U1085,P0074,2025-09-14 13:45:01.401487,purchase
U1086,P0112,2026-02-03 13:45:01.401619,purchase
U1087,P0288,2025-10-09 13:45:01.401753,purchase
U1088,P0455,2025-11-18 13:45:01.402351,purchase
U1089,P0470,2025-11-20 13:45:01.402736,purchase
U1090,P0418,2025-05-20 13:45:01.402966,purchase
U1091,P0358,2025-11-27 13:45:01.403819,purchase
U1092,P0133,2026-03-11 13:45:01.404136,purchase
U1093,P0233,2026-02-01 13:45:01.404363,purchase
U1094,P0069,2025-12-11 13:45:01.404525,purchase
U1095,P0025,2025-08-14 13:45:01.404678,purchase
U1096,P0325,2025-06-22 13:45:01.404867,purchase
U1097,P0452,2025-09-04 13:45:01.405358,purchase
U1098,P0379,2026-04-04 13:45:01.405864,purchase
U1099,P0022,2025-08-13 13:45:01.406523,purchase
U1100,P0344,2025-07-27 13:45:01.406818,purchase
U1101,P0372,2025-09-08 13:45:01.407215,purchase
U1102,P0252,2025-11-16 13:45:01.407427,purchase
U1103,P0187,2025-12-06 13:45:01.407568,purchase
U1104,P0029,2026-01-09 13:45:01.407708,purchase
U1105,P0369,2025-06-21 13:45:01.407878,purchase
U1106,P0006,2025-04-12 13:45:01.408047,purchase
U1107,P0363,2026-03-28 13:45:01.408185,purchase
U1108,P0347,2025-09-08 13:45:01.408324,purchase
U1109,P0336,2025-12-19 13:45:01.408586,purchase
U1110,P0399,2025-05-21 13:45:01.410893,purchase
U1111,P0125,2026-01-22 13:45:01.411346,purchase
U1112,P0428,2025-09-14 13:45:01.412177,purchase
U1113,P0152,2026-01-07 13:45:01.414561,purchase
U1114,P0396,2025-12-27 13:45:01.415356,purchase
U1115,P0369,2026-02-22 13:45:01.416807,purchase
U1116,P0447,2026-01-21 13:45:01.417450,purchase
U1117,P0074,2026-01-17 13:45:01.417663,purchase
U1118,P0238,2025-12-08 13:45:01.417828,purchase
U1119,P0417,2026-02-28 13:45:01.419711,purchase
U1120,P0466,2025-05-03 13:45:01.420043,purchase
U1121,P0023,2025-08-19 13:45:01.420227,purchase
U1122,P0417,2025-09-18 13:45:01.421991,purchase
U1123,P0353,2025-10-04 13:45:01.422328,purchase
U1124,P0398,2025-11-28 13:45:01.422491,purchase
U1125,P0190,2026-02-19 13:45:01.422630,purchase
U1126,P0310,2025-11-10 13:45:01.422766,purchase
U1127,P0119,2026-02-21 13:45:01.428101,purchase
U1128,P0404,2026-02-20 13:45:01.429040,purchase
U1129,P0277,2025-04-18 13:45:01.429345,purchase
U1130,P0383,2026-03-18 13:45:01.429519,purchase
U1131,P0187,2025-07-26 13:45:01.429657,purchase
U1132,P0303,2025-09-06 13:45:01.429789,purchase
U1133,P0102,2025-12-03 13:45:01.429916,purchase
U1134,P0158,2025-08-05 13:45:01.431568,purchase
U1135,P0096,2025-10-22 13:45:01.431842,purchase
U1136,P0397,2025-04-06 13:45:01.431982,purchase
U1137,P0036,2025-12-17 13:45:01.432710,purchase
U1138,P0107,2025-04-22 13:45:01.434047,purchase
U1139,P0302,2026-03-17 13:45:01.436715,purchase
U1140,P0410,2025-06-08 13:45:01.436986,purchase
U1141,P0106,2025-10-01 13:45:01.437180,purchase
U1142,P0402,2025-11-07 13:45:01.437327,purchase
U1143,P0434,2025-04-27 13:45:01.437462,purchase
U1144,P0070,2026-02-11 13:45:01.437590,purchase
U1145,P0170,2025-05-16 13:45:01.437730,purchase
U1146,P0023,2025-06-07 13:45:01.437891,purchase
U1147,P0043,2025-04-19 13:45:01.438044,purchase
U1148,P0303,2025-04-26 13:45:01.438211,purchase
U1149,P0283,2025-08-13 13:45:01.438450,purchase
U1150,P0002,2025-11-26 13:45:01.438606,purchase
U1151,P0323,2025-08-03 13:45:01.438860,purchase
U1152,P0270,2025-08-31 13:45:01.439069,purchase
U1153,P0450,2025-05-09 13:45:01.439242,purchase
U1154,P0423,2025-11-03 13:45:01.439418,purchase
U1155,P0241,2025-12-21 13:45:01.440425,purchase
U1156,P0038,2025-05-15 13:45:01.440691,purchase
U1157,P0226,2025-12-07 13:45:01.440833,purchase
U1158,P0007,2025-11-10 13:45:01.440960,purchase
U1159,P0282,2025-09-29 13:45:01.441099,purchase
U1160,P0410,2025-12-10 13:45:01.441252,purchase
U1161,P0079,2025-09-23 13:45:01.441387,purchase
U1162,P0375,2025-09-21 13:45:01.441517,purchase
U1163,P0141,2026-01-23 13:45:01.441645,purchase
U1164,P0477,2025-04-25 13:45:01.441797,purchase
U1165,P0120,2026-03-15 13:45:01.441965,purchase
U1166,P0025,2025-12-15 13:45:01.448278,purchase
U1167,P0252,2025-05-13 13:45:01.450219,purchase
U1168,P0388,2026-02-14 13:45:01.450925,purchase
U1169,P0021,2025-11-19 13:45:01.451134,purchase
U1170,P0192,2025-10-10 13:45:01.451322,purchase
U1171,P0209,2026-02-25 13:45:01.451460,purchase
U1172,P0247,2025-06-24 13:45:01.451611,purchase
U1173,P0219,2025-08-12 13:45:01.451744,purchase
U1174,P0360,2025-04-28 13:45:01.451876,purchase
U1175,P0498,2025-10-29 13:45:01.457599,purchase
U1176,P0371,2025-08-08 13:45:01.462024,purchase
U1177,P0362,2025-08-25 13:45:01.470215,purchase
U1178,P0270,2025-08-26 13:45:01.470644,purchase
U1179,P0293,2026-03-09 13:45:01.470856,purchase
U1180,P0044,2026-02-19 13:45:01.476361,purchase
U1181,P0245,2025-10-11 13:45:01.480121,purchase
U1182,P0120,2025-10-08 13:45:01.480891,purchase
U1183,P0107,2026-02-16 13:45:01.481239,purchase
U1184,P0328,2025-11-03 13:45:01.481501,purchase
U1185,P0352,2025-07-27 13:45:01.481742,purchase
U1186,P0234,2026-01-10 13:45:01.481928,purchase
U1187,P0025,2025-11-01 13:45:01.482105,purchase
U1188,P0107,2025-05-10 13:45:01.482284,purchase
U1189,P0133,2025-12-19 13:45:01.484978,purchase
U1190,P0454,2026-01-29 13:45:01.485603,purchase
U1191,P0481,2025-07-29 13:45:01.486029,purchase
U1192,P0436,2025-09-20 13:45:01.486443,purchase
U1193,P0439,2026-03-03 13:45:01.486804,purchase
U1194,P0109,2025-12-09 13:45:01.486984,purchase
U1195,P0163,2025-11-27 13:45:01.487143,purchase
U1196,P0230,2025-11-26 13:45:01.487289,purchase
U1197,P0402,2026-02-07 13:45:01.489638,purchase
U1198,P0498,2025-04-25 13:45:01.490879,purchase
U1199,P0077,2025-09-08 13:45:01.491122,purchase
U1200,P0399,2025-11-23 13:45:01.491443,purchase
U1201,P0354,2025-09-21 13:45:01.491610,purchase
U1202,P0416,2026-02-01 13:45:01.492463,purchase
U1203,P0170,2025-08-11 13:45:01.493128,purchase
U1204,P0014,2025-09-07 13:45:01.493349,purchase
U1205,P0479,2025-04-21 13:45:01.497578,purchase
U1206,P0494,2025-11-04 13:45:01.497898,purchase
U1207,P0487,2026-01-05 13:45:01.500142,purchase
U1208,P0420,2025-10-08 13:45:01.500499,purchase
U1209,P0028,2025-05-07 13:45:01.500972,purchase
U1210,P0077,2026-01-04 13:45:01.501364,purchase
U1211,P0110,2026-03-25 13:45:01.501615,purchase
U1212,P0357,2025-05-22 13:45:01.502631,purchase
U1213,P0116,2025-04-17 13:45:01.507987,purchase
U1214,P0057,2025-11-03 13:45:01.508412,purchase
U1215,P0258,2026-01-29 13:45:01.512571,purchase
U1216,P0052,2026-02-26 13:45:01.517140,purchase
U1217,P0081,2026-03-12 13:45:01.517600,purchase
U1218,P0348,2025-04-21 13:45:01.517834,purchase
U1219,P0188,2025-10-30 13:45:01.518087,purchase
U1220,P0206,2025-09-09 13:45:01.518283,purchase
U1221,P0314,2025-04-15 13:45:01.518466,purchase
U1222,P0334,2025-06-16 13:45:01.518685,purchase
U1223,P0003,2025-12-24 13:45:01.522088,purchase
U1224,P0477,2026-03-18 13:45:01.522550,purchase
U1225,P0476,2026-03-23 13:45:01.523480,purchase
U1226,P0312,2025-12-17 13:45:01.523723,purchase
U1227,P0024,2025-06-14 13:45:01.523900,purchase
U1228,P0382,2025-09-08 13:45:01.524037,purchase
U1229,P0193,2025-04-10 13:45:01.524165,purchase
U1230,P0112,2025-09-11 13:45:01.524292,purchase
U1231,P0130,2025-10-09 13:45:01.524422,purchase
U1232,P0301,2025-12-02 13:45:01.524556,purchase
U1233,P0298,2025-08-20 13:45:01.524683,purchase
U1234,P0195,2025-06-17 13:45:01.524898,purchase
U1235,P0357,2025-06-18 13:45:01.525036,purchase
U1236,P0232,2026-03-18 13:45:01.525161,purchase
U1237,P0299,2025-10-21 13:45:01.525283,purchase
U1238,P0326,2025-09-10 13:45:01.525409,purchase
U1239,P0157,2025-07-02 13:45:01.525531,purchase
U1240,P0144,2025-05-24 13:45:01.531756,purchase
U1241,P0308,2026-02-19 13:45:01.532173,purchase
U1242,P0444,2026-03-05 13:45:01.534290,purchase
U1243,P0176,2026-01-19 13:45:01.534808,purchase
U1244,P0223,2025-04-06 13:45:01.534991,purchase
U1245,P0480,2025-12-10 13:45:01.538063,purchase
U1246,P0181,2025-09-02 13:45:01.538502,purchase
U1247,P0330,2025-12-23 13:45:01.538725,purchase
U1248,P0149,2025-06-29 13:45:01.538904,purchase
U1249,P0054,2025-11-01 13:45:01.539072,purchase
U1250,P0378,2025-12-20 13:45:01.539301,purchase
U1251,P0443,2025-07-07 13:45:01.539525,purchase
U1252,P0322,2025-05-01 13:45:01.539725,purchase
U1253,P0058,2025-05-20 13:45:01.539917,purchase
U1254,P0202,2025-06-01 13:45:01.540099,purchase
U1255,P0106,2025-04-24 13:45:01.540680,purchase
U1256,P0156,2026-04-01 13:45:01.540922,purchase
U1257,P0053,2025-10-29 13:45:01.541289,purchase
U1258,P0371,2025-07-17 13:45:01.541541,purchase
U1259,P0411,2025-12-12 13:45:01.541732,purchase
U1260,P0083,2026-02-01 13:45:01.541890,purchase
U1261,P0357,2025-07-19 13:45:01.542044,purchase
U1262,P0219,2026-01-03 13:45:01.542238,purchase
U1263,P0343,2025-04-20 13:45:01.542414,purchase
U1264,P0498,2025-04-17 13:45:01.543899,purchase
U1265,P0231,2025-08-26 13:45:01.544628,purchase
U1266,P0108,2026-02-03 13:45:01.545220,purchase
U1267,P0199,2026-02-11 13:45:01.545514,purchase
U1268,P0166,2025-05-18 13:45:01.545733,purchase
U1269,P0121,2025-09-20 13:45:01.545930,purchase
U1270,P0453,2025-12-15 13:45:01.546120,purchase
U1271,P0301,2025-04-17 13:45:01.546339,purchase
U1272,P0170,2025-09-05 13:45:01.546949,purchase
U1273,P0320,2025-06-27 13:45:01.547346,purchase
U1274,P0217,2026-03-12 13:45:01.547689,purchase
U1275,P0136,2025-09-12 13:45:01.548054,purchase
U1276,P0240,2025-10-01 13:45:01.548378,purchase
U1277,P0144,2026-01-12 13:45:01.548658,purchase
U1278,P0424,2025-07-07 13:45:01.548838,purchase
U1279,P0408,2025-10-24 13:45:01.549225,purchase
U1280,P0084,2025-12-30 13:45:01.549631,purchase
U1281,P0135,2025-07-07 13:45:01.549861,purchase
U1282,P0448,2025-07-28 13:45:01.550702,purchase
U1283,P0227,2026-03-25 13:45:01.550986,purchase
U1284,P0013,2025-07-10 13:45:01.551169,purchase
U1285,P0498,2026-03-29 13:45:01.555080,purchase
U1286,P0020,2025-12-24 13:45:01.555706,purchase
U1287,P0119,2025-07-17 13:45:01.556215,purchase
U1288,P0401,2025-12-15 13:45:01.556442,purchase
U1289,P0358,2026-03-11 13:45:01.556599,purchase
U1290,P0056,2025-04-30 13:45:01.558951,purchase
U1291,P0132,2025-04-26 13:45:01.559354,purchase
U1292,P0416,2025-12-30 13:45:01.560403,purchase
U1293,P0245,2025-09-21 13:45:01.561957,purchase
U1294,P0115,2025-12-07 13:45:01.562857,purchase
U1295,P0019,2025-05-30 13:45:01.563106,purchase
U1296,P0213,2025-11-25 13:45:01.563309,purchase
U1297,P0481,2026-03-30 13:45:01.563492,purchase
U1298,P0239,2025-07-08 13:45:01.563628,purchase
U1299,P0018,2026-01-22 13:45:01.563760,purchase
U1300,P0054,2026-01-22 13:45:01.563890,purchase
U1301,P0380,2025-04-29 13:45:01.564016,purchase
U1302,P0372,2025-12-18 13:45:01.567514,purchase
U1303,P0358,2025-10-18 13:45:01.567846,purchase
U1304,P0120,2026-03-04 13:45:01.568032,purchase
U1305,P0424,2026-02-04 13:45:01.568262,purchase
U1306,P0477,2025-12-15 13:45:01.568417,purchase
U1307,P0028,2026-04-01 13:45:01.568616,purchase
U1308,P0424,2025-08-29 13:45:01.568785,purchase
U1309,P0445,2026-03-07 13:45:01.568943,purchase
U1310,P0379,2026-01-30 13:45:01.569102,purchase
U1311,P0324,2025-08-31 13:45:01.569257,purchase
U1312,P0340,2026-01-21 13:45:01.569417,purchase
U1313,P0424,2025-07-16 13:45:01.569612,purchase
U1314,P0068,2026-02-20 13:45:01.569765,purchase
U1315,P0279,2026-03-17 13:45:01.569916,purchase
U1316,P0118,2025-09-21 13:45:01.572872,purchase
U1317,P0394,2025-09-06 13:45:01.573854,purchase
U1318,P0424,2026-02-21 13:45:01.574164,purchase
U1319,P0040,2025-10-02 13:45:01.574417,purchase
U1320,P0379,2025-11-22 13:45:01.574609,purchase
U1321,P0412,2025-11-09 13:45:01.574780,purchase
U1322,P0277,2025-08-11 13:45:01.574960,purchase
U1323,P0174,2026-04-05 13:45:01.575132,purchase
U1324,P0244,2025-04-10 13:45:01.575302,purchase
U1325,P0223,2026-03-12 13:45:01.575511,purchase
U1326,P0320,2025-07-10 13:45:01.575701,purchase
U1327,P0277,2025-10-27 13:45:01.575893,purchase
U1328,P0003,2025-11-01 13:45:01.576118,purchase
U1329,P0345,2025-09-23 13:45:01.577118,purchase
U1330,P0243,2025-06-24 13:45:01.579035,purchase
U1331,P0194,2026-02-16 13:45:01.580131,purchase
U1332,P0095,2025-12-13 13:45:01.580382,purchase
U1333,P0018,2026-02-02 13:45:01.580584,purchase
U1334,P0313,2026-02-10 13:45:01.581092,purchase
U1335,P0201,2025-12-19 13:45:01.581320,purchase
U1336,P0350,2025-10-22 13:45:01.581477,purchase
U1337,P0057,2025-09-13 13:45:01.582425,purchase
U1338,P0083,2026-01-17 13:45:01.583000,purchase
U1339,P0265,2025-07-14 13:45:01.584237,purchase
U1340,P0337,2025-08-20 13:45:01.584563,purchase
U1341,P0358,2025-10-31 13:45:01.584808,purchase
U1342,P0125,2025-12-15 13:45:01.584977,purchase
U1343,P0204,2026-01-18 13:45:01.585136,purchase
U1344,P0349,2025-08-13 13:45:01.585548,purchase
U1345,P0461,2025-06-11 13:45:01.586112,purchase
U1346,P0433,2025-10-30 13:45:01.586475,purchase
U1347,P0366,2026-02-22 13:45:01.586751,purchase
U1348,P0043,2026-03-22 13:45:01.587045,purchase
U1349,P0039,2025-09-08 13:45:01.587326,purchase
U1350,P0292,2026-03-08 13:45:01.587568,purchase
U1351,P0344,2026-03-20 13:45:01.587789,purchase
U1352,P0138,2025-12-02 13:45:01.588068,purchase
U1353,P0380,2025-08-07 13:45:01.588453,purchase
U1354,P0337,2026-01-19 13:45:01.588761,purchase
U1355,P0352,2025-12-01 13:45:01.588946,purchase
U1356,P0271,2025-10-12 13:45:01.589105,purchase
U1357,P0141,2025-09-01 13:45:01.589266,purchase
U1358,P0137,2026-02-19 13:45:01.589419,purchase
U1359,P0144,2025-10-12 13:45:01.589628,purchase
U1360,P0108,2025-10-18 13:45:01.589827,purchase
U1361,P0379,2025-09-06 13:45:01.590008,purchase
U1362,P0433,2025-08-27 13:45:01.590174,purchase
U1363,P0127,2025-08-01 13:45:01.590334,purchase
U1364,P0242,2026-01-16 13:45:01.590540,purchase
U1365,P0112,2026-01-17 13:45:01.590732,purchase
U1366,P0366,2025-06-05 13:45:01.591117,purchase
U1367,P0319,2025-08-02 13:45:01.591494,purchase
U1368,P0161,2025-05-15 13:45:01.591792,purchase
U1369,P0187,2026-03-07 13:45:01.592188,purchase
U1370,P0132,2025-07-26 13:45:01.593408,purchase
U1371,P0138,2025-12-01 13:45:01.595428,purchase
U1372,P0402,2025-04-20 13:45:01.596641,purchase
U1373,P0182,2025-11-08 13:45:01.597027,purchase
U1374,P0046,2026-02-21 13:45:01.597200,purchase
U1375,P0001,2025-09-26 13:45:01.600446,purchase
U1376,P0362,2025-10-30 13:45:01.600995,purchase
U1377,P0256,2025-04-16 13:45:01.601237,purchase
U1378,P0195,2026-04-02 13:45:01.601408,purchase
U1379,P0483,2026-03-29 13:45:01.601570,purchase
U1380,P0472,2025-06-22 13:45:01.601775,purchase
U1381,P0278,2025-09-07 13:45:01.601941,purchase
U1382,P0281,2026-02-15 13:45:01.602114,purchase
U1383,P0065,2026-03-14 13:45:01.602277,purchase
U1384,P0424,2026-03-18 13:45:01.602438,purchase
U1385,P0025,2026-01-18 13:45:01.602601,purchase
U1386,P0126,2025-06-19 13:45:01.602822,purchase
U1387,P0358,2025-08-17 13:45:01.602991,purchase
U1388,P0138,2025-08-16 13:45:01.603862,purchase
U1389,P0074,2025-08-27 13:45:01.604159,purchase
U1390,P0074,2026-03-09 13:45:01.604334,purchase
U1391,P0029,2025-09-15 13:45:01.604900,purchase
U1392,P0040,2025-08-25 13:45:01.605096,purchase
U1393,P0091,2025-12-16 13:45:01.605403,purchase
U1394,P0307,2025-09-07 13:45:01.605605,purchase
U1395,P0122,2025-11-27 13:45:01.607019,purchase
U1396,P0245,2025-11-02 13:45:01.607270,purchase
U1397,P0493,2025-06-15 13:45:01.607432,purchase
U1398,P0480,2025-07-26 13:45:01.607728,purchase
U1399,P0210,2025-05-31 13:45:01.608879,purchase
U1400,P0478,2025-05-02 13:45:01.609297,purchase
U1401,P0198,2025-04-06 13:45:01.610393,purchase
U1402,P0377,2025-05-21 13:45:01.610740,purchase
U1403,P0049,2025-07-13 13:45:01.611003,purchase
U1404,P0219,2026-04-01 13:45:01.611245,purchase
U1405,P0182,2025-11-10 13:45:01.611434,purchase
U1406,P0413,2025-11-16 13:45:01.611747,purchase
U1407,P0186,2025-12-01 13:45:01.612117,purchase
U1408,P0269,2025-10-17 13:45:01.612831,purchase
U1409,P0231,2025-08-22 13:45:01.616415,purchase
U1410,P0045,2025-11-22 13:45:01.618364,purchase
U1411,P0172,2026-03-25 13:45:01.618672,purchase
U1412,P0362,2025-08-05 13:45:01.618893,purchase
U1413,P0312,2025-04-23 13:45:01.619208,purchase
U1414,P0084,2025-12-13 13:45:01.619419,purchase
U1415,P0214,2025-11-19 13:45:01.619621,purchase
U1416,P0125,2025-11-21 13:45:01.620460,purchase
U1417,P0051,2026-03-13 13:45:01.622049,purchase
U1418,P0084,2025-11-26 13:45:01.622257,purchase
U1419,P0198,2026-02-19 13:45:01.622542,purchase
U1420,P0491,2025-12-02 13:45:01.622749,purchase
U1421,P0414,2026-01-02 13:45:01.622970,purchase
U1422,P0433,2025-09-17 13:45:01.623243,purchase
U1423,P0436,2025-04-12 13:45:01.623821,purchase
U1424,P0294,2025-06-11 13:45:01.625298,purchase
U1425,P0386,2025-07-16 13:45:01.625955,purchase
U1426,P0213,2025-07-30 13:45:01.627980,purchase
U1427,P0010,2026-01-13 13:45:01.636335,purchase
U1428,P0156,2025-11-18 13:45:01.637327,purchase
U1429,P0105,2025-12-01 13:45:01.637559,purchase
U1430,P0322,2025-05-05 13:45:01.637731,purchase
U1431,P0026,2025-07-29 13:45:01.637934,purchase
U1432,P0087,2026-02-08 13:45:01.638200,purchase
U1433,P0421,2025-04-18 13:45:01.649704,purchase
U1434,P0035,2025-05-31 13:45:01.650060,purchase
U1435,P0077,2025-09-24 13:45:01.650290,purchase
U1436,P0316,2026-02-18 13:45:01.650503,purchase
U1437,P0340,2025-08-18 13:45:01.650692,purchase
U1438,P0365,2025-08-12 13:45:01.650897,purchase
U1439,P0442,2025-04-19 13:45:01.651123,purchase
U1440,P0202,2026-02-02 13:45:01.658608,purchase
U1441,P0428,2025-05-17 13:45:01.659268,purchase
U1442,P0383,2026-01-30 13:45:01.670141,purchase
U1443,P0043,2025-10-02 13:45:01.681393,purchase
U1444,P0338,2025-10-29 13:45:01.683449,purchase
U1445,P0392,2025-11-13 13:45:01.690991,purchase
U1446,P0417,2025-12-26 13:45:01.691321,purchase
U1447,P0457,2026-03-28 13:45:01.691502,purchase
U1448,P0163,2025-06-09 13:45:01.691702,purchase
U1449,P0087,2025-11-28 13:45:01.691898,purchase
U1450,P0291,2025-06-27 13:45:01.692151,purchase
U1451,P0041,2026-01-02 13:45:01.692363,purchase
U1452,P0361,2025-04-26 13:45:01.699802,purchase
U1453,P0212,2025-09-24 13:45:01.700471,purchase
U1454,P0364,2025-09-06 13:45:01.700759,purchase
U1455,P0280,2025-10-15 13:45:01.715077,purchase
U1456,P0057,2025-09-03 13:45:01.716357,purchase
U1457,P0231,2026-03-21 13:45:01.718083,purchase
U1458,P0371,2025-06-21 13:45:01.731062,purchase
U1459,P0192,2026-02-01 13:45:01.732427,purchase
U1460,P0389,2025-08-11 13:45:01.732810,purchase
U1461,P0243,2025-07-07 13:45:01.742377,purchase
U1462,P0321,2025-05-17 13:45:01.749570,purchase
U1463,P0234,2026-01-14 13:45:01.761536,purchase
U1464,P0171,2025-07-08 13:45:01.762388,purchase
U1465,P0190,2025-08-02 13:45:01.763917,purchase
U1466,P0079,2025-04-14 13:45:01.779816,purchase
U1467,P0245,2025-11-18 13:45:01.780940,purchase
U1468,P0169,2026-02-21 13:45:01.781305,purchase
U1469,P0334,2026-01-19 13:45:01.781514,purchase
U1470,P0035,2025-08-25 13:45:01.781699,purchase
U1471,P0367,2025-08-27 13:45:01.781921,purchase
U1472,P0478,2025-04-16 13:45:01.782135,purchase
U1473,P0294,2025-05-18 13:45:01.788914,purchase
U1474,P0284,2025-04-11 13:45:01.791056,purchase
U1475,P0048,2025-07-13 13:45:01.791834,purchase
U1476,P0072,2025-07-28 13:45:01.792072,purchase
U1477,P0312,2025-12-20 13:45:01.792277,purchase
U1478,P0484,2026-03-19 13:45:01.792498,purchase
U1479,P0229,2025-09-12 13:45:01.792671,purchase
U1480,P0043,2025-12-29 13:45:01.792833,purchase
U1481,P0205,2025-10-21 13:45:01.792984,purchase
U1482,P0241,2026-04-05 13:45:01.805727,purchase
U1483,P0201,2025-07-01 13:45:01.811787,purchase
U1484,P0090,2026-03-19 13:45:01.812668,purchase
U1485,P0050,2026-01-19 13:45:01.813064,purchase
U1486,P0167,2025-07-13 13:45:01.814253,purchase
U1487,P0160,2026-03-06 13:45:01.815886,purchase
U1488,P0235,2025-11-15 13:45:01.819175,purchase
U1489,P0186,2025-04-15 13:45:01.819500,purchase
U1490,P0017,2025-05-29 13:45:01.819686,purchase
U1491,P0355,2025-09-06 13:45:01.820421,purchase
U1492,P0409,2025-05-21 13:45:01.821019,purchase
U1493,P0391,2025-05-18 13:45:01.821270,purchase
U1494,P0310,2026-01-01 13:45:01.821442,purchase
U1495,P0301,2025-04-18 13:45:01.821600,purchase
U1496,P0193,2025-04-26 13:45:01.821754,purchase
U1497,P0059,2025-11-10 13:45:01.821956,purchase
U1498,P0294,2025-11-20 13:45:01.822157,purchase
U1499,P0413,2025-05-09 13:45:01.822365,purchase
U1500,P0029,2026-01-22 13:45:01.822593,purchase
U1501,P0500,2026-01-20 13:45:01.824379,purchase
U1502,P0157,2025-10-04 13:45:01.825008,purchase
U1503,P0066,2025-07-12 13:45:01.825237,purchase
U1504,P0217,2026-01-29 13:45:01.825398,purchase
U1505,P0149,2025-08-09 13:45:01.825910,purchase
U1506,P0134,2025-06-11 13:45:01.826985,purchase
U1507,P0334,2025-05-01 13:45:01.827386,purchase
U1508,P0349,2026-02-17 13:45:01.828691,purchase
U1509,P0298,2026-01-06 13:45:01.829264,purchase
U1510,P0472,2025-09-18 13:45:01.829646,purchase
U1511,P0416,2026-01-12 13:45:01.829892,purchase
U1512,P0360,2025-11-18 13:45:01.830122,purchase
U1513,P0064,2026-01-22 13:45:01.834364,purchase
U1514,P0457,2025-04-29 13:45:01.835491,purchase
U1515,P0311,2025-05-29 13:45:01.836063,purchase
U1516,P0165,2026-02-03 13:45:01.836267,purchase
U1517,P0383,2025-11-28 13:45:01.836992,purchase
U1518,P0140,2025-07-14 13:45:01.837218,purchase
U1519,P0220,2026-03-04 13:45:01.837401,purchase
U1520,P0054,2025-12-03 13:45:01.838078,purchase
U1521,P0284,2025-10-11 13:45:01.838574,purchase
U1522,P0473,2026-02-16 13:45:01.839050,purchase
U1523,P0385,2026-02-18 13:45:01.840004,purchase
U1524,P0334,2025-07-02 13:45:01.840297,purchase
U1525,P0376,2025-12-09 13:45:01.840503,purchase
U1526,P0403,2025-05-29 13:45:01.840671,purchase
U1527,P0292,2025-10-30 13:45:01.841080,purchase
U1528,P0352,2025-06-24 13:45:01.841286,purchase
U1529,P0329,2025-05-28 13:45:01.841455,purchase
U1530,P0411,2025-10-21 13:45:01.841906,purchase
U1531,P0419,2025-05-08 13:45:01.842329,purchase
U1532,P0090,2026-03-24 13:45:01.842571,purchase
U1533,P0322,2026-01-22 13:45:01.842734,purchase
U1534,P0048,2025-11-07 13:45:01.842867,purchase
U1535,P0177,2025-08-24 13:45:01.842995,purchase
U1536,P0241,2025-10-11 13:45:01.843164,purchase
U1537,P0282,2025-06-06 13:45:01.843314,purchase
U1538,P0068,2026-02-12 13:45:01.844849,purchase
U1539,P0024,2026-03-30 13:45:01.845619,purchase
U1540,P0072,2025-08-06 13:45:01.845903,purchase
U1541,P0184,2025-09-12 13:45:01.846111,purchase
U1542,P0217,2025-11-29 13:45:01.846356,purchase
U1543,P0100,2025-07-13 13:45:01.846579,purchase
U1544,P0073,2026-01-16 13:45:01.846787,purchase
U1545,P0198,2026-03-15 13:45:01.847027,purchase
U1546,P0280,2025-09-20 13:45:01.859168,purchase
U1547,P0103,2025-07-18 13:45:01.862794,purchase
U1548,P0483,2025-08-03 13:45:01.875059,purchase
U1549,P0188,2025-05-21 13:45:01.876824,purchase
U1550,P0024,2025-09-27 13:45:01.879283,purchase
U1551,P0092,2025-09-11 13:45:01.884503,purchase
U1552,P0009,2025-04-09 13:45:01.885089,purchase
U1553,P0251,2026-01-30 13:45:01.885398,purchase
U1554,P0019,2026-01-24 13:45:01.885612,purchase
U1555,P0453,2026-01-18 13:45:01.885791,purchase
U1556,P0361,2026-02-05 13:45:01.886571,purchase
U1557,P0099,2025-11-01 13:45:01.888897,purchase
U1558,P0001,2025-12-05 13:45:01.891796,purchase
U1559,P0227,2025-08-28 13:45:01.892148,purchase
U1560,P0395,2026-03-15 13:45:01.892408,purchase
U1561,P0230,2025-09-25 13:45:01.892578,purchase
U1562,P0387,2025-05-02 13:45:01.892794,purchase
U1563,P0066,2025-09-10 13:45:01.892994,purchase
U1564,P0437,2025-12-26 13:45:01.893202,purchase
U1565,P0249,2025-10-13 13:45:01.893462,purchase
U1566,P0330,2026-01-30 13:45:01.893689,purchase
U1567,P0433,2025-05-23 13:45:01.897451,purchase
U1568,P0011,2025-12-05 13:45:01.897901,purchase
U1569,P0407,2025-08-24 13:45:01.898159,purchase
U1570,P0127,2025-05-12 13:45:01.898396,purchase
U1571,P0293,2025-06-02 13:45:01.898679,purchase
U1572,P0349,2025-09-27 13:45:01.898922,purchase
U1573,P0465,2025-04-06 13:45:01.899386,purchase
U1574,P0346,2026-01-01 13:45:01.899813,purchase
U1575,P0005,2026-02-09 13:45:01.900070,purchase
U1576,P0198,2026-03-17 13:45:01.900362,purchase
U1577,P0301,2025-04-06 13:45:01.900659,purchase
U1578,P0169,2025-04-10 13:45:01.900952,purchase
U1579,P0271,2026-03-08 13:45:01.901407,purchase
U1580,P0460,2025-12-19 13:45:01.902806,purchase
U1581,P0355,2025-09-16 13:45:01.903477,purchase
U1582,P0309,2025-07-11 13:45:01.903692,purchase
U1583,P0033,2025-12-01 13:45:01.903849,purchase
U1584,P0086,2025-05-13 13:45:01.903997,purchase
U1585,P0233,2025-12-22 13:45:01.904185,purchase
U1586,P0302,2025-08-05 13:45:01.904371,purchase
U1587,P0279,2025-04-19 13:45:01.904518,purchase
U1588,P0052,2025-07-15 13:45:01.905053,purchase
U1589,P0104,2025-12-28 13:45:01.905325,purchase
U1590,P0200,2025-08-02 13:45:01.905511,purchase
U1591,P0291,2025-05-27 13:45:01.905680,purchase
U1592,P0336,2025-06-21 13:45:01.905844,purchase
U1593,P0349,2025-08-07 13:45:01.905991,purchase
U1594,P0201,2025-09-14 13:45:01.906176,purchase
U1595,P0310,2025-08-06 13:45:01.906322,purchase
U1596,P0083,2026-01-18 13:45:01.906466,purchase
U1597,P0083,2026-01-01 13:45:01.906619,purchase
U1598,P0172,2025-08-20 13:45:01.907390,purchase
U1599,P0471,2025-09-30 13:45:01.908002,purchase
U1600,P0331,2026-04-01 13:45:01.908280,purchase
U1601,P0324,2025-10-26 13:45:01.910027,purchase
U1602,P0025,2025-08-22 13:45:01.913857,purchase
U1603,P0189,2025-11-09 13:45:01.915139,purchase
U1604,P0228,2025-12-24 13:45:01.915724,purchase
U1605,P0176,2025-08-21 13:45:01.915945,purchase
U1606,P0281,2025-05-20 13:45:01.917831,purchase
U1607,P0126,2026-03-24 13:45:01.918826,purchase
U1608,P0223,2025-04-27 13:45:01.919566,purchase
U1609,P0341,2025-12-08 13:45:01.919957,purchase
U1610,P0404,2025-11-13 13:45:01.920225,purchase
U1611,P0433,2025-04-26 13:45:01.920841,purchase
U1612,P0265,2026-03-28 13:45:01.921190,purchase
U1613,P0080,2026-02-23 13:45:01.921446,purchase
U1614,P0318,2025-10-20 13:45:01.921624,purchase
U1615,P0348,2026-01-04 13:45:01.921802,purchase
U1616,P0379,2025-07-19 13:45:01.921988,purchase
U1617,P0018,2025-04-26 13:45:01.922857,purchase
U1618,P0075,2025-11-24 13:45:01.924289,purchase
U1619,P0416,2025-10-21 13:45:01.926265,purchase
U1620,P0151,2025-04-21 13:45:01.926835,purchase
U1621,P0198,2025-07-14 13:45:01.927068,purchase
U1622,P0313,2025-12-14 13:45:01.927361,purchase
U1623,P0117,2026-03-12 13:45:01.927631,purchase
U1624,P0259,2025-12-06 13:45:01.927813,purchase
U1625,P0337,2025-12-18 13:45:01.927985,purchase
U1626,P0291,2026-01-28 13:45:01.928165,purchase
U1627,P0452,2025-11-14 13:45:01.928329,purchase
U1628,P0314,2026-01-18 13:45:01.928487,purchase
U1629,P0059,2025-12-23 13:45:01.928693,purchase
U1630,P0097,2026-03-29 13:45:01.928857,purchase
U1631,P0205,2026-01-25 13:45:01.929790,purchase
U1632,P0205,2025-05-21 13:45:01.930710,purchase
U1633,P0353,2025-12-24 13:45:01.931022,purchase
U1634,P0333,2025-09-12 13:45:01.931287,purchase
U1635,P0218,2025-09-23 13:45:01.931463,purchase
U1636,P0150,2025-05-01 13:45:01.931766,purchase
U1637,P0287,2025-08-15 13:45:01.932012,purchase
U1638,P0452,2026-02-22 13:45:01.932372,purchase
U1639,P0365,2025-07-23 13:45:01.932575,purchase
U1640,P0323,2025-12-28 13:45:01.932764,purchase
U1641,P0474,2025-06-20 13:45:01.933891,purchase
U1642,P0437,2026-03-25 13:45:01.934183,purchase
U1643,P0335,2025-07-24 13:45:01.934366,purchase
U1644,P0403,2025-07-17 13:45:01.934531,purchase
U1645,P0296,2025-08-03 13:45:01.936924,purchase
U1646,P0164,2026-03-03 13:45:01.937434,purchase
U1647,P0072,2025-07-30 13:45:01.937665,purchase
U1648,P0381,2025-06-20 13:45:01.937880,purchase
U1649,P0407,2025-04-08 13:45:01.938066,purchase
U1650,P0057,2025-12-29 13:45:01.938259,purchase
U1651,P0162,2025-07-30 13:45:01.938419,purchase
U1652,P0058,2026-02-06 13:45:01.938579,purchase
U1653,P0218,2025-05-29 13:45:01.938786,purchase
U1654,P0130,2026-03-25 13:45:01.938945,purchase
U1655,P0223,2025-06-12 13:45:01.939096,purchase
U1656,P0020,2025-12-30 13:45:01.939256,purchase
U1657,P0116,2025-07-26 13:45:01.939416,purchase
U1658,P0341,2025-06-19 13:45:01.939618,purchase
U1659,P0349,2025-08-25 13:45:01.939842,purchase
U1660,P0299,2025-10-15 13:45:01.940028,purchase
U1661,P0080,2026-02-15 13:45:01.940202,purchase
U1662,P0296,2025-11-15 13:45:01.940371,purchase
U1663,P0275,2026-04-06 13:45:01.940557,purchase
U1664,P0044,2025-10-05 13:45:01.940730,purchase
U1665,P0223,2025-07-05 13:45:01.940960,purchase
U1666,P0182,2025-06-18 13:45:01.941207,purchase
U1667,P0045,2025-04-27 13:45:01.941830,purchase
U1668,P0223,2025-07-05 13:45:01.942262,purchase
U1669,P0261,2025-12-26 13:45:01.942539,purchase
U1670,P0015,2025-08-12 13:45:01.942797,purchase
U1671,P0241,2025-04-22 13:45:01.944366,purchase
U1672,P0446,2026-02-15 13:45:01.944694,purchase
U1673,P0105,2025-06-13 13:45:01.944922,purchase
U1674,P0280,2025-06-14 13:45:01.945098,purchase
U1675,P0276,2025-10-31 13:45:01.945263,purchase
U1676,P0435,2025-11-19 13:45:01.945505,purchase
U1677,P0011,2026-01-06 13:45:01.947199,purchase
U1678,P0328,2025-04-27 13:45:01.947664,purchase
U1679,P0168,2026-02-01 13:45:01.947926,purchase
U1680,P0478,2025-04-19 13:45:01.948163,purchase
U1681,P0412,2025-05-03 13:45:01.948334,purchase
U1682,P0295,2025-07-14 13:45:01.948491,purchase
U1683,P0217,2026-03-31 13:45:01.948649,purchase
U1684,P0440,2026-03-24 13:45:01.948816,purchase
U1685,P0181,2025-12-20 13:45:01.948984,purchase
U1686,P0291,2025-07-10 13:45:01.949208,purchase
U1687,P0471,2026-01-18 13:45:01.949400,purchase
U1688,P0475,2025-07-07 13:45:01.949574,purchase
U1689,P0106,2025-04-17 13:45:01.949752,purchase
U1690,P0013,2025-08-14 13:45:01.949969,purchase
U1691,P0298,2026-01-13 13:45:01.950144,purchase
U1692,P0247,2025-05-23 13:45:01.950374,purchase
U1693,P0421,2025-08-24 13:45:01.950558,purchase
U1694,P0403,2026-04-06 13:45:01.950734,purchase
U1695,P0485,2026-02-19 13:45:01.950904,purchase
U1696,P0274,2026-03-27 13:45:01.951073,purchase
U1697,P0115,2025-10-07 13:45:01.951285,purchase
U1698,P0460,2025-04-09 13:45:01.951462,purchase
U1699,P0290,2025-11-13 13:45:01.951655,purchase
U1700,P0036,2025-05-10 13:45:01.952128,purchase
U1701,P0218,2026-03-13 13:45:01.952333,purchase
U1702,P0233,2026-04-01 13:45:01.952566,purchase
U1703,P0117,2025-06-13 13:45:01.952752,purchase
U1704,P0296,2025-04-08 13:45:01.952962,purchase
U1705,P0102,2026-02-10 13:45:01.954014,purchase
U1706,P0418,2026-03-20 13:45:01.954241,purchase
U1707,P0216,2026-01-28 13:45:01.965997,purchase
U1708,P0059,2026-01-07 13:45:01.966341,purchase
U1709,P0374,2025-06-16 13:45:01.966824,purchase
U1710,P0216,2025-12-03 13:45:01.967086,purchase
U1711,P0165,2026-03-02 13:45:01.974515,purchase
U1712,P0304,2025-05-06 13:45:01.975361,purchase
U1713,P0113,2025-05-07 13:45:01.979461,purchase
U1714,P0223,2025-12-19 13:45:01.979913,purchase
U1715,P0057,2026-01-30 13:45:01.980220,purchase
U1716,P0297,2025-04-28 13:45:01.987027,purchase
U1717,P0370,2025-04-07 13:45:01.987433,purchase
U1718,P0219,2025-06-27 13:45:01.987614,purchase
U1719,P0298,2025-05-29 13:45:01.987768,purchase
U1720,P0368,2025-05-11 13:45:01.987989,purchase
U1721,P0429,2025-10-25 13:45:01.988141,purchase
U1722,P0452,2025-12-08 13:45:01.988300,purchase
U1723,P0207,2026-02-07 13:45:01.994060,purchase
U1724,P0272,2025-12-15 13:45:01.995015,purchase
U1725,P0235,2025-05-06 13:45:01.995408,purchase
U1726,P0314,2026-02-03 13:45:01.995667,purchase
U1727,P0414,2026-01-09 13:45:01.995864,purchase
U1728,P0319,2025-09-12 13:45:02.001408,purchase
U1729,P0380,2025-05-30 13:45:02.001709,purchase
U1730,P0371,2025-05-08 13:45:02.001935,purchase
U1731,P0406,2025-09-23 13:45:02.002214,purchase
U1732,P0294,2025-11-30 13:45:02.002414,purchase
U1733,P0417,2025-05-29 13:45:02.002595,purchase
U1734,P0289,2025-07-21 13:45:02.002771,purchase
U1735,P0174,2025-10-24 13:45:02.007423,purchase
U1736,P0300,2025-12-16 13:45:02.011548,purchase
U1737,P0039,2025-10-21 13:45:02.013717,purchase
U1738,P0301,2025-11-11 13:45:02.024099,purchase
U1739,P0407,2025-11-06 13:45:02.024955,purchase
U1740,P0171,2025-09-25 13:45:02.025232,purchase
U1741,P0373,2026-03-13 13:45:02.025460,purchase
U1742,P0500,2025-09-23 13:45:02.025640,purchase
U1743,P0146,2025-09-17 13:45:02.036769,purchase
U1744,P0137,2026-03-22 13:45:02.037361,purchase
U1745,P0382,2025-11-01 13:45:02.038922,purchase
U1746,P0327,2025-07-26 13:45:02.058383,purchase
U1747,P0095,2026-04-04 13:45:02.060220,purchase
U1748,P0030,2025-12-17 13:45:02.070886,purchase
U1749,P0072,2025-07-26 13:45:02.072103,purchase
U1750,P0457,2025-10-23 13:45:02.072414,purchase
U1751,P0011,2025-09-10 13:45:02.072701,purchase
U1752,P0443,2025-09-05 13:45:02.072948,purchase
U1753,P0139,2026-03-08 13:45:02.073176,purchase
U1754,P0269,2025-06-15 13:45:02.073416,purchase
U1755,P0201,2025-06-06 13:45:02.097855,purchase
U1756,P0467,2025-10-20 13:45:02.098679,purchase
U1757,P0278,2025-07-18 13:45:02.098963,purchase
U1758,P0145,2025-09-18 13:45:02.099183,purchase
U1759,P0192,2025-09-05 13:45:02.099387,purchase
U1760,P0452,2025-08-22 13:45:02.099617,purchase
U1761,P0058,2025-08-15 13:45:02.099791,purchase
U1762,P0051,2025-04-19 13:45:02.099962,purchase
U1763,P0176,2026-01-11 13:45:02.100172,purchase
U1764,P0378,2025-06-21 13:45:02.100351,purchase
U1765,P0487,2025-06-18 13:45:02.115121,purchase
U1766,P0126,2025-12-04 13:45:02.115994,purchase
U1767,P0474,2025-05-08 13:45:02.129290,purchase
U1768,P0236,2026-04-02 13:45:02.129888,purchase
U1769,P0201,2025-04-11 13:45:02.131068,purchase
U1770,P0459,2026-03-08 13:45:02.152665,purchase
U1771,P0132,2026-01-02 13:45:02.153953,purchase
U1772,P0166,2026-01-02 13:45:02.154636,purchase
U1773,P0342,2025-10-30 13:45:02.155011,purchase
U1774,P0255,2026-03-05 13:45:02.189492,purchase
U1775,P0457,2025-06-13 13:45:02.189890,purchase
U1776,P0056,2026-02-22 13:45:02.190118,purchase
U1777,P0181,2025-10-31 13:45:02.190300,purchase
U1778,P0289,2026-03-13 13:45:02.190514,purchase
U1779,P0067,2026-03-09 13:45:02.190700,purchase
U1780,P0234,2026-03-06 13:45:02.190905,purchase
U1781,P0173,2025-05-25 13:45:02.191206,purchase
U1782,P0491,2025-10-22 13:45:02.191451,purchase
U1783,P0284,2025-06-06 13:45:02.191684,purchase
U1784,P0065,2025-11-03 13:45:02.202091,purchase
U1785,P0021,2025-05-01 13:45:02.202471,purchase
U1786,P0419,2025-05-25 13:45:02.202695,purchase
U1787,P0472,2025-04-11 13:45:02.202872,purchase
U1788,P0160,2025-08-17 13:45:02.203089,purchase
U1789,P0042,2025-12-26 13:45:02.203253,purchase
U1790,P0143,2025-11-12 13:45:02.203437,purchase
U1791,P0263,2026-03-30 13:45:02.203586,purchase
U1792,P0131,2025-12-06 13:45:02.214684,purchase
U1793,P0225,2025-05-14 13:45:02.218542,purchase
U1794,P0107,2026-02-15 13:45:02.218973,purchase
U1795,P0262,2025-10-26 13:45:02.219254,purchase
U1796,P0362,2026-04-04 13:45:02.219446,purchase
U1797,P0088,2025-06-17 13:45:02.219624,purchase
U1798,P0056,2026-02-22 13:45:02.219802,purchase
U1799,P0015,2026-03-24 13:45:02.219977,purchase
U1800,P0230,2025-11-15 13:45:02.220209,purchase
U1801,P0182,2025-09-22 13:45:02.220385,purchase
U1802,P0240,2025-09-30 13:45:02.220567,purchase
U1803,P0491,2025-05-10 13:45:02.235685,purchase
U1804,P0090,2025-05-21 13:45:02.237882,purchase
U1805,P0223,2025-05-07 13:45:02.238564,purchase
U1806,P0045,2025-11-16 13:45:02.238836,purchase
U1807,P0345,2026-02-21 13:45:02.239156,purchase
U1808,P0403,2026-01-14 13:45:02.239444,purchase
U1809,P0086,2025-11-02 13:45:02.261068,purchase
U1810,P0357,2025-12-07 13:45:02.261587,purchase
U1811,P0466,2025-08-10 13:45:02.261919,purchase
U1812,P0101,2025-04-17 13:45:02.262677,purchase
U1813,P0061,2025-06-04 13:45:02.270829,purchase
U1814,P0204,2025-09-13 13:45:02.272718,purchase
U1815,P0125,2025-06-05 13:45:02.273138,purchase
U1816,P0384,2026-04-04 13:45:02.280993,purchase
U1817,P0013,2025-09-11 13:45:02.281936,purchase
U1818,P0048,2025-04-14 13:45:02.282615,purchase
U1819,P0183,2026-01-15 13:45:02.300702,purchase
U1820,P0060,2025-12-23 13:45:02.301265,purchase
U1821,P0209,2026-02-11 13:45:02.301487,purchase
U1822,P0128,2025-09-19 13:45:02.301661,purchase
U1823,P0002,2025-07-29 13:45:02.301859,purchase
U1824,P0288,2026-02-23 13:45:02.302129,purchase
U1825,P0338,2025-07-20 13:45:02.302341,purchase
U1826,P0129,2026-03-25 13:45:02.319553,purchase
U1827,P0089,2025-08-06 13:45:02.320779,purchase
U1828,P0031,2026-04-06 13:45:02.321176,purchase
U1829,P0327,2025-10-07 13:45:02.321452,purchase
U1830,P0422,2025-12-29 13:45:02.340045,purchase
U1831,P0185,2025-06-07 13:45:02.340615,purchase
U1832,P0072,2025-12-25 13:45:02.341424,purchase
U1833,P0255,2025-07-30 13:45:02.358117,purchase
U1834,P0024,2025-07-16 13:45:02.358463,purchase
U1835,P0074,2026-01-04 13:45:02.358729,purchase
U1836,P0350,2025-07-21 13:45:02.359494,purchase
U1837,P0164,2025-06-21 13:45:02.384799,purchase
U1838,P0205,2025-12-02 13:45:02.385282,purchase
U1839,P0181,2025-12-06 13:45:02.385531,purchase
U1840,P0406,2025-12-28 13:45:02.387690,purchase
U1841,P0188,2026-01-09 13:45:02.388133,purchase
U1842,P0410,2026-03-23 13:45:02.388522,purchase
U1843,P0156,2025-11-17 13:45:02.414682,purchase
U1844,P0189,2026-04-02 13:45:02.415127,purchase
U1845,P0393,2025-08-29 13:45:02.415416,purchase
U1846,P0439,2025-11-12 13:45:02.415667,purchase
U1847,P0402,2025-05-16 13:45:02.415847,purchase
U1848,P0234,2026-02-04 13:45:02.428743,purchase
U1849,P0250,2025-12-05 13:45:02.429521,purchase
U1850,P0007,2025-07-14 13:45:02.429787,purchase
U1851,P0054,2025-05-11 13:45:02.430050,purchase
U1852,P0063,2025-04-10 13:45:02.430822,purchase
U1853,P0453,2025-08-16 13:45:02.435832,purchase
U1854,P0305,2025-05-13 13:45:02.439446,purchase
U1855,P0287,2025-12-11 13:45:02.439964,purchase
U1856,P0178,2025-06-26 13:45:02.440156,purchase
U1857,P0401,2025-06-29 13:45:02.449682,purchase
U1858,P0089,2025-12-07 13:45:02.450095,purchase
U1859,P0405,2025-04-16 13:45:02.450434,purchase
U1860,P0300,2026-03-07 13:45:02.450692,purchase
U1861,P0261,2025-06-14 13:45:02.463408,purchase
U1862,P0267,2025-10-24 13:45:02.464599,purchase
U1863,P0205,2026-03-28 13:45:02.464901,purchase
U1864,P0193,2026-02-07 13:45:02.465139,purchase
U1865,P0046,2025-12-06 13:45:02.471381,purchase
U1866,P0327,2025-12-30 13:45:02.471733,purchase
U1867,P0284,2025-04-24 13:45:02.472000,purchase
U1868,P0038,2025-09-21 13:45:02.472259,purchase
U1869,P0008,2025-07-24 13:45:02.472455,purchase
U1870,P0200,2026-02-07 13:45:02.472626,purchase
U1871,P0106,2025-05-23 13:45:02.472802,purchase
U1872,P0470,2025-11-15 13:45:02.479332,purchase
U1873,P0117,2025-06-06 13:45:02.480441,purchase
U1874,P0139,2025-12-03 13:45:02.480894,purchase
U1875,P0286,2026-03-27 13:45:02.481301,purchase
U1876,P0349,2025-08-24 13:45:02.481618,purchase
U1877,P0467,2025-07-26 13:45:02.481876,purchase
U1878,P0089,2025-08-25 13:45:02.487582,purchase
U1879,P0051,2025-06-03 13:45:02.488641,purchase
U1880,P0025,2025-12-21 13:45:02.488972,purchase
U1881,P0368,2025-04-29 13:45:02.489426,purchase
U1882,P0312,2025-06-14 13:45:02.489755,purchase
U1883,P0385,2026-01-21 13:45:02.489987,purchase
U1884,P0115,2026-01-03 13:45:02.490204,purchase
U1885,P0294,2025-12-22 13:45:02.498023,purchase
U1886,P0232,2025-06-16 13:45:02.498950,purchase
U1887,P0086,2025-11-20 13:45:02.499561,purchase
U1888,P0335,2025-04-24 13:45:02.499849,purchase
U1889,P0059,2026-02-13 13:45:02.500026,purchase
U1890,P0482,2025-04-23 13:45:02.500251,purchase
U1891,P0052,2025-06-27 13:45:02.500455,purchase
U1892,P0196,2025-12-10 13:45:02.500621,purchase
U1893,P0421,2025-12-26 13:45:02.500784,purchase
U1894,P0342,2025-06-17 13:45:02.500944,purchase
U1895,P0193,2026-03-29 13:45:02.501141,purchase
U1896,P0202,2025-06-18 13:45:02.501301,purchase
U1897,P0400,2026-03-07 13:45:02.501459,purchase
U1898,P0080,2025-11-27 13:45:02.501620,purchase
U1899,P0232,2025-08-22 13:45:02.509755,purchase
U1900,P0459,2026-03-15 13:45:02.510292,purchase
U1901,P0049,2025-05-05 13:45:02.510519,purchase
U1902,P0284,2025-10-07 13:45:02.510749,purchase
U1903,P0232,2025-05-24 13:45:02.510976,purchase
U1904,P0447,2025-08-24 13:45:02.511198,purchase
U1905,P0115,2026-03-07 13:45:02.511438,purchase
U1906,P0007,2026-02-19 13:45:02.511647,purchase
U1907,P0163,2025-11-04 13:45:02.511840,purchase
U1908,P0236,2025-11-22 13:45:02.512059,purchase
U1909,P0096,2025-11-30 13:45:02.521849,purchase
U1910,P0044,2025-12-06 13:45:02.524890,purchase
U1911,P0166,2025-11-10 13:45:02.525386,purchase
U1912,P0373,2026-02-27 13:45:02.525585,purchase
U1913,P0433,2025-06-27 13:45:02.536429,purchase
U1914,P0261,2025-05-20 13:45:02.537311,purchase
U1915,P0160,2025-11-02 13:45:02.537676,purchase
U1916,P0007,2026-01-17 13:45:02.537867,purchase
U1917,P0020,2026-01-29 13:45:02.538038,purchase
U1918,P0214,2025-04-24 13:45:02.538198,purchase
U1919,P0070,2025-06-20 13:45:02.538393,purchase
U1920,P0496,2025-11-28 13:45:02.538558,purchase
U1921,P0402,2025-10-08 13:45:02.538737,purchase
U1922,P0238,2026-01-01 13:45:02.538898,purchase
U1923,P0203,2025-09-07 13:45:02.539053,purchase
U1924,P0148,2025-11-20 13:45:02.539205,purchase
U1925,P0303,2025-08-10 13:45:02.539392,purchase
U1926,P0258,2026-02-13 13:45:02.539559,purchase
U1927,P0205,2025-09-16 13:45:02.548356,purchase
U1928,P0370,2025-10-01 13:45:02.548805,purchase
U1929,P0307,2025-12-14 13:45:02.549018,purchase
U1930,P0468,2026-02-26 13:45:02.549193,purchase
U1931,P0154,2025-12-21 13:45:02.549364,purchase
U1932,P0091,2025-11-13 13:45:02.549567,purchase
U1933,P0057,2025-07-21 13:45:02.549779,purchase
U1934,P0350,2025-12-28 13:45:02.554177,purchase
U1935,P0189,2025-06-23 13:45:02.554631,purchase
U1936,P0361,2026-04-03 13:45:02.554893,purchase
U1937,P0015,2026-01-31 13:45:02.555073,purchase
U1938,P0407,2025-11-02 13:45:02.555256,purchase
U1939,P0453,2025-07-12 13:45:02.555573,purchase
U1940,P0445,2025-05-07 13:45:02.555757,purchase
U1941,P0500,2026-01-10 13:45:02.555948,purchase
U1942,P0479,2025-08-11 13:45:02.556107,purchase
U1943,P0040,2026-02-03 13:45:02.556272,purchase
U1944,P0220,2025-09-04 13:45:02.565690,purchase
U1945,P0067,2025-07-13 13:45:02.566106,purchase
U1946,P0084,2025-05-10 13:45:02.569595,purchase
U1947,P0371,2025-08-18 13:45:02.570062,purchase
U1948,P0471,2025-04-20 13:45:02.579470,purchase
U1949,P0497,2025-05-05 13:45:02.579693,purchase
U1950,P0036,2025-08-12 13:45:02.579875,purchase
U1951,P0229,2025-05-15 13:45:02.580057,purchase
U1952,P0428,2025-11-09 13:45:02.580198,purchase
U1953,P0453,2026-01-01 13:45:02.580494,purchase
U1954,P0386,2025-10-16 13:45:02.580637,purchase
U1955,P0141,2026-02-24 13:45:02.580798,purchase
U1956,P0480,2025-06-16 13:45:02.580961,purchase
U1957,P0435,2025-05-28 13:45:02.581107,purchase
U1958,P0265,2026-01-21 13:45:02.581243,purchase
U1959,P0440,2025-06-23 13:45:02.581379,purchase
U1960,P0371,2025-07-29 13:45:02.587522,purchase
U1961,P0186,2025-08-29 13:45:02.588287,purchase
U1962,P0348,2025-07-30 13:45:02.588538,purchase
U1963,P0013,2025-06-19 13:45:02.588727,purchase
U1964,P0494,2025-08-04 13:45:02.588913,purchase
U1965,P0131,2025-08-07 13:45:02.589094,purchase
U1966,P0068,2025-09-10 13:45:02.589274,purchase
U1967,P0129,2025-06-30 13:45:02.589449,purchase
U1968,P0459,2025-04-10 13:45:02.596163,purchase
U1969,P0300,2025-12-28 13:45:02.597487,purchase
U1970,P0335,2025-12-20 13:45:02.597863,purchase
U1971,P0221,2025-09-09 13:45:02.598038,purchase
U1972,P0116,2025-09-29 13:45:02.598229,purchase
U1973,P0254,2026-02-07 13:45:02.598375,purchase
U1974,P0005,2025-04-16 13:45:02.598503,purchase
U1975,P0483,2026-01-21 13:45:02.602253,purchase
U1976,P0315,2025-11-02 13:45:02.602471,purchase
U1977,P0050,2026-01-28 13:45:02.602639,purchase
U1978,P0284,2025-11-13 13:45:02.602834,purchase
U1979,P0099,2026-02-19 13:45:02.602983,purchase
U1980,P0063,2025-04-24 13:45:02.603122,purchase
U1981,P0386,2025-11-07 13:45:02.603299,purchase
U1982,P0386,2025-10-25 13:45:02.603460,purchase
U1983,P0034,2025-11-27 13:45:02.603607,purchase
U1984,P0005,2025-10-18 13:45:02.605419,purchase
U1985,P0489,2025-10-15 13:45:02.605848,purchase
U1986,P0012,2025-07-22 13:45:02.606046,purchase
U1987,P0059,2025-07-21 13:45:02.606656,purchase
U1988,P0388,2026-02-26 13:45:02.607600,purchase
U1989,P0371,2025-09-14 13:45:02.609470,purchase
U1990,P0222,2025-09-18 13:45:02.611186,purchase
U1991,P0021,2025-09-20 13:45:02.611609,purchase
U1992,P0471,2025-05-06 13:45:02.612023,purchase
U1993,P0315,2026-03-20 13:45:02.612238,purchase
U1994,P0079,2025-04-24 13:45:02.612471,purchase
U1995,P0428,2026-01-26 13:45:02.621223,purchase
U1996,P0160,2025-12-23 13:45:02.622699,purchase
U1997,P0066,2025-07-03 13:45:02.623510,purchase
U1998,P0323,2025-04-24 13:45:02.623800,purchase
U1999,P0371,2026-01-31 13:45:02.624010,purchase
U2000,P0266,2026-01-09 13:45:02.624193,purchase
